timestamp_ms,signal
0.0,2.4608925308432985
5.0,1.9448498424161693
10.0,1.0361694256521399
15.0,0.3279818730716416
20.0,-0.0653046111363958
25.0,0.041053716059412285
30.0,0.012072967391600901
35.0,0.06642767146222718
40.0,-0.031052327691952944
45.0,0.08776081842982059
50.0,0.09506576783647218
55.0,0.18302837593253946
60.0,0.11488380870915474
65.0,0.1337457579783864
70.0,0.020574818079539953
75.0,0.25218320207153405
80.0,0.008735227136449378
85.0,0.19622189731379613
90.0,0.11653350757223581
95.0,0.0894662810841453
100.0,0.10865826998346553
105.0,0.11318781960768606
110.0,0.1815269061847279
115.0,0.15704339115017119
120.0,0.2572484667436107
125.0,0.06287310449289615
130.0,0.17651994187238965
135.0,0.12693017152052355
140.0,0.23044130669823457
145.0,0.059921664807038005
150.0,0.16917526286514833
155.0,0.20486949516506672
160.0,0.10533146523288144
165.0,0.2552915463761224
170.0,0.20835190968869507
175.0,0.25914794627406235
180.0,0.25705008884128155
185.0,0.1411238783075578
190.0,0.15211653707920259
195.0,0.18750631896165215
200.0,0.24395917510814108
205.0,0.24916937468928696
210.0,0.1542160971322663
215.0,0.15870959804376633
220.0,0.1452775558415082
225.0,0.15576286257249788
230.0,0.17388074737864895
235.0,0.17725962815611573
240.0,0.30534635347499894
245.0,0.14785053752798882
250.0,0.1569771762664998
255.0,0.19757862170933208
260.0,0.10834762649099658
265.0,0.1385952134474993
270.0,0.156413748247245
275.0,0.19669506796089448
280.0,0.06565628482285951
285.0,0.2210251738278757
290.0,0.11146856646627096
295.0,0.1364297928982647
300.0,0.17051972705686183
305.0,0.15256385254766977
310.0,0.16949603199421953
315.0,0.10917592870793048
320.0,0.09027772412469202
325.0,0.10295495104112332
330.0,0.0165892749992712
335.0,0.14141689826935594
340.0,0.014156918555109518
345.0,-0.022925434120271433
350.0,0.1679913696582213
355.0,0.02826035932835154
360.0,-0.042523490727823465
365.0,0.13108813781751183
370.0,-0.008137483654983393
375.0,0.0670429257130032
380.0,-0.054783600559882344
385.0,-0.02826502995630567
390.0,-0.12295078811460305
395.0,-0.1444386243409218
400.0,-0.096699667858861
405.0,-0.05094110359227008
410.0,-0.0064444910413226295
415.0,0.08327902346879648
420.0,-0.13206842524360052
425.0,-0.017354884373897775
430.0,-0.12176319788373695
435.0,-0.10211151597249286
440.0,-0.1891269068155033
445.0,-0.19611617669052483
450.0,-0.16101989991649918
455.0,-0.19263570227599303
460.0,-0.12778900534395982
465.0,-0.17603183307545844
470.0,-0.06491196556092048
475.0,-0.13660249186796092
480.0,-0.14144620770615254
485.0,-0.08842847102809016
490.0,-0.13062996556146894
495.0,-0.16871808183676154
500.0,-0.17639392314781221
505.0,-0.18238311205205587
510.0,-0.11439455428240183
515.0,-0.13557369723336316
520.0,-0.16384782277978185
525.0,-0.14079467883525604
530.0,-0.22399037540283595
535.0,-0.1629188462932116
540.0,-0.2802460433112397
545.0,-0.11625622828075538
550.0,-0.1929338788566597
555.0,-0.18823322245100957
560.0,-0.16382795267185807
565.0,-0.20058092963661422
570.0,-0.21510503089003336
575.0,-0.12798475662373882
580.0,-0.19159398827743682
585.0,-0.25231388752053024
590.0,-0.169468018743777
595.0,-0.29628879325939894
600.0,-0.09245230869848797
605.0,-0.1995230982200258
610.0,-0.18364405625949937
615.0,-0.04774915669183824
620.0,-0.05061117994920736
625.0,-0.16895554319859687
630.0,-0.1342949176505847
635.0,-0.10196086345794181
640.0,-0.06174461792522393
645.0,-0.16554331003279754
650.0,-0.14430027451760066
655.0,-0.07341141266742778
660.0,-0.12493504695945715
665.0,-0.08981172894738193
670.0,-0.09222932114945787
675.0,-0.19043116689733536
680.0,-0.16717610905800473
685.0,-0.2672224431132076
690.0,-0.1172630577528571
695.0,-0.014062812577401121
700.0,-0.15351885254575987
705.0,-0.005360661593538887
710.0,-0.011700725723369707
715.0,-0.0671242322517995
720.0,-0.05633979826565769
725.0,-0.0428655045399156
730.0,-0.09137006545335435
735.0,-0.048445110479516856
740.0,-0.026044891406799733
745.0,0.021759857452958335
750.0,0.04087292742755021
755.0,-0.04286803152819251
760.0,0.05956819044144054
765.0,-0.028335082731896964
770.0,0.016482074717191937
775.0,0.0570211015337565
780.0,0.04166479379515869
785.0,0.04350488158065349
790.0,0.07529879911486105
795.0,0.033871527536738076
800.0,0.03567027746488837
805.0,0.33374234189421326
810.0,1.0673836904284932
815.0,2.0382721327152837
820.0,2.71883396379881
825.0,2.0714307556017375
830.0,0.8596255291038459
835.0,0.36212741458484254
840.0,0.2312993661862239
845.0,0.13794472725578424
850.0,0.11722182218872602
855.0,0.09675104230180792
860.0,0.234018340890067
865.0,0.21991143996091567
870.0,0.20493826675731125
875.0,0.19489074905624662
880.0,0.25995374910456814
885.0,0.22676504674068929
890.0,0.10739038818203483
895.0,0.230655992199103
900.0,0.1977775754619707
905.0,0.18370577596442378
910.0,0.23852284203196328
915.0,0.19648280123899417
920.0,0.02048826615741045
925.0,0.29132569187979873
930.0,0.2611829559065742
935.0,0.19225645687405868
940.0,0.1776135685409936
945.0,0.2135547300693884
950.0,0.12254355771433977
955.0,0.217296399880206
960.0,0.18405982567795726
965.0,0.17531071057409292
970.0,0.13937568432042388
975.0,0.15198158124697092
980.0,0.25667999521408386
985.0,0.26767558893305193
990.0,0.21469112630133075
995.0,0.17841485768196305
1000.0,0.12478461862822882
1005.0,0.21652776553243802
1010.0,0.26582133293993815
1015.0,0.06770389345889674
1020.0,0.23015298065479017
1025.0,0.024603322764549046
1030.0,0.128720770965189
1035.0,0.1665177521272134
1040.0,0.0556110173423557
1045.0,0.04032206855015685
1050.0,0.13608521691872247
1055.0,0.17093408457792947
1060.0,0.08298498536357245
1065.0,0.1851331051966773
1070.0,0.05051027991186989
1075.0,0.19520379870325932
1080.0,0.0896479975766283
1085.0,0.0888798020031581
1090.0,0.10386587673760767
1095.0,0.07832322684109982
1100.0,0.16179779189951413
1105.0,0.1753406982226628
1110.0,0.06754496504087232
1115.0,0.016601423688283216
1120.0,-0.052302594832300243
1125.0,-0.03531100232708097
1130.0,0.0021771323724017076
1135.0,-0.012790146604011943
1140.0,-0.01765064000921834
1145.0,-0.023021635578798962
1150.0,-0.001845989722125213
1155.0,-0.12081862013731934
1160.0,-0.1094358923065799
1165.0,0.011361091262091408
1170.0,-0.013606286375125808
1175.0,-0.10388947890469385
1180.0,-0.001736764085107645
1185.0,-0.12761656747702255
1190.0,-0.10956582805608397
1195.0,-0.21124781193434353
1200.0,-0.057976886135969304
1205.0,-0.11622509290267038
1210.0,-0.05820800669972334
1215.0,-0.08632161975987858
1220.0,-0.1291680274817783
1225.0,-0.1312000890787088
1230.0,-0.07481550580244742
1235.0,-0.16175252147729863
1240.0,-0.1662599835950876
1245.0,-0.1578976767919766
1250.0,-0.11828798188686263
1255.0,-0.11553370979121372
1260.0,-0.05986931894270553
1265.0,-0.18328462668831433
1270.0,-0.10593712489412142
1275.0,-0.22397384956424018
1280.0,-0.15117810199343912
1285.0,-0.18222580292962923
1290.0,-0.0876844372129971
1295.0,-0.15695624291091342
1300.0,-0.22182024302430983
1305.0,-0.16131858446133257
1310.0,-0.17598687159371681
1315.0,-0.21619635845831384
1320.0,-0.21494141377070386
1325.0,-0.2536490120326199
1330.0,-0.03097041268459208
1335.0,-0.18735315498316396
1340.0,-0.13572068073563748
1345.0,-0.26250984369591623
1350.0,-0.255773507941665
1355.0,-0.1975292472388871
1360.0,-0.19465621351711984
1365.0,-0.13464331837580085
1370.0,-0.23975218168329893
1375.0,-0.14355965703574186
1380.0,-0.08115722791934224
1385.0,-0.22273084671306093
1390.0,-0.10880934672236672
1395.0,-0.21626726182046188
1400.0,-0.1328108200584354
1405.0,-0.12646095988523076
1410.0,-0.0384357202052847
1415.0,-0.17829057457910705
1420.0,-0.12067237711757534
1425.0,-0.061847777907162574
1430.0,-0.18826375497968706
1435.0,-0.11175071569336037
1440.0,-0.15647918153615634
1445.0,-0.1392763917710249
1450.0,-0.048947859610140615
1455.0,-0.04037754135544351
1460.0,0.07985723855777774
1465.0,0.015559994898920473
1470.0,0.01813986818433482
1475.0,-0.06125822749194299
1480.0,-0.061241826339007266
1485.0,-0.026879179466521904
1490.0,-0.16343447198080926
1495.0,0.08072061967742784
1500.0,-0.050741623079507456
1505.0,-0.06584959528760766
1510.0,-0.02149091756589494
1515.0,0.06673216542736027
1520.0,0.09703220719919728
1525.0,0.007997388950873215
1530.0,0.06490163745007452
1535.0,0.04338178095264978
1540.0,-0.004968787419234677
1545.0,0.07291097075090577
1550.0,0.07218323814084403
1555.0,-0.01402862844469302
1560.0,0.15182092268071737
1565.0,-0.0010691560527200938
1570.0,0.11452479068945194
1575.0,0.04459402341658748
1580.0,0.06567356766535455
1585.0,0.0791088104060028
1590.0,0.17007620293301295
1595.0,0.05883125628289963
1600.0,0.12872832716276733
1605.0,0.23912098744604873
1610.0,0.10982078335411757
1615.0,0.1549897340490133
1620.0,0.201807753092662
1625.0,0.13175163345175323
1630.0,0.1997259299537744
1635.0,0.2707299355235874
1640.0,0.8016248357225709
1645.0,1.7000028174781414
1650.0,2.5236751243012776
1655.0,2.5700588412682963
1660.0,1.5223014679531972
1665.0,0.648911122911638
1670.0,0.24157005621798455
1675.0,0.16955794954317846
1680.0,0.1932750621062082
1685.0,0.21032676677483442
1690.0,0.26651333418000844
1695.0,0.12179103303975186
1700.0,0.17981935119636402
1705.0,0.27212164259882793
1710.0,0.21047634598748077
1715.0,0.2229376682143846
1720.0,0.29256371266685266
1725.0,0.2154284796276074
1730.0,0.22101640752642657
1735.0,0.18811043714789524
1740.0,0.2938184667783737
1745.0,0.24762674575772642
1750.0,0.13788820620163078
1755.0,0.21029622498377198
1760.0,0.10441462397156775
1765.0,0.23415340765601336
1770.0,0.20452841315114678
1775.0,0.14966040262927707
1780.0,0.12988658514746385
1785.0,0.0407762229173082
1790.0,0.1885122548158072
1795.0,0.12964543569061607
1800.0,0.111717077779051
1805.0,0.1673249192543517
1810.0,0.07734459848896988
1815.0,0.0751148779647722
1820.0,0.06156069651148221
1825.0,0.014748599101124832
1830.0,0.23306840264075884
1835.0,0.06922935483753805
1840.0,0.05215467405638985
1845.0,0.11934788343467753
1850.0,-0.13161887967879912
1855.0,0.047412695164485576
1860.0,0.04184629225966644
1865.0,-0.02547468932672233
1870.0,0.0520510412764534
1875.0,-0.10553122654452343
1880.0,0.007713437279456036
1885.0,0.05158411640925094
1890.0,-0.14370018408272547
1895.0,-0.10621413962558998
1900.0,-0.03776152256779478
1905.0,-0.03844183868579588
1910.0,-0.08517910079861615
1915.0,-0.03351212832234621
1920.0,-0.049305435734108845
1925.0,-0.1533188806560869
1930.0,-0.08678295570798704
1935.0,-0.16554091227928303
1940.0,-0.22161805709911275
1945.0,-0.2495809761136153
1950.0,-0.05078337982222794
1955.0,-0.12752196178351743
1960.0,-0.0094872620053284
1965.0,-0.22158759710394638
1970.0,-0.16168975669452673
1975.0,-0.1263796651157558
1980.0,-0.16131382037711442
1985.0,-0.1283465737716228
1990.0,-0.15504400171083815
1995.0,-0.2057858874099265
2000.0,-0.31354714787323446
2005.0,-0.23522126574804114
2010.0,-0.07911702654460566
2015.0,-0.14024154018706708
2020.0,-0.10708212402264818
2025.0,-0.2281035355270572
2030.0,-0.20731908722381473
2035.0,-0.2510057568364407
2040.0,-0.17713585958078254
2045.0,-0.19881570435391344
2050.0,-0.17696861761937108
2055.0,-0.09969366704311809
2060.0,-0.25660339046768504
2065.0,-0.16281224949254214
2070.0,-0.2916006906245453
2075.0,-0.14118376921901588
2080.0,-0.23360268126905007
2085.0,-0.21075852178568025
2090.0,-0.19723393601239395
2095.0,-0.10528348086989413
2100.0,-0.2043125642163852
2105.0,-0.2302945878213506
2110.0,-0.26916348405475227
2115.0,-0.17886735832724038
2120.0,-0.24374317881030452
2125.0,-0.21933643102283487
2130.0,-0.18703467929840273
2135.0,-0.14125458344587166
2140.0,-0.22024495678515524
2145.0,-0.13255927928779726
2150.0,-0.06171302626931717
2155.0,-0.2522661529239062
2160.0,-0.07571804639112006
2165.0,-0.022587830866229633
2170.0,-0.18140413169821112
2175.0,-0.10293683661908686
2180.0,-0.21587267192082693
2185.0,-0.10642819876356359
2190.0,-0.13959418807194068
2195.0,-0.09477410124599088
2200.0,-0.16104996122052181
2205.0,-0.14806368467150807
2210.0,-0.11820157273614168
2215.0,-0.12657786545460517
2220.0,-0.11340343301525865
2225.0,-0.08069571805881087
2230.0,-0.1273737470118258
2235.0,-0.061559318575119995
2240.0,-0.015863731106603055
2245.0,-0.1754974599685679
2250.0,-0.016652656687052382
2255.0,-0.06511017539540806
2260.0,-0.07939912066275136
2265.0,-0.08476132696467503
2270.0,-0.04697837556938832
2275.0,-0.032573335450440166
2280.0,0.04097598509612561
2285.0,-0.04742051304840809
2290.0,0.0990217263235211
2295.0,-0.004588320237798357
2300.0,0.09362611469163708
2305.0,0.12588148828459794
2310.0,-0.004859779839948911
2315.0,0.14071634058037583
2320.0,0.21566199009727371
2325.0,0.06601178441744715
2330.0,0.13542549339277654
2335.0,0.10030159789642813
2340.0,0.12029621538993342
2345.0,0.1111357376574652
2350.0,0.09911710377669325
2355.0,0.17932217955956622
2360.0,0.19506317306456455
2365.0,0.14807150030750202
2370.0,0.24462360161743307
2375.0,0.22448720725020466
2380.0,0.20638835166060737
2385.0,0.12580336076275442
2390.0,0.2874443440446335
2395.0,0.25669021926966384
2400.0,0.05213580807302298
2405.0,0.11795910368566542
2410.0,0.15884949411719024
2415.0,0.2465617792836125
2420.0,0.2673071051478078
2425.0,0.1773441464357403
2430.0,0.2111375078172841
2435.0,0.2395534853270727
2440.0,0.1222248423052211
2445.0,0.23483588565666944
2450.0,0.1812683421096407
2455.0,0.21067539325866028
2460.0,0.1962501268260113
2465.0,0.12750666381704298
2470.0,0.13751555106066693
2475.0,0.19824353318222046
2480.0,0.45116730601346733
2485.0,1.062610482438667
2490.0,2.164410950437683
2495.0,2.6640233816001344
2500.0,2.092065774966339
2505.0,1.11224653742701
2510.0,0.44346546778049206
2515.0,0.21309322696852484
2520.0,0.2371430414453582
2525.0,0.19327099320383828
2530.0,0.22091904173387658
2535.0,0.18983450647693662
2540.0,0.13700568948457514
2545.0,0.2033961702208495
2550.0,0.11950580650818035
2555.0,0.14381833519665832
2560.0,0.06236786419411204
2565.0,0.12186328260299356
2570.0,0.08945062613163104
2575.0,0.12419058285813997
2580.0,0.20364422106973998
2585.0,0.22954662419320515
2590.0,0.1408602306942068
2595.0,0.07028425884903383
2600.0,0.11376100559907373
2605.0,0.07006683268875337
2610.0,0.011799554849690232
2615.0,0.03636735176577418
2620.0,0.016943933125763214
2625.0,-0.012550094502774733
2630.0,0.09825551799345988
2635.0,-0.02531445059527287
2640.0,-0.031042967548500163
2645.0,0.03267163121966621
2650.0,-0.059513910300679096
2655.0,-0.09511013444123909
2660.0,-0.08541246039079903
2665.0,-0.013578830449776598
2670.0,-0.027995342303948543
2675.0,-0.04062738897487803
2680.0,-0.09432139976338924
2685.0,-0.1290286444473967
2690.0,-0.027449172143877605
2695.0,-0.17612477249289582
2700.0,-0.10944245418573656
2705.0,-0.18339415405043974
2710.0,-0.13521220381979934
2715.0,-0.12679228520505645
2720.0,-0.05053052894129435
2725.0,-0.30262814291290985
2730.0,-0.05468853831536097
2735.0,-0.19562942434624553
2740.0,-0.13045250039686226
2745.0,-0.1051738851067579
2750.0,-0.20448634352649447
2755.0,-0.168700974594021
2760.0,-0.13837608508764773
2765.0,-0.17962317264760652
2770.0,-0.22032543485275347
2775.0,-0.16844316213491742
2780.0,-0.17649340842375433
2785.0,-0.27599916180319684
2790.0,-0.10719875642670532
2795.0,-0.17749112998965894
2800.0,-0.33838360473278795
2805.0,-0.24454250973173744
2810.0,-0.09283560060328663
2815.0,-0.10174622107146275
2820.0,-0.18143088514205
2825.0,-0.29905252318901976
2830.0,-0.2121780901596707
2835.0,-0.1339544244471883
2840.0,-0.1731501118644462
2845.0,-0.21567592130477398
2850.0,-0.2384523754765272
2855.0,-0.14295613597356238
2860.0,-0.20312240661161127
2865.0,-0.16852209905081328
2870.0,-0.15564207739019043
2875.0,-0.08368131007573631
2880.0,-0.16765729322088813
2885.0,-0.15942043452638852
2890.0,-0.27821631398522384
2895.0,-0.09990413497813828
2900.0,-0.10869409747489056
2905.0,-0.15801229043118442
2910.0,-0.28837285804995794
2915.0,-0.18040700941796473
2920.0,-0.13636494846123962
2925.0,-0.009059107775801212
2930.0,-0.09336466555243109
2935.0,-0.0747731348931785
2940.0,-0.06656702971531143
2945.0,-0.028840237076581482
2950.0,-0.17017620184694687
2955.0,-0.14600629101228438
2960.0,-0.15848329790739224
2965.0,-0.09718626558501832
2970.0,-0.09374784588127451
2975.0,-0.05858321013378586
2980.0,-0.1184654264471906
2985.0,-0.04334012142680316
2990.0,-0.09214060912276575
2995.0,0.0943491037528418
3000.0,-0.05630019385857149
3005.0,0.13690608962923825
3010.0,0.09024379229796171
3015.0,-0.07158686812570791
3020.0,0.06620507366799441
3025.0,0.053471633350923864
3030.0,-0.0669785804544604
3035.0,0.07005149180301062
3040.0,0.03622384233662903
3045.0,0.07071641211950194
3050.0,0.00655249639789382
3055.0,0.062026811426074524
3060.0,0.09836080139274939
3065.0,0.07034022949687707
3070.0,0.05227835429650365
3075.0,0.086713564254382
3080.0,0.04458007751257491
3085.0,0.13109213957395816
3090.0,-0.036420972451714356
3095.0,0.21465971100491593
3100.0,0.13437807959880668
3105.0,0.16528479831792153
3110.0,0.19416648308317042
3115.0,0.073926714522887
3120.0,0.2909682279566308
3125.0,0.09205398755725376
3130.0,0.19239715340789176
3135.0,0.18856375413736082
3140.0,0.2523136369456963
3145.0,0.17691511789178072
3150.0,0.09648074778821863
3155.0,0.2042046586645182
3160.0,0.039594261569618566
3165.0,0.17856316820531395
3170.0,0.16545832552341677
3175.0,0.28903647594004334
3180.0,0.18022061469243245
3185.0,0.17145079618179965
3190.0,0.1541285503907347
3195.0,0.14897382318307817
3200.0,0.1675670248655078
3205.0,0.2369257607649818
3210.0,0.12138983892216079
3215.0,0.1874568851392916
3220.0,0.11109717319809852
3225.0,0.1877260023165679
3230.0,0.20592344550403757
3235.0,0.11995108624991908
3240.0,0.15733782905319754
3245.0,0.19537613051781547
3250.0,0.23244126337486073
3255.0,0.23998489426250458
3260.0,0.17243762532025034
3265.0,0.11510586979703519
3270.0,0.07325107342227845
3275.0,0.2133377604141951
3280.0,0.2455671714305514
3285.0,0.17860013288955998
3290.0,0.24540392107415665
3295.0,0.1183733112873614
3300.0,0.11624033075894712
3305.0,0.22819385981156043
3310.0,0.06669445229831344
3315.0,0.15726859677240398
3320.0,0.1373710318015745
3325.0,0.11642641950069008
3330.0,0.33245933841482794
3335.0,0.5992186237289354
3340.0,1.5404477982218443
3345.0,2.3298886401215633
3350.0,2.3229680324497153
3355.0,1.399400996078077
3360.0,0.5209814543112041
3365.0,0.1403335717877838
3370.0,0.05591003467672765
3375.0,-0.010552292207823086
3380.0,-0.09789246180717884
3385.0,0.022299886025389012
3390.0,0.030179830195795752
3395.0,-0.07353881064012421
3400.0,-0.05930100434572636
3405.0,0.08598095110137674
3410.0,0.03347561104116812
3415.0,0.02896116380295355
3420.0,-0.00443793217089699
3425.0,-0.04406295040701032
3430.0,-0.09166028514802933
3435.0,-0.03426890578784167
3440.0,-0.08851280461059745
3445.0,-0.11073481661046726
3450.0,-0.09233754793856122
3455.0,-0.10384602490290099
3460.0,-0.052503834656740654
3465.0,-0.1709964671942174
3470.0,0.030475364369303343
3475.0,-0.1872521286297765
3480.0,-0.15857821414077916
3485.0,-0.08198893272451854
3490.0,-0.195297074077854
3495.0,-0.17949241558669993
3500.0,-0.15408467975114473
3505.0,-0.33992293463481266
3510.0,-0.1962971826167368
3515.0,-0.22844006344410434
3520.0,-0.18933606730049013
3525.0,-0.14821653799381035
3530.0,-0.14333654833862877
3535.0,-0.09453421175126961
3540.0,-0.10108024024898608
3545.0,-0.12841901659887203
3550.0,-0.1955268670540795
3555.0,-0.13210291469078037
3560.0,-0.2568740420781532
3565.0,-0.2038766794695008
3570.0,-0.1120226300680262
3575.0,-0.15180004973177258
3580.0,-0.2843101762237556
3585.0,-0.23554957960776116
3590.0,-0.14458420875623254
3595.0,-0.16120888219230517
3600.0,-0.13216106939955458
3605.0,-0.3026771730402293
3610.0,-0.27055618099218914
3615.0,-0.2069304709979172
3620.0,-0.24821654068262217
3625.0,-0.1882681757919888
3630.0,-0.18242767395251258
3635.0,-0.15870749402747683
3640.0,-0.18373461511750405
3645.0,-0.13770331847335318
3650.0,-0.1201418866795326
3655.0,-0.15325197960718548
3660.0,-0.23143428740282215
3665.0,-0.07425044891720822
3670.0,-0.13363706490648444
3675.0,-0.11540615124843942
3680.0,-0.12463780620806637
3685.0,-0.22614885958693193
3690.0,-0.08735938785488642
3695.0,-0.15531432877708443
3700.0,-0.18258558242770295
3705.0,-0.02409957766743656
3710.0,-0.11304891613657418
3715.0,-0.06975245421475189
3720.0,-0.0257769181183604
3725.0,0.025826425279708104
3730.0,-0.1737087446351968
3735.0,-0.10118127956458872
3740.0,-0.007383087615216055
3745.0,-0.0805263532673714
3750.0,-0.2290521681496095
3755.0,-0.015031567055230968
3760.0,-0.0018382114329831487
3765.0,0.040849132132822985
3770.0,0.015083327499580843
3775.0,-0.017117266645815622
3780.0,0.03077462542653745
3785.0,0.024040585058361673
3790.0,0.003848090699014605
3795.0,0.058047391216676125
3800.0,0.07217326324202115
3805.0,-0.002526108892955063
3810.0,0.1286719164467281
3815.0,0.1244907881523203
3820.0,0.1296923894159056
3825.0,-0.07622687398930734
3830.0,0.10414909961339253
3835.0,0.09677959591445967
3840.0,0.05080645430641914
3845.0,0.15322176054481948
3850.0,0.03387791754422313
3855.0,0.20557544574687414
3860.0,0.16069769913957427
3865.0,0.11279429074742159
3870.0,0.2350744829890177
3875.0,0.18237498713145459
3880.0,0.17988628972043322
3885.0,0.08591649983348627
3890.0,0.20103157696227836
3895.0,0.2586194802167292
3900.0,0.2441508956291094
3905.0,0.10329256797934262
3910.0,0.2686221356037042
3915.0,0.2845493296090057
3920.0,0.24152746178311224
3925.0,0.16954929536713817
3930.0,0.10401171173411596
3935.0,0.1415108021448264
3940.0,0.16277795158702701
3945.0,0.21526252239779778
3950.0,0.2327320034735597
3955.0,0.15480162375736262
3960.0,0.10063811183960437
3965.0,0.17415707722619356
3970.0,0.11801010399822091
3975.0,0.2776969568594146
3980.0,0.12124372787367278
3985.0,0.22280800299710246
3990.0,0.24151434163801372
3995.0,0.12982305186262044
4000.0,0.24698655091039529
4005.0,0.17453878515290172
4010.0,0.13171206871826896
4015.0,0.11862044372871827
4020.0,0.1784072198277039
4025.0,0.23234598486344
4030.0,0.04792372067962325
4035.0,0.19498709103058756
4040.0,0.14353389840198824
4045.0,0.10148567929671362
4050.0,0.13521367041536325
4055.0,0.13502912157971514
4060.0,0.12600779448260144
4065.0,0.1722919149760424
4070.0,0.06208953174253716
4075.0,0.22932018265583248
4080.0,0.1571565210377883
4085.0,0.05991102740898124
4090.0,-0.027918491967247605
4095.0,0.08003788354825456
4100.0,0.049102744776482965
4105.0,0.11112095767269595
4110.0,0.10216053397316305
4115.0,0.16639609434541086
4120.0,0.034795023369688996
4125.0,0.0825052991173067
4130.0,0.0008939080333615901
4135.0,-0.004193257033612192
4140.0,0.10300460211658916
4145.0,-0.006325514065201833
4150.0,-0.012754047238203841
4155.0,-0.035864897360060335
4160.0,-0.0028949313218958952
4165.0,0.005267150143106067
4170.0,-0.04610405180442231
4175.0,-0.11621421780635519
4180.0,-0.03428082766336078
4185.0,-0.11252247421743489
4190.0,0.14109886506336014
4195.0,0.782185720693671
4200.0,1.7966960144895174
4205.0,2.2624046959166817
4210.0,2.026320423234538
4215.0,0.9360659730013304
4220.0,0.2997175262104383
4225.0,0.08517702483723454
4230.0,-0.18459607254378227
4235.0,-0.1683068972265167
4240.0,-0.12539449883326612
4245.0,-0.08964571476457052
4250.0,-0.18306571792687198
4255.0,-0.17665332328828606
4260.0,-0.09770018817912568
4265.0,-0.221302378140119
4270.0,-0.15936292083786405
4275.0,-0.11088729107688083
4280.0,-0.19646332824882715
4285.0,-0.1372195254619593
4290.0,-0.1947692325154093
4295.0,-0.28697192933278953
4300.0,-0.22667341543870528
4305.0,-0.20857622673212659
4310.0,-0.21885173886675716
4315.0,-0.1988235728135637
4320.0,-0.17787957112106145
4325.0,-0.18554174057942474
4330.0,-0.19303753134883242
4335.0,-0.23049411682527726
4340.0,-0.21777386298404489
4345.0,-0.22685365854624043
4350.0,-0.239248532169407
4355.0,-0.11969464233535494
4360.0,-0.3163119787724935
4365.0,-0.1858210525995402
4370.0,-0.29691583270080013
4375.0,-0.2320874699198061
4380.0,-0.14503329069256576
4385.0,-0.20765147387728983
4390.0,-0.10280105415123668
4395.0,-0.24107911465506734
4400.0,-0.19787128561416165
4405.0,-0.2141507438844712
4410.0,-0.17084869501359504
4415.0,-0.18588141905175273
4420.0,-0.18492282294058024
4425.0,-0.15160245150774435
4430.0,-0.08471017147995455
4435.0,-0.1366478549262689
4440.0,-0.13645550164796755
4445.0,-0.15134540883089112
4450.0,-0.17016555508959164
4455.0,-0.2081737243179127
4460.0,-0.17737363465076672
4465.0,-0.10530486308621995
4470.0,-0.21551018591048163
4475.0,-0.053386332608696574
4480.0,-0.11077514659650006
4485.0,-0.13435793531504026
4490.0,-0.10291578984408488
4495.0,-0.02243845558877959
4500.0,-0.03177558939509552
4505.0,-0.029727962982764398
4510.0,0.0692759874310157
4515.0,0.11322978531642727
4520.0,-0.09597214370055579
4525.0,0.04359231434333712
4530.0,-0.04656922132690101
4535.0,-0.07450022130686343
4540.0,-0.014218197749185493
4545.0,0.0878631890189791
4550.0,0.016896595059237286
4555.0,0.015742872760759336
4560.0,0.13818746606116464
4565.0,0.09282572728729425
4570.0,0.06592516772020916
4575.0,0.18850872589285267
4580.0,0.11681621221217044
4585.0,0.05158036942488538
4590.0,0.03754203835991614
4595.0,0.08522655177658325
4600.0,0.12807057397926722
4605.0,0.18160714471745867
4610.0,0.18250810773635448
4615.0,0.1448572255654766
4620.0,0.07328201020787938
4625.0,0.20582789114192113
4630.0,0.16068977090797792
4635.0,0.09421791234907047
4640.0,0.0902740361765882
4645.0,0.18252565509189986
4650.0,0.1941531320627726
4655.0,0.22615969728312676
4660.0,0.10693528445206192
4665.0,0.29959615560020414
4670.0,0.07691686337055662
4675.0,0.18686701670188932
4680.0,0.27253414881375176
4685.0,0.2564377780103964
4690.0,0.13725505639135754
4695.0,0.23320276814878088
4700.0,0.27165916886819813
4705.0,0.24243781516282442
4710.0,0.1386141447066715
4715.0,0.2987414452508126
4720.0,0.09895469979959208
4725.0,0.1990402991442456
4730.0,0.13046965650612513
4735.0,0.16767417222008169
4740.0,0.17159658051998058
4745.0,0.21949480380078648
4750.0,0.11035765730296818
4755.0,0.1971454962552184
4760.0,0.2592353164254618
4765.0,0.18214592490607276
4770.0,0.20646296250468218
4775.0,0.19554838917199818
4780.0,0.12008369025955064
4785.0,0.13812758761379296
4790.0,0.15852672403550494
4795.0,0.17929198194117257
4800.0,0.26787186199014656
4805.0,0.23802560377369908
4810.0,0.10511082662876622
4815.0,0.10093990394145828
4820.0,0.059280549505338606
4825.0,-0.02599450509475379
4830.0,0.18646024301008923
4835.0,0.13227910547694413
4840.0,-0.024981217805362443
4845.0,0.08643864035715285
4850.0,0.22094440226877216
4855.0,0.10021270908854733
4860.0,0.09357808318867239
4865.0,0.06754403795440993
4870.0,0.0007841288001724303
4875.0,-0.03182399314289286
4880.0,-0.01934275137957052
4885.0,0.03186248658571538
4890.0,0.00013899039565062887
4895.0,0.048795458379493686
4900.0,0.1050710487508661
4905.0,0.026319007315934628
4910.0,0.03297196512735646
4915.0,-0.04747852296640787
4920.0,-0.11286645364971792
4925.0,0.08911944159203086
4930.0,-0.00627225998862363
4935.0,0.013570087054518433
4940.0,-0.08902782744959181
4945.0,-0.17707557494283427
4950.0,-0.001465979926883576
4955.0,-0.2201278053713958
4960.0,-0.10678043678653285
4965.0,-0.13644424602843042
4970.0,-0.09751338340865813
4975.0,-0.06859766724723611
4980.0,-0.07464595555380386
4985.0,-0.25880401622979954
4990.0,-0.0771361132796933
4995.0,-0.25922139618490836
5000.0,-0.10816028058228336
5005.0,-0.18144914462213485
5010.0,-0.22914195793606484
5015.0,-0.19724821639628515
5020.0,-0.2500851464747912
5025.0,-0.174807959392198
5030.0,-0.12086395416840395
5035.0,-0.1331470690303519
5040.0,-0.18270682643188277
5045.0,-0.1215339568773134
5050.0,0.015532961210915538
5055.0,0.6367897176353755
5060.0,1.5192616264657532
5065.0,2.2248270846374623
5070.0,1.9611180209484533
5075.0,0.9234637623260058
5080.0,0.16225612805670284
5085.0,-0.13523309547304682
5090.0,-0.1601279387428635
5095.0,-0.15412789997456902
5100.0,-0.197924415911647
5105.0,-0.17434805907695855
5110.0,-0.24395211248933932
5115.0,-0.2308737999026459
5120.0,-0.34574978243471377
5125.0,-0.2406466728303542
5130.0,-0.2210392751193372
5135.0,-0.031038390534898846
5140.0,-0.2670805869891194
5145.0,-0.17697008503105796
5150.0,-0.19737803769667916
5155.0,-0.2692189914858567
5160.0,-0.15250947962569472
5165.0,-0.1629298039337014
5170.0,-0.24775953147158689
5175.0,-0.2955822852588011
5180.0,-0.15126820116474096
5185.0,-0.22919266378665837
5190.0,-0.09465056282299078
5195.0,-0.1462239941180366
5200.0,-0.09021841382309176
5205.0,-0.13449609852151312
5210.0,-0.014670707997939833
5215.0,-0.05935012085352926
5220.0,-0.0009290267192594431
5225.0,-0.07922790808506049
5230.0,-0.1411135864665204
5235.0,-0.15737815195119664
5240.0,-0.09352448524532701
5245.0,-0.03699105676450419
5250.0,-0.08501511544260151
5255.0,0.11162592817040684
5260.0,-0.03386418142805201
5265.0,0.0065688632826967075
5270.0,-0.007929027861567623
5275.0,-0.08144015591394312
5280.0,0.06862698477069595
5285.0,0.052026550574926826
5290.0,0.07373208787642985
5295.0,-0.0278411734558092
5300.0,0.038770097867501345
5305.0,0.043496036311643095
5310.0,0.12570957389337456
5315.0,-0.022356663447196223
5320.0,0.11141954610004974
5325.0,0.1558325261179333
5330.0,0.060253423141589574
5335.0,0.04373019958016937
5340.0,0.1821622211667285
5345.0,0.12324472653521013
5350.0,0.18456479151234667
5355.0,0.16846606966083882
5360.0,0.19453660896717323
5365.0,0.1243014827564162
5370.0,0.011564954226000596
5375.0,0.1840970120245253
5380.0,0.11128352008381609
5385.0,0.19658373249544742
5390.0,0.1315459393075209
5395.0,0.26865041499769277
5400.0,0.15819880856158466
5405.0,0.228505269510923
5410.0,0.24971668435009936
5415.0,0.18036082355440516
5420.0,0.20858436729492727
5425.0,0.19052519638762835
5430.0,0.1373056985666516
5435.0,0.2869081207336572
5440.0,0.14215202679124112
5445.0,0.10375083705183485
5450.0,0.17002843256892028
5455.0,0.20993127889141608
5460.0,0.20661587106953672
5465.0,0.181802773977343
5470.0,0.17465366100384133
5475.0,0.07028446181425979
5480.0,0.2395468228249547
5485.0,0.30662264852420545
5490.0,0.15351904721195694
5495.0,0.08569567753328021
5500.0,0.2402516896598017
5505.0,0.18121851072645268
5510.0,-0.05648929016955187
5515.0,0.13940600154926638
5520.0,0.09260579861755457
5525.0,0.10614807045509107
5530.0,0.2974905769081794
5535.0,0.23134995349908938
5540.0,0.15610414221756208
5545.0,0.16208990031192244
5550.0,0.2532976349360016
5555.0,0.08287748778472956
5560.0,0.19085135290660285
5565.0,0.0997105969422222
5570.0,0.18476833569191353
5575.0,0.14043527123290878
5580.0,0.07395251760169633
5585.0,0.17911395909928118
5590.0,0.1399477828194965
5595.0,0.21296183877519798
5600.0,0.06660157427593427
5605.0,0.09278257942786519
5610.0,0.033778651581920435
5615.0,0.14424163602537593
5620.0,0.013788247341171886
5625.0,0.05164729588397384
5630.0,0.12535707690388986
5635.0,0.06910135380003898
5640.0,0.045973790716219445
5645.0,0.03616895915887034
5650.0,0.03235238328247503
5655.0,0.04308786703887013
5660.0,-0.024304861168593754
5665.0,-0.13711905737314123
5670.0,0.06063323256079747
5675.0,-0.09616648601719832
5680.0,0.07555275779649376
5685.0,-0.02906288525113331
5690.0,0.1423668281938391
5695.0,0.010362574500289864
5700.0,-0.04434688208505806
5705.0,-0.02117611822781918
5710.0,-0.1726165039406831
5715.0,-0.08247026800120133
5720.0,-0.1233387373962758
5725.0,-0.10682173326312919
5730.0,-0.24221607232325226
5735.0,-0.2583056723258828
5740.0,-0.0837412052108214
5745.0,-0.1319390113943774
5750.0,-0.16863380723668028
5755.0,-0.1527857470429013
5760.0,-0.19314212279984078
5765.0,-0.1878290175577715
5770.0,-0.1204385186918788
5775.0,-0.18235359510329363
5780.0,-0.12870213549027476
5785.0,-0.22039622769073947
5790.0,-0.29291655856206333
5795.0,-0.22477479217457397
5800.0,-0.19591250903214438
5805.0,-0.2596519358975404
5810.0,-0.2166924384669595
5815.0,-0.2261435896360091
5820.0,-0.13888314362449805
5825.0,-0.14572370521139233
5830.0,-0.13108481870890226
5835.0,-0.24783569888053977
5840.0,-0.17944989857734428
5845.0,-0.12043155408846619
5850.0,-0.18932296993678677
5855.0,-0.2041853757067925
5860.0,-0.24657961077853768
5865.0,-0.14553125641964912
5870.0,-0.18488184076910502
5875.0,-0.13154828257647194
5880.0,-0.20091054360822258
5885.0,-0.06040720273439859
5890.0,-0.18745872279544584
5895.0,-0.2590090159232835
5900.0,-0.16617710711940226
5905.0,-0.14489145589151484
5910.0,0.08699003257458948
5915.0,0.5078478423586811
5920.0,1.4944646223255738
5925.0,2.287623393530201
5930.0,1.998197107370616
5935.0,0.8873827424101938
5940.0,0.2836968078114833
5945.0,0.019184855459919874
5950.0,-0.1743031115044079
5955.0,-0.1816699937865261
5960.0,-0.12236064327040955
5965.0,-0.15724115862134988
5970.0,-0.050087871539235364
5975.0,-0.1305261645491087
5980.0,-0.04619540542303547
5985.0,-0.15376496555297264
5990.0,-0.156571571599132
5995.0,-0.1573643973741421
6000.0,-0.14103712341416497
6005.0,-0.018016932027784302
6010.0,0.016066067777222692
6015.0,-0.01917543992843207
6020.0,-0.006609597031145319
6025.0,-0.14867826041071874
6030.0,0.06588905360542545
6035.0,-0.0716120938191424
6040.0,0.0943328090047501
6045.0,0.17178360362999964
6050.0,0.03391209718743367
6055.0,0.07691437782852165
6060.0,0.08486815859076366
6065.0,-0.027045135960263804
6070.0,-0.007614392987271332
6075.0,0.027563903595366285
6080.0,0.087512624256952
6085.0,0.13779542464427788
6090.0,0.10030402369211977
6095.0,0.1687296310636497
6100.0,0.07602795845828622
6105.0,0.026910269698606007
6110.0,0.12306507556361385
6115.0,0.12434546714504506
6120.0,0.04618232971662867
6125.0,0.20384713876556543
6130.0,0.08687622428614825
6135.0,0.10680656862607532
6140.0,0.17070144935698206
6145.0,0.09542437446822835
6150.0,0.20510544832938937
6155.0,0.19530379532948838
6160.0,0.20361243304740442
6165.0,0.17925458881236506
6170.0,0.15360755464136966
6175.0,0.1392847795747203
6180.0,0.20828909142173177
6185.0,0.2765152180599382
6190.0,0.24297030595744099
6195.0,0.219344830880402
6200.0,0.2600877230651545
6205.0,0.2817739193665863
6210.0,0.12307551122424192
6215.0,0.19873724625485945
6220.0,0.27708126731975524
6225.0,0.16148452446676886
6230.0,0.17238484469656834
6235.0,0.23851685699931285
6240.0,0.1857959258450449
6245.0,0.27257321302328974
6250.0,0.1770055589933839
6255.0,0.23100397248893645
6260.0,0.34672390029879907
6265.0,0.2598009295356997
6270.0,0.10210143473392887
6275.0,0.1179530821879503
6280.0,0.11621694887154238
6285.0,0.17116484541173455
6290.0,0.08331654895668707
6295.0,0.19941533174382242
6300.0,0.2662656253932758
6305.0,0.25109527194499703
6310.0,0.10215984369700203
6315.0,0.1259262267539047
6320.0,0.11849688791259214
6325.0,0.07971309514259162
6330.0,0.22869854629738137
6335.0,0.07494011593245231
6340.0,0.04160249722508309
6345.0,0.12533480037864606
6350.0,0.11636218836215517
6355.0,0.18225561201867252
6360.0,0.17519581854329908
6365.0,0.06151400677508222
6370.0,-0.06412750223268747
6375.0,0.09843271744390805
6380.0,0.0983546639254189
6385.0,0.15093750170112158
6390.0,-0.06467217196475329
6395.0,-0.04799044226951012
6400.0,0.11100955599796912
6405.0,0.10690102260414595
6410.0,0.078313792854905
6415.0,-0.011416576739767578
6420.0,0.06084781670360302
6425.0,-0.060975037519550315
6430.0,-0.11183126342423125
6435.0,-0.04742894288436003
6440.0,-0.045490714385931254
6445.0,-0.010437699836112625
6450.0,-0.0008129028139195471
6455.0,-0.18423931376138764
6460.0,-0.06635246325543305
6465.0,-0.0614426019004767
6470.0,-0.17654479560803196
6475.0,-0.12244290491707237
6480.0,-0.1098339880969375
6485.0,-0.09280463215075374
6490.0,-0.1796756492565148
6495.0,-0.17025781025120743
6500.0,-0.20728269322748183
6505.0,-0.12467945803454607
6510.0,-0.17174458490352335
6515.0,-0.1928959727873121
6520.0,-0.12266320841446389
6525.0,-0.1773203680379274
6530.0,-0.24509261468322613
6535.0,-0.10616159271803548
6540.0,-0.12010645276683084
6545.0,-0.15538704662858577
6550.0,-0.2505355676392336
6555.0,-0.12202414709007622
6560.0,-0.2287745089730829
6565.0,-0.3097773858507531
6570.0,-0.20502250704727956
6575.0,-0.08856593635892156
6580.0,-0.22782720395232797
6585.0,-0.1654620946136494
6590.0,-0.11827478505704982
6595.0,-0.19108768227642586
6600.0,-0.22154125303196578
6605.0,-0.20127760614652465
6610.0,-0.1658401064295571
6615.0,-0.23142878166629535
6620.0,-0.17764200661703494
6625.0,-0.16321551196304782
6630.0,-0.2179974027502725
6635.0,-0.14884091014500392
6640.0,-0.15573731225078835
6645.0,-0.20660992813304185
6650.0,-0.19469051437150584
6655.0,-0.17292060280822555
6660.0,-0.18477975830774748
6665.0,-0.18411149013942585
6670.0,-0.22891679117426317
6675.0,-0.15537198881793637
6680.0,-0.11207713978882033
6685.0,-0.11244004616800946
6690.0,-0.19539982488562724
6695.0,-0.10556403397573669
6700.0,-0.09641740890645925
6705.0,-0.18277709600484637
6710.0,-0.08870489426580201
6715.0,-0.12394510443159266
6720.0,-0.12888864730649038
6725.0,-0.08514214330932203
6730.0,-0.10448706454563
6735.0,-0.218870840297351
6740.0,-0.06394083660620398
6745.0,-0.13636372880917252
6750.0,-0.06658038094198551
6755.0,-0.011942000642028182
6760.0,-0.05907892310472855
6765.0,0.08658501342967662
6770.0,0.605682594193947
6775.0,1.5910222685986022
6780.0,2.360739946838077
6785.0,2.209974186223966
6790.0,1.303670059580846
6795.0,0.5427916278597881
6800.0,0.11093577523858743
6805.0,0.08195151307781323
6810.0,-0.007053633743648119
6815.0,0.0460431636141234
6820.0,0.05782315680395497
6825.0,-0.01585422230886646
6830.0,0.06806589709318542
6835.0,0.0655806566900556
6840.0,-0.06880322898107663
6845.0,0.0861088484377812
6850.0,0.11614022152989975
6855.0,0.11983161275700605
6860.0,0.13122459604085077
6865.0,0.05194695070715913
6870.0,0.08079222847459644
6875.0,0.11944830563980648
6880.0,0.08491473631956138
6885.0,0.11449401181108379
6890.0,0.2209805270782202
6895.0,0.10035203411740741
6900.0,0.13766030842082838
6905.0,0.27231623207919603
6910.0,0.15937619534429553
6915.0,0.11174447968958355
6920.0,0.1909566503224165
6925.0,0.19001200270756685
6930.0,0.19089996899143355
6935.0,0.08672199030391009
6940.0,0.20535324930514756
6945.0,0.2135021570383689
6950.0,0.3158160535456362
6955.0,0.23557648987861804
6960.0,0.17075039547837162
6965.0,0.21655851591259515
6970.0,0.2384822718595486
6975.0,0.19034820792125817
6980.0,0.1965751994913093
6985.0,0.28016780474593006
6990.0,0.2272994954029343
6995.0,0.2279287339473181
7000.0,0.1386490512934127
7005.0,0.21988086728686568
7010.0,0.07950910737272356
7015.0,0.263267895058939
7020.0,0.16005028386066755
7025.0,0.2222845621795131
7030.0,0.264216026715996
7035.0,0.11319556742605767
7040.0,0.24248231768094453
7045.0,0.18291012040183163
7050.0,0.23329269164059177
7055.0,0.13850626656358273
7060.0,0.11387334070486238
7065.0,0.2262584473837262
7070.0,0.16874002895734386
7075.0,0.14075421123818035
7080.0,0.06361796157671976
7085.0,0.20342237574760763
7090.0,0.0985916068773625
7095.0,0.09846948978599075
7100.0,0.06333292452900374
7105.0,0.09767436039989998
7110.0,0.12470436607091182
7115.0,0.07818503375546129
7120.0,0.06880237260124415
7125.0,0.033364968317149135
7130.0,0.14627151438913882
7135.0,0.14592430770059067
7140.0,0.024271564059017037
7145.0,-0.0188384923644117
7150.0,0.040469141119215
7155.0,-0.07916685394687138
7160.0,0.02265985217131393
7165.0,0.01571316610382397
7170.0,0.0009482694763482697
7175.0,0.07712891767745127
7180.0,0.08314399258800409
7185.0,-0.007025695492214278
7190.0,-0.06287554024786027
7195.0,0.01110116293059285
7200.0,0.00966828174516849
7205.0,-0.13631035294163363
7210.0,-0.11655166328513633
7215.0,-0.09638544477547292
7220.0,-0.18680407275652233
7225.0,-0.1617265232315563
7230.0,-0.006460852696210398
7235.0,-0.18452334921333924
7240.0,-0.06696638764581912
7245.0,-0.170960027375191
7250.0,-0.07108879361418444
7255.0,-0.11675955649519042
7260.0,-0.08854806292445658
7265.0,-0.2292176082455596
7270.0,-0.135506655055059
7275.0,-0.19123104324779802
7280.0,-0.11733341572752418
7285.0,-0.12479512694444178
7290.0,-0.16116092577197533
7295.0,-0.1826865955196727
7300.0,-0.1795025188254366
7305.0,-0.16732812619600979
7310.0,-0.2152107618429798
7315.0,-0.21359767988807266
7320.0,-0.22813832441213622
7325.0,-0.25431995674185315
7330.0,-0.13233863636078474
7335.0,-0.273068259285911
7340.0,-0.1195265136401331
7345.0,-0.15502380510783795
7350.0,-0.2978707909105536
7355.0,-0.3050707009251287
7360.0,-0.19525110441514387
7365.0,-0.258755127344236
7370.0,-0.18660433338600993
7375.0,-0.1373597855093528
7380.0,-0.17049199734916928
7385.0,-0.20214065444008167
7390.0,-0.19769332251414534
7395.0,-0.0973011853289676
7400.0,-0.20217406374243202
7405.0,-0.07497177719756579
7410.0,-0.05292467595632719
7415.0,-0.19060118099865545
7420.0,-0.14701622920531918
7425.0,-0.058517441706584766
7430.0,-0.19550150391125415
7435.0,-0.12368985945515126
7440.0,-0.08134155238134347
7445.0,-0.19863944150955803
7450.0,-0.10945566815110894
7455.0,-0.11728596749039556
7460.0,-0.1494481667172046
7465.0,-0.02067733144357653
7470.0,-0.11268116500828569
7475.0,0.036941273958873505
7480.0,-0.047969741674688184
7485.0,-0.12417621891487607
7490.0,-0.0594926774052073
7495.0,-0.11241917621850314
7500.0,-0.011194306277996141
7505.0,-0.012576554419265938
7510.0,-0.11343703466418781
7515.0,-0.05965987232860975
7520.0,0.0008259016299725364
7525.0,-0.015349207812231435
7530.0,-0.06816472984847106
7535.0,0.06187032002885712
7540.0,0.08618042737383999
7545.0,-0.07315622108732946
7550.0,0.10903628893472486
7555.0,-0.08971418895997611
7560.0,0.0303055858813619
7565.0,0.007205834392778651
7570.0,0.021752402810733918
7575.0,0.07285402599600638
7580.0,0.0015142140434181578
7585.0,0.0716491968063264
7590.0,0.18427489354312715
7595.0,0.11954135718480864
7600.0,0.18769269549510134
7605.0,0.1582497998786655
7610.0,0.07153618168518741
7615.0,0.5176881761409357
7620.0,1.1626753148241034
7625.0,2.1862848227689917
7630.0,2.615527199553903
7635.0,1.9943986781502796
7640.0,0.9478178168110968
7645.0,0.38614203848608075
7650.0,0.16973532719510953
7655.0,0.1587469932550296
7660.0,0.16360643345000622
7665.0,0.06273555149637197
7670.0,0.1365383047987163
7675.0,0.1381111524593275
7680.0,0.20535568233602797
7685.0,0.16430725461095538
7690.0,0.16704659616517478
7695.0,0.20108340189225268
7700.0,0.1701061463818604
7705.0,0.18299739595639136
7710.0,0.2651928868342931
7715.0,0.19245324301562755
7720.0,0.14960186824273444
7725.0,0.23807220190678682
7730.0,0.2500110181226651
7735.0,0.23952094918250716
7740.0,0.12498370947454497
7745.0,0.25631453835804247
7750.0,0.20255474439145613
7755.0,0.20589428063262893
7760.0,0.20138554231003641
7765.0,0.22084031089153147
7770.0,0.21990837495605575
7775.0,0.2744641102698869
7780.0,0.19960113527246595
7785.0,0.1767167658932519
7790.0,0.2153316180033976
7795.0,0.1674296517693893
7800.0,0.2327416966062577
7805.0,0.17341198159871624
7810.0,0.20261719648662696
7815.0,0.12392682851313432
7820.0,0.20607448099594927
7825.0,0.17883959641628877
7830.0,0.08709175745095193
7835.0,0.10813502421565901
7840.0,0.12839848873011409
7845.0,0.039924559083934816
7850.0,0.046354398448325104
7855.0,0.1306250840723277
7860.0,0.12425470798067595
7865.0,0.16551347323192708
7870.0,0.0050714325823705
7875.0,0.05061407404380491
7880.0,-0.05380075972278305
7885.0,0.15744419834715256
7890.0,-0.02903889149177437
7895.0,0.025206290099766517
7900.0,0.1430631166741097
7905.0,0.10576076736930043
7910.0,-0.03574273412337569
7915.0,0.1370408665802941
7920.0,0.02382407867043644
7925.0,-0.07050831822577193
7930.0,-0.003982528893331318
7935.0,0.009588497709577128
7940.0,0.0006515241030732866
7945.0,-0.1675024754887905
7950.0,0.05441633681881281
7955.0,-0.15353840850969325
7960.0,-0.08080241285902902
7965.0,0.007078294409928396
7970.0,-0.06092248289909961
7975.0,-0.09333896793359088
7980.0,-0.13378103197419008
7985.0,-0.07220480755725617
7990.0,-0.032388693317870726
7995.0,-0.1512329169326293
8000.0,-0.10113259990708558
8005.0,-0.15364581689917353
8010.0,-0.1623347564146194
8015.0,-0.26427561540221256
8020.0,-0.13422237879545262
8025.0,-0.09986200360067808
8030.0,-0.16793262971203968
8035.0,-0.1029483568031018
8040.0,-0.15786117676999462
8045.0,-0.10083420013483485
8050.0,-0.16696550989910028
8055.0,-0.20020259446884245
8060.0,-0.21094060324037014
8065.0,-0.17954619099042698
8070.0,-0.170474129896776
8075.0,-0.23500702257239042
8080.0,-0.2001935767996198
8085.0,-0.2703353718838057
8090.0,-0.27204036578014507
8095.0,-0.1575911506644562
8100.0,-0.1743834187801522
8105.0,-0.1442886506524666
8110.0,-0.18720856694156862
8115.0,-0.1805183673337178
8120.0,-0.08767285806489197
8125.0,-0.24121445395259913
8130.0,-0.174603481712514
8135.0,-0.09838937063274647
8140.0,-0.06963405419304945
8145.0,-0.15209092663461274
8150.0,-0.1882119455266982
8155.0,-0.2396207537909283
8160.0,-0.18442835320650308
8165.0,-0.16285338255651496
8170.0,-0.16653847894216198
8175.0,-0.13406057745814756
8180.0,-0.12578518365652516
8185.0,-0.18077402311831395
8190.0,-0.19991312298606695
8195.0,-0.15977356193080233
8200.0,-0.11215685224107644
8205.0,-0.03714248862588396
8210.0,-0.2191005612812406
8215.0,-0.05700547719592772
8220.0,-0.12852440529930534
8225.0,-0.04209273240386706
8230.0,0.010253632576815538
8235.0,-0.06224473742962759
8240.0,-0.14940592681216933
8245.0,-0.10022096565262506
8250.0,-0.04768762397286637
8255.0,-0.07974548619811968
8260.0,-0.05682935465056285
8265.0,-0.08941507981868163
8270.0,-0.04957282123330284
8275.0,-0.06452881257424659
8280.0,0.028842206397230032
8285.0,0.005389516100758109
8290.0,0.038571342013050576
8295.0,-0.08931290545134432
8300.0,-0.013209728122722275
8305.0,-0.02168277112195977
8310.0,0.00446558291682525
8315.0,-0.012887550085844697
8320.0,0.004059989447555229
8325.0,0.14409191802131968
8330.0,0.046180436509516594
8335.0,-0.0025149176711876664
8340.0,0.060359204232963315
8345.0,0.21392082577278732
8350.0,0.13295564077159847
8355.0,0.04649968299654567
8360.0,0.09256235544835772
8365.0,0.10972418981824478
8370.0,0.12264996968715128
8375.0,0.021049597378973328
8380.0,0.07925530096952012
8385.0,0.12995220913554414
8390.0,0.04678226448699334
8395.0,0.14063522399191736
8400.0,0.1606055557702003
8405.0,0.2060425044986405
8410.0,0.22733421283013688
8415.0,0.16045127201805198
8420.0,0.18827397795086287
8425.0,0.2181368380471711
8430.0,0.2410640771746902
8435.0,0.19065296362464515
8440.0,0.14641017189776262
8445.0,0.22609374787323994
8450.0,0.3626775915393231
8455.0,0.736641048303106
8460.0,1.6678616108934021
8465.0,2.646131280909725
8470.0,2.5137389430001695
8475.0,1.5735892063826382
8480.0,0.6563347767567
8485.0,0.33653244017199657
8490.0,0.25584249977742046
8495.0,0.17194808288812202
8500.0,0.3035775017910652
8505.0,0.1652792065401257
8510.0,0.21236145484335944
8515.0,0.18831725790081702
8520.0,0.2717753263472874
8525.0,0.15376155126791044
8530.0,0.281156277844815
8535.0,0.17345927016188195
8540.0,0.10302269950152826
8545.0,0.14317171056367378
8550.0,0.16226145110468185
8555.0,0.2630769601916291
8560.0,0.13455081829353077
8565.0,0.1562594201535725
8570.0,0.2701801349441062
8575.0,0.15455780233541253
8580.0,0.10354311189294821
8585.0,0.09099386008142539
8590.0,0.03750582771093838
8595.0,0.14043062774900905
8600.0,0.1825161375004336
8605.0,0.08521345770906083
8610.0,0.03822937433942721
8615.0,0.10690041880287848
8620.0,0.08391573746804772
8625.0,0.06764803000183019
8630.0,0.09342703377299354
8635.0,0.061462812408405454
8640.0,0.030552829347643834
8645.0,0.1005463780458763
8650.0,-0.07135360337583348
8655.0,-0.038195438649106114
8660.0,0.0021395320159734443
8665.0,-0.06796087997949991
8670.0,0.08760053065437637
8675.0,-0.13291108443738628
8680.0,0.024544057381056996
8685.0,0.008381467675661777
8690.0,-0.012928822579083631
8695.0,-0.016375413424940644
8700.0,-0.08168162579350029
8705.0,-0.09841734423100879
8710.0,0.016298948612429198
8715.0,-0.08143235324739491
8720.0,-0.16481325085585302
8725.0,-0.15937755738767126
8730.0,-0.18426227977006776
8735.0,-0.08770239209537012
8740.0,-0.04446755883919945
8745.0,-0.13502821498851472
8750.0,-0.11555887507671692
8755.0,-0.1591727599659344
8760.0,-0.08512599099687362
8765.0,-0.09154672227202584
8770.0,-0.09430275846307473
8775.0,-0.04943512408438902
8780.0,-0.2284967792934574
8785.0,-0.11645782036359098
8790.0,-0.25617075911985426
8795.0,-0.12964053461686217
8800.0,-0.12814970701257386
8805.0,-0.13684414632841493
8810.0,-0.13554938520001708
8815.0,-0.19205531504277257
8820.0,-0.22352952498994855
8825.0,-0.14554631719669825
8830.0,-0.22740412629003096
8835.0,-0.1525445523950264
8840.0,-0.24313749493387066
8845.0,-0.17627177969023808
8850.0,-0.17986586454932807
8855.0,-0.24457550666074676
8860.0,-0.2151007726507479
8865.0,-0.1441688977461766
8870.0,-0.1940607418065933
8875.0,-0.16515126119651646
8880.0,-0.22491757288267578
8885.0,-0.18546084959467674
8890.0,-0.27390441248152947
8895.0,-0.23177745199198047
8900.0,-0.11381026430047768
8905.0,-0.15098633233220313
8910.0,-0.17806472640151189
8915.0,-0.16740564509256237
8920.0,-0.24811979292980957
8925.0,-0.14346949677785953
8930.0,-0.23277825520714157
8935.0,-0.19990792715478634
8940.0,-0.11380764821547404
8945.0,-0.19027932648549573
8950.0,-0.17210744581035708
8955.0,-0.142167975429899
8960.0,-0.12558294866900815
8965.0,-0.048730718664856204
8970.0,-0.2159428720066187
8975.0,-0.13547592093801994
8980.0,-0.07193774622807773
8985.0,-0.12632462159088628
8990.0,-0.11377918468539631
8995.0,-0.13032266080916396
9000.0,-0.09408460871577871
9005.0,-0.032005421723332705
9010.0,0.009643778159621252
9015.0,-0.03323243796874924
9020.0,0.0332496829079807
9025.0,-0.03117786015941571
9030.0,-0.12301278686510916
9035.0,0.02241730952395055
9040.0,-0.126906050492309
9045.0,-0.0073013775989110834
9050.0,0.004271907948227811
9055.0,-0.051886940459024256
9060.0,0.009217316798464976
9065.0,-0.0018122918715296858
9070.0,0.045345318528046304
9075.0,0.028306638189003242
9080.0,0.08821434609740929
9085.0,0.04003506034457004
9090.0,0.103996927830309
9095.0,0.07720428543170314
9100.0,0.09876015091143872
9105.0,0.0991424979028301
9110.0,0.0726964582434119
9115.0,0.17020273960259458
9120.0,0.14691569408081634
9125.0,-0.008011392104590745
9130.0,0.05797694518143376
9135.0,0.23000161193405116
9140.0,0.12392257674757959
9145.0,0.30466593921991875
9150.0,0.17571943111743774
9155.0,0.18219515151025295
9160.0,0.13538074952468893
9165.0,0.15390284008192562
9170.0,0.17994704928323005
9175.0,0.22666938907015188
9180.0,0.1844735766478839
9185.0,0.1800420131323567
9190.0,0.12987465197291861
9195.0,0.1620155469680647
9200.0,0.16681315232794877
9205.0,0.18553431745392346
9210.0,0.15313889632103864
9215.0,0.13422464180232163
9220.0,0.17940930089250223
9225.0,0.05846786516447208
9230.0,0.11246233960250587
9235.0,0.15101064362404754
9240.0,0.2190609222628484
9245.0,0.1566730568075843
9250.0,0.1331722412378889
9255.0,0.23131405937533928
9260.0,0.18393019124903484
9265.0,0.2659386971234442
9270.0,0.17456612753037348
9275.0,0.22394611262488948
9280.0,0.5581988082719118
9285.0,1.4801966209664879
9290.0,2.4640308909955446
9295.0,2.6269447221665234
9300.0,1.8742194799932816
9305.0,0.7572642144852018
9310.0,0.39430629878646084
9315.0,0.1706218073414721
9320.0,0.14112528589498052
9325.0,0.1417280549477399
9330.0,0.14865143105110443
9335.0,0.10280202798700679
9340.0,0.10021436872108538
9345.0,0.04652880142598109
9350.0,0.19580689483281852
9355.0,0.05017986302598857
9360.0,0.08404334519621115
9365.0,0.14306105123744828
9370.0,0.14602617955129116
9375.0,0.14994592795534314
9380.0,0.027922612514993693
9385.0,0.02781790508039747
9390.0,0.04055735927823326
9395.0,-0.06815239149351471
9400.0,0.0767575862580088
9405.0,-0.07318880261318865
9410.0,0.0027094889403907717
9415.0,0.05246771899744663
9420.0,0.04021426434986464
9425.0,-0.04050634741232998
9430.0,0.027237267911277382
9435.0,0.028102196722979075
9440.0,-0.13604577022187395
9445.0,-0.06412394479720175
9450.0,-0.020467850364662327
9455.0,-0.041279629702174095
9460.0,-0.08575457191707739
9465.0,-0.08783622158388353
9470.0,0.04071196980177265
9475.0,-0.11767247337046276
9480.0,-0.04488924896223761
9485.0,-0.17890863200550017
9490.0,-0.08910856767705955
9495.0,-0.06710689188157795
9500.0,-0.15549576606060286
9505.0,-0.17317700248802656
9510.0,-0.03959869950868118
9515.0,-0.1606232937780498
9520.0,-0.09714303186227975
9525.0,-0.24143744720200463
9530.0,-0.06880190160218334
9535.0,-0.28121043765634773
9540.0,-0.22564207029333114
9545.0,-0.2112563776050847
9550.0,-0.1846451895370635
9555.0,-0.1739202425759419
9560.0,-0.0977538269187459
9565.0,-0.0732198497710198
9570.0,-0.08733707978110572
9575.0,-0.1491224054872078
9580.0,-0.1858266621221234
9585.0,-0.3163067043881733
9590.0,-0.20589254257982417
9595.0,-0.23511936305576586
9600.0,-0.16787973012093182
9605.0,-0.2608700900103843
9610.0,-0.2512242612631804
9615.0,-0.2460963043989547
9620.0,-0.16722693098197122
9625.0,-0.19335371987264
9630.0,-0.2598440356139743
9635.0,-0.298199658422734
9640.0,-0.23111999204987183
9645.0,-0.23304113221621045
9650.0,-0.22561390016035374
9655.0,-0.18729384696150625
9660.0,-0.14776641844995148
9665.0,-0.14117572006700077
9670.0,-0.21979743122019427
9675.0,-0.22089417293491054
9680.0,-0.08774252770852659
9685.0,-0.18218900236013977
9690.0,-0.12280038626843784
9695.0,-0.14746849650159283
9700.0,-0.13103118430581207
9705.0,-0.056517378510416355
9710.0,-0.15396883909695228
9715.0,-0.07179448139764748
9720.0,-0.09750863373132185
9725.0,-0.12912460507830276
9730.0,-0.14019372659245985
9735.0,-0.13661646034490899
9740.0,-0.033970725785430506
9745.0,-0.03573424971302605
9750.0,-0.13231913752503982
9755.0,-0.05388610897125304
9760.0,-0.17157860003280065
9765.0,-0.05759782905227853
9770.0,0.06362160454563276
9775.0,-0.11221254731802774
9780.0,-0.019157192956677834
9785.0,-0.0630729390884557
9790.0,-0.014901174127182492
9795.0,-0.07164113159637406
9800.0,0.0074751938194516365
9805.0,-0.1273037214089116
9810.0,-0.0013524023576308355
9815.0,0.0034984314943439752
9820.0,0.024373604566944047
9825.0,0.1525691655097219
9830.0,-0.02012460532696004
9835.0,0.014426947161563362
9840.0,-0.016135444508517796
9845.0,0.09765944302638463
9850.0,0.07761373427851131
9855.0,0.017335568179481273
9860.0,0.14471553402140738
9865.0,0.11438272171463783
9870.0,0.18727251935731537
9875.0,0.1559125190801526
9880.0,0.12406567166887307
9885.0,0.08110723695977651
9890.0,0.009068474164762252
9895.0,0.10346668948329657
9900.0,0.20786037641003804
9905.0,0.13522204103338675
9910.0,0.10565905677538664
9915.0,0.17280983880994727
9920.0,0.2054400819517874
9925.0,0.32681679417800064
9930.0,0.1154291543452869
9935.0,0.1556287206062842
9940.0,0.11401651514648178
9945.0,0.14039710176775877
9950.0,0.237116385043263
9955.0,0.18111868868528497
9960.0,0.10589541947167193
9965.0,0.2677231824492814
9970.0,0.29409281296006795
9975.0,0.23935934066246656
9980.0,0.13780906701212076
9985.0,0.13394731485247874
9990.0,0.2690420322150718
9995.0,0.1369357535102586
10000.0,0.16206985336549923
10005.0,0.10991361591211345
10010.0,0.30198568712901575
10015.0,0.15215816915960165
10020.0,0.1789245914772623
10025.0,0.14347381338912654
10030.0,0.14468996931943603
10035.0,0.1136702677499901
10040.0,0.24090406037482157
10045.0,0.13442501756011355
10050.0,0.25336606360440167
10055.0,0.09167100599200725
10060.0,0.18834683468536925
10065.0,0.211519164896028
10070.0,0.084440530398568
10075.0,0.15945266181186155
10080.0,0.10698190106272412
10085.0,0.07048369581775753
10090.0,0.22246132165345806
10095.0,0.544691624899735
10100.0,1.5342427747631966
10105.0,2.373880197487119
10110.0,2.480444890656502
10115.0,1.593419532111639
10120.0,0.6837725444892351
10125.0,0.1510937518867997
10130.0,0.06336194073359219
10135.0,0.17775723453339445
10140.0,0.12955882859254053
10145.0,0.08445234481839585
10150.0,-0.08324776083590028
10155.0,0.012520090559361277
10160.0,0.15205531892987287
10165.0,0.04261950838981624
10170.0,-0.018392579585156076
10175.0,0.004056006414119819
10180.0,0.1301489573351599
10185.0,0.057557434321592604
10190.0,-0.10016962262044571
10195.0,-0.09998859553018331
10200.0,-0.03971540951670371
10205.0,0.025157653211876158
10210.0,-0.10250912990517094
10215.0,-0.09967270968267336
10220.0,-0.22350535229193108
10225.0,-0.11888963853047696
10230.0,-0.05537455196799898
10235.0,-0.06280609931619047
10240.0,-0.1915203893817008
10245.0,-0.06703325293121107
10250.0,-0.16934627775738784
10255.0,-0.21110302997495717
10260.0,-0.10566120041959579
10265.0,-0.23762144347167138
10270.0,-0.1760648041112217
10275.0,-0.2061100954543467
10280.0,-0.16971279758817293
10285.0,-0.15389590584764354
10290.0,-0.19818041706404116
10295.0,-0.22642161441422026
10300.0,-0.21202787053154093
10305.0,-0.32692092041932486
10310.0,-0.19731559498378107
10315.0,-0.07241812947887022
10320.0,-0.17477954085305364
10325.0,-0.1300679165295272
10330.0,-0.1992551403947797
10335.0,-0.20048277323951924
10340.0,-0.17658999322996477
10345.0,-0.16477657660701125
10350.0,-0.1678518961734291
10355.0,-0.2554032443252342
10360.0,-0.20540891820263169
10365.0,-0.2948070704758051
10370.0,-0.14559002520662703
10375.0,-0.20810934826261487
10380.0,-0.22212813730588338
10385.0,-0.2790010796339633
10390.0,-0.17517391608196692
10395.0,-0.1420056274728251
10400.0,-0.16875645422757707
10405.0,-0.1310689534420519
10410.0,-0.23882653366575252
10415.0,-0.13548066234468903
10420.0,-0.18643567920573467
10425.0,-0.3402038533693783
10430.0,-0.16195263673052834
10435.0,-0.23284126266909766
10440.0,-0.1778227221240113
10445.0,-0.20316846175310527
10450.0,-0.2104290810863969
10455.0,-0.09053859400908615
10460.0,-0.17953604035413523
10465.0,-0.13017558487394554
10470.0,-0.093070396619028
10475.0,-0.1502579753833369
10480.0,-0.19411519699330965
10485.0,-0.10965799354607117
10490.0,-0.111818646881706
10495.0,-0.15210648972623264
10500.0,-0.08426541594996634
10505.0,-0.007667112522934866
10510.0,-0.017853343280271078
10515.0,0.024849577754880003
10520.0,0.023317624169803895
10525.0,-0.038720753253678006
10530.0,-0.041144595691154064
10535.0,-0.09820625145371051
10540.0,0.04481655220033015
10545.0,-0.05071708701976371
10550.0,0.025521134686243077
10555.0,0.09836262399777186
10560.0,0.015424982133801184
10565.0,-0.07162328345591303
10570.0,-0.03676105901662642
10575.0,0.012092452228795025
10580.0,0.12024217647878604
10585.0,0.029792105592428
10590.0,0.04889332494523471
10595.0,0.001046812992734833
10600.0,0.09327527653077974
10605.0,0.08619384291933813
10610.0,0.1354730255717773
10615.0,0.03872686661162728
10620.0,0.13817167759353383
10625.0,0.024671498404867653
10630.0,0.07548338884293271
10635.0,0.08916965293164861
10640.0,0.11615928802265561
10645.0,0.1578422427378153
10650.0,0.0013851955709227037
10655.0,0.14048610821455493
10660.0,0.12736084978924453
10665.0,0.07683704733702448
10670.0,0.14259128181868058
10675.0,0.19219641313453623
10680.0,0.14298572549272215
10685.0,0.144995040290029
10690.0,0.21853386096184974
10695.0,0.13677890090150635
10700.0,0.24763356131554892
10705.0,0.21082223278407652
10710.0,0.2162473840909286
10715.0,0.22834727297261037
10720.0,0.2694687551817013
10725.0,0.15420347072620896
10730.0,0.26638936192148316
10735.0,0.1464339108660963
10740.0,0.22165534952294397
10745.0,0.23587921096362852
10750.0,0.20859508685629555
10755.0,0.1331004695538835
10760.0,0.1260263064965384
10765.0,0.13139717250462196
10770.0,0.1928579931383157
10775.0,0.20402572835888555
10780.0,0.2247270189917169
10785.0,0.09810844865476076
10790.0,0.20481923293095564
10795.0,0.2436056320849461
10800.0,0.1890939208472829
10805.0,0.1749224572840124
10810.0,0.21999098589851296
10815.0,0.26119364830373487
10820.0,0.2508423281158051
10825.0,0.2488366634829668
10830.0,0.07713158694295377
10835.0,0.23315939482822678
10840.0,0.12321889609028819
10845.0,0.18597579758259197
10850.0,0.09394157287363503
10855.0,0.1451919026352185
10860.0,0.08241054445821103
10865.0,0.09257713772156888
10870.0,0.21707413242009882
10875.0,0.024233412835573592
10880.0,0.14617850897368145
10885.0,0.08429246287044448
10890.0,0.05951209186189112
10895.0,0.43494175505882976
10900.0,1.0435202579314353
10905.0,2.0292536914879684
10910.0,2.5579267737558964
10915.0,1.8637091658128706
10920.0,0.9808630488990671
10925.0,0.16538040822608183
10930.0,-0.022252319467574323
10935.0,-0.1191368853359849
10940.0,0.006221557085806911
10945.0,0.03193417354326616
10950.0,0.030104137048693764
10955.0,0.058818425104168175
10960.0,-0.04147403305089456
10965.0,-0.07595031088041838
10970.0,-0.0019943802059439325
10975.0,-0.10019995466028205
10980.0,-0.05201217826662706
10985.0,-0.1075216481448273
10990.0,-0.13007069481655065
10995.0,-0.09731122891282945
11000.0,-0.03477539181253944
11005.0,-0.05408632840663765
11010.0,-0.10636633124834795
11015.0,-0.2767646842862399
11020.0,-0.12657532191899848
11025.0,-0.11047002575842418
11030.0,-0.10650752917582743
11035.0,-0.18692212197714614
11040.0,-0.08979357428527086
11045.0,-0.13498233229078094
11050.0,-0.27217854514214923
11055.0,-0.1192914977491189
11060.0,-0.07068608101255866
11065.0,-0.1559156472838103
11070.0,-0.22221257852178183
11075.0,-0.0704844459890969
11080.0,-0.12161566597608188
11085.0,-0.2928783508957901
11090.0,-0.12362004259375728
11095.0,-0.1644058628701806
11100.0,-0.1732518526982314
11105.0,-0.29654776221021717
11110.0,-0.29284225370976
11115.0,-0.18340977440300946
11120.0,-0.07973623400236048
11125.0,-0.18407276347628065
11130.0,-0.18858283584141688
11135.0,-0.23021231276942092
11140.0,-0.21619749757524398
11145.0,-0.1300608177758762
11150.0,-0.236067921063053
11155.0,-0.07626512973721837
11160.0,-0.15769684848731147
11165.0,-0.16498577069428408
11170.0,-0.1887532298300076
11175.0,-0.22131826943010718
11180.0,-0.18995822125029865
11185.0,-0.25814589907466695
11190.0,-0.16357689982940063
11195.0,-0.2769331187837728
11200.0,-0.02778105360858346
11205.0,-0.15841337373341038
11210.0,-0.24100390283247097
11215.0,-0.12932072572738884
11220.0,-0.1321210181442062
11225.0,-0.16634546931059624
11230.0,-0.11196523631810586
11235.0,-0.16885154949968023
11240.0,-0.12203202714274983
11245.0,-0.11818778662605792
11250.0,-0.07100430628091284
11255.0,-0.1258774337174264
11260.0,-0.06818734977823111
11265.0,-0.24595413066014934
11270.0,-0.005461753061013139
11275.0,-0.050675521291535026
11280.0,-0.020656193286293232
11285.0,-0.0596556395646296
11290.0,0.016050707444658738
11295.0,-0.030443293586046645
11300.0,-0.0073398693766471065
11305.0,-0.006318899879938775
11310.0,-0.03464260723453531
11315.0,-0.04827536202189156
11320.0,0.0464707761787114
11325.0,0.06075262587458685
11330.0,0.028519820652645148
11335.0,0.11480105963214932
11340.0,0.05640438519602646
11345.0,0.08592104674451279
11350.0,0.13036226627814407
11355.0,0.11538382428231445
11360.0,0.06966365217798841
11365.0,0.023152360340764788
11370.0,0.05006133685169929
11375.0,0.04008594476365748
11380.0,0.15716960894158585
11385.0,-0.09590546802976756
11390.0,0.2434613175841109
11395.0,0.0767722563960534
11400.0,0.20060518209443257
11405.0,0.16034597720425736
11410.0,0.180210195397555
11415.0,0.0759631885218236
11420.0,0.22069663241861517
11425.0,0.15828036921335795
11430.0,0.2059451849986691
11435.0,0.11704918208417575
11440.0,0.17511292311816803
11445.0,0.13879970617854454
11450.0,0.20322247211930902
11455.0,0.22853669933102158
11460.0,0.17700471092467068
11465.0,0.2193447085369758
11470.0,0.2256759396656085
11475.0,0.19304947158502855
11480.0,0.18197782645893415
11485.0,0.08394071101181196
11490.0,0.263271004411641
11495.0,0.2106645852102909
11500.0,0.185729537435136
11505.0,0.21282401711784776
11510.0,0.16852110307616358
11515.0,0.18005842907939149
11520.0,0.22698364974171747
11525.0,0.10554381369598406
11530.0,0.17535810205406194
11535.0,0.20585182454397777
11540.0,0.09554259545747117
11545.0,0.12117670042254097
11550.0,0.2573981608985204
11555.0,0.30962195048701197
11560.0,0.1935514873573859
11565.0,0.21136517245436728
11570.0,0.11586890555381123
11575.0,0.242895863366432
11580.0,0.15429897089659206
11585.0,0.15787253162633558
11590.0,0.17091751119081222
11595.0,0.10703121332461951
11600.0,0.09309938606698154
11605.0,0.12675102239649033
11610.0,0.058679902911228994
11615.0,0.08013819168765966
11620.0,-0.04604650882519033
11625.0,0.040292163646448075
11630.0,0.12038966513647403
11635.0,0.15116055885760926
11640.0,0.11371691157265931
11645.0,0.019927170939663362
11650.0,0.06634147322106153
11655.0,-0.0027190430951686065
11660.0,-0.018013985455999297
11665.0,0.09597859942916975
11670.0,0.006780859616154183
11675.0,0.0013490814116288545
11680.0,0.023667563161407897
11685.0,0.20998859872881398
11690.0,0.6296996604929529
11695.0,1.555280956460824
11700.0,2.4232292030703007
11705.0,2.2191174644423035
11710.0,1.2149320416482474
11715.0,0.2589701762675622
11720.0,-0.013392526514120318
11725.0,-0.06681833057946512
11730.0,-0.12724711970896505
11735.0,0.03598505092915519
11740.0,0.054979881351346516
11745.0,0.013126119769213351
11750.0,-0.14822518562007148
11755.0,-0.07247461807174552
11760.0,-0.0835398956170979
11765.0,-0.09385763308452084
11770.0,-0.21529430040015785
11775.0,-0.07203680612056429
11780.0,-0.03228100080504906
11785.0,-0.09000371251585709
11790.0,-0.01803076715653204
11795.0,-0.1664375954579803
11800.0,-0.11259986935791862
11805.0,-0.08122135480926035
11810.0,-0.21694630539328966
11815.0,-0.1734178283685213
11820.0,-0.21426631706953086
11825.0,-0.1211071507122756
11830.0,-0.24350566213840516
11835.0,-0.16081849955164343
11840.0,-0.21312786837422656
11845.0,-0.1308209421733587
11850.0,-0.21625722028734484
11855.0,-0.1965484649385379
11860.0,-0.17355649721034033
11865.0,-0.23406476309288546
11870.0,-0.2157885545849537
11875.0,-0.2047144184329339
11880.0,-0.2200677258653666
11885.0,-0.17476461830591117
11890.0,-0.234882341163197
11895.0,-0.1838826994776417
11900.0,-0.20608831194025315
11905.0,-0.224481016662706
11910.0,-0.25068322706027507
11915.0,-0.29484913949043556
11920.0,-0.22312379948105426
11925.0,-0.14667039942156881
11930.0,-0.1964288362832124
11935.0,-0.08413381908767871
11940.0,-0.22719078071351856
11945.0,-0.18826461164162284
11950.0,-0.25489876391429656
11955.0,-0.08983273584451082
11960.0,-0.23129427965496535
11965.0,-0.12056234959134773
11970.0,-0.12403558574753076
11975.0,0.018380254602434948
11980.0,-0.05008861846911118
11985.0,-0.07551788459305933
11990.0,-0.10683389942189334
11995.0,0.0027562442636822615
12000.0,-0.12201873879172886
12005.0,-0.166228019115039
12010.0,-0.033905112783199035
12015.0,-0.08163490448566887
12020.0,-0.11154031619082239
12025.0,-0.042145033895849025
12030.0,-0.024253532218731205
12035.0,-0.1377279124437724
12040.0,0.01933836724130912
12045.0,0.0877509300998622
12050.0,-0.04447769298410942
12055.0,-0.10183794393587885
12060.0,0.010856090236663667
12065.0,-0.0034948486313680083
12070.0,0.05817286345682797
12075.0,0.07513115704092561
12080.0,0.021621247717560577
12085.0,0.12724432367594019
12090.0,-0.06865515486282764
12095.0,0.011837314867352282
12100.0,0.07236907678500555
12105.0,0.09298500655405195
12110.0,0.07183396545734083
12115.0,0.11186968589525496
12120.0,0.015932793478547924
12125.0,-0.03686936884258932
12130.0,0.1563426397126847
12135.0,0.1938876864617829
12140.0,0.12170756039541233
12145.0,0.05904645933309921
12150.0,0.0930847475444441
12155.0,0.17696378724846415
12160.0,0.15971698661958347
12165.0,0.23103225017042367
12170.0,0.2563973744661742
12175.0,0.23707579666434797
12180.0,0.15501280409979135
12185.0,0.23548379468505914
12190.0,0.20758541886071918
12195.0,0.1939836915798963
12200.0,0.19564636540993363
12205.0,0.18285754147387523
12210.0,0.1306050865239639
12215.0,0.21542881966509728
12220.0,0.14991019321047858
12225.0,0.1946136405182164
12230.0,0.24655343518409642
12235.0,0.24654838991179792
12240.0,0.09118249813658412
12245.0,0.16125278224256487
12250.0,0.1365722403033514
12255.0,0.21773844231225875
12260.0,0.15700082474254337
12265.0,0.25575930237924416
12270.0,0.17186108436598788
12275.0,0.22488563293857994
12280.0,0.13749036315110758
12285.0,0.1491763537719653
12290.0,0.17403656115085595
12295.0,0.2135508838420732
12300.0,0.06204706462880179
12305.0,0.1854004377404116
12310.0,0.09059840031397633
12315.0,0.1828363438065088
12320.0,0.06157186258139129
12325.0,0.13759193377894222
12330.0,0.22929378487571728
12335.0,0.2389864416641306
12340.0,0.08700938343961936
12345.0,0.24212280498559596
12350.0,0.109799920406936
12355.0,0.1308488659441391
12360.0,0.15230654320913709
12365.0,0.12174118605278543
12370.0,0.12963932804167824
12375.0,0.11256427195090235
12380.0,0.14528096024214626
12385.0,0.09946215271963268
12390.0,0.052811101770124255
12395.0,0.011179520155656195
12400.0,0.000917332100941054
12405.0,0.04971262322052515
12410.0,0.08882402953153586
12415.0,0.057162916124036
12420.0,0.011881220500743663
12425.0,0.04714975160661557
12430.0,-0.020286020088569074
12435.0,0.011924930851899983
12440.0,0.02348555574247134
12445.0,-0.03398390625837645
12450.0,0.05876225301181695
12455.0,0.037806884632794184
12460.0,-0.05393969151422387
12465.0,-0.007987605197282005
12470.0,0.1362282190405091
12475.0,0.6620775025789182
12480.0,1.6399451279211401
12485.0,2.462175626061445
12490.0,2.1093150592246657
12495.0,1.0915898045437782
12500.0,0.33580705534506217
12505.0,0.022820239068361548
12510.0,-0.009965299698220118
12515.0,-0.16567193707006606
12520.0,-0.08468739021152409
12525.0,-0.23824822191964773
12530.0,-0.13447742896163237
12535.0,-0.2176630721610673
12540.0,-0.22524147367704678
12545.0,-0.16051911074443367
12550.0,-0.2215540422427883
12555.0,-0.1806895336297155
12560.0,-0.32796891326385724
12565.0,-0.09209248028924803
12570.0,-0.3341235073838318
12575.0,-0.21999303246688592
12580.0,-0.08458631055514415
12585.0,-0.26759036787225554
12590.0,-0.0899799259619871
12595.0,-0.1274869888376648
12600.0,-0.19924660822005733
12605.0,-0.21754254090290018
12610.0,-0.21449508856080568
12615.0,-0.1824418281631611
12620.0,-0.14205794482938627
12625.0,-0.12187367319827501
12630.0,-0.3239603200788932
12635.0,-0.14832619778816306
12640.0,-0.16254394762965316
12645.0,-0.2702544221683361
12650.0,-0.14411449221128442
12655.0,-0.14030179964804862
12660.0,-0.13926013260191897
12665.0,-0.19467212571260675
12670.0,-0.1416098547493468
12675.0,-0.11359944277427657
12680.0,-0.22051741403602257
12685.0,-0.20768598771514363
12690.0,-0.2090009925928269
12695.0,-0.10073806588268353
12700.0,-0.16452120456549935
12705.0,-0.20403720573669934
12710.0,-0.21655113282381314
12715.0,-0.2259048528106678
12720.0,-0.1320452430679065
12725.0,-0.08987450733211283
12730.0,-0.0584384991573787
12735.0,-0.18599198771551756
12740.0,-0.17768293744653096
12745.0,-0.17020015512157943
12750.0,-0.15807218917535423
12755.0,-0.18936563451374783
12760.0,-0.003152204144304893
12765.0,-0.05879403724343131
12770.0,-0.10871674807086874
12775.0,-0.22189209102804108
12780.0,0.016585294065104103
12785.0,-0.010298148496965802
12790.0,-0.04063139627626917
12795.0,0.002179354441874573
12800.0,-0.07206951629749797
12805.0,0.014404507529484585
12810.0,-0.04754111372619147
12815.0,0.019878506404933233
12820.0,-0.00773696278140775
12825.0,-0.06766653070222614
12830.0,-0.04550479681551756
12835.0,0.08958358602622601
12840.0,0.09306535766469921
12845.0,0.03153625471572405
12850.0,0.008853382767083931
12855.0,0.03153662817546081
12860.0,0.08854298848302317
12865.0,-0.007315785262883984
12870.0,0.1384100799534969
12875.0,0.04078101450051417
12880.0,0.029701475543546213
12885.0,0.10153674334895157
12890.0,0.22321821195532915
12895.0,0.07571785859707969
12900.0,0.1013509934695482
12905.0,0.061198289589575655
12910.0,0.1508898985797577
12915.0,0.15810100111394118
12920.0,0.14692273682363866
12925.0,0.1299201349084359
12930.0,0.1796905814684346
12935.0,0.2100887970603122
12940.0,0.14072729918811458
12945.0,0.1566088199699703
12950.0,0.13723859666739407
12955.0,0.14563734940483608
12960.0,0.2524233999861366
12965.0,0.12528935605392655
12970.0,0.19751200191509935
12975.0,0.25049231323566384
12980.0,0.16123686798242917
12985.0,0.22676804570409906
12990.0,0.23740531708389215
12995.0,0.10871106225576471
13000.0,0.2527223141109145
13005.0,0.13552512914688575
13010.0,0.2024572820873555
13015.0,0.10431592406322816
13020.0,0.09805370278480427
13025.0,0.17767743490106727
13030.0,0.28665110558453805
13035.0,0.340902594377471
13040.0,0.35018432815803147
13045.0,0.26606090494136025
13050.0,0.25338665206018257
13055.0,0.2258485126045831
13060.0,0.21675633390425358
13065.0,0.15222791192797425
13070.0,0.14281806059553379
13075.0,0.19064329990103693
13080.0,0.18866574872450118
13085.0,0.11932746204172864
13090.0,0.08019430444316732
13095.0,0.10188896965450346
13100.0,0.3383151714397101
13105.0,0.09201697144260855
13110.0,0.21353053277828699
13115.0,0.193810059652417
13120.0,0.17865121315814897
13125.0,0.07145613793964517
13130.0,0.22097775338642836
13135.0,0.11115830668906211
13140.0,0.050671797917661
13145.0,0.03613290899099674
13150.0,0.06261197603969829
13155.0,0.1891974930273818
13160.0,-0.021812320987835684
13165.0,0.0069617097597037755
13170.0,0.039640335024621665
13175.0,0.059985364203797006
13180.0,-0.041085014233181644
13185.0,-0.04521282726763462
13190.0,-0.027553390603783336
13195.0,0.0370241526053774
13200.0,-0.021395635683161947
13205.0,-0.03324310632730296
13210.0,-0.0162779094774419
13215.0,-0.029667988330809518
13220.0,0.01185315613449385
13225.0,-0.09613988188822922
13230.0,-0.0604415137897202
13235.0,-0.1069478538592058
13240.0,-0.03305754760543931
13245.0,-0.03478845019768179
13250.0,0.07022907391798085
13255.0,0.6709051843650656
13260.0,1.5664207080154995
13265.0,2.429336654705693
13270.0,2.0354298116909666
13275.0,1.0177314173827186
13280.0,0.16007576452089398
13285.0,-0.12392234108419667
13290.0,-0.1679904159251338
13295.0,-0.2769020815809716
13300.0,-0.15757747548791895
13305.0,-0.11059280765661991
13310.0,-0.13430849018616947
13315.0,-0.15943091774351037
13320.0,-0.13535478564199308
13325.0,-0.2132466407275347
13330.0,-0.2116486095229393
13335.0,-0.136756342750505
13340.0,-0.1978002047649298
13345.0,-0.13334143083582395
13350.0,-0.22327871974274022
13355.0,-0.15640473238856487
13360.0,-0.1246063879744869
13365.0,-0.20506408344010377
13370.0,-0.09975204644071743
13375.0,-0.10861324298227157
13380.0,-0.346630256029153
13385.0,-0.04383874518217365
13390.0,-0.29822225414736775
13395.0,-0.054088099467732964
13400.0,-0.25357066850508003
13405.0,-0.32516642656769323
13410.0,-0.2782255639758773
13415.0,-0.16775408866249594
13420.0,-0.2537703449854809
13425.0,-0.2243731254732247
13430.0,-0.11492502126953062
13435.0,-0.24442753557308644
13440.0,-0.15091934256690076
13445.0,-0.10036591520988246
13450.0,-0.28317214459745493
13455.0,-0.23792112701088577
13460.0,-0.14982301289297134
13465.0,-0.15801676818014618
13470.0,-0.13506420674219735
13475.0,-0.26668230204663324
13480.0,-0.19130936852813582
13485.0,-0.11068966463586466
13490.0,-0.09259387539327923
13495.0,-0.04517199445568239
13500.0,-0.1374368428170675
13505.0,-0.15086532966450975
13510.0,-0.1587368135843817
13515.0,-0.14857549772832668
13520.0,-0.20823825545472133
13525.0,0.02353841971367243
13530.0,-0.0971162425307621
13535.0,-0.10514985631557153
13540.0,-0.09309892942867692
13545.0,-0.013618076865844903
13550.0,-0.03293307025142243
13555.0,-0.07790966387906702
13560.0,0.03743512598901127
13565.0,0.0012413024823284251
13570.0,-0.017961369782836842
13575.0,0.0013930917063282623
13580.0,0.08080012779390504
13585.0,0.060187453869071206
13590.0,0.020588506204453363
13595.0,0.09684356736394792
13600.0,-0.08716574648563827
13605.0,0.09370748576141286
13610.0,0.007974866728555331
13615.0,0.02882439153196875
13620.0,0.05979863476701554
13625.0,0.19440292344424473
13630.0,0.07948161422099088
13635.0,0.08798460351643954
13640.0,0.13956236069529512
13645.0,-0.010032035861523583
13650.0,0.10344874300134532
13655.0,0.1650099027085814
13660.0,0.07035868306785334
13665.0,0.17114499412491885
13670.0,0.09648426267281862
13675.0,0.05730237033478523
13680.0,0.20608710672979796
13685.0,0.16306129512315662
13690.0,0.208738038242691
13695.0,0.17824473981557612
13700.0,0.10763965937866421
13705.0,0.23722377762712563
13710.0,0.20548460253625003
13715.0,0.2084661994224815
13720.0,0.16357460479650027
13725.0,0.12363032598843288
13730.0,0.27849244933690637
13735.0,0.24198384572295428
13740.0,0.20768439653917758
13745.0,0.16247149310930636
13750.0,0.2793324595321048
13755.0,0.14901618523425303
13760.0,0.15408162918498877
13765.0,0.32788336414307256
13770.0,0.23593660113169918
13775.0,0.2537852533260425
13780.0,0.24068531517574807
13785.0,0.32283338954347296
13790.0,0.21885088631477967
13795.0,0.22247209067773932
13800.0,0.1377237753893688
13805.0,0.18975315523472544
13810.0,0.09236383178617408
13815.0,0.15753168113567048
13820.0,0.1752983471481761
13825.0,0.2153395551066152
13830.0,0.24888006863315604
13835.0,0.12207522722286537
13840.0,0.09372130671957377
13845.0,0.16882460347145256
13850.0,0.09471931604881445
13855.0,0.24268965863731723
13860.0,0.2106900271652984
13865.0,0.07018512681008764
13870.0,0.13573805188414995
13875.0,0.19241704162195578
13880.0,0.053923116942880156
13885.0,0.07239390822117925
13890.0,0.08967499766328993
13895.0,0.16838615569303556
13900.0,0.10735656827673565
13905.0,0.05686795251928038
13910.0,0.08279654045677212
13915.0,0.05758839731273736
13920.0,0.05765242562300121
13925.0,0.06747203444444282
13930.0,0.04469098011233363
13935.0,0.06106836897858263
13940.0,0.014227741980132231
13945.0,-0.011604135040485658
13950.0,-0.02150849177232467
13955.0,-0.10723999750099965
13960.0,-0.04944317173841856
13965.0,0.07811371625656852
13970.0,-0.040630339888096154
13975.0,-0.014893145292086345
13980.0,-0.0026743362901884005
13985.0,-0.09111802201260795
13990.0,-0.09044932314365034
13995.0,-0.04726422494888072
14000.0,-0.14120226892607848
14005.0,-0.03986293444799626
14010.0,-0.06047561785550335
14015.0,-0.09407106912763324
14020.0,-0.10009398289639251
14025.0,-0.07834443780943529
14030.0,0.1110023265453744
14035.0,0.5641142935031576
14040.0,1.7568560626395868
14045.0,2.2934515469357395
14050.0,1.841870905850229
14055.0,0.8123705978353156
14060.0,0.10928900913333452
14065.0,-0.21333136844952283
14070.0,-0.28503158040659216
14075.0,-0.18036151987368745
14080.0,-0.17682448661045705
14085.0,-0.1577821842320921
14090.0,-0.26167537352698095
14095.0,-0.20694245026724906
14100.0,-0.14433481041119042
14105.0,-0.21548844475404944
14110.0,-0.23033111187454208
14115.0,-0.07598698797728937
14120.0,-0.29717473283553264
14125.0,-0.24696259197731574
14130.0,-0.2650933619981092
14135.0,-0.22982884173474077
14140.0,-0.011252305625893022
14145.0,-0.2614152111459193
14150.0,-0.21509847387868186
14155.0,-0.2296211018408931
14160.0,-0.241985819717059
14165.0,-0.14479049769724298
14170.0,-0.2190178949019655
14175.0,-0.12505101848966066
14180.0,-0.10140912137306536
14185.0,-0.2117723322897702
14190.0,-0.09510086362985568
14195.0,-0.24620627165589892
14200.0,-0.15119169679514127
14205.0,-0.10453064050383629
14210.0,-0.22248427269907453
14215.0,-0.15981647317484493
14220.0,-0.12212062860053793
14225.0,-0.11054060500443613
14230.0,-0.118666148105605
14235.0,-0.014218351260940454
14240.0,-0.1356363283817526
14245.0,-0.048582171223967616
14250.0,0.013180058843709055
14255.0,-0.143847482660289
14260.0,-0.1250170395918731
14265.0,-0.1546133215307316
14270.0,-0.042721514456420945
14275.0,0.0071558211331105015
14280.0,-0.1744398196932636
14285.0,-0.11761312599085103
14290.0,-0.09087859617555435
14295.0,0.08707532247960266
14300.0,-0.060066612721233065
14305.0,-0.006739326452829729
14310.0,-0.09344579459279953
14315.0,0.03943720598475618
14320.0,-0.06740844840565745
14325.0,-0.00023423899822335175
14330.0,-0.049705469971847244
14335.0,0.014992676031770697
14340.0,0.020043666199609345
14345.0,0.05049683843021972
14350.0,0.05787699676469171
14355.0,0.16168026627262552
14360.0,0.0176543716727023
14365.0,0.14914954857497925
14370.0,0.09640833483696243
14375.0,0.07468517116077353
14380.0,0.11121786929822633
14385.0,0.1155323590341926
14390.0,0.1582986310116625
14395.0,0.1633227552265539
14400.0,0.15830779298867687
14405.0,0.14404700746587
14410.0,0.04011886321621333
14415.0,0.1923054557420536
14420.0,0.21380728552166933
14425.0,0.17554492195578966
14430.0,0.1768659506290806
14435.0,0.11360615006255131
14440.0,0.1854907740316498
14445.0,0.22518850271025947
14450.0,0.09971218683714463
14455.0,0.1540137606905193
14460.0,0.15392455985607442
14465.0,0.2627717983227922
14470.0,0.16483041808344878
14475.0,0.08633942048163687
14480.0,0.20529929153676843
14485.0,0.27728444678185593
14490.0,0.1904921168902102
14495.0,0.1755250261372426
14500.0,0.21541478085111576
14505.0,0.30408464603998414
14510.0,0.18844235730172784
14515.0,0.18830753732994052
14520.0,0.2284253563881407
14525.0,0.15683175443423578
14530.0,0.10121325437966015
14535.0,0.20968088690158887
14540.0,0.17771603319818033
14545.0,0.21865612958507555
14550.0,0.20302102902184913
14555.0,0.22374477829804956
14560.0,0.12501460482431193
14565.0,0.2053365841010541
14570.0,0.1281940663769391
14575.0,0.19940948855325846
14580.0,0.14856228058371443
14585.0,0.2696033074544069
14590.0,0.11203209966525329
14595.0,0.024845656029149815
14600.0,0.16171564298878832
14605.0,0.12105758406008855
14610.0,0.0876312553282762
14615.0,0.14891893356093067
14620.0,0.2275065508746451
14625.0,0.1133423267094297
14630.0,0.07453661553608477
14635.0,0.1932231702021255
14640.0,0.16861778088343377
14645.0,0.09513436760200189
14650.0,0.054145607066147405
14655.0,0.12113709962126723
14660.0,0.029493353004853562
14665.0,0.025398628307032857
14670.0,0.006022346894882576
14675.0,0.07804320063045808
14680.0,0.12729724512412463
14685.0,0.03318775814560736
14690.0,0.1263084135631134
14695.0,-0.10369918070931326
14700.0,0.002590494763755078
14705.0,-0.10552664583979166
14710.0,0.04014667669769982
14715.0,0.05487944585294054
14720.0,-0.13547922333037787
14725.0,-0.08364898420046947
14730.0,-0.04338141133155947
14735.0,-0.143487946578729
14740.0,-0.11567843987607096
14745.0,-0.13178389517034456
14750.0,-0.07644076050913448
14755.0,-0.13357477776407178
14760.0,-0.16480948126885125
14765.0,-0.15213968207126827
14770.0,-0.11920019229509554
14775.0,-0.1155174330845352
14780.0,-0.13848557551749532
14785.0,-0.062449394123407095
14790.0,-0.16196059656465106
14795.0,-0.14054935082085526
14800.0,-0.11681655304220613
14805.0,-0.17822756724185523
14810.0,0.04404348305800432
14815.0,0.4367409245415797
14820.0,1.355082698673213
14825.0,2.1495107436549588
14830.0,2.127362004892102
14835.0,1.2171017357415896
14840.0,0.3644139476573843
14845.0,-0.12112429066489683
14850.0,-0.2239378316130154
14855.0,-0.27374644755617294
14860.0,-0.2865129735919482
14865.0,-0.13594183118081757
14870.0,-0.20191498582951678
14875.0,-0.17009537440205502
14880.0,-0.13934166055243577
14885.0,-0.2047311097452038
14890.0,-0.19655419769725382
14895.0,-0.2636581623322327
14900.0,-0.2375906528451851
14905.0,-0.17619588713966874
14910.0,-0.11829964128926339
14915.0,-0.13840115538678163
14920.0,-0.23671722862519284
14925.0,-0.23887530111942012
14930.0,-0.1503114736188369
14935.0,-0.16007436732108218
14940.0,-0.1532173980296449
14945.0,-0.16604584878864834
14950.0,-0.10265621013246876
14955.0,-0.15673407858450006
14960.0,-0.08368364286158363
14965.0,-0.13165088056406873
14970.0,-0.15694742909721512
14975.0,-0.21796546454710297
14980.0,-0.12831087587961293
14985.0,-0.08887599730792531
14990.0,-0.12461541145582689
14995.0,-0.18540627761633602
15000.0,-0.23054247985958903
15005.0,-0.13202405392637828
15010.0,-0.005851319715515793
15015.0,-0.16692286448019483
15020.0,-0.1216503617891607
15025.0,-0.07716193622521877
15030.0,-0.023101049549175086
15035.0,-0.12870158459242953
15040.0,-0.06137474921140742
15045.0,-0.038764570963131684
15050.0,-0.11614961285018685
15055.0,-0.01612671679290794
15060.0,-0.09142080653460859
15065.0,-0.013560069676219892
15070.0,0.021332455338594007
15075.0,-0.0016740691250026682
15080.0,-0.07073088806384134
15085.0,0.05022904679132293
15090.0,0.060186479297641156
15095.0,0.03541134523165591
15100.0,0.08245994864744047
15105.0,0.01635637474327471
15110.0,0.002908791906226907
15115.0,0.048605748724886336
15120.0,0.09504291392704571
15125.0,0.12672271778602795
15130.0,0.04214971914209046
15135.0,0.10239405650583355
15140.0,0.10689531425869514
15145.0,0.07600977606728568
15150.0,-0.005866735679791096
15155.0,0.018751508911653725
15160.0,0.17893299666667517
15165.0,0.042496622028666
15170.0,0.03211863993145353
15175.0,0.05808450275468621
15180.0,0.12776164114552088
15185.0,0.2274909322319944
15190.0,0.1796431113826866
15195.0,0.13502353150674243
15200.0,0.14914430871970188
15205.0,0.1970666523001348
15210.0,0.17863357845334216
15215.0,0.0774415069310539
15220.0,0.2537563095515781
15225.0,0.23949847069205144
15230.0,0.12711563703420922
15235.0,0.17782733073149842
15240.0,0.2191682465770073
15245.0,0.21204645086745313
15250.0,0.1779928393233773
15255.0,0.20281636454018975
15260.0,0.30483969382611
15265.0,0.18257701045080135
15270.0,0.25750684230317233
15275.0,0.2150805841044806
15280.0,0.1330015785945518
15285.0,0.23645498978444268
15290.0,0.21872126113952775
15295.0,0.2643593062884255
15300.0,0.28785338037666236
15305.0,0.25413480660400045
15310.0,0.2089713072172249
15315.0,0.21863504963209904
15320.0,0.23324091163198732
15325.0,0.13409239772855694
15330.0,0.1185483330974907
15335.0,0.2175454315760699
15340.0,0.10290658651279441
15345.0,0.14681630214701366
15350.0,0.2616296657880848
15355.0,0.20541398709218836
15360.0,0.21896165521249528
15365.0,0.13863215231410542
15370.0,0.20155116151776692
15375.0,0.07952110070638072
15380.0,0.07456341495436618
15385.0,0.10436590142184182
15390.0,0.06639853897416464
15395.0,0.17501964134934722
15400.0,0.08280648488277603
15405.0,0.01669839622667693
15410.0,0.12872586359556765
15415.0,0.11066478286914128
15420.0,0.129897390989767
15425.0,-0.016039874485381883
15430.0,-0.004961543031313034
15435.0,-0.09484305988899257
15440.0,0.04971875300434278
15445.0,0.014709561772798124
15450.0,-0.022301532287089566
15455.0,0.08052417435902125
15460.0,-0.05034824206743773
15465.0,-0.04408198609149365
15470.0,-0.07456643127806072
15475.0,-0.09144680575449149
15480.0,-0.04331748938704813
15485.0,-0.059931929745930854
15490.0,-0.0781503901639582
15495.0,-0.13048024695260615
15500.0,-0.1520968294256075
15505.0,-0.11720435652633968
15510.0,-0.09368453580106846
15515.0,-0.14836367158726427
15520.0,-0.13007578916260826
15525.0,-0.13294628784245321
15530.0,-0.1739995495085888
15535.0,-0.21365641480991476
15540.0,-0.14147439214269428
15545.0,-0.04630455604403347
15550.0,-0.11651130228795137
15555.0,-0.1569374914250278
15560.0,-0.1961157727301829
15565.0,-0.19761216594226372
15570.0,-0.10300522680654893
15575.0,-0.23599252786879232
15580.0,-0.06918271779288979
15585.0,-0.17341440667266234
15590.0,-0.16158378976015103
15595.0,-0.2029703679228196
15600.0,0.12029271751429325
15605.0,0.7535412382315622
15610.0,1.6786439750693856
15615.0,2.414068265222703
15620.0,1.7994766945647434
15625.0,0.6713288920810144
15630.0,0.11089127824270004
15635.0,-0.12861135146447167
15640.0,-0.18631829082242035
15645.0,-0.14664337671495378
15650.0,-0.1333255411165804
15655.0,-0.26578756517218394
15660.0,-0.2076849566214899
15665.0,-0.2029068943989561
15670.0,-0.19049914584939043
15675.0,-0.29579072116056404
15680.0,-0.1742074812549241
15685.0,-0.1827771843814214
15690.0,-0.07111620184102219
15695.0,-0.23004934348348588
15700.0,-0.20532338492232974
15705.0,-0.1466875011020875
15710.0,-0.1694288395606534
15715.0,-0.1130803428883798
15720.0,-0.08872775277489611
15725.0,-0.20650045264915362
15730.0,-0.14308461481009685
15735.0,-0.10578339678870027
15740.0,-0.18208251035832507
15745.0,-0.0012521462573175102
15750.0,-0.1081072387452375
15755.0,-0.10960375367676556
15760.0,-0.20162799866396858
15765.0,-0.14561370526443324
15770.0,-0.21568932692754253
15775.0,-0.05229832743655928
15780.0,-0.13117168739274201
15785.0,-0.07298838359182556
15790.0,-0.0476257493111189
15795.0,-0.050548672579232526
15800.0,-0.07826321489963259
15805.0,-0.0027516622734993015
15810.0,-0.10411346013518069
15815.0,-0.1405198741438432
15820.0,-0.10925516352403297
15825.0,0.029544063032185975
15830.0,0.07613273544921932
15835.0,-0.03800456907787606
15840.0,-0.022604112062042873
15845.0,0.041176971808252874
15850.0,-0.05313199845511766
15855.0,0.003900223816774691
15860.0,-0.043319479771850695
15865.0,0.05224116622510966
15870.0,-0.11538446195907381
15875.0,-0.025225647185107475
15880.0,-0.031286589037357274
15885.0,0.07452808985363225
15890.0,0.11457933263560899
15895.0,0.0911957274170009
15900.0,0.22189299026894904
15905.0,0.10977622777480762
15910.0,0.057666184706537664
15915.0,0.09354776326833658
15920.0,0.16655681573332093
15925.0,0.16046130953161453
15930.0,0.26663332430937126
15935.0,0.15724463790773477
15940.0,0.0954361120987802
15945.0,0.09130494174877259
15950.0,0.2081089036722775
15955.0,0.000644804769398627
15960.0,0.19277101916353045
15965.0,0.22348659740139043
15970.0,0.15092953178469992
15975.0,0.19508193112861236
15980.0,0.26108489627922604
15985.0,0.2746088065801161
15990.0,0.2708936364151572
15995.0,0.24952633618468492
16000.0,0.18356498824276513
16005.0,0.1242038760509467
16010.0,0.07041310741346937
16015.0,0.30162913192231944
16020.0,0.25819146819258787
16025.0,0.12089461427222672
16030.0,0.2611912546841177
16035.0,0.1700369715939407
16040.0,0.16368173689960014
16045.0,0.12126451510979097
16050.0,0.31422905428792186
16055.0,0.10775766497749424
16060.0,0.11965910236179642
16065.0,0.22566866006563727
16070.0,0.23049724377499575
16075.0,0.20896075616181492
16080.0,0.11296528352633897
16085.0,0.158220164713523
16090.0,0.11449595198052681
16095.0,0.13192150922375595
16100.0,0.26447008651343196
16105.0,0.1682906255840958
16110.0,0.1934702245045827
16115.0,0.086881618199399
16120.0,0.10259960318011185
16125.0,0.1555466655288686
16130.0,0.19437864746686087
16135.0,0.10658188065215407
16140.0,0.19852556335218194
16145.0,0.24548024880528185
16150.0,-0.01178536407783455
16155.0,0.08830337885286567
16160.0,0.11972548876270234
16165.0,0.05962722094800412
16170.0,0.16465853320538448
16175.0,0.06412518683544394
16180.0,0.06929518901584998
16185.0,-0.054546995915892696
16190.0,0.0919102538136658
16195.0,0.004751209534790121
16200.0,0.041982277009929375
16205.0,-0.008362686803458272
16210.0,-0.04248402505467924
16215.0,-0.01971106508700839
16220.0,-0.093891216843062
16225.0,-0.041163431291106015
16230.0,0.03152437793135213
16235.0,0.01373524502605044
16240.0,-0.10889005281993547
16245.0,-0.009304075906333184
16250.0,-0.09018232673313258
16255.0,-0.11360460215801126
16260.0,-0.047369627416303864
16265.0,-0.04749776972660352
16270.0,-0.1352735244825222
16275.0,-0.04907792436991535
16280.0,-0.11264053455205267
16285.0,0.009826706188121245
16290.0,-0.21439839257937066
16295.0,-0.1459960445629436
16300.0,-0.15508296925341583
16305.0,-0.19482088840765982
16310.0,-0.23103750208444931
16315.0,-0.08167696607402533
16320.0,-0.1431723178423936
16325.0,-0.24784572935088023
16330.0,-0.20299815993364329
16335.0,-0.19729424700304504
16340.0,-0.15894231977463769
16345.0,-0.24119830064546416
16350.0,-0.09708826434776434
16355.0,-0.18737396840298617
16360.0,-0.10567443593914456
16365.0,-0.16075029567549015
16370.0,-0.21124600561785942
16375.0,-0.20740740945299826
16380.0,-0.17479705161774234
16385.0,-0.18977380658014628
16390.0,-0.1844159766080581
16395.0,-0.019545772925883595
16400.0,0.4534524496911859
16405.0,1.2524061040371206
16410.0,2.0963612565238106
16415.0,2.042734746763633
16420.0,1.2119659486490042
16425.0,0.26451274382300893
16430.0,-0.13077708631363255
16435.0,-0.17075812826490042
16440.0,-0.14520715044708413
16445.0,-0.252891941987511
16450.0,-0.24185122691636107
16455.0,-0.18208662038507312
16460.0,-0.18184171532727253
16465.0,-0.21560391515474972
16470.0,-0.03140453065804433
16475.0,-0.08781964539401658
16480.0,-0.16635041898073816
16485.0,-0.11153017160478715
16490.0,-0.21814300229566175
16495.0,-0.08452430605332423
16500.0,-0.14543295624492422
16505.0,-0.16977486887406817
16510.0,-0.2030647111278176
16515.0,-0.06509615692527759
16520.0,-0.10319349445147795
16525.0,-0.13533286944835332
16530.0,-0.03281494325618095
16535.0,-0.10077906095350805
16540.0,-0.062412795079444174
16545.0,-0.09890806205649526
16550.0,-0.03786004986502792
16555.0,-0.12385792408011158
16560.0,-0.0709046542659382
16565.0,-0.03538982959746351
16570.0,-0.07957232381788854
16575.0,-0.05504494902165542
16580.0,0.02933788963352082
16585.0,-0.03446418141941046
16590.0,0.06600669983686133
16595.0,0.03659611793997406
16600.0,0.02103842042965873
16605.0,-0.06121826534185947
16610.0,0.12625507770704203
16615.0,0.13216792540543412
16620.0,0.07060804190564116
16625.0,0.06953019002712194
16630.0,0.07328659219107318
16635.0,0.05217804835164904
16640.0,0.06962480682613396
16645.0,0.11624516058976189
16650.0,0.009606596010478391
16655.0,0.10379339800385717
16660.0,0.1379120350383769
16665.0,0.015085296178091637
16670.0,0.08684915704437458
16675.0,0.03943764500942029
16680.0,0.052322146742060635
16685.0,0.17661837700576422
16690.0,0.0785849074037971
16695.0,0.31119173229310604
16700.0,0.14754825121857526
16705.0,0.11406391797080123
16710.0,0.15046023162785052
16715.0,0.1706877559171253
16720.0,0.1929414729927402
16725.0,0.19799923549425164
16730.0,0.2005797876930329
16735.0,0.25026847995544776
16740.0,0.25955998445919903
16745.0,0.19494488737110097
16750.0,0.21498609959981932
16755.0,0.15009676980914566
16760.0,0.15983361590903447
16765.0,0.17444476344081408
16770.0,0.2780358689202892
16775.0,0.1560374618901325
16780.0,0.20998806268245035
16785.0,0.20510566042323625
16790.0,0.24460999818855772
16795.0,0.16027642039711626
16800.0,0.17147820028269545
16805.0,0.2575407781881983
16810.0,0.20647649993716338
16815.0,0.157117030394116
16820.0,0.25639172006810484
16825.0,0.19038311873824793
16830.0,0.14953361660102127
16835.0,0.23119937742127472
16840.0,0.2781890881120043
16845.0,0.14440036070708312
16850.0,0.10448943088061255
16855.0,0.0181344111967163
16860.0,0.262623805266961
16865.0,0.11589301895397444
16870.0,0.12420756496046584
16875.0,0.07680339612712106
16880.0,0.11941055132511892
16885.0,0.06119111024680717
16890.0,0.20807425499998508
16895.0,0.1519993155313088
16900.0,0.07123462016230309
16905.0,0.02327682063503138
16910.0,0.12374233487046071
16915.0,0.03123427709085301
16920.0,0.14987009969797838
16925.0,0.08273098074787763
16930.0,0.055806252079029374
16935.0,-0.021246811118948272
16940.0,0.056579236045216336
16945.0,-0.045098976418935025
16950.0,0.09468211585696479
16955.0,-0.1003467552713033
16960.0,-0.012519009395419401
16965.0,0.1415154934212948
16970.0,-0.03750785136985778
16975.0,0.027754964281888127
16980.0,0.03896034615164134
16985.0,-0.011167457196177163
16990.0,-0.04780276813979048
16995.0,0.013055316919047273
17000.0,0.0075048664431498074
17005.0,-0.096955044787505
17010.0,0.022881211182614714
17015.0,-0.000656263200377552
17020.0,-0.14639284999463037
17025.0,-0.06216523967915612
17030.0,-0.0665891365252183
17035.0,-0.09783945784995704
17040.0,-0.15052416418366352
17045.0,-0.1919342658867812
17050.0,-0.09673405730294986
17055.0,-0.2279556941492181
17060.0,-0.17271581356236523
17065.0,-0.259942493238658
17070.0,-0.19186193966513088
17075.0,-0.1455200812500858
17080.0,-0.24458637465494407
17085.0,-0.11820903044190961
17090.0,-0.11306402427912061
17095.0,-0.14774741894267088
17100.0,-0.1371657045768024
17105.0,-0.0922234457693877
17110.0,-0.13819238324606417
17115.0,-0.28601305700642926
17120.0,-0.19674337426212385
17125.0,-0.2396544365469728
17130.0,-0.189757844775122
17135.0,-0.29313372673503596
17140.0,-0.19058700471540196
17145.0,-0.2100496187085336
17150.0,-0.16327296856321116
17155.0,-0.25235870361859103
17160.0,-0.2105916216633497
17165.0,-0.3199756604009445
17170.0,-0.20324244201811695
17175.0,-0.19533435720435513
17180.0,-0.2701247902410076
17185.0,-0.1890619542189167
17190.0,-0.2682789084767543
17195.0,-0.15657122660204137
17200.0,-0.2304698972187979
17205.0,0.06006544913265839
17210.0,0.8426998240513097
17215.0,1.8097223636305726
17220.0,2.4234855244050126
17225.0,1.84629818918168
17230.0,0.7571880051109485
17235.0,0.2046029330280838
17240.0,-0.12958277005553545
17245.0,-0.14034693061360617
17250.0,-0.15958057226505573
17255.0,-0.19785015352394275
17260.0,-0.08861664581519606
17265.0,-0.12741671398156185
17270.0,-0.08062439356316672
17275.0,-0.10655609706630272
17280.0,-0.05647346206066512
17285.0,-0.11968370191365561
17290.0,-0.06248669905014538
17295.0,-0.008932742608445385
17300.0,0.015709026178412827
17305.0,-0.0524161859869675
17310.0,-0.09951391158811193
17315.0,0.05202712292515714
17320.0,0.04629511475134274
17325.0,-0.056399114763979255
17330.0,0.06788850469712991
17335.0,0.031542560190253144
17340.0,-0.04535471474045844
17345.0,0.02552573641172209
17350.0,-0.04701811699531751
17355.0,0.012333975146308686
17360.0,0.019046665091181074
17365.0,0.046673363930401085
17370.0,0.1237276329220374
17375.0,-0.019792795220501584
17380.0,-0.10639674257131446
17385.0,0.12308179839060272
17390.0,0.07245320388509435
17395.0,0.15275273856282595
17400.0,0.15489509481378716
17405.0,0.21051517851549012
17410.0,0.002501788388996104
17415.0,0.21794758754319943
17420.0,0.13051344492067468
17425.0,0.11063654383188141
17430.0,0.23844445069047498
17435.0,0.22513419284108493
17440.0,0.07654880648719306
17445.0,0.12666621530742217
17450.0,0.2543961287010908
17455.0,0.09148929896287798
17460.0,0.20127059836801323
17465.0,0.21421728278198657
17470.0,0.1773960087914421
17475.0,0.16107291695648568
17480.0,0.24300308858779146
17485.0,0.185918477368149
17490.0,0.14359842015068713
17495.0,0.24126930457036364
17500.0,0.11725202563486267
17505.0,0.18069368898936616
17510.0,0.23559401216404857
17515.0,0.12671270513155897
17520.0,0.2984077114919111
17525.0,0.2323931534288082
17530.0,0.20813460714516807
17535.0,0.15013615011664122
17540.0,0.22226300845508254
17545.0,0.18982589569374952
17550.0,0.23072588862236268
17555.0,0.17336424642092968
17560.0,0.22119185129072957
17565.0,0.11345001608095792
17570.0,0.10754802111077344
17575.0,0.14871755322546357
17580.0,0.07129400349940544
17585.0,0.17000334683922982
17590.0,0.18410798763318595
17595.0,0.07533941034283909
17600.0,0.15861984102364757
17605.0,0.1257647564801149
17610.0,0.11785089225586307
17615.0,0.2284209819427085
17620.0,0.12515641161886615
17625.0,0.13926072191158534
17630.0,0.09913818708736996
17635.0,0.09836762747615928
17640.0,0.11487381088677968
17645.0,0.11703412696241101
17650.0,0.09450308357869108
17655.0,0.16358350515871162
17660.0,0.08006707937199457
17665.0,0.08219594826849194
17670.0,0.1824803357154207
17675.0,0.0863317824724783
17680.0,0.1151169018795207
17685.0,0.09889467794536477
17690.0,0.027001165620359684
17695.0,0.11938623298033743
17700.0,0.04967907089935686
17705.0,0.035513694646662486
17710.0,0.023921556473965325
17715.0,0.03305057964483419
17720.0,0.05090249501333918
17725.0,-0.13213338418379963
17730.0,0.06569608924764574
17735.0,-0.14451877901093546
17740.0,-0.10496225369987439
17745.0,-0.003059814287714714
17750.0,-0.059223298760488374
17755.0,-0.016365052353311697
17760.0,-0.13550258421391156
17765.0,-0.0701724741203215
17770.0,-0.04633280677761955
17775.0,-0.13730171385435883
17780.0,-0.13844791103036336
17785.0,-0.09415335188013993
17790.0,-0.07999178436868998
17795.0,-0.26401644516676154
17800.0,-0.14393899327111098
17805.0,-0.1121814456416294
17810.0,-0.04937746239147453
17815.0,-0.20879980945195767
17820.0,-0.14065002694324724
17825.0,-0.2174191622444143
17830.0,-0.21461230969722067
17835.0,-0.20015280177858405
17840.0,-0.06912438779499955
17845.0,-0.13862411540126168
17850.0,-0.11750602702612978
17855.0,-0.1850524691749096
17860.0,-0.11639435097318156
17865.0,-0.18183558715343767
17870.0,-0.14253999151656493
17875.0,-0.27573109066062684
17880.0,-0.24222227986063663
17885.0,-0.15097397225201087
17890.0,-0.0636105147437383
17895.0,-0.07959507603245046
17900.0,-0.25467150774540914
17905.0,-0.20586960284985065
17910.0,-0.2100012679460994
17915.0,-0.04097718758718413
17920.0,-0.2374129301897588
17925.0,-0.1792743195833157
17930.0,-0.11934890997717029
17935.0,-0.1480168184400044
17940.0,-0.26290100987962745
17945.0,-0.0650727433106876
17950.0,-0.3088793531076768
17955.0,-0.16473789442590697
17960.0,-0.20185318837732255
17965.0,-0.2590344709930035
17970.0,-0.19258965568351458
17975.0,-0.18991464718787063
17980.0,-0.23159065332418233
17985.0,-0.18960192561326483
17990.0,-0.16525558649091507
17995.0,-0.1369009273076547
18000.0,-0.27265708643709696
18005.0,-0.1685815618010647
18010.0,-0.12621389833391863
18015.0,-0.06217456004843563
18020.0,-0.048778843422673135
18025.0,-0.21613707651221448
18030.0,-0.13910671067664324
18035.0,-0.0804535583799915
18040.0,-0.04267858611649136
18045.0,0.023842907705891925
18050.0,-0.09120370743741521
18055.0,-0.14002655995025226
18060.0,-0.053515630232463016
18065.0,-0.033105655786549365
18070.0,-0.07927894001857605
18075.0,-0.08755113492565234
18080.0,0.013313126904359977
18085.0,-0.09390621941630665
18090.0,-0.04146846762938149
18095.0,0.018974772232688432
18100.0,0.018952283070215688
18105.0,0.021524774735014032
18110.0,-0.03101660332112086
18115.0,-0.18041018215259436
18120.0,-0.011549519992175475
18125.0,0.0883137823669148
18130.0,0.11104545495685461
18135.0,0.15881768385140776
18140.0,0.10548690819240447
18145.0,0.16654117095323034
18150.0,0.08616555277908702
18155.0,0.12305951861034184
18160.0,0.23164354096227335
18165.0,0.06944067802508781
18170.0,0.08542948758776822
18175.0,0.19723109469617295
18180.0,0.18449144691565528
18185.0,0.03782237353725698
18190.0,0.2237978276762139
18195.0,0.10417855727800143
18200.0,0.11341559922249903
18205.0,0.2229841054728167
18210.0,0.19560372096271997
18215.0,0.2035137911978961
18220.0,0.26195408030901884
18225.0,0.23901526253368377
18230.0,0.028640116412108146
18235.0,0.20415456816756478
18240.0,0.23297570371437984
18245.0,0.19282339494487757
18250.0,0.17934638041630638
18255.0,0.2123247219192429
18260.0,0.21323618534413952
18265.0,0.19719079817276586
18270.0,0.19389832890790873
18275.0,0.13684943150210127
18280.0,0.20879648074172882
18285.0,0.1595359479821734
18290.0,0.2512338468863027
18295.0,0.16933665790802913
18300.0,0.17586298211963555
18305.0,0.11969931143460759
18310.0,0.1802393556148179
18315.0,0.22735712845158423
18320.0,0.12110853334844436
18325.0,0.2576692924234188
18330.0,0.19005436015147742
18335.0,0.1681338703669994
18340.0,0.2220445623557954
18345.0,0.19366378383745722
18350.0,0.052316391625869985
18355.0,0.22454452381947498
18360.0,0.1966592272454445
18365.0,0.1516937337645739
18370.0,-0.040535389533698785
18375.0,-0.0893506436046444
18380.0,0.02680146060510448
18385.0,0.17934902641130696
18390.0,0.1817055983424495
18395.0,0.12387321896325212
18400.0,0.10777654578642769
18405.0,-0.03320121902145272
18410.0,0.09301822887463582
18415.0,0.031071293743817466
18420.0,0.0700186634720663
18425.0,0.01063455798498776
18430.0,0.11261786224789544
18435.0,0.03881335172621711
18440.0,0.07133430493806071
18445.0,0.039003258528691
18450.0,-0.009766313074727917
18455.0,-0.06582197500166104
18460.0,-0.05972499770910759
18465.0,-0.0460363981613003
18470.0,0.005792000715767355
18475.0,0.11355853333045428
18480.0,0.008419389126392365
18485.0,-0.029853772907478697
18490.0,0.022538716111787194
18495.0,-0.10767080671574517
18500.0,-0.030420692560722797
18505.0,-0.03760790138555447
18510.0,-0.1976356991074634
18515.0,-0.05402071586032312
18520.0,-0.11510075146757026
18525.0,-0.09343207811082252
18530.0,-0.11102977678112447
18535.0,-0.09394889466440941
18540.0,-0.1562333589091765
18545.0,-0.06386568916874069
18550.0,-0.06341524117889824
18555.0,-0.1889961850106643
18560.0,-0.12134670551222855
18565.0,-0.15556457939029447
18570.0,-0.06950606905440392
18575.0,-0.2000967821662574
18580.0,-0.14979263079515004
18585.0,-0.1744860908965413
18590.0,-0.25440313272634385
18595.0,-0.1075458792445035
18600.0,-0.1600318581047974
18605.0,-0.2549492106323131
18610.0,-0.13392046573931732
18615.0,-0.12850351576311644
18620.0,-0.2843462729250693
18625.0,-0.20803423722072847
18630.0,-0.21310717648309305
18635.0,-0.210547171127952
18640.0,-0.20554218599575919
18645.0,-0.2268694369026091
18650.0,-0.3086521369854912
18655.0,-0.20092251002509542
18660.0,-0.2831105788801509
18665.0,-0.23919014211325687
18670.0,-0.17176213750763292
18675.0,-0.088110276854346
18680.0,-0.11547868006001745
18685.0,-0.23936376359687572
18690.0,-0.20711740210439308
18695.0,-0.10915976014810297
18700.0,-0.1552940443348621
18705.0,-0.13199888475513874
18710.0,-0.2309506292269224
18715.0,-0.14331395240616407
18720.0,-0.13320798566978342
18725.0,-0.08479010056240689
18730.0,-0.05589365856338421
18735.0,-0.19778066644059658
18740.0,-0.0670628536095487
18745.0,-0.16336026450531188
18750.0,-0.13604887388350384
18755.0,-0.047996915197543386
18760.0,-0.1160081821395211
18765.0,-0.08917771473203515
18770.0,-0.014661474496233035
18775.0,0.02859723962642141
18780.0,-0.05879767543342249
18785.0,-0.15510729353477304
18790.0,-0.07604654699523733
18795.0,-0.11564289504960809
18800.0,-0.09728795958769004
18805.0,-0.046231447514885185
18810.0,-0.07740981755445421
18815.0,-0.05428467268872969
18820.0,-0.05373000619318853
18825.0,-0.04949385285369565
18830.0,-0.14714098503191358
18835.0,-0.041318672464718625
18840.0,-0.028462181822269166
18845.0,0.08306995739088427
18850.0,0.047201283328759544
18855.0,0.02256647066528289
18860.0,-0.02093512853456122
18865.0,0.052149390213295
18870.0,-0.05767104214088405
18875.0,0.07800141754483714
18880.0,0.0031150198357823497
18885.0,0.013282524514568093
18890.0,0.13154660344908808
18895.0,0.07047892398976438
18900.0,0.0683167242027148
18905.0,0.013299770859796986
18910.0,0.1723030867248127
18915.0,-0.05497364272153178
18920.0,0.13614192929425567
18925.0,0.13134849779734817
18930.0,0.14831573959566466
18935.0,0.09023632959752287
18940.0,0.07106435530053326
18945.0,0.24719395101229585
18950.0,0.1744736569030709
18955.0,0.2080137384989979
18960.0,0.05775239190116967
18965.0,0.2225972520283723
18970.0,0.25735585742945855
18975.0,0.222087294241206
18980.0,0.07307067326897287
18985.0,0.10825382790582234
18990.0,0.023320419491607985
18995.0,0.20033260007728013
19000.0,0.24699332488793008
19005.0,0.20661639233127407
19010.0,0.16110520873295583
19015.0,0.1347418206466382
19020.0,0.24315734699846114
19025.0,0.13176511902094928
19030.0,0.3104041260087348
19035.0,0.22890525453172064
