timestamp_ms,signal
0.0,2.291408032180374
5.0,1.79493574477398
10.0,0.7730131811408696
15.0,0.24623895232829712
20.0,-0.2443305630249214
25.0,0.018698248379575268
30.0,-0.06538671552065703
35.0,0.16474180225870305
40.0,0.1802606078687385
45.0,0.2403254933138999
50.0,0.1730393262835898
55.0,0.08212724059577957
60.0,0.19906038639410975
65.0,0.2837706970425891
70.0,0.031730475167348074
75.0,0.19026159208771484
80.0,0.11855310128864512
85.0,0.30291579301427585
90.0,0.0359003495930456
95.0,0.10611947901194993
100.0,0.1915160018195401
105.0,0.1844819324897251
110.0,-0.038018194843929376
115.0,0.2068655407353406
120.0,0.15407447301954255
125.0,0.14387960399542976
130.0,0.15806860031206554
135.0,0.2067301234292053
140.0,-0.03407848352380588
145.0,0.37330125549776605
150.0,0.08642392307648902
155.0,-0.07670502345757385
160.0,0.1845506410124816
165.0,0.37107626150756085
170.0,0.13539698740920253
175.0,0.38488961454031745
180.0,0.3863320374442401
185.0,0.09638732223667325
190.0,-0.09583021528070768
195.0,0.051484337291024446
200.0,0.34157345825687074
205.0,0.10009867639624558
210.0,0.015515890544722521
215.0,0.03461806827261252
220.0,0.19316854805793535
225.0,0.1876841382744345
230.0,0.292801539821699
235.0,0.30385452747355723
240.0,0.06998960266564695
245.0,0.1594237132691708
250.0,0.038228480700457146
255.0,0.1786908386110976
260.0,0.027459131787824248
265.0,0.01668265574052219
270.0,0.41042527145190066
275.0,0.154132977750921
280.0,0.2217986098321052
285.0,0.44330881182899606
290.0,0.226916667263235
295.0,0.11256769540020549
300.0,0.1262452230061214
305.0,0.023577241188451045
310.0,0.23726273173610102
315.0,0.059150617467458554
320.0,0.3029839883991019
325.0,0.04259521371123204
330.0,0.033897446579610344
335.0,0.01824036810055886
340.0,0.1357633590416864
345.0,0.07512152700413213
350.0,0.20917873168725168
355.0,-0.02995489901601081
360.0,0.06305257895714053
365.0,0.2525073627581488
370.0,-0.01720052862396896
375.0,0.06723191373020602
380.0,0.18361159166078028
385.0,0.05307526490821052
390.0,-0.09777964707875031
395.0,-0.2773842649906944
400.0,0.24906604476489463
405.0,0.005378951375239548
410.0,0.09693983286035858
415.0,-0.11945183250104982
420.0,0.14806116124005309
425.0,-0.015552579136861554
430.0,-0.07952704717685513
435.0,-0.20117782055311034
440.0,-0.05607324324787611
445.0,-0.16576063637002458
450.0,-0.14104456527296264
455.0,-0.3157503630250297
460.0,-0.18644221353186782
465.0,-0.11469548106698962
470.0,-0.2900505291861655
475.0,-0.13691609339684607
480.0,-0.07176523358664429
485.0,-0.19348577583331447
490.0,-0.2362108008988229
495.0,-0.240893005424751
500.0,-0.05801344473006784
505.0,-0.35926679925582494
510.0,-0.21505203884298574
515.0,-0.23288744713276954
520.0,-0.16852325515903244
525.0,-0.19707284889784785
530.0,-0.3242191162664065
535.0,0.05123052388718552
540.0,-0.1741926111824695
545.0,-0.35813706065307593
550.0,-0.3053087883689535
555.0,-0.18752661743675575
560.0,-0.12623459081549043
565.0,-0.36105696292478107
570.0,-0.11449813290296079
575.0,-0.3641668838978652
580.0,-0.2938656891644659
585.0,-0.09498943563470465
590.0,0.008278113824829625
595.0,-0.2041465113227596
600.0,-0.2289294890213136
605.0,-0.037107333651255625
610.0,-0.31503455389788926
615.0,-0.1498647645190896
620.0,-0.1517261760372967
625.0,-0.054785332771353
630.0,-0.13595748620535208
635.0,-0.19933897550397225
640.0,-0.08891932818713376
645.0,-0.29286551946264383
650.0,-0.05472671559910243
655.0,-0.2276106471083949
660.0,-0.2503519732406757
665.0,-0.17919928719560724
670.0,-0.12330071972326162
675.0,-0.037066140735437375
680.0,-0.14116012919867482
685.0,-0.020455370287206925
690.0,0.015354082830009011
695.0,-0.10708411523052887
700.0,-0.20475210118866508
705.0,0.03098125470821149
710.0,-0.03861970642015924
715.0,-0.3176569252841304
720.0,-0.17447773787544296
725.0,-0.030656090164097767
730.0,-0.20433351234244168
735.0,-0.1132757032968513
740.0,-0.2288016899037889
745.0,0.296813275586587
750.0,0.9420448964306856
755.0,1.9698332814049788
760.0,2.6837222895448942
765.0,1.9230269068796033
770.0,0.9116140473705682
775.0,0.5407396354469841
780.0,-0.11307955917891466
785.0,0.13862207982130387
790.0,-0.09867926045756159
795.0,0.09539016515075108
800.0,0.3287241611203423
805.0,0.11505384994684616
810.0,-0.002609917884372856
815.0,0.3834761869494582
820.0,0.03930411886012562
825.0,0.08683002163776436
830.0,0.15491549049059614
835.0,-0.036105248717955674
840.0,0.26520911380527573
845.0,0.3318229842275923
850.0,0.23454374054673116
855.0,0.18881394986643435
860.0,0.13667474863132342
865.0,0.26615023820851036
870.0,-0.21339321782055942
875.0,0.154232201171922
880.0,0.20423446150645924
885.0,-0.06077067864415375
890.0,0.23231849294623647
895.0,0.1692487816464947
900.0,0.18345207875852898
905.0,0.2024919116383597
910.0,0.2617359960562968
915.0,0.24973511600614895
920.0,0.07201931912055838
925.0,0.1838469674357362
930.0,0.177067956815311
935.0,0.204222502744957
940.0,0.129026411421035
945.0,0.31633829393185553
950.0,0.3561529913197895
955.0,0.38151603401757794
960.0,0.4265499222884077
965.0,0.3756814397344113
970.0,0.139571001673571
975.0,0.11897452857946521
980.0,0.14258553684873418
985.0,0.25458695224093514
990.0,0.16894116470793635
995.0,0.30007828397804626
1000.0,0.37550580027338953
1005.0,0.12183119602571399
1010.0,0.2867300884727747
1015.0,0.1174207562073332
1020.0,0.007717722315134595
1025.0,0.00228227799670086
1030.0,0.11082575780957413
1035.0,-0.08445183762702102
1040.0,0.19742750104053297
1045.0,0.3126232326584926
1050.0,-0.014862662166624338
1055.0,0.07821349164864817
1060.0,0.29673916553219193
1065.0,0.14616742399860044
1070.0,0.12078559885912082
1075.0,0.058558636091132606
1080.0,0.20466275238697781
1085.0,0.11427068357694481
1090.0,-0.06313279206427326
1095.0,-0.23278958080435896
1100.0,-0.2707521021149011
1105.0,0.1218722881253484
1110.0,0.0028477595481138374
1115.0,0.20031928451054593
1120.0,0.07946279106175252
1125.0,-0.14269295817262737
1130.0,0.03646891300932955
1135.0,0.13631357634148777
1140.0,-0.12324102661111852
1145.0,-0.08437362663370546
1150.0,0.17734008824599096
1155.0,-0.24934442878841367
1160.0,-0.17874178422761117
1165.0,0.0700506230873369
1170.0,-0.04002435043962114
1175.0,-0.20884149086893644
1180.0,-0.2540862522834066
1185.0,-0.03141852109561526
1190.0,0.05125404069018241
1195.0,-0.0025294065355976197
1200.0,-0.059461983207567036
1205.0,0.06375676084849011
1210.0,-0.08505785784753386
1215.0,-0.22877476868900076
1220.0,0.10868935497854043
1225.0,-0.28924699859198333
1230.0,-0.16308430827293924
1235.0,-0.1612318770991278
1240.0,0.014013098112824363
1245.0,-0.2543533170623964
1250.0,-0.20061857476154304
1255.0,-0.38547355796335536
1260.0,-0.1354349754713274
1265.0,-0.12632861183629934
1270.0,-0.10516377508754543
1275.0,-0.2976319643762518
1280.0,-0.1609156388097113
1285.0,-0.2979032180218628
1290.0,-0.25149383692971405
1295.0,-0.20528614729160735
1300.0,-0.042255979928543214
1305.0,-0.2513817133996042
1310.0,-0.17850093425587146
1315.0,-0.30155343656087663
1320.0,-0.2687921716454848
1325.0,-0.2844101881351911
1330.0,-0.21879611143392386
1335.0,-0.10690276330915487
1340.0,-0.3304361956519718
1345.0,-0.1099623505654487
1350.0,-0.30863387682805365
1355.0,-0.1520558930008596
1360.0,-0.25600444128304906
1365.0,-0.22324451581308102
1370.0,-0.23078890148926023
1375.0,-0.048517483613734536
1380.0,-0.1463544974122546
1385.0,-0.04419362104170643
1390.0,-0.21244511076878608
1395.0,-0.19266438565106028
1400.0,0.03445567574787192
1405.0,-0.35176747831868116
1410.0,-0.2539091778816113
1415.0,-0.16407846399205753
1420.0,0.08190075209620226
1425.0,-0.2035266754237638
1430.0,-0.028597204967692275
1435.0,0.07274710097440369
1440.0,-0.13861952833480565
1445.0,-0.12399637165110708
1450.0,0.1046462812953219
1455.0,-0.15489005340053533
1460.0,-0.20726706776698836
1465.0,0.026268232427518676
1470.0,-0.12725045344779212
1475.0,0.09840971089554376
1480.0,0.015438946297906486
1485.0,-0.2516301197332379
1490.0,0.000569884302665323
1495.0,-0.023271108432981233
1500.0,-0.0959839794890801
1505.0,0.12448953326784876
1510.0,-0.21234663997027434
1515.0,0.10225288568084173
1520.0,0.8311040459730605
1525.0,2.017532989211571
1530.0,2.3465916186446
1535.0,1.9602185356436133
1540.0,0.9300230979322707
1545.0,0.15968447929495913
1550.0,0.06887036920932986
1555.0,-0.06588469875374109
1560.0,0.025354889420135335
1565.0,0.121362936210911
1570.0,-0.015561012256795098
1575.0,-0.0037090317306249926
1580.0,-0.0108207814275018
1585.0,0.012557056356480509
1590.0,-0.06745409835027696
1595.0,-0.014496587994057647
1600.0,0.1480533372646254
1605.0,0.03374575657720079
1610.0,0.5383633803226395
1615.0,0.052459554327907026
1620.0,0.21067966979749253
1625.0,-0.020684446779474563
1630.0,0.13259471859810296
1635.0,0.10338575130586758
1640.0,0.1636722506434199
1645.0,0.33723514968282386
1650.0,0.1602036878879322
1655.0,0.03815727368466934
1660.0,0.20085571797173102
1665.0,0.07270833513161927
1670.0,0.1768029458288719
1675.0,0.38557691198515676
1680.0,0.30975459646299053
1685.0,0.3271501104319614
1690.0,0.2622662536959274
1695.0,0.19619507791624607
1700.0,0.012962376831650496
1705.0,0.14133500497741916
1710.0,0.13384528680317084
1715.0,0.2787495095150945
1720.0,0.3155055465334354
1725.0,0.2517931847829694
1730.0,0.09628856941519515
1735.0,0.4118295123524674
1740.0,0.35736035480134704
1745.0,0.15774217227832807
1750.0,0.20407534289644477
1755.0,0.25350370814129686
1760.0,0.18507893357891114
1765.0,0.15642992527697672
1770.0,0.22293472369824122
1775.0,0.15991924640459068
1780.0,0.17797861120956487
1785.0,-0.04537642536334088
1790.0,-0.05065765873319936
1795.0,0.3452039936218404
1800.0,-0.052626758401160934
1805.0,0.18208324547326796
1810.0,0.15540466102763828
1815.0,0.13680108901811214
1820.0,0.019816965683133944
1825.0,0.2177134726973448
1830.0,0.13054660991271022
1835.0,0.03981589091378926
1840.0,-0.09567997091565333
1845.0,0.037804087900184496
1850.0,-0.014435887299082226
1855.0,-0.1015890961937245
1860.0,0.08702796034784341
1865.0,0.10304561273416951
1870.0,0.12511626828697184
1875.0,0.031478858185155195
1880.0,-0.020346480641808926
1885.0,0.13781689082759327
1890.0,0.08558851916338849
1895.0,0.2617687512275252
1900.0,0.04424941617548107
1905.0,-0.1433878194365435
1910.0,0.0771772615708393
1915.0,0.2332907071665275
1920.0,-0.021655340526018148
1925.0,-0.08424092347230495
1930.0,-0.14156905183739873
1935.0,0.15218844567915935
1940.0,-0.10700513559914698
1945.0,-0.12130119561815703
1950.0,-0.06215911045704032
1955.0,-0.2765133956035719
1960.0,-0.14504501577393777
1965.0,-0.2711400170648727
1970.0,-0.1421004100597037
1975.0,-0.0712693900396907
1980.0,-0.025447133752835624
1985.0,-0.19270017418326535
1990.0,-0.049027515464870455
1995.0,-0.19997534286114785
2000.0,-0.3565325299546176
2005.0,-0.09322855105111967
2010.0,-0.19112170308852455
2015.0,-0.1569701858819382
2020.0,-0.48878627552274223
2025.0,-0.15109271019826798
2030.0,-0.14970047657724136
2035.0,-0.15244766319004632
2040.0,-0.0592037056585529
2045.0,-0.22960341777643428
2050.0,0.07065388087116656
2055.0,-0.10126803899437667
2060.0,-0.12386408835792179
2065.0,-0.49008215079898765
2070.0,-0.4270903662961577
2075.0,-0.00984870198958046
2080.0,-0.14252906317122238
2085.0,-0.07666109766507198
2090.0,-0.2329861816023576
2095.0,-0.20002876003283496
2100.0,-0.11290746818314804
2105.0,-0.276199657719575
2110.0,-0.019288722189855556
2115.0,-0.30866137047497594
2120.0,-0.14532521341882487
2125.0,-0.20065756517029615
2130.0,-0.12141187608319032
2135.0,-0.009713653123407412
2140.0,-0.289549905718183
2145.0,-0.09536039531131865
2150.0,-0.1301112138795431
2155.0,-0.03795020862266607
2160.0,-0.13640261154691344
2165.0,-0.18680215837574943
2170.0,-0.06135163801727744
2175.0,0.044823488961566044
2180.0,-0.01067140034005154
2185.0,-0.08325619927204161
2190.0,-0.04399063238812062
2195.0,-0.27313235805592173
2200.0,-0.14572837237705594
2205.0,-0.1036945106660826
2210.0,-0.1303462010434598
2215.0,-0.14233440218693244
2220.0,-0.056168764892469185
2225.0,0.00555306734703731
2230.0,0.19824966855914317
2235.0,-0.11068587217949516
2240.0,-0.1275436887283309
2245.0,0.10938621379727052
2250.0,0.016670572559282698
2255.0,-0.1003441768110432
2260.0,0.19842503167497594
2265.0,-0.0021216357203188863
2270.0,-0.008013031284264423
2275.0,-0.03439693956330917
2280.0,-0.06310672572432086
2285.0,0.06761429532935997
2290.0,-0.005569134799176909
2295.0,0.629768557556148
2300.0,1.039371884132311
2305.0,2.004434464837681
2310.0,2.5010376184956162
2315.0,2.0781067462258624
2320.0,1.1466386585313435
2325.0,0.4071797073736816
2330.0,-0.015295028499524257
2335.0,0.10067840587036561
2340.0,-0.06978647744595276
2345.0,0.31319464690313176
2350.0,0.22915785326671123
2355.0,0.178053122837507
2360.0,0.19401046274301537
2365.0,0.09634470497783779
2370.0,0.1522865478520391
2375.0,0.2901607395429913
2380.0,0.1743084970579081
2385.0,0.25472251794173106
2390.0,0.2146683757179645
2395.0,0.21999090736001775
2400.0,0.2340070524308472
2405.0,0.3239270418754328
2410.0,0.1671472696187437
2415.0,0.28637790438810173
2420.0,0.1123697979065971
2425.0,0.13949917429619138
2430.0,0.12498948023306371
2435.0,0.3146797957729368
2440.0,0.17717207335873827
2445.0,0.36123426576258455
2450.0,0.09207564396026227
2455.0,0.2606761349561292
2460.0,0.07538813244949034
2465.0,0.34800977851589077
2470.0,0.1290391492287973
2475.0,0.26544337706074445
2480.0,0.12633146050178495
2485.0,0.1148321197876668
2490.0,0.2330665140890243
2495.0,-0.00462673472556574
2500.0,0.054944481420084984
2505.0,0.37578684159552567
2510.0,0.0921340472329577
2515.0,0.2843459146163301
2520.0,0.07885201394610927
2525.0,-0.01948373913323062
2530.0,0.12269632053722722
2535.0,0.27081391895816304
2540.0,0.15827250012861277
2545.0,0.12009480690188871
2550.0,0.25199886191600834
2555.0,0.051923789527393446
2560.0,0.2232084597736456
2565.0,0.1671111257512455
2570.0,-0.0006246868399285427
2575.0,0.22622799692397616
2580.0,0.24255107638051854
2585.0,0.0710148836298896
2590.0,0.10685993577651813
2595.0,0.0510164891535115
2600.0,-0.058002378483046096
2605.0,0.16336553453901037
2610.0,-0.06079325443070215
2615.0,0.11499231208257005
2620.0,-0.02034888400969781
2625.0,-0.0882371527121421
2630.0,0.10018192515533872
2635.0,0.04616979799151607
2640.0,0.23115927201023265
2645.0,-0.007083854897514636
2650.0,0.01097893942152051
2655.0,-0.001337432083755495
2660.0,-0.05337562750945158
2665.0,0.1264168371960331
2670.0,0.14086660192197933
2675.0,0.03417307143923765
2680.0,-0.17616971702352943
2685.0,-0.008714690875766234
2690.0,-0.06331709681205927
2695.0,-0.13165767426267244
2700.0,-0.27114984149971905
2705.0,0.013910505708677537
2710.0,0.04483029737216554
2715.0,-0.0685485888088809
2720.0,-0.05784391500805108
2725.0,0.09207608445298113
2730.0,0.10717837816750636
2735.0,-0.10426637495173707
2740.0,-0.4788706498380849
2745.0,-0.056530575362850596
2750.0,-0.12888612141008132
2755.0,-0.06989148660806209
2760.0,-0.21870662052226683
2765.0,-0.2811708119092136
2770.0,-0.10400365308214833
2775.0,-0.20481262158308627
2780.0,-0.16008280043599102
2785.0,-0.12563483566064412
2790.0,-0.1661894494281528
2795.0,-0.3535685918800632
2800.0,-0.11457961780114957
2805.0,-0.24398765216590756
2810.0,-0.21238242659293496
2815.0,-0.13756475690196796
2820.0,-0.3636017170782388
2825.0,-0.22197972640535285
2830.0,-0.4095685953633832
2835.0,-0.2574259214372226
2840.0,-0.1497442950804071
2845.0,-0.20708950921280286
2850.0,-0.22314783281845232
2855.0,-0.11954388821226869
2860.0,-0.235527820276661
2865.0,-0.37682407952890346
2870.0,-0.056050734665601454
2875.0,-0.1565737637178596
2880.0,-0.08448119356773844
2885.0,-0.22476522864502796
2890.0,-0.2243986779972703
2895.0,-0.257582786958767
2900.0,-0.3954274264947296
2905.0,-0.21656313103610353
2910.0,-0.22803937061280988
2915.0,0.03818968562450248
2920.0,-0.37402954302948543
2925.0,-0.1370962120262842
2930.0,-0.15689913528292324
2935.0,-0.13910398985531533
2940.0,-0.14192718411050892
2945.0,-0.0913888518015052
2950.0,-0.008754247730954248
2955.0,-0.30236825986386573
2960.0,0.0023152473828083886
2965.0,-0.12420881107848547
2970.0,-0.20166420301555926
2975.0,-0.2989764029612558
2980.0,-0.28751857094903577
2985.0,-0.07054220847501111
2990.0,-0.1883973906080802
2995.0,-0.1809158611722746
3000.0,-0.09722126576754599
3005.0,-0.027454078178646278
3010.0,-0.07786475754491401
3015.0,-0.14884231473587567
3020.0,-0.07959841472375478
3025.0,-0.01704331530737528
3030.0,-0.11337883689539174
3035.0,0.12934391007593532
3040.0,0.1816281057867257
3045.0,0.19285413930463743
3050.0,0.007990904945430019
3055.0,0.013900705751412175
3060.0,-0.04682329104459314
3065.0,0.23582558231271777
3070.0,0.02186479444649822
3075.0,0.34706459315537463
3080.0,-0.04366629339655348
3085.0,0.6180328948546159
3090.0,1.5359249879930845
3095.0,2.431652635591459
3100.0,2.570635047114194
3105.0,1.8494531215615475
3110.0,0.6900072858753244
3115.0,0.36791733604733234
3120.0,0.09325732519043634
3125.0,0.0024750320550555316
3130.0,0.03096397657419278
3135.0,0.2628385450075451
3140.0,0.20530765063137746
3145.0,-0.00029801611954463625
3150.0,0.21305915297713982
3155.0,0.2514857572162965
3160.0,0.2411014879382426
3165.0,0.3210593358675606
3170.0,0.014713352343670355
3175.0,0.07845903841268166
3180.0,0.06532985550595422
3185.0,0.2127446804219481
3190.0,0.35313297705127833
3195.0,0.14534608599582505
3200.0,0.23990019376816007
3205.0,0.30310573928090934
3210.0,0.1442696148183723
3215.0,0.2953896455320541
3220.0,0.1841545550554899
3225.0,0.4086155172485451
3230.0,0.36342576337855415
3235.0,0.14080601732774267
3240.0,0.12836705941880205
3245.0,0.4108823345777355
3250.0,0.08370951731694878
3255.0,0.32330564123799455
3260.0,0.13223112656552988
3265.0,0.03934254901528614
3270.0,0.3804716923979149
3275.0,0.22160556867968662
3280.0,0.04103364925908176
3285.0,0.13147087158303125
3290.0,0.06693914597273742
3295.0,0.03336196689185569
3300.0,0.1306246956000505
3305.0,0.26804150195469184
3310.0,-0.038393469560684734
3315.0,0.18365455110317958
3320.0,-0.0567021815693482
3325.0,0.101673613350108
3330.0,-0.07024425654054958
3335.0,-0.0650490529701457
3340.0,0.004521693643363647
3345.0,0.19739265914901083
3350.0,0.1700034670832943
3355.0,0.0453415658254894
3360.0,0.015499748069802803
3365.0,0.059276912645739574
3370.0,0.37480361350938785
3375.0,0.07054863402008582
3380.0,0.004978677109195018
3385.0,-0.04561958801813816
3390.0,-0.03339783451624207
3395.0,0.06981622533896674
3400.0,0.056501705311828736
3405.0,-0.30733487744867827
3410.0,0.22237411867721513
3415.0,0.01543201750048178
3420.0,-0.05720258703818018
3425.0,0.26741719191591495
3430.0,-0.24726979209425162
3435.0,-0.21973966513763443
3440.0,0.056709644592215
3445.0,-0.0849208187630009
3450.0,0.013638874389830982
3455.0,0.04738821713155458
3460.0,0.11238027460409562
3465.0,-0.03391695605173407
3470.0,-0.1969176757572125
3475.0,-0.32822183615992573
3480.0,-0.11716136184740944
3485.0,-0.3506763982828553
3490.0,-0.13829211793615737
3495.0,-0.24699557139539663
3500.0,-0.11066354709810072
3505.0,-0.07816290093527853
3510.0,-0.17146332226865796
3515.0,-0.3365160369065829
3520.0,-0.15756919258751345
3525.0,-0.26624962120131673
3530.0,-0.14561138363335646
3535.0,-0.24123172740111606
3540.0,0.0911654738404421
3545.0,-0.2578491704247552
3550.0,-0.42597745519765196
3555.0,-0.3061927821500633
3560.0,-0.18808828731945906
3565.0,0.1348379361662762
3570.0,-0.03161317366193728
3575.0,-0.2722917966879675
3580.0,-0.20044940444447612
3585.0,-0.34605556308507013
3590.0,-0.3768193608290247
3595.0,-0.08682864497892286
3600.0,-0.14918451247203507
3605.0,-0.28833164136861267
3610.0,-0.28229938998033377
3615.0,-0.142255068859942
3620.0,-0.10942402178275766
3625.0,-0.2853053480140466
3630.0,-0.3918908594870635
3635.0,-0.0734675748006785
3640.0,-0.26683794894246204
3645.0,-0.3947936570174484
3650.0,-0.19264035051955855
3655.0,-0.13951488292793157
3660.0,-0.04403618373182151
3665.0,-0.2074065999347562
3670.0,-0.11587922726726489
3675.0,-0.2967335028771851
3680.0,-0.08142323296250267
3685.0,-0.31761205192907066
3690.0,-0.051752290414649904
3695.0,-0.09792485327723548
3700.0,-0.29526753365180897
3705.0,-0.18041653169085012
3710.0,0.10300651616042633
3715.0,-0.21771208384470786
3720.0,-0.28133039426257567
3725.0,-0.1095112812142155
3730.0,-0.046800466570136104
3735.0,0.039916901543002564
3740.0,-0.06848568544996693
3745.0,-0.09884920937693255
3750.0,-0.06270794169959375
3755.0,0.06695480753102631
3760.0,-0.039570847293938255
3765.0,0.05767367527321869
3770.0,-0.21704536605516025
3775.0,-0.03637471798795034
3780.0,0.004753648911236374
3785.0,0.14852158247493963
3790.0,0.0876046671827179
3795.0,0.06614711157794359
3800.0,0.17902306651059105
3805.0,0.07723637431228145
3810.0,0.44459122609323365
3815.0,-0.03740163538699179
3820.0,0.09534764483370704
3825.0,0.31058554506382813
3830.0,0.19010110151232765
3835.0,0.14091152072423868
3840.0,0.23231381517992894
3845.0,0.061033018591353384
3850.0,0.13832026286617308
3855.0,0.15212173902769893
3860.0,0.37171965326721057
3865.0,0.1828785625255727
3870.0,0.40006644671492364
3875.0,0.3153552993765845
3880.0,0.8570505492106055
3885.0,1.5959728220526193
3890.0,2.68917934720828
3895.0,2.147752374967019
3900.0,1.4746281834287938
3905.0,0.7050898763990592
3910.0,0.31548850458057875
3915.0,0.061166689942321106
3920.0,0.156196831737388
3925.0,-0.127755006085943
3930.0,0.10773551434804886
3935.0,0.22471364222308604
3940.0,0.19802418425907564
3945.0,0.15378970168825562
3950.0,0.356929234127433
3955.0,0.24144621765771998
3960.0,0.198840593431197
3965.0,0.22151116512901878
3970.0,0.06902942476536172
3975.0,0.17486294095243227
3980.0,-0.04189734307769924
3985.0,-0.14073684234594125
3990.0,0.14783358423440418
3995.0,0.299526323292419
4000.0,0.05170469361238564
4005.0,0.2286703569159727
4010.0,-0.03297318009200215
4015.0,0.17137119377514312
4020.0,0.17281462777585807
4025.0,0.16564428505558013
4030.0,-0.01241102380383416
4035.0,0.22378176100500183
4040.0,0.23619045932019644
4045.0,0.21243629379703075
4050.0,0.4164856653144318
4055.0,0.09330560432408957
4060.0,0.15342207347499393
4065.0,0.2711087858984168
4070.0,-0.044278109805731145
4075.0,0.000748378574652972
4080.0,0.23707143455465285
4085.0,0.05555550155874014
4090.0,-0.006725134072864999
4095.0,0.14215326020932606
4100.0,-0.08868979327631028
4105.0,0.08500612473376433
4110.0,-0.06554019510363793
4115.0,-0.02692443258451193
4120.0,-0.27721085541161616
4125.0,0.06113331142559322
4130.0,0.057093927983075665
4135.0,-0.0024880767563292758
4140.0,-0.06959312572921023
4145.0,0.030571766058258378
4150.0,0.17232482709632935
4155.0,0.09203431270008092
4160.0,-0.10777700782540382
4165.0,-0.0007131522439884075
4170.0,-0.06849945343024395
4175.0,0.019052607118773518
4180.0,-0.15092521191359515
4185.0,0.11784132948202428
4190.0,-0.1639302674907968
4195.0,-0.19782145629961756
4200.0,-0.0426792709898375
4205.0,0.10624603195606588
4210.0,-0.3018941455355572
4215.0,-0.09871886952195022
4220.0,-0.03676361157756185
4225.0,0.2061546663719107
4230.0,-0.3069489430259084
4235.0,0.004125866619865526
4240.0,-0.226170775904056
4245.0,-0.18356400114240295
4250.0,-0.03408850361606289
4255.0,-0.1479889004325589
4260.0,-0.32396084761793925
4265.0,-0.19092549192663694
4270.0,-0.21578311997131233
4275.0,-0.15184153519060312
4280.0,-0.2911169086442735
4285.0,-0.2650858711950137
4290.0,-0.2258535889045096
4295.0,-0.18530330481587814
4300.0,-0.21157592848927123
4305.0,-0.14162442417335627
4310.0,-0.1183438284860638
4315.0,-0.1578268793926938
4320.0,-0.27824009014686907
4325.0,-0.3868423632644977
4330.0,-0.3079436003363824
4335.0,-0.28388083775421696
4340.0,-0.23349446284142045
4345.0,-0.09240832195252216
4350.0,-0.21191617135921034
4355.0,-0.31702465311437256
4360.0,-0.35979196336696606
4365.0,-0.21446698466178524
4370.0,-0.22922002472355169
4375.0,-0.32450649436059203
4380.0,-0.3916802939260635
4385.0,-0.23273953197998687
4390.0,-0.14117063522921489
4395.0,-0.1591598810983006
4400.0,-0.35522205742670737
4405.0,-0.2286850572759318
4410.0,-0.19494580767049519
4415.0,-0.28303988500846966
4420.0,-0.17197673743681394
4425.0,-0.23321254482363935
4430.0,-0.03928605325298823
4435.0,-0.2227760289000082
4440.0,0.05710755665616196
4445.0,-0.008730218245530622
4450.0,-0.07631362096235128
4455.0,-0.08304233317947128
4460.0,0.06297961303277534
4465.0,-0.14124265779118778
4470.0,-0.03915215935315245
4475.0,-0.11117635524696333
4480.0,0.11106019621702239
4485.0,-0.10134537735829927
4490.0,-0.08749424532362321
4495.0,-0.3662326123924922
4500.0,-0.011615131118977908
4505.0,-0.07633779112712943
4510.0,0.043212223718563585
4515.0,-0.19288728430749016
4520.0,-0.11300629301901895
4525.0,0.15697668965945927
4530.0,-0.08402507948239435
4535.0,0.04018111602755864
4540.0,0.13469559888783902
4545.0,0.04267936431369102
4550.0,0.04874756690766138
4555.0,0.1949755331171937
4560.0,-0.006226798005085528
4565.0,0.13473941742380585
4570.0,0.04134815745303463
4575.0,-0.05402640017260714
4580.0,0.09454906309118814
4585.0,0.2562965282425062
4590.0,0.08352503091270548
4595.0,0.027341684870073713
4600.0,0.09318221824105592
4605.0,0.0664285336736481
4610.0,0.19233231675241225
4615.0,0.01673879001447154
4620.0,0.2513323438887126
4625.0,0.1986275424000481
4630.0,0.30159755163387947
4635.0,0.10463200717815722
4640.0,0.2776728928190234
4645.0,0.04940330594167357
4650.0,0.24601305616785385
4655.0,0.150423048282505
4660.0,0.046736724376273464
4665.0,0.2795469087290989
4670.0,0.437777748939972
4675.0,0.7866231886129978
4680.0,1.4175207456953263
4685.0,2.3442987010950835
4690.0,2.8332476579655097
4695.0,1.7679049372886746
4700.0,0.9154325671774506
4705.0,0.1981240626210832
4710.0,0.21732103745258483
4715.0,0.23102395495981412
4720.0,0.15093269050304275
4725.0,0.3248797873998731
4730.0,0.18263573962598695
4735.0,0.25372944103150397
4740.0,0.25963526413609117
4745.0,0.17801316173303444
4750.0,-0.11769850739612583
4755.0,0.137724682849255
4760.0,0.2037528294116275
4765.0,0.05858949716544404
4770.0,0.1830818256665263
4775.0,-0.006717596221037847
4780.0,0.24356176382410438
4785.0,0.23845997998366758
4790.0,0.20729532938004358
4795.0,0.09523454190343673
4800.0,0.182892365628067
4805.0,-0.009496199360627039
4810.0,0.04179420413278269
4815.0,0.18057325087058101
4820.0,0.04162660729494026
4825.0,0.08620940705106744
4830.0,0.10668814518398652
4835.0,0.2299291178474136
4840.0,0.013620048035126509
4845.0,0.01968349873506725
4850.0,-0.004930431038260671
4855.0,-0.12734057116019704
4860.0,0.0862667467557213
4865.0,-0.19344335024840004
4870.0,-0.050677664818187876
4875.0,0.19472392430598873
4880.0,0.03147877546913915
4885.0,-0.25022447616460625
4890.0,-0.10705228785752534
4895.0,0.20523360080437036
4900.0,-0.03756382818232692
4905.0,0.21067541528441402
4910.0,-0.08733644639711315
4915.0,-0.3224607223311797
4920.0,-0.005455976972706153
4925.0,-0.07396250202381681
4930.0,-0.020156812781433334
4935.0,-0.18852964307893652
4940.0,-0.19913801045720042
4945.0,-0.14931547972293022
4950.0,-0.21395562702531074
4955.0,0.00928006800786782
4960.0,0.0333550342780653
4965.0,-0.13428260171595327
4970.0,-0.0019283588682335873
4975.0,-0.20590499031141363
4980.0,-0.16637694348729154
4985.0,-0.33625359095632557
4990.0,0.00926234721127045
4995.0,-0.21197556716822727
5000.0,-0.0017246639074764702
5005.0,-0.007745311499946145
5010.0,-0.099708189595312
5015.0,-0.13892839353479555
5020.0,-0.2950298578253926
5025.0,-0.07122127676709213
5030.0,-0.10433883088580867
5035.0,-0.04872709017690402
5040.0,-0.14258129282538579
5045.0,-0.334493310540582
5050.0,-0.32628151325911536
5055.0,-0.07965415515140155
5060.0,0.0030361921578982987
5065.0,-0.22670814307063575
5070.0,-0.20584958105155424
5075.0,-0.15987055523015437
5080.0,-0.1742972185571762
5085.0,-0.16407554152884055
5090.0,-0.23135257684177019
5095.0,-0.17723384472002732
5100.0,-0.2686202373927251
5105.0,-0.2128853399541521
5110.0,-0.11790101579058532
5115.0,-0.19086978937027085
5120.0,-0.27123415246886556
5125.0,-0.15848196975852805
5130.0,-0.32359417129072343
5135.0,-0.2672065373311132
5140.0,-0.31124408136111853
5145.0,-0.14798884385851183
5150.0,-0.10105546092949419
5155.0,-0.21822456322878717
5160.0,-0.2770942618228812
5165.0,-0.10856184277366974
5170.0,-0.1299801838393065
5175.0,-0.3435191842005906
5180.0,-0.03304772699631062
5185.0,-0.032825934396407505
5190.0,-0.16900662837548402
5195.0,-0.14047202547831786
5200.0,-0.13816827165532758
5205.0,-0.17688923614758176
5210.0,-0.06088207110148714
5215.0,-0.19314245830634835
5220.0,-0.13587308245268584
5225.0,-0.0750439184431033
5230.0,-0.28757910110059814
5235.0,-0.13951057383002438
5240.0,-0.22075040736114837
5245.0,-0.11865584807405655
5250.0,-0.11756665322711088
5255.0,-0.07262725724363134
5260.0,-0.025207220976134394
5265.0,-0.15743574716140932
5270.0,0.007707457787870721
5275.0,-0.22509318100892053
5280.0,0.10005556609118095
5285.0,-0.013600450156640341
5290.0,0.0984943060316481
5295.0,-0.21753882687690035
5300.0,0.18490959214089514
5305.0,-0.007472860921383849
5310.0,0.07568145330102437
5315.0,0.05673893871518147
5320.0,0.0433116399561052
5325.0,0.003436882711812028
5330.0,-0.17313494350996328
5335.0,0.22438194233980507
5340.0,0.3068263192930857
5345.0,0.017825814250518282
5350.0,0.2596090732701972
5355.0,0.21896861114861743
5360.0,0.15569682578025526
5365.0,0.1041423979207591
5370.0,0.19847203034901428
5375.0,0.05580665948855852
5380.0,0.09930222394750997
5385.0,0.08094844855451135
5390.0,0.060916967251280846
5395.0,0.089333836632259
5400.0,0.23237916618063417
5405.0,0.24523350824620738
5410.0,0.07177428343484145
5415.0,0.16396662827808317
5420.0,0.1527849857922821
5425.0,-0.02970790555302727
5430.0,0.31672594813988153
5435.0,0.05297355655029454
5440.0,0.323374011565019
5445.0,-0.09082740167676528
5450.0,0.09705046891718079
5455.0,0.2836642186201146
5460.0,0.24571388572078579
5465.0,0.25427743335072306
5470.0,0.34638112478814215
5475.0,1.0881576560152646
5480.0,1.8133114534029218
5485.0,2.6681553645657115
5490.0,2.3350884631502837
5495.0,1.3336175732800226
5500.0,0.7710712740073741
5505.0,0.43711140034379015
5510.0,-0.03394143246030121
5515.0,0.11392137571027411
5520.0,0.3283449758349133
5525.0,0.1850086605003802
5530.0,0.28798626360731217
5535.0,-0.050860281376737565
5540.0,0.18449455575701473
5545.0,0.1594724182899545
5550.0,0.16054187323910374
5555.0,0.06895781421592798
5560.0,0.13705290258964634
5565.0,0.3500332320388884
5570.0,-0.00021142300870991004
5575.0,0.11516265230492861
5580.0,0.0797248515368475
5585.0,0.07768342092503192
5590.0,0.3212586628650251
5595.0,0.28719589780596877
5600.0,0.044104004661022246
5605.0,0.14536944103940258
5610.0,-0.025418582764964934
5615.0,0.10473780010750144
5620.0,0.0128851268500699
5625.0,0.22878181464887004
5630.0,0.09700992480454726
5635.0,-0.09381356196486355
5640.0,-0.19180507497802401
5645.0,-0.11828794693567897
5650.0,0.26495462046095125
5655.0,-0.1174491179575252
5660.0,-0.17968454478492593
5665.0,-0.09820708482783448
5670.0,-0.083935918437591
5675.0,0.042221946753926994
5680.0,-0.1327792897040368
5685.0,0.15332192035099168
5690.0,-0.055576255849595066
5695.0,-0.02763923519902179
5700.0,0.10052193729458689
5705.0,-0.0578791077393339
5710.0,-0.04800483065694392
5715.0,-0.016583264141686205
5720.0,-0.19000589827658865
5725.0,-0.1737744003229602
5730.0,-0.0331044180910597
5735.0,-0.21694951967008658
5740.0,-0.19807194502829711
5745.0,-0.02154544513875381
5750.0,-0.068564256743505
5755.0,-0.10515025566364576
5760.0,-0.2900399819549047
5765.0,0.0820835113447192
5770.0,-0.1805608101007569
5775.0,-0.20539227564720342
5780.0,-0.19322076725013543
5785.0,-0.277483922199557
5790.0,-0.21253381790447404
5795.0,0.05928051996047201
5800.0,-0.36902779089669624
5805.0,0.08177664963419531
5810.0,-0.3073837178334919
5815.0,-0.30957965704275614
5820.0,-0.0310638586118816
5825.0,0.034030974383775
5830.0,-0.24761499820420663
5835.0,-0.09992355893733217
5840.0,-0.29558050744735026
5845.0,-0.24534154546768142
5850.0,-0.2935460763575055
5855.0,-0.18641812162461288
5860.0,-0.28059387363537447
5865.0,-0.18529778171633424
5870.0,-0.2421753909338708
5875.0,-0.19903063059572343
5880.0,-0.18896299943611375
5885.0,-0.2769730038974203
5890.0,-0.23953518820633396
5895.0,-0.32954580998225375
5900.0,-0.1261242971774263
5905.0,-0.09409407253052775
5910.0,-0.224036498221892
5915.0,-0.21032889350160255
5920.0,-0.23788102714024073
5925.0,-0.22176036618303602
5930.0,-0.14393727407238224
5935.0,-0.36013160716327736
5940.0,-0.3262218149707423
5945.0,-0.13661892108487309
5950.0,-0.03189432317701789
5955.0,-0.21619623793084156
5960.0,-0.02946546343599167
5965.0,-0.004783298328636984
5970.0,-0.09851749034807826
5975.0,0.16410219137419385
5980.0,-0.11102263609370491
5985.0,-0.07295673330613474
5990.0,-0.21803944110648776
5995.0,-0.19711631727238682
6000.0,-0.05309992224651348
6005.0,0.011840396696040062
6010.0,-0.07531309476866718
6015.0,-0.04875480511904928
6020.0,-0.021729086393300186
6025.0,0.06426228979355483
6030.0,-0.22320434546513357
6035.0,0.08430526293206642
6040.0,-0.1044385730127632
6045.0,0.0635324086583337
6050.0,0.10688486401977229
6055.0,-0.14844234640639914
6060.0,0.16184970510408606
6065.0,0.042655595475056055
6070.0,-0.022063559877873548
6075.0,0.2644533414077239
6080.0,-0.09530653218120279
6085.0,-0.11735591189631911
6090.0,0.09403494690603005
6095.0,0.1305129121896391
6100.0,0.05876410662391742
6105.0,0.1611762324930944
6110.0,-0.18480000652890105
6115.0,0.22539586780621704
6120.0,0.13337425361652197
6125.0,-0.01128500626580961
6130.0,-0.019415716759334456
6135.0,0.1868720854267934
6140.0,0.1846417027144707
6145.0,0.06339489453524805
6150.0,0.1609805440213235
6155.0,0.15704484580316683
6160.0,0.28726681336566573
6165.0,0.05032764662411912
6170.0,0.2883033936626192
6175.0,0.18309536072481322
6180.0,0.1802363650635648
6185.0,0.24155332293944806
6190.0,0.12210642070377177
6195.0,0.010747735024538213
6200.0,-0.012590860279314192
6205.0,0.3079056637389257
6210.0,-0.022318087316852336
6215.0,0.31237958801646926
6220.0,0.10247989478913787
6225.0,0.320060122075178
6230.0,0.07642491227642341
6235.0,0.2237042360111737
6240.0,0.2082872964332077
6245.0,0.2786604079956274
6250.0,0.13567939411350502
6255.0,0.23545885244167838
6260.0,0.36883224846367735
6265.0,0.132722516132051
6270.0,0.8312617942486881
6275.0,1.482763749675092
6280.0,2.6409719493836348
6285.0,2.4581137441300283
6290.0,1.7429516168553822
6295.0,0.6396552235355595
6300.0,0.2043011147483486
6305.0,0.27121807680379173
6310.0,0.11119088317494105
6315.0,0.11071016710149287
6320.0,0.2444764474314006
6325.0,0.29577982480843323
6330.0,0.22177946543797383
6335.0,-0.11662560834003773
6340.0,0.1466818779825764
6345.0,0.13496084985699713
6350.0,0.1973128739578426
6355.0,0.21352522578615102
6360.0,0.2028442216920063
6365.0,0.13178366337895153
6370.0,0.30998111751616175
6375.0,0.04157016098728692
6380.0,-0.027880647577979388
6385.0,-0.10642469464201837
6390.0,-0.008563661840771203
6395.0,0.12337724369130136
6400.0,0.025562171694989966
6405.0,0.18294097480512883
6410.0,0.005692086545513899
6415.0,-0.06585091448155807
6420.0,0.17328322673575927
6425.0,-0.04117341077461956
6430.0,0.11237387014117994
6435.0,-0.30205991461097864
6440.0,-0.19795339845494858
6445.0,-0.11187874915376944
6450.0,-0.1816177065701869
6455.0,-0.035175421209791925
6460.0,-0.0629048480249475
6465.0,-0.053114431785179786
6470.0,-0.1935486836019184
6475.0,-0.19848346663728444
6480.0,-0.18046780890162592
6485.0,0.06908288378927374
6490.0,-0.15164858975740422
6495.0,-0.014578395123228324
6500.0,-0.22992248818026378
6505.0,-0.3087071904062267
6510.0,-0.12992210022721098
6515.0,-0.035937768300872475
6520.0,-0.3577940943283117
6525.0,-0.2279584275784579
6530.0,-0.09393906500476004
6535.0,-0.2058531946140687
6540.0,-0.21456190899031963
6545.0,-0.0903760966167301
6550.0,-0.16685340793730757
6555.0,-0.1678262058779153
6560.0,-0.25251427554796524
6565.0,-0.16193776893540435
6570.0,-0.257690587909629
6575.0,-0.028649896602885333
6580.0,-0.5704476727871607
6585.0,-0.1875926643808008
6590.0,-0.11423272419006097
6595.0,-0.3159672472584471
6600.0,-0.13067501661050432
6605.0,-0.2872771824484415
6610.0,-0.11734544768526652
6615.0,-0.0015763476803949128
6620.0,-0.22698933350125794
6625.0,0.06996241759658842
6630.0,-0.1977970299976298
6635.0,-0.4831778954434067
6640.0,-0.2391629325165706
6645.0,-0.1719981629849492
6650.0,-0.15736178153571329
6655.0,-0.18292954916520388
6660.0,-0.13123473301789373
6665.0,-0.19596926809435752
6670.0,-0.008781713083459874
6675.0,-0.12491820785782162
6680.0,-0.17536081921281763
6685.0,0.06673470107931989
6690.0,-0.3012428799427506
6695.0,-0.36822153856126116
6700.0,-0.21852565043520936
6705.0,-0.4362534053408036
6710.0,-0.06289512101568456
6715.0,-0.15300486601703556
6720.0,0.14328201443521
6725.0,-0.21455111904305157
6730.0,-0.23814509213537605
6735.0,-0.006003906032283263
6740.0,-0.003660513735658344
6745.0,0.007962940679380595
6750.0,-0.13395428730084785
6755.0,-0.12654650551463054
6760.0,0.017507591924958037
6765.0,-0.05862971066453121
6770.0,0.037458400245465026
6775.0,0.111740916488346
6780.0,-0.04898458217776179
6785.0,0.062119755537630016
6790.0,-0.228581006325741
6795.0,0.20193850340467157
6800.0,0.20261370687814742
6805.0,0.04948831541720132
6810.0,0.01188003308960401
6815.0,0.06494669798854008
6820.0,0.08716500110678335
6825.0,0.05768120490198843
6830.0,-0.0030984071904142235
6835.0,0.11752406415401975
6840.0,0.23629886657457996
6845.0,-0.13170128152839047
6850.0,0.044609125963805805
6855.0,0.014292639230375465
6860.0,-0.017515530408968305
6865.0,0.12244746540317433
6870.0,-0.1323448087567539
6875.0,0.08626980465182954
6880.0,0.24411357229609162
6885.0,0.2555406353923598
6890.0,0.23478408494108954
6895.0,0.19957254390677967
6900.0,0.2631905233074816
6905.0,0.18821288055558885
6910.0,0.23328597443846724
6915.0,0.2670209723200208
6920.0,0.3629520567095843
6925.0,0.31242547812922883
6930.0,0.2988882020383369
6935.0,0.016594965407116496
6940.0,0.23049580894705812
6945.0,0.22015823371837379
6950.0,0.13747220393486112
6955.0,0.07898314719055693
6960.0,0.2820287660685594
6965.0,0.214010696516426
6970.0,0.1680578780041967
6975.0,0.07261169865571812
6980.0,0.11330188401638701
6985.0,0.13953390828846277
6990.0,0.23769536818813664
6995.0,0.39585968423499973
7000.0,0.22085858441933515
7005.0,-0.044031616262258544
7010.0,0.2432541018494443
7015.0,0.24426333219580357
7020.0,0.06341936800699555
7025.0,0.022843621082638432
7030.0,0.17840670025774005
7035.0,0.26245981560399095
7040.0,0.21764218226584153
7045.0,0.349800979195223
7050.0,0.1415710729405444
7055.0,0.2356789808029342
7060.0,0.44859855902741236
7065.0,1.4758720784282564
7070.0,2.374324958550352
7075.0,2.6365198765549365
7080.0,1.48204420312669
7085.0,0.5622237539316015
7090.0,0.3127573160907067
7095.0,0.17147614472960948
7100.0,0.04031312378755201
7105.0,0.04637485113606329
7110.0,0.16216854298167543
7115.0,-0.030123738703264846
7120.0,0.061299347947659656
7125.0,-0.0631332018751316
7130.0,-0.027663579448746686
7135.0,0.13365697090970627
7140.0,-0.18216823673119925
7145.0,-0.07116689940027657
7150.0,-0.2884854538508925
7155.0,0.04019134218586275
7160.0,0.01745916621017032
7165.0,0.3311480870877896
7170.0,-0.0702143989943879
7175.0,-0.0034448970650151
7180.0,0.09202803713920935
7185.0,0.03491332035317874
7190.0,-0.08865799675167652
7195.0,0.08588498913608351
7200.0,-0.3970420084677686
7205.0,-0.020627287007165998
7210.0,-0.17544995953170844
7215.0,-0.18746719911566967
7220.0,-0.22762221594458165
7225.0,-0.06936563557935808
7230.0,-0.24100823196829507
7235.0,-0.10637929677426794
7240.0,0.07621913537224738
7245.0,-0.22493903170379936
7250.0,-0.13290590334052574
7255.0,-0.2236517450474364
7260.0,-0.3160229390757857
7265.0,-0.09395313727129473
7270.0,-0.02200929011977798
7275.0,-0.254674902410034
7280.0,-0.17305602461889624
7285.0,-0.20105593850352338
7290.0,-0.2774059175148036
7295.0,-0.09323615012258464
7300.0,-0.4367620973552724
7305.0,-0.020490598248904257
7310.0,-0.2679222682120283
7315.0,0.0059451620582352815
7320.0,-0.14802859210951735
7325.0,-0.21989705833279946
7330.0,-0.4141977260903851
7335.0,-0.3724489662226837
7340.0,-0.13411777518075596
7345.0,-0.3045737996268494
7350.0,-0.10998256173869303
7355.0,-0.3711812530332859
7360.0,-0.08755805679039708
7365.0,-0.21857641474877101
7370.0,-0.16734805337248915
7375.0,-0.3204313525850605
7380.0,-0.2638843385359468
7385.0,-0.15003228435402427
7390.0,-0.18910700447828188
7395.0,-0.32173844807345764
7400.0,-0.17818496661824845
7405.0,-0.3777694101022129
7410.0,0.04625690481073211
7415.0,-0.1242515769912532
7420.0,-0.24816458517309858
7425.0,-0.22001658948603747
7430.0,-0.30181660641852476
7435.0,-0.16338373774494938
7440.0,-0.49836067923705174
7445.0,-0.16574948068302836
7450.0,0.046155907582386885
7455.0,-0.4037007171187074
7460.0,-0.12462751032749383
7465.0,-0.20469098153853205
7470.0,-0.151830619237235
7475.0,-0.26472608849486545
7480.0,0.0015615174041560542
7485.0,-0.2643468520372285
7490.0,0.015881072441701644
7495.0,0.036101150800735934
7500.0,-0.05837852226889479
7505.0,-0.004822638096957439
7510.0,-0.3030007267508611
7515.0,-0.13832362314882773
7520.0,-0.35109920569915554
7525.0,0.03292699657605723
7530.0,0.1048276450095662
7535.0,-0.20621799829082654
7540.0,0.00784584701700264
7545.0,-0.03674118992876156
7550.0,-0.22931323734794531
7555.0,-0.03407400363777889
7560.0,0.02711063201362114
7565.0,0.1458698761072419
7570.0,0.02130775435808947
7575.0,0.12160341800048227
7580.0,0.28525028795090457
7585.0,0.19890914141427596
7590.0,-0.024343601109318977
7595.0,0.14277320946293423
7600.0,0.2921645146523415
7605.0,0.42721447864171996
7610.0,0.19961456582464954
7615.0,0.25612385775738306
7620.0,0.23087276968517856
7625.0,0.3779931095003356
7630.0,0.2501188749583373
7635.0,0.2742217133524155
7640.0,0.038610560147890785
7645.0,0.11426012210706046
7650.0,-0.026277180440051895
7655.0,0.0568255048980873
7660.0,0.20678540744615914
7665.0,0.30858755319167586
7670.0,0.3068876217838545
7675.0,0.2401348701275739
7680.0,0.44865048480491687
7685.0,0.03565923612479294
7690.0,0.18971404468280356
7695.0,0.37536302033736973
7700.0,0.24395914891725862
7705.0,0.22085338995246012
7710.0,0.3199505176566386
7715.0,0.11541874401906065
7720.0,0.11857617703663019
7725.0,0.15870013875591887
7730.0,0.4290049490638763
7735.0,0.04836896438377608
7740.0,0.1293861356408348
7745.0,0.4777786481731249
7750.0,0.24917275334873057
7755.0,0.1674728232506856
7760.0,-0.028815564428642415
7765.0,0.2140408369178842
7770.0,0.18720779592206235
7775.0,0.30420823016126985
7780.0,0.0823396757791801
7785.0,0.09836484899328062
7790.0,0.2798917759636892
7795.0,0.055064273645056394
7800.0,0.36130926698626886
7805.0,0.1417496983544347
7810.0,0.20917796595186516
7815.0,0.08125244858382563
7820.0,0.35243695108761186
7825.0,0.0709567614158143
7830.0,0.2962167904953902
7835.0,0.06704722929567405
7840.0,0.2901607188139851
7845.0,0.5412275786159342
7850.0,1.6370419937697966
7855.0,2.6469401568500315
7860.0,2.3765884470333796
7865.0,1.7266557538198979
7870.0,0.6113494878415189
7875.0,0.09896742302198049
7880.0,0.09818887560699996
7885.0,0.0033231943301011285
7890.0,0.07813789250372846
7895.0,-0.01898927784688166
7900.0,-0.15839836615568553
7905.0,0.17585697411864973
7910.0,0.04495916429640789
7915.0,-0.0339954261463597
7920.0,0.07305310680217154
7925.0,-0.17553848380872789
7930.0,-0.04615641398634074
7935.0,0.05935904323938706
7940.0,0.13434034657171257
7945.0,-0.01883462693710965
7950.0,0.05496418905548158
7955.0,-0.26965153024471206
7960.0,-0.06776963692367545
7965.0,0.03199049536789893
7970.0,0.08048624932147413
7975.0,-0.23126382900129822
7980.0,0.09740003611906092
7985.0,0.19886951264132188
7990.0,-0.0844592166853535
7995.0,-0.323554336545699
8000.0,-0.03965738731312113
8005.0,-0.04845048156442726
8010.0,-0.18813713537220667
8015.0,0.02777416102149155
8020.0,0.0718725183442015
8025.0,-0.2745875537727964
8030.0,-0.2854600511469247
8035.0,-0.13221701191904256
8040.0,-0.022630210131871664
8045.0,-0.32609856398184445
8050.0,-0.2747945112542991
8055.0,-0.2176058363988938
8060.0,-0.28821907400605373
8065.0,-0.2214722775210943
8070.0,-0.07429534701378807
8075.0,-0.30587454193594216
8080.0,-0.11171240708015642
8085.0,-0.20124054942521075
8090.0,-0.23590229537073498
8095.0,-0.37355994102001716
8100.0,-0.17570683653755384
8105.0,-0.1389445377087941
8110.0,-0.30183601054477127
8115.0,-0.09138192717462626
8120.0,-0.07966505154075759
8125.0,-0.1810441492249078
8130.0,-0.30565308569505045
8135.0,-0.2089233196701394
8140.0,-0.07881952062484084
8145.0,-0.07924244892550081
8150.0,-0.19765425454515176
8155.0,-0.20995849789794124
8160.0,-0.08851349549245253
8165.0,-0.09406331747982027
8170.0,-0.04650553409289265
8175.0,-0.2996041038465689
8180.0,-0.17595049664501358
8185.0,-0.047721608647267544
8190.0,-0.23933837262614244
8195.0,-0.12985867435962767
8200.0,-0.22773147440491281
8205.0,-0.014685695480179561
8210.0,0.03526313451182844
8215.0,-0.18231919208324163
8220.0,0.1763027634912097
8225.0,-0.002327632155428583
8230.0,-0.1335911972302018
8235.0,-0.02493707209856312
8240.0,-0.13672229379092243
8245.0,0.05314089957220243
8250.0,-0.08349195899734457
8255.0,-0.16265570740607754
8260.0,-0.08043080990594005
8265.0,-0.1953227491313084
8270.0,-0.3122292353814907
8275.0,-0.20011300212777675
8280.0,0.04517695707777486
8285.0,-0.08212310651385864
8290.0,0.040724853855396995
8295.0,-0.0551993165794791
8300.0,0.0033806287349174664
8305.0,0.05489413021257657
8310.0,0.13007539971782317
8315.0,-0.0836904359560598
8320.0,-0.060009251580374144
8325.0,0.05777171130172102
8330.0,0.25123878675413913
8335.0,0.10096119214011891
8340.0,0.052906218021925314
8345.0,0.06373072449327337
8350.0,0.06096823477327651
8355.0,0.023465823836219604
8360.0,0.21242365843711442
8365.0,0.3399114594422713
8370.0,0.15332666321554123
8375.0,-0.048066430208739075
8380.0,-0.08703619411193561
8385.0,0.37481399252666403
8390.0,-0.06535538649088649
8395.0,0.43647355967075996
8400.0,0.21427995861429666
8405.0,0.14552925000847722
8410.0,0.2699737649054512
8415.0,0.17531510836405212
8420.0,0.3782653479685646
8425.0,0.12107949381442276
8430.0,0.2218618238385479
8435.0,0.12246053421498238
8440.0,0.2534727750012103
8445.0,0.29163073687063695
8450.0,0.0365914539887201
8455.0,-0.00051816858463552
8460.0,0.3198983634406576
8465.0,0.29503419783742546
8470.0,0.258173634880347
8475.0,0.11591233199713667
8480.0,0.061418246789930714
8485.0,0.07879283981909359
8490.0,0.20351164247418524
8495.0,0.08167685434197654
8500.0,0.07958244076088933
8505.0,0.24310763743495226
8510.0,0.4007934582446816
8515.0,0.4301545783261497
8520.0,0.22393822579261652
8525.0,0.3309257647944188
8530.0,0.24791832143662895
8535.0,0.2308990179815878
8540.0,0.17211998173138712
8545.0,0.1031555596920974
8550.0,0.10976489463006855
8555.0,0.19866392683978865
8560.0,0.34099457930483895
8565.0,-0.004069928419152019
8570.0,0.0859267403228445
8575.0,0.007245530926116045
8580.0,0.22369305404456435
8585.0,0.43397132882916045
8590.0,0.1881084574334315
8595.0,-0.03637037677248546
8600.0,0.17361394554863344
8605.0,0.3505363489524693
8610.0,0.004789035514564263
8615.0,-0.07230960340763623
8620.0,0.3521851674060341
8625.0,1.5360775945283722
8630.0,2.172426910486159
8635.0,2.607581515743245
8640.0,1.2028073406439022
8645.0,0.5590945470627026
8650.0,-0.004010625480418334
8655.0,0.13051237452207098
8660.0,0.06148979274802891
8665.0,0.0856085929565702
8670.0,0.0901650082157001
8675.0,-0.10653642988966075
8680.0,-0.004080721857619223
8685.0,-0.1367804605913084
8690.0,-0.07827642683159183
8695.0,-0.018969204767471486
8700.0,-0.10002175693211601
8705.0,-0.2298011556089073
8710.0,-0.2284360974512712
8715.0,-0.21809433979176135
8720.0,-0.2173492377587512
8725.0,-0.2316868849018582
8730.0,0.07046671569121221
8735.0,-0.0027370457780521718
8740.0,-0.07444416169914146
8745.0,0.05222204755784714
8750.0,-0.06111664118069055
8755.0,-0.19036891926972593
8760.0,0.003977438241247189
8765.0,-0.08081857176901658
8770.0,-0.40545800227273576
8775.0,0.12220265399703709
8780.0,-0.17547158350433603
8785.0,-0.37832580432054824
8790.0,-0.007150112114852392
8795.0,-0.15824819946402896
8800.0,-0.15875302300609967
8805.0,-0.006143342811459784
8810.0,-0.07802863734166969
8815.0,-0.14663815646542788
8820.0,-0.16232296783247002
8825.0,-0.17998366110765374
8830.0,-0.21605156306499718
8835.0,-0.3649141115896779
8840.0,-0.06578786326461819
8845.0,-0.19852074838309386
8850.0,-0.21340934561956992
8855.0,-0.10806450079408586
8860.0,-0.28483983944551106
8865.0,-0.2509861115612825
8870.0,-0.11668141994045796
8875.0,-0.2266516354535662
8880.0,-0.3329180586790115
8885.0,-0.3256729348182819
8890.0,0.16267494584956552
8895.0,-0.2603250203306586
8900.0,0.08219629090230304
8905.0,-0.2766531175114466
8910.0,-0.13922724208113194
8915.0,-0.23680721986526898
8920.0,-0.3213608846153475
8925.0,-0.2133207677713991
8930.0,0.08739704597577228
8935.0,-0.2593126157992911
8940.0,-0.28489952644595673
8945.0,-0.1057140280366788
8950.0,-0.2740187746448162
8955.0,-0.24410130645339076
8960.0,-0.3162708007000188
8965.0,-0.012428548673146717
8970.0,-0.04167988836640796
8975.0,-0.4128552430716282
8980.0,-0.02858503558184554
8985.0,-0.13512039293043226
8990.0,-0.10884064745516862
8995.0,-0.18297365882027233
9000.0,-0.056787726301650895
9005.0,0.0013224197735998422
9010.0,-0.16785196393562268
9015.0,-0.062154008979853695
9020.0,-0.058753973481745714
9025.0,-0.14387040724560995
9030.0,-0.10350372600790722
9035.0,-0.04192465503094178
9040.0,0.08241745602344938
9045.0,-0.09350563271395053
9050.0,-0.0015629499321461611
9055.0,0.12912127945158086
9060.0,0.18370319156489828
9065.0,-0.1548567827777812
9070.0,0.05707025378433432
9075.0,0.01027147274045108
9080.0,-0.019382074240197424
9085.0,-0.03259722691486571
9090.0,0.27020574573054446
9095.0,0.19421539414814326
9100.0,0.047307078633576555
9105.0,0.09939049238880363
9110.0,0.0847238592345479
9115.0,0.0776406214870027
9120.0,0.20878403174040794
9125.0,0.058723016566284134
9130.0,0.21117559572614308
9135.0,-0.044821145820981206
9140.0,0.1669194870535613
9145.0,0.12782591785797304
9150.0,0.07831569315432121
9155.0,0.2050105600733354
9160.0,0.17561531742778083
9165.0,0.1249979257451404
9170.0,0.3308787428489782
9175.0,0.15854104717875397
9180.0,0.15471404419575172
9185.0,0.11630833149116729
9190.0,0.3183866720575594
9195.0,0.30333735644262794
9200.0,-0.09460596432864113
9205.0,0.08247370753214725
9210.0,0.23822977373363516
9215.0,0.3124937036363204
9220.0,0.2605899607538208
9225.0,0.18801955435316586
9230.0,0.3785042324167315
9235.0,0.13952868839821797
9240.0,0.21475944402708397
9245.0,0.20321077717221522
9250.0,0.21737357666574736
9255.0,0.08807250043852907
9260.0,0.16721635156237105
9265.0,0.2832210577773449
9270.0,0.31850231323018113
9275.0,0.2936986344049084
9280.0,0.24938878243405446
9285.0,0.15643794575298778
9290.0,0.2635406198901926
9295.0,0.17770397314749098
9300.0,0.19456694025001373
9305.0,0.2273779396736822
9310.0,0.06963544851050275
9315.0,0.2321879175014876
9320.0,0.2935718723042239
9325.0,-0.04130386335009151
9330.0,0.1087777342705138
9335.0,0.096515726398103
9340.0,0.326145897149982
9345.0,0.14072834381314822
9350.0,0.19421325473708545
9355.0,0.2031279757214266
9360.0,0.012576395147310543
9365.0,-0.060024085915855965
9370.0,0.22702625519911718
9375.0,0.23867667590079517
9380.0,0.2880885369676117
9385.0,0.6565866133336051
9390.0,1.341255848835302
9395.0,2.2803297675441816
9400.0,2.423397304170597
9405.0,1.5971797635617788
9410.0,0.5478530428934629
9415.0,0.1106069812801799
9420.0,0.06908409908740622
9425.0,0.1940264972476958
9430.0,-0.19612137674262864
9435.0,-0.04219384488065078
9440.0,-0.20307198298605691
9445.0,-0.24951249848600066
9450.0,0.09510990306821007
9455.0,-0.1707914348781796
9460.0,-0.012552456255445973
9465.0,0.07068955339162827
9470.0,0.011554837015736438
9475.0,-0.1987209431337899
9480.0,-0.04224854283022391
9485.0,-0.10379820011210449
9490.0,-0.18739705846521953
9495.0,-0.14838337265384163
9500.0,-0.18055525786966953
9505.0,-0.0006981626090747095
9510.0,-0.13175801569407158
9515.0,-0.18548910329924867
9520.0,-0.09345300930742094
9525.0,-0.09911654453309085
9530.0,-0.08047121317093688
9535.0,-0.03813394289031932
9540.0,-0.2535060815983791
9545.0,-0.2335879250591567
9550.0,-0.03640219456797819
9555.0,-0.25915351429558686
9560.0,-0.09492065296842679
9565.0,-0.4490725894858547
9570.0,-0.18946946140383283
9575.0,-0.2930264211066883
9580.0,-0.21781819089712298
9585.0,-0.14591316460901527
9590.0,-0.4335303506981203
9595.0,-0.38200174304026724
9600.0,-0.20339574786257472
9605.0,-0.34242365490355964
9610.0,-0.1737979970550698
9615.0,-0.1925587107648201
9620.0,-0.3266871471323135
9625.0,-0.08953125038452818
9630.0,-0.11323551398232441
9635.0,-0.14597993799366368
9640.0,-0.2654151901062087
9645.0,-0.260111556788711
9650.0,-0.3623124556411676
9655.0,-0.4379473798921131
9660.0,-0.23158133098826536
9665.0,-0.09700669930225586
9670.0,-0.21063003431061855
9675.0,-0.10602976973780245
9680.0,-0.23923104276258922
9685.0,-0.22211710960644643
9690.0,-0.21439790614440402
9695.0,-0.011383027445924038
9700.0,-0.28980705042785104
9705.0,-0.22900291759032645
9710.0,-0.048756136828972535
9715.0,-0.01623753452226953
9720.0,-0.053274540706443774
9725.0,0.1948519772119382
9730.0,-0.12801369910929464
9735.0,-0.10383436754113294
9740.0,-0.16721795332582226
9745.0,-0.12912106912767704
9750.0,0.12848896854481737
9755.0,0.05176960121184157
9760.0,-0.10765233409601188
9765.0,0.09922435946324766
9770.0,-0.16294005770716197
9775.0,0.1773913967945962
9780.0,-0.08034416381098192
9785.0,0.07170055209747977
9790.0,-0.1753439722631847
9795.0,0.010767342775890502
9800.0,-0.05070938266270026
9805.0,-0.020515100759407493
9810.0,0.0024672189081967402
9815.0,-0.17918182795499804
9820.0,-0.166841319514558
9825.0,0.20592507423996897
9830.0,-0.09319834688672937
9835.0,-0.21286571219026623
9840.0,0.1167290321234131
9845.0,0.07143039098451731
9850.0,0.09839350491579128
9855.0,0.03199220008452282
9860.0,0.1755977692233788
9865.0,0.21152986551826117
9870.0,0.08222071822155123
9875.0,0.16455481074045553
9880.0,-0.11215871855876815
9885.0,0.09670538855929794
9890.0,0.02530766368068421
9895.0,0.0028673103563981173
9900.0,0.2609191668721641
9905.0,-0.10679284671772912
9910.0,0.18576502526899172
9915.0,-0.005052387315555545
9920.0,0.2991578492902487
9925.0,0.1868676309930903
9930.0,0.2836404763441131
9935.0,0.14670203551421143
9940.0,0.007993680083956206
9945.0,0.4761316911188084
9950.0,0.16788328931637347
9955.0,0.05504732691885905
9960.0,0.326290952383575
9965.0,0.44955559989456817
9970.0,0.20088157443236898
9975.0,0.14262098312299346
9980.0,0.28093587252070684
9985.0,0.3088219441784694
9990.0,0.3188485682607574
9995.0,0.16683124154603368
10000.0,0.2010845770801653
10005.0,0.2579236771273011
10010.0,0.4424701167295477
10015.0,0.35561489767592624
10020.0,0.129032657390861
10025.0,0.2497823361483344
10030.0,0.297099014401085
10035.0,0.11951748400895003
10040.0,-0.164751852831325
10045.0,0.19888369581259419
10050.0,0.11613955996368192
10055.0,0.20709584654632085
10060.0,0.218623973914164
10065.0,0.18640627950416222
10070.0,0.16707308460156275
10075.0,0.29103915950775844
10080.0,0.10031412292880124
10085.0,-0.03305115645636392
10090.0,-0.1335076164678612
10095.0,0.20189521616661307
10100.0,-0.0341845851570283
10105.0,0.1039763395571956
10110.0,0.12446736909850296
10115.0,0.208135555044044
10120.0,0.20959425267685536
10125.0,0.1034409768502364
10130.0,0.09616139354369503
10135.0,0.3966352776892609
10140.0,0.3270875638928279
10145.0,1.443207657456915
10150.0,2.296565543489197
10155.0,2.3909516165605127
10160.0,1.7026822898683323
10165.0,0.5097741914561957
10170.0,-0.004996617575843659
10175.0,-0.15933358627906405
10180.0,0.004940515238109488
10185.0,-0.08604576613296819
10190.0,-0.1348738159897867
10195.0,0.12508538829576457
10200.0,0.2302682239710376
10205.0,-0.0938900566294732
10210.0,-0.14793304171821398
10215.0,0.026079774910904643
10220.0,-0.10121811188913635
10225.0,0.03777348014286483
10230.0,0.06347161960194884
10235.0,-0.02015659841145842
10240.0,-0.06696310909863552
10245.0,-0.20068279726779817
10250.0,0.020270854528530752
10255.0,0.04093775826378521
10260.0,-0.2800264023020143
10265.0,-0.18831553924612268
10270.0,-0.0601458429858395
10275.0,-0.09682494070775495
10280.0,0.009792800235246313
10285.0,-0.2605584731660482
10290.0,-0.17452625529604626
10295.0,-0.1531723033133694
10300.0,-0.15411316013796375
10305.0,-0.025440177104303324
10310.0,-0.06371276125422809
10315.0,0.012751484834192
10320.0,-0.1754332017579707
10325.0,-0.2353780348799675
10330.0,-0.07343795191973795
10335.0,-0.12631920085251863
10340.0,-0.31621190830146784
10345.0,-0.3235857486579416
10350.0,-0.15813148299040666
10355.0,-0.0660610435062593
10360.0,-0.30619578271541636
10365.0,0.02951751747143494
10370.0,-0.11482038070268284
10375.0,-0.18332303856336468
10380.0,-0.041005390324075464
10385.0,-0.17519354405334295
10390.0,-0.35859134752564603
10395.0,-0.24027368713291797
10400.0,-0.07739586781936521
10405.0,-0.07192320597557207
10410.0,-0.23259152146896012
10415.0,-0.19339742773783916
10420.0,-0.17899772102722092
10425.0,-0.4030328851416665
10430.0,-0.2575565905283575
10435.0,-0.242366737628849
10440.0,-0.06296292721782137
10445.0,-0.31508011723777807
10450.0,-0.05746704244141697
10455.0,-0.17115620522610855
10460.0,-0.1652992386921113
10465.0,-0.36389868453042756
10470.0,0.058655465945200685
10475.0,0.15353351532085346
10480.0,-0.30775800523028396
10485.0,-0.16691034414081274
10490.0,-0.3818196078271675
10495.0,-0.09713307767837828
10500.0,-0.07637365530873366
10505.0,-0.06017881331630172
10510.0,-0.2516447347038788
10515.0,0.18528430455817843
10520.0,0.05418168168415157
10525.0,-0.2554869116073659
10530.0,-0.14090761988074166
10535.0,-0.0724830962111031
10540.0,-0.037259392186211326
10545.0,0.18985027505937485
10550.0,-0.14508041023121862
10555.0,-0.07121787525985203
10560.0,-0.030630408513150013
10565.0,-0.020459069000675362
10570.0,0.012283248795106439
10575.0,0.0725308678650687
10580.0,0.26401733538436667
10585.0,0.22021249324847436
10590.0,0.11006474447737721
10595.0,-0.1132615601367909
10600.0,-0.04507622543620461
10605.0,-0.036734156878338864
10610.0,0.06820077664526576
10615.0,-0.04753717751486029
10620.0,0.023184537330422833
10625.0,0.21020154147513975
10630.0,0.27355785486499007
10635.0,0.10053405922688986
10640.0,0.3127967656645796
10645.0,-0.21271728397715287
10650.0,0.13881197388118927
10655.0,0.07434166303634326
10660.0,0.24594878337385254
10665.0,0.14087995238393639
10670.0,0.1918366146587789
10675.0,0.23029388553901048
10680.0,0.1497945393620864
10685.0,0.25036614545446
10690.0,0.12418676354218755
10695.0,0.031777802551909345
10700.0,0.1053562828294043
10705.0,0.2108579325881012
10710.0,0.13089649324603703
10715.0,0.10323460290683495
10720.0,-0.01627182442235059
10725.0,0.083979248417621
10730.0,0.2742894473963258
10735.0,0.2469389763133497
10740.0,0.2936706639639335
10745.0,0.14813736667232646
10750.0,0.17253724479937546
10755.0,0.2862281176290786
10760.0,0.06158082879070742
10765.0,0.5674654680824781
10770.0,0.06545951128407193
10775.0,0.2627419494532499
10780.0,0.388879439158637
10785.0,0.10173444622747939
10790.0,-0.12913593229728637
10795.0,-0.007378047560660211
10800.0,-0.09715416468254043
10805.0,-0.11043260385479767
10810.0,0.39706884572618717
10815.0,0.27947482645476235
10820.0,0.26274705744370763
10825.0,0.03824844180228196
10830.0,0.15533045158294959
10835.0,0.08495328900594107
10840.0,0.10300229484579154
10845.0,0.0993421415826769
10850.0,0.2582832848600809
10855.0,0.1602304550466788
10860.0,0.1345447994001243
10865.0,0.08081405088765595
10870.0,-0.1023997505444899
10875.0,0.14702763939538913
10880.0,0.21349916444575082
10885.0,0.8327503682576713
10890.0,1.2739507045930196
10895.0,2.290928023057726
10900.0,2.402271650093027
10905.0,1.5143340218032877
10910.0,0.6185416673534891
10915.0,0.13398256509824066
10920.0,-0.0524021342763608
10925.0,0.02450567443061292
10930.0,0.22925506304337034
10935.0,0.11467487491024857
10940.0,-0.16671164312738165
10945.0,-0.0847482529524694
10950.0,-0.24218195292370112
10955.0,-0.18051771492616095
10960.0,0.06700291431408181
10965.0,0.10973983067897386
10970.0,-0.14372611369845364
10975.0,0.01960730485909694
10980.0,-0.2250340881368333
10985.0,0.04210620915585264
10990.0,-0.13943500001086237
10995.0,-0.12004868942189353
11000.0,-0.20529009895235273
11005.0,-0.18367315592294578
11010.0,0.11403201335679602
11015.0,-0.07358562629268903
11020.0,-0.05227452407928952
11025.0,-0.17956540652079897
11030.0,-0.18102907434082757
11035.0,-0.19236502470536462
11040.0,-0.26747169689728323
11045.0,-0.07264966447510343
11050.0,-0.29149484861409436
11055.0,-0.08565346305795409
11060.0,0.007397849775432008
11065.0,-0.07526784899253793
11070.0,-0.3109144429450781
11075.0,0.017993719613460107
11080.0,-0.2933476353502538
11085.0,-0.2196613982842279
11090.0,-0.25590142535304355
11095.0,-0.3069329934292555
11100.0,-0.32474273722348324
11105.0,-0.2547235151299528
11110.0,-0.20266746763519766
11115.0,-0.17977150512473522
11120.0,-0.3779605918062465
11125.0,-0.009236322817046977
11130.0,-0.16735311618453153
11135.0,-0.1807717996276834
11140.0,-0.17966994713640538
11145.0,-0.09572978603580445
11150.0,-0.13019550333237584
11155.0,-0.15600091308746858
11160.0,-0.287594922569783
11165.0,-0.09907473097601957
11170.0,-0.18183363684916967
11175.0,-0.17833642572111313
11180.0,-0.21371433553853172
11185.0,-0.12171575572263563
11190.0,-0.10940576210985317
11195.0,-0.11885081050592158
11200.0,0.05085699278118813
11205.0,-0.042853134381671
11210.0,-0.13124115924572086
11215.0,-0.07847149356357497
11220.0,-0.3340975849902419
11225.0,-0.018752136332540595
11230.0,-0.17534987638812205
11235.0,-0.2069121294899291
11240.0,-0.0311985832257215
11245.0,-0.2268360435910163
11250.0,-0.008026329464132995
11255.0,-0.16617702654985544
11260.0,-0.25030828598137805
11265.0,-0.09423600290638398
11270.0,0.03932352399555404
11275.0,-0.12479402573310436
11280.0,0.031267750443544996
11285.0,-0.04882328785663734
11290.0,-0.027128625528358544
11295.0,0.09882988762620401
11300.0,-0.007673589465329811
11305.0,0.3387748222841276
11310.0,-0.03508147053718336
11315.0,-0.09751069720244285
11320.0,-0.2229644924226045
11325.0,-0.1245444121507531
11330.0,0.02647972635222228
11335.0,-0.17886185127924603
11340.0,-0.1300625944673789
11345.0,0.10968496531143268
11350.0,0.028820151151452804
11355.0,-0.04573121617977652
11360.0,-0.1335854925622259
11365.0,-0.01497644313140438
11370.0,0.06615083935241328
11375.0,0.06310601778521806
11380.0,0.07785116065221113
11385.0,0.0733918736601771
11390.0,0.06662681071730431
11395.0,0.16703279707903876
11400.0,0.24824582012878565
11405.0,0.2181933628175471
11410.0,0.07764864938354224
11415.0,0.25465207138732265
11420.0,0.21753585173946222
11425.0,0.221990238094279
11430.0,0.24727926047642584
11435.0,0.249680202071204
11440.0,0.04133087520928683
11445.0,0.1788199277535345
11450.0,0.13634001785236474
11455.0,0.05794816522349036
11460.0,0.5489259395977333
11465.0,0.15536156272077833
11470.0,0.09745688932387078
11475.0,0.2595889144208223
11480.0,0.16620866698112924
11485.0,0.13504592927083414
11490.0,0.23008891428988076
11495.0,0.28211281716846837
11500.0,0.2501899121343701
11505.0,0.29541904699377763
11510.0,0.09780279051848599
11515.0,0.08530998315918402
11520.0,0.3679395488202105
11525.0,0.06601448788182288
11530.0,0.260938057593921
11535.0,0.14053694574035064
11540.0,0.019549007502916077
11545.0,0.2571429401710616
11550.0,0.27996368861319343
11555.0,-0.10511826898592477
11560.0,0.06990266380729457
11565.0,0.17982638597507633
11570.0,-0.08430083006644998
11575.0,0.21676607274958945
11580.0,-0.1130451122887566
11585.0,0.32037730603470244
11590.0,0.008562969526114378
11595.0,0.1477998125243792
11600.0,-0.04544987680528298
11605.0,0.28000200821456667
11610.0,0.05585183680305625
11615.0,0.07685996532289949
11620.0,0.5216415794399379
11625.0,1.2771775274731323
11630.0,1.9491751850843915
11635.0,2.446154043777428
11640.0,1.7296472393105395
11645.0,0.6114128168336281
11650.0,0.24118112350251225
11655.0,0.014507916090648984
11660.0,0.13561621191507248
11665.0,-0.03252741825582984
11670.0,0.20812758480396004
11675.0,-0.056899868098144096
11680.0,-0.0005513770173923953
11685.0,-0.056550835746725675
11690.0,-0.1494350292842817
11695.0,-0.032896844181951074
11700.0,-0.10466493537399868
11705.0,0.06798191221706101
11710.0,-0.051021296710433636
11715.0,0.06375572387850664
11720.0,0.053307403340408524
11725.0,-0.114904745300967
11730.0,-0.09047258790504113
11735.0,0.24947624714543737
11740.0,0.03585200825574586
11745.0,-0.057040437763719275
11750.0,0.11418602104894987
11755.0,-0.1890319243852983
11760.0,-0.30188089357212616
11765.0,0.003853165594826763
11770.0,-0.17059581971986493
11775.0,-0.3289969553330129
11780.0,-0.22918475331102522
11785.0,-0.13309945659033284
11790.0,-0.2761240356511531
11795.0,-0.1443086065934419
11800.0,-0.07596146460896
11805.0,-0.10214586068815035
11810.0,-0.03197522553993101
11815.0,-0.35152543477876286
11820.0,0.10082108454692212
11825.0,-0.44183478829802836
11830.0,-0.2772853904950614
11835.0,-0.335883987106749
11840.0,-0.1166488643740841
11845.0,-0.16183994040181235
11850.0,-0.026889327561504806
11855.0,-0.0715797138619842
11860.0,-0.09699481418765951
11865.0,-0.20068849436981867
11870.0,-0.14634285753517295
11875.0,-0.2311103197499755
11880.0,-0.06079615374850819
11885.0,-0.10864812065107973
11890.0,-0.03312294710611252
11895.0,-0.16907109549228805
11900.0,-0.20632028887583062
11905.0,-0.11270203481851325
11910.0,-0.23990155049006773
11915.0,-0.20999457550095618
11920.0,-0.28826703630374373
11925.0,-0.1102892898895339
11930.0,-0.1435844069310781
11935.0,-0.24969993296108528
11940.0,0.08067689035931702
11945.0,-0.09206259968581093
11950.0,-0.1846054639042318
11955.0,-0.262649168465053
11960.0,-0.25000423744082145
11965.0,-0.1596005920567341
11970.0,-0.33851673158099194
11975.0,-0.24187472516720498
11980.0,-0.10060674686808244
11985.0,-0.015978325906581603
11990.0,-0.2570496154436362
11995.0,0.03427852586149738
12000.0,-0.002702935567665321
12005.0,-0.2213270268579819
12010.0,-0.26179108236088494
12015.0,-0.007762551027487324
12020.0,0.006642205301264123
12025.0,-0.093104147852787
12030.0,0.035392216101884505
12035.0,0.33605358765923066
12040.0,-0.04157991355415525
12045.0,0.14196097786030576
12050.0,-0.08228448908275614
12055.0,-0.18272990242258205
12060.0,-0.1301624960688631
12065.0,-0.18954610851245127
12070.0,0.13817548621744777
12075.0,0.04958085349559413
12080.0,0.082534208849661
12085.0,0.10790162787687213
12090.0,-0.03955860593487621
12095.0,0.06671025450817224
12100.0,0.003557867992276448
12105.0,0.02349804011570051
12110.0,-0.05678946731908749
12115.0,-0.10817823785362043
12120.0,0.08999903556658082
12125.0,-0.00044811651971969624
12130.0,0.017560117838885267
12135.0,0.22904063129018915
12140.0,0.13764998044426702
12145.0,0.1227454662572661
12150.0,0.10560657745244806
12155.0,0.12615725590339003
12160.0,0.26835641232270435
12165.0,0.10750812043330354
12170.0,0.3611811850016026
12175.0,0.3323762752123438
12180.0,0.010823655160843493
12185.0,0.12776838310028277
12190.0,0.2866579840298228
12195.0,0.08467287395549834
12200.0,-0.014448947564389442
12205.0,0.21881703935389762
12210.0,0.3566429447306254
12215.0,-0.00898357570992156
12220.0,0.3195591158728726
12225.0,0.031138552608587416
12230.0,0.08839385922419156
12235.0,0.2458984536434482
12240.0,0.1517832255231266
12245.0,0.12911287747887062
12250.0,0.14744279023571266
12255.0,-0.030119270267759318
12260.0,0.36832208697777036
12265.0,0.1382334229501107
12270.0,0.06236294685965002
12275.0,0.04924234705637742
12280.0,0.2518322923812368
12285.0,0.21935957710372384
12290.0,-0.031839232915908344
12295.0,0.11826479720852477
12300.0,-0.0007340286982093214
12305.0,0.218723961728139
12310.0,0.08885493327529792
12315.0,0.23653458014771866
12320.0,0.23850558366550328
12325.0,0.2884337831992404
12330.0,0.10521514462770087
12335.0,0.0894906605625987
12340.0,0.1612097117442507
12345.0,0.3704493786997436
12350.0,0.6181233553016324
12355.0,1.50907309821989
12360.0,2.5942815957382037
12365.0,2.2341434389117065
12370.0,1.6946189299534795
12375.0,0.6005375182359549
12380.0,0.24859739709417136
12385.0,0.21962730696066285
12390.0,-0.02199368425246502
12395.0,0.1026897862345345
12400.0,0.20916930956229313
12405.0,0.09494928397025457
12410.0,0.14236986506889548
12415.0,-0.03951682882033109
12420.0,0.12405396116072509
12425.0,0.051136205327126635
12430.0,-0.030701170969226855
12435.0,-0.14795531622362715
12440.0,0.05406914203600076
12445.0,-0.13423048728594134
12450.0,0.024761476341797227
12455.0,0.15328042387643326
12460.0,-0.07448720476357437
12465.0,0.004752213851621466
12470.0,-0.18100090833987587
12475.0,0.037421976443758574
12480.0,-0.31517227916285745
12485.0,-0.07155783727673437
12490.0,-0.22182404579600756
12495.0,-0.2078591100865805
12500.0,-0.2139000463530427
12505.0,0.09061088347940019
12510.0,-0.22045264012323185
12515.0,0.053910863444117926
12520.0,-0.13555935243573988
12525.0,-0.2138555013338057
12530.0,-0.1440824980398093
12535.0,-0.16416168196309466
12540.0,-0.16419349842619094
12545.0,-0.03207909437195561
12550.0,-0.3646080376762689
12555.0,-0.12941854262686858
12560.0,-0.17392729806834167
12565.0,-0.12626354471312595
12570.0,-0.26875936055583166
12575.0,0.034602564237224964
12580.0,-0.1400577409650834
12585.0,-0.3003381787947705
12590.0,-0.24444255875642046
12595.0,-0.2241767336889333
12600.0,-0.2545332596854527
12605.0,-0.08424559992058128
12610.0,-0.33151550335402435
12615.0,0.10536608668115924
12620.0,-0.25652656502056964
12625.0,-0.2214185862213552
12630.0,-0.22187419962994812
12635.0,-0.1302302107256202
12640.0,-0.45727888321495125
12645.0,-0.20526416105353437
12650.0,-0.10812723571133016
12655.0,-0.24057254907724437
12660.0,-0.1426538395031718
12665.0,0.020951765918981402
12670.0,-0.31759550530437064
12675.0,-0.2874698696859659
12680.0,-0.18649944337235344
12685.0,-0.15751624874900874
12690.0,-0.18420327298350136
12695.0,-0.2784094238303908
12700.0,-0.25386612189402546
12705.0,-0.22409990040155425
12710.0,-0.10372222205697854
12715.0,0.15443767758615903
12720.0,-0.13419174059172206
12725.0,-0.3244317578429158
12730.0,0.0713052591698167
12735.0,-0.17570579958087823
12740.0,-0.02512689784686281
12745.0,-0.060685313228770896
12750.0,-0.11646596521857452
12755.0,-0.08450006272565226
12760.0,-0.3508990906032075
12765.0,0.04040144862769976
12770.0,-0.37868108746424406
12775.0,0.10827260776509114
12780.0,-0.07562634440923854
12785.0,-0.2897973883349748
12790.0,-0.0032448588358848784
12795.0,0.1779446517321133
12800.0,0.17963023307435091
12805.0,0.04885308035369461
12810.0,0.06406995208587024
12815.0,0.03452072919612061
12820.0,0.11900284767291949
12825.0,-0.008916812899296543
12830.0,0.11288587421305274
12835.0,-0.11024453519805626
12840.0,0.09536150366737597
12845.0,-0.10932157717545779
12850.0,-0.07876988999572804
12855.0,0.23743441709695293
12860.0,0.1059671852675499
12865.0,0.32479562536239914
12870.0,-0.032006485388823114
12875.0,-0.12885121993694454
12880.0,-0.022958818620296792
12885.0,0.22354836728871963
12890.0,0.20607436408619406
12895.0,-0.049473949377754886
12900.0,0.06208291204561117
12905.0,0.15143629478869558
12910.0,0.08600699139257406
12915.0,-0.11502332154162134
12920.0,0.47254161095381775
12925.0,0.416718194782837
12930.0,0.26494708720842863
12935.0,0.04158371911874992
12940.0,-0.04430914681336881
12945.0,0.27226518277485046
12950.0,0.25080041127148756
12955.0,0.32317547155887794
12960.0,0.3466855177599746
12965.0,0.15739734389507595
12970.0,0.15474568679469278
12975.0,0.21435718180977129
12980.0,0.16368994530606346
12985.0,0.05348569187565369
12990.0,0.19932493752631422
12995.0,0.3592407953325803
13000.0,0.2097200326911467
13005.0,0.24269095375398103
13010.0,0.4386395274468719
13015.0,0.12833853290180802
13020.0,0.20160635202278326
13025.0,0.17045712069373406
13030.0,0.19389429569235345
13035.0,0.2422191403796361
13040.0,0.06868755522707988
13045.0,0.17454740612544783
13050.0,0.4678684088608578
13055.0,0.055274896204049795
13060.0,0.21964824351324028
13065.0,0.3545324685286053
13070.0,0.5901823000641016
13075.0,0.9220195723631567
13080.0,1.6566024432089435
13085.0,2.561610743571063
13090.0,2.550443622237441
13095.0,1.549945144195587
13100.0,0.49483816949747444
13105.0,0.21910823070280802
13110.0,0.3076967330079614
13115.0,-8.653361914462421e-05
13120.0,0.3073178745523214
13125.0,-0.11739874755908546
13130.0,-0.029372131202269072
13135.0,0.16951078599958802
13140.0,0.15100432051020268
13145.0,-0.048668873533057835
13150.0,0.30190961683579165
13155.0,-0.0316807007315162
13160.0,0.10747189716839153
13165.0,0.2825612031951708
13170.0,0.1104398592524651
13175.0,0.18450620029266207
13180.0,-0.11499701558971961
13185.0,-0.047444348404989664
13190.0,-0.14784714159407594
13195.0,0.03228988588372845
13200.0,-0.01155394794740896
13205.0,-0.10350490591151196
13210.0,0.056985955275692834
13215.0,-0.08840688353968773
13220.0,0.1142907740085742
13225.0,0.012064593779963141
13230.0,-0.11962083269615648
13235.0,0.0306601901091465
13240.0,-0.04459493609218705
13245.0,0.11615908194835209
13250.0,-0.21082990600625928
13255.0,0.03865352124666668
13260.0,-0.11674421955364844
13265.0,-0.20940516211735422
13270.0,0.006518831169868108
13275.0,-0.24616466569724305
13280.0,-0.15871624502892245
13285.0,-0.11008669683672107
13290.0,-0.043761788586054104
13295.0,-0.12302012927519695
13300.0,-0.25716819810456215
13305.0,-0.10297332198929787
13310.0,-0.3558353061266158
13315.0,-0.36769909325194694
13320.0,-0.30410001004432685
13325.0,-0.10117995061599912
13330.0,-0.2828903261188525
13335.0,-0.14679189566069045
13340.0,-0.20850731979974665
13345.0,-0.2581663356786615
13350.0,-0.21067133886087525
13355.0,0.027896464799049808
13360.0,-0.07095355739719914
13365.0,-0.1968328455427053
13370.0,-0.21686075102373636
13375.0,-0.4533201565487582
13380.0,-0.043911708204961736
13385.0,-0.17407646288807735
13390.0,-0.10577848431170746
13395.0,-0.020215129271464294
13400.0,-0.24773095876750317
13405.0,0.02214630686121652
13410.0,-0.39580913285914227
13415.0,-0.24963499850076454
13420.0,-0.2948004241159923
13425.0,-0.2792816927980119
13430.0,-0.01966079784143765
13435.0,-0.09392621775927076
13440.0,-0.07542191611564071
13445.0,-0.25190136689125975
13450.0,-0.12173436485330466
13455.0,-0.3664480850488716
13460.0,-0.07738661638000162
13465.0,-0.3382440849964866
13470.0,-0.22954262345020238
13475.0,-0.2826711465506932
13480.0,-0.08684947774187413
13485.0,-0.27077181631499025
13490.0,-0.06820332024370798
13495.0,-0.055475758145176704
13500.0,-0.3007994616230252
13505.0,0.06111274671848248
13510.0,-0.022690500293920238
13515.0,-0.1675597891210685
13520.0,-0.15075678563203074
13525.0,-0.096499591276585
13530.0,-0.034892377297899464
13535.0,-0.03871551535450755
13540.0,-0.14801924780987796
13545.0,0.045202556900828555
13550.0,-0.09387061950719547
13555.0,-0.057735977556520934
13560.0,-0.11137894421129302
13565.0,0.08981200446852491
13570.0,0.09462980615405196
13575.0,0.1517238858615112
13580.0,-0.07362941347500461
13585.0,0.021761931200464175
13590.0,0.10137208639168348
13595.0,-0.0878786877015047
13600.0,-0.09974860140739145
13605.0,0.11309822472244507
13610.0,-0.05347751495303271
13615.0,0.037624596372936636
13620.0,-0.03252329745602012
13625.0,0.24469909772911413
13630.0,0.1779603682619389
13635.0,0.1359557199524201
13640.0,0.22919937141029623
13645.0,0.13086300112203342
13650.0,0.05952526575217423
13655.0,0.39355069053572206
13660.0,0.06654134399689206
13665.0,0.5744682033830555
13670.0,0.07873512546237339
13675.0,0.2500424402553378
13680.0,-0.04911230235517158
13685.0,0.21948559373879278
13690.0,0.1319937502009018
13695.0,0.12093681330259881
13700.0,0.152698066465175
13705.0,0.1336522725412092
13710.0,0.255247290824052
13715.0,0.41180779348179997
13720.0,0.11620631406398699
13725.0,-0.029745729318628733
13730.0,0.10012623800107577
13735.0,0.17446728622650057
13740.0,0.08303261128155706
13745.0,0.24176393052499523
13750.0,0.12714703375366426
13755.0,0.3265286175052794
13760.0,0.2248059655136997
13765.0,0.25814443897879713
13770.0,0.14940630687788645
13775.0,0.21364776047514886
13780.0,0.1092761957287111
13785.0,0.27826452847740163
13790.0,0.27088850035864204
13795.0,0.45424168226831657
13800.0,1.5150432623115657
13805.0,2.316651703552469
13810.0,2.723324565152399
13815.0,1.871704587831364
13820.0,1.0460791569094345
13825.0,0.3151477990892044
13830.0,0.14364411381328446
13835.0,0.1960524914473502
13840.0,0.027854602443641657
13845.0,0.14858874433186833
13850.0,0.21330389274199918
13855.0,0.10017451896377674
13860.0,0.11535481934250164
13865.0,0.08661796417336223
13870.0,0.19182181045780536
13875.0,0.16131113146555082
13880.0,0.221238467173248
13885.0,0.0515136814793212
13890.0,0.2512464442645984
13895.0,0.056656037300986554
13900.0,0.12999881929406848
13905.0,-0.045602206089043584
13910.0,-0.12922576551480416
13915.0,0.13071153843523098
13920.0,-0.09493068567336857
13925.0,0.19648820818142806
13930.0,-0.15011106941978686
13935.0,-0.14407782754885082
13940.0,-0.15916336468734804
13945.0,0.02395386512423544
13950.0,-0.12218349447248628
13955.0,-0.11832300038517751
13960.0,0.05247068145749896
13965.0,-0.16582544346551104
13970.0,-0.006336969237317407
13975.0,0.1551479684422651
13980.0,-0.1790197117238967
13985.0,-0.29329454416459505
13990.0,0.09085201597544028
13995.0,-0.007530921154104003
14000.0,-0.3052591042981746
14005.0,-0.07907691465998727
14010.0,-0.35410928966331273
14015.0,-0.015604596467537493
14020.0,0.009560571280131602
14025.0,-0.2684214563069278
14030.0,-0.002672406029387203
14035.0,-0.09431195188110557
14040.0,-0.03849126356237656
14045.0,-0.039535737698710424
14050.0,-0.20964084000814937
14055.0,-0.06713988291528082
14060.0,-0.14611111672039073
14065.0,-0.08893743710926465
14070.0,-0.2759541277454949
14075.0,-0.4355507925207083
14080.0,0.16396366056153375
14085.0,-0.2579188620851995
14090.0,-0.24998965212962468
14095.0,-0.41149735317992603
14100.0,-0.012937028312202392
14105.0,-0.3561336529930498
14110.0,-0.4000010024024032
14115.0,-0.28502218082084385
14120.0,-0.16687547118579538
14125.0,-0.204373464226671
14130.0,-0.45509573984823315
14135.0,-0.05246785429593717
14140.0,-0.011609907517243667
14145.0,-0.11764953217502844
14150.0,-0.20614505677482767
14155.0,-0.16744225733621068
14160.0,0.08477536681448611
14165.0,-0.2937898602466346
14170.0,-0.12321550301103501
14175.0,-0.1782178159339213
14180.0,-0.24498260770600777
14185.0,-0.19296618439595342
14190.0,-0.2027109461240578
14195.0,0.07453167514587317
14200.0,-0.06380940950168307
14205.0,-0.2806183544912946
14210.0,-0.2930178988516884
14215.0,-0.18615926166781566
14220.0,-0.009652167308750653
14225.0,-0.11383065611565972
14230.0,-0.05043201313444717
14235.0,0.0187897743032856
14240.0,-0.16200388332370172
14245.0,-0.008424248410650106
14250.0,-0.06207671002159897
14255.0,0.05112653668035172
14260.0,-0.04763768952937631
14265.0,0.1556185460674681
14270.0,-0.0988645848361168
14275.0,-0.05175241471168615
14280.0,-0.15475403430089257
14285.0,0.011945920234074273
14290.0,-0.01509646741588723
14295.0,-0.3103721421537188
14300.0,-0.25826218119228267
14305.0,-0.1780375262029038
14310.0,-0.11283287390103552
14315.0,0.1865821760231608
14320.0,-0.020411928121974655
14325.0,-0.01358846899321878
14330.0,0.06201807529881999
14335.0,0.05415738712761192
14340.0,0.16677711465177045
14345.0,0.014033831306280796
14350.0,-0.039087087258444515
14355.0,0.10617413572568019
14360.0,0.1877734541724576
14365.0,0.07982925282204455
14370.0,-0.010504745232326848
14375.0,0.11081683902210407
14380.0,0.057898796555345314
14385.0,0.0002473962483757475
14390.0,0.243967576264844
14395.0,0.02362042729705753
14400.0,0.05485922959218835
14405.0,-0.005710683484788939
14410.0,0.10005163993356943
14415.0,0.22650618165239447
14420.0,0.003265115897511328
14425.0,0.1947133459441488
14430.0,0.1295862875760219
14435.0,0.06036365758155965
14440.0,0.48048036387873533
14445.0,0.18661331868233677
14450.0,0.2135912139191431
14455.0,-0.018361454594316012
14460.0,0.4900494941018336
14465.0,0.21943007422966754
14470.0,0.22007070025302525
14475.0,0.3362128109316589
14480.0,0.1840128787719213
14485.0,0.20700374365697913
14490.0,0.04996954627572753
14495.0,0.13424316026414596
14500.0,0.13579305442046297
14505.0,0.31379397515371277
14510.0,0.3914253399161518
14515.0,0.22713753322432906
14520.0,0.983791261029836
14525.0,1.9258383414991942
14530.0,2.658860681071435
14535.0,2.409132482817615
14540.0,1.4505696596419413
14545.0,0.5815995129122256
14550.0,0.51496058791632
14555.0,0.027372325807076547
14560.0,0.21220157629154904
14565.0,0.3263054802248341
14570.0,0.26084137858556
14575.0,0.20825405637297412
14580.0,0.32377727523636257
14585.0,0.2461410331977374
14590.0,0.3349431677344812
14595.0,0.2876215478134733
14600.0,0.1843223593795739
14605.0,0.19076158549324276
14610.0,0.21403870695655366
14615.0,-0.016469538551358687
14620.0,0.11299962830208594
14625.0,0.2321239506717615
14630.0,0.08325368900566903
14635.0,0.14200466086325197
14640.0,0.11486475156633479
14645.0,0.13337559406359398
14650.0,-0.03756603425607023
14655.0,0.09882648278577774
14660.0,0.17960003590809503
14665.0,-0.15653290703602524
14670.0,-0.21677422835324575
14675.0,0.019494680095827062
14680.0,0.043844984880383304
14685.0,0.07062960685409564
14690.0,0.1343099961835962
14695.0,-0.09428504533962005
14700.0,0.04899744951390031
14705.0,0.08620258691609545
14710.0,0.05843155286810195
14715.0,-0.12243552224281129
14720.0,-0.10940532068198786
14725.0,-0.04961808249027775
14730.0,0.005365171713386026
14735.0,-0.048413076029414234
14740.0,-0.19020792811196885
14745.0,0.0649143669271503
14750.0,0.0911707775230598
14755.0,0.17196997682638004
14760.0,-0.14014938977984454
14765.0,-0.11013385685971225
14770.0,-0.038013358901278244
14775.0,-0.2675220520499355
14780.0,-0.23415194019020055
14785.0,-0.26342793061134717
14790.0,-0.0069714216899748604
14795.0,-0.08567063822816745
14800.0,-0.21742908123792792
14805.0,-0.32019795666456496
14810.0,-0.21071890060898246
14815.0,-0.01973922105840517
14820.0,-0.15910766549817495
14825.0,-0.039085910301225935
14830.0,-0.1772912848589395
14835.0,0.002185383480052816
14840.0,-0.23857745671339953
14845.0,-0.20642405335646263
14850.0,-0.17869159769234483
14855.0,-0.27373312827939367
14860.0,-0.2238483898631043
14865.0,-0.225907483616759
14870.0,-0.2897311612395689
14875.0,-0.03204341071530564
14880.0,-0.1526876595110121
14885.0,-0.3160479832778582
14890.0,-0.3074082453027046
14895.0,-0.19719189673690143
14900.0,-0.30924431402198377
14905.0,-0.03883173584216301
14910.0,-0.07824636692943952
14915.0,-0.23461388282333875
14920.0,-0.07204876380947203
14925.0,-0.2805292254328334
14930.0,-0.19379335668289457
14935.0,-0.1717746238822652
14940.0,-0.41879316236311614
14945.0,-0.11539394043070547
14950.0,-0.08988802057809382
14955.0,-0.24964221362573913
14960.0,0.01619258166741519
14965.0,-0.13923464285850187
14970.0,-0.21379962509223793
14975.0,0.058840898008464815
14980.0,-0.02326123259295082
14985.0,-0.16587424100967815
14990.0,0.10565292799198006
14995.0,0.10523384952983714
15000.0,-0.14278708432348358
15005.0,-0.01518411750671389
15010.0,0.14779577848593806
15015.0,-0.4190731506462674
15020.0,0.1020275374651337
15025.0,-0.15222248253119064
15030.0,-0.2452963780224775
15035.0,0.12193210607460439
15040.0,-0.14499395679481247
15045.0,-0.27977377238113743
15050.0,0.046366166143341526
15055.0,-0.2262503207251183
15060.0,-0.008168678942103897
15065.0,-0.06022987739377342
15070.0,0.025916481510189084
15075.0,-0.02485620809080194
15080.0,-0.14153582766018113
15085.0,-0.0226622738401141
15090.0,0.02192047007235331
15095.0,0.06944623873768427
15100.0,0.06805099053674024
15105.0,-0.03356038298753594
15110.0,-0.028752906760304404
15115.0,0.05124434436078409
15120.0,0.04857635059775772
15125.0,0.4329021291370625
15130.0,0.16896756741893798
15135.0,0.15171459184489938
15140.0,0.21834169215539512
15145.0,0.16342461920778906
15150.0,0.3117871134615785
15155.0,0.07526520125467394
15160.0,0.15283144420535846
15165.0,0.004155452119595643
15170.0,0.17657395257722405
15175.0,0.09445621666461779
15180.0,-0.11744453457323425
15185.0,0.054829946325540946
15190.0,0.31185925813499393
15195.0,0.21812191390434668
15200.0,0.24011305382055304
15205.0,0.12952195075975764
15210.0,0.3995597236633918
15215.0,0.25576429666491385
15220.0,0.050477003808039045
15225.0,0.11205347135330558
15230.0,0.3313746815834637
15235.0,0.1025148458555335
15240.0,0.4384039012040906
15245.0,0.8859327497257599
15250.0,1.3859213105446215
15255.0,2.460424991079491
15260.0,2.598625311742442
15265.0,1.6869514697946495
15270.0,0.7721500815454161
15275.0,0.4474780013362737
15280.0,0.34076961559540236
15285.0,0.2742579234716771
15290.0,0.16961644845619428
15295.0,0.2442359942526029
15300.0,0.2467099542254806
15305.0,0.18509123531859661
15310.0,0.11819309306831889
15315.0,0.0901565827233048
15320.0,0.26944713427457495
15325.0,0.1955617464852593
15330.0,0.10527171742295592
15335.0,0.13753382618195084
15340.0,0.3501181878991233
15345.0,0.05587948656195131
15350.0,0.1503750770003346
15355.0,0.28237344105993795
15360.0,0.15593999437366687
15365.0,-0.0702923023942704
15370.0,0.20025462596150218
15375.0,0.027405362695910873
15380.0,0.1463708411908563
15385.0,0.09540398852485751
15390.0,0.3157515897135729
15395.0,0.12376203341139583
15400.0,-0.0011470398565685547
15405.0,0.10340651365016176
15410.0,0.07610795876677987
15415.0,0.044780083349704375
15420.0,0.2689516899778151
15425.0,0.14281848669698888
15430.0,0.06684885341398439
15435.0,-0.1574405863189347
15440.0,-0.06508840138646466
15445.0,0.28501019458314236
15450.0,0.1485956544143459
15455.0,0.11215906072130868
15460.0,0.06738118054868758
15465.0,-0.18384068210327706
15470.0,-0.003737373602560882
15475.0,0.09736942875281568
15480.0,0.021355961398556216
15485.0,-0.09935814423642295
15490.0,0.014096670879624178
15495.0,0.05212310940466325
15500.0,-0.19968361121992817
15505.0,-0.2122779909856899
15510.0,-0.17584544913495828
15515.0,-0.3007049008607295
15520.0,-0.2543245600457783
15525.0,-0.2508324123590561
15530.0,-0.29763094790843775
15535.0,-0.2058869334554167
15540.0,-0.31383773766793055
15545.0,-0.27744434948348273
15550.0,-0.06461307115577221
15555.0,-0.16373057288590928
15560.0,-0.17338756350412537
15565.0,-0.2051754219679148
15570.0,-0.19706834983267923
15575.0,-0.16315162086285329
15580.0,-0.00949036630465172
15585.0,-0.25029196271880105
15590.0,-0.26139121139321414
15595.0,-0.22635329904832785
15600.0,-0.10299961228647715
15605.0,-0.20676622156594893
15610.0,-0.0396354189631023
15615.0,-0.11997853473205917
15620.0,-0.19801839737392965
15625.0,-0.09274350622443453
15630.0,-0.06898910248481294
15635.0,-0.3254088939135682
15640.0,-0.06634558538765667
15645.0,-0.1419637701308264
15650.0,-0.3600211384763471
15655.0,-0.3076211748687
15660.0,-0.3360986018205575
15665.0,-0.10004046146773905
15670.0,-0.09060619713351532
15675.0,0.001910729299172631
15680.0,-0.21387553553808586
15685.0,0.1742077739338974
15690.0,-0.09799074325833906
15695.0,-0.2056038324616605
15700.0,-0.2063689052685745
15705.0,-0.18780141466427908
15710.0,-0.2824762962191398
15715.0,-0.0725102021032511
15720.0,-0.2164580622366003
15725.0,-0.1335709021627726
15730.0,0.013973657829470937
15735.0,-0.073205629150735
15740.0,-0.07336983807995572
15745.0,-0.1929570503326381
15750.0,0.03621787863712431
15755.0,-0.16414660595672353
15760.0,-0.1100992184545014
15765.0,0.12774412918211092
15770.0,-0.330194993423162
15775.0,0.0008277816790527304
15780.0,-0.09675278163483794
15785.0,-0.26645492039900237
15790.0,-0.08591457825910853
15795.0,0.03621915808984939
15800.0,-0.09492828733733921
15805.0,0.07968854378982855
15810.0,-0.08269229636262071
15815.0,0.04062209121194094
15820.0,-0.1014322662305602
15825.0,-0.30538054953999266
15830.0,-0.03666180795190339
15835.0,-0.287476243858953
15840.0,0.030988422397711962
15845.0,0.10870799360390701
15850.0,0.27224045847666445
15855.0,0.09517122924366586
15860.0,-0.0415971996130809
15865.0,0.24597719460093115
15870.0,0.037237800214929354
15875.0,0.22924356881667535
15880.0,0.06291613970445192
15885.0,-0.10076331917254257
15890.0,-0.005942495167396575
15895.0,2.004575173884804e-05
15900.0,0.14331788374074525
15905.0,0.1784237404214754
15910.0,0.02921214573992023
15915.0,0.06670822518270206
15920.0,-0.04313550184350748
15925.0,0.13868219935728596
15930.0,0.10394581523367344
15935.0,-0.07614736881060838
15940.0,0.22277811398791658
15945.0,0.26675425822745175
15950.0,0.138140888096244
15955.0,0.31240786361880835
15960.0,0.41504086502751986
15965.0,0.4508872520703701
15970.0,0.29642418122688086
15975.0,0.47095128970856964
15980.0,1.207928184157275
15985.0,2.32662324114421
15990.0,2.752014415858488
15995.0,2.237111695166317
16000.0,0.9986252764662813
16005.0,0.559605654886618
16010.0,0.2817057376182216
16015.0,0.1977825183954117
16020.0,0.18005900485372955
16025.0,0.16897165211592768
16030.0,0.25152025873951217
16035.0,0.1866086540410816
16040.0,0.24584112940041386
16045.0,0.29249274488908583
16050.0,0.16524888283298622
16055.0,0.25498806866140555
16060.0,0.1224463341888168
16065.0,0.12639712286411847
16070.0,0.14723268971610368
16075.0,0.09740991891699431
16080.0,0.14002883533456012
16085.0,0.2178856561073953
16090.0,0.17702595271651367
16095.0,0.06175013437984546
16100.0,0.20797934608163124
16105.0,0.1746753798848053
16110.0,0.2578244519602756
16115.0,0.11278500707368382
16120.0,0.16448760738363272
16125.0,0.054686414456038474
16130.0,0.038456747815248216
16135.0,0.19807070653923528
16140.0,0.17800804094201894
16145.0,0.12677893285908554
16150.0,-0.03385094197748849
16155.0,0.31979868241763026
16160.0,0.06992058843920343
16165.0,0.0580757636211071
16170.0,0.21252202882093463
16175.0,-0.15605899596193773
16180.0,0.1501689327745052
16185.0,0.017650596515379063
16190.0,-0.0303334786001027
16195.0,0.15600234514571545
16200.0,-0.14840663537475532
16205.0,-0.11486074412276531
16210.0,0.15989992842748402
16215.0,-0.31395889663087745
16220.0,-0.06462837559040989
16225.0,-0.1262084170065928
16230.0,-0.05738190043846477
16235.0,-0.09149363112082932
16240.0,-0.11205139907693074
16245.0,0.02191233667769734
16250.0,-0.06003565639133339
16255.0,-0.08822276605517726
16260.0,-0.25949546968335085
16265.0,-0.021517340111938232
16270.0,0.01744193889121959
16275.0,-0.1727486827581977
16280.0,-0.03993175770425465
16285.0,-0.14061639844669543
16290.0,-0.14467008058857656
16295.0,0.057167954724769765
16300.0,-0.02125223441253786
16305.0,-0.05547451527272594
16310.0,-0.19543199269459893
16315.0,-0.19336372263660806
16320.0,-0.3207428469975029
16325.0,-0.22240063760206288
16330.0,-0.16259690088798295
16335.0,-0.2779602140646613
16340.0,-0.003342057884695604
16345.0,-0.0948977368218128
16350.0,-0.11845668055051545
16355.0,-0.24205581258998754
16360.0,0.03860882729126189
16365.0,-0.20890377514832303
16370.0,-0.25730267268068285
16375.0,-0.10874692990856147
16380.0,-0.12303394465371532
16385.0,-0.1454257947337298
16390.0,-0.18180886099147342
16395.0,-0.17466348003181956
16400.0,-0.2646135066842704
16405.0,-0.2114380811253547
16410.0,-0.041671840297974716
16415.0,-0.19456369147775643
16420.0,-0.1665901549819268
16425.0,-0.043563564984416714
16430.0,-0.20366834895382696
16435.0,-0.10563901669666671
16440.0,-0.27488788192579855
16445.0,-0.038284238898482814
16450.0,-0.04738767103381861
16455.0,-0.0629425855253734
16460.0,-0.048865148837183014
16465.0,-0.19180736219276878
16470.0,-0.060285293237524684
16475.0,-0.30430119092530183
16480.0,-0.3232307378177985
16485.0,-0.21757630373698297
16490.0,-0.2915346826582922
16495.0,-0.1398122427540833
16500.0,0.049253225233128334
16505.0,-0.22413740027507997
16510.0,-0.16835983707397886
16515.0,-0.24253707928341472
16520.0,-0.0177084850442229
16525.0,-0.002843129698606811
16530.0,-0.02669495140550067
16535.0,-0.09369676562755319
16540.0,-0.02906638729880738
16545.0,0.10128814203536549
16550.0,0.1195043756475318
16555.0,0.10604380941215134
16560.0,-0.01485375689431746
16565.0,-0.051363452211187016
16570.0,-0.18451351950563535
16575.0,0.008263014996015894
16580.0,-0.0879133251765157
16585.0,-0.11252620670050605
16590.0,0.08592285704642433
16595.0,0.03767586854797068
16600.0,0.030446491160684694
16605.0,0.1343082237317698
16610.0,-0.0019772728824761845
16615.0,-0.17199299162330745
16620.0,0.11779797770258063
16625.0,0.16307065134713533
16630.0,-0.13946032866526953
16635.0,0.19634948784818024
16640.0,-0.07684848322670235
16645.0,0.029996789485811116
16650.0,0.1782085575852381
16655.0,0.12741009303659806
16660.0,0.3138566404947949
16665.0,0.22997215450442327
16670.0,0.06887956483124294
16675.0,0.07508464108074797
16680.0,0.2168294212775344
16685.0,-0.035799749974296524
16690.0,0.2984214562525346
16695.0,0.16070617753623487
16700.0,0.2394059294340937
16705.0,0.1520193959952209
16710.0,0.09375701447790054
16715.0,0.5515463255140015
16720.0,1.0613725129729479
16725.0,2.259789885305223
16730.0,2.8522472943537713
16735.0,2.487258716033413
16740.0,1.1314517046087498
16745.0,0.5656720020051453
16750.0,0.37911575466703507
16755.0,0.33350491001782917
16760.0,0.24693074139938131
16765.0,0.01452060547128331
16770.0,0.3214803631998489
16775.0,0.20688193731183838
16780.0,0.012334718723264582
16785.0,0.28615461429858474
16790.0,0.09996469189697217
16795.0,0.025991036796024602
16800.0,0.2024230323685248
16805.0,0.2555190112616632
16810.0,0.16826563539610123
16815.0,0.18370102647267678
16820.0,0.17348595410167317
16825.0,0.17428536699362576
16830.0,0.22222086663229756
16835.0,0.22692868311169118
16840.0,0.3211700843540153
16845.0,-0.08168751345536202
16850.0,0.16882295385763837
16855.0,0.06708063199290036
16860.0,0.13307473454118915
16865.0,0.17538665755075195
16870.0,0.23042606671624655
16875.0,0.30379833955084623
16880.0,0.1003100904579243
16885.0,0.008379451711914884
16890.0,0.07445728338873753
16895.0,0.19771811717543974
16900.0,0.20816173004430466
16905.0,0.22424200047675946
16910.0,0.09650372480860371
16915.0,0.1478513739643047
16920.0,0.19186934069412737
16925.0,0.20447154635291298
16930.0,-0.0009093476812881002
16935.0,-0.04462269851020882
16940.0,-0.14410434749566586
16945.0,-0.11098031891158999
16950.0,0.02470707486660927
16955.0,-0.01731883443386492
16960.0,0.034320638954192385
16965.0,0.07296778380258657
16970.0,-0.1471287779984218
16975.0,0.02840255189102978
16980.0,0.03157432458921468
16985.0,0.06689938620816138
16990.0,-0.3225953083163612
16995.0,0.06164015397062967
17000.0,-0.09213412796458356
17005.0,-0.3433384874279457
17010.0,-0.20217519548426166
17015.0,0.044348485002818266
17020.0,-0.059360971669637955
17025.0,-0.07199811067018298
17030.0,0.0007495255823407876
17035.0,0.051389267654751644
17040.0,-0.1334917869292366
17045.0,-0.3359251759431674
17050.0,-0.14048632888451915
17055.0,0.007888151119730707
17060.0,-0.2450613152329354
17065.0,-0.18099938182368855
17070.0,-0.2783101416919712
17075.0,-0.131323104012517
17080.0,-0.3779288402666965
17085.0,-0.08005165362227691
17090.0,-0.09557344193626686
17095.0,0.02332069551521418
17100.0,-0.13885464069914644
17105.0,-0.24079911715746125
17110.0,-0.19976095248477072
17115.0,-0.13450933380444619
17120.0,-0.17810906413414254
17125.0,0.056965179079316336
17130.0,0.04215801612018483
17135.0,-0.25392755888581164
17140.0,-0.18534396255884622
17145.0,-0.37357649396082004
17150.0,-0.17779175218892607
17155.0,-0.08143469067552615
17160.0,-0.26277326898849185
17165.0,-0.4545294081464022
17170.0,-0.08914636050656642
17175.0,-0.3278788347883397
17180.0,-0.047180342953683174
17185.0,-0.43289722906330597
17190.0,-0.11851011830119208
17195.0,0.0022558733922807273
17200.0,-0.14115210299951508
17205.0,-0.21874888060224476
17210.0,-0.16476430493550834
17215.0,-0.38357614344870317
17220.0,-0.2701415134231673
17225.0,-0.05613468379834308
17230.0,-0.027394140994021737
17235.0,-0.27699825852474225
17240.0,-0.2546272038692863
17245.0,-0.02971394587470924
17250.0,-0.3209118860868946
17255.0,0.01299280061325625
17260.0,-0.10281593578951641
17265.0,-0.06188705291414319
17270.0,-0.10946748590693492
17275.0,-0.051931468544643845
17280.0,-0.2632878095667158
17285.0,-0.1713542731413184
17290.0,0.09363357375452815
17295.0,-0.011598934602480626
17300.0,-0.24055512540627297
17305.0,0.060312788314682314
17310.0,-0.021783506069865458
17315.0,0.16792786547946062
17320.0,-0.029915584787304828
17325.0,-0.013254519976867241
17330.0,-0.20970951848695898
17335.0,0.1335492919716249
17340.0,-0.06442133265415591
17345.0,-0.08657368184236333
17350.0,0.007419799623508798
17355.0,-0.12717823487653418
17360.0,0.02858070328624778
17365.0,0.0831565051557169
17370.0,0.03843261262597923
17375.0,0.12974894371390588
17380.0,0.20894467713851933
17385.0,0.11357913764447178
17390.0,-0.05034377497827397
17395.0,0.17422090008341085
17400.0,0.2560592500140513
17405.0,0.22876585796096288
17410.0,0.07494309980716946
17415.0,0.17603456705724335
17420.0,0.3357119253634488
17425.0,0.12012609076324252
17430.0,0.10409847064983616
17435.0,-0.004770749701906912
17440.0,0.12735885893449572
17445.0,0.30579337153719655
17450.0,0.07425789018426424
17455.0,-0.08808282730649183
17460.0,0.04105901805136619
17465.0,0.4879374550268031
17470.0,0.9333765682239978
17475.0,2.0672718825537766
17480.0,2.852477201816816
17485.0,2.1356535990458663
17490.0,1.3490756157293988
17495.0,0.5066497536167186
17500.0,0.2864820090045674
17505.0,0.05473736913261518
17510.0,0.21043807230016662
17515.0,0.05030687916047788
17520.0,-0.0026992266230957407
17525.0,0.4158451925240275
17530.0,0.11222204329565232
17535.0,0.05195434660765191
17540.0,0.2736917282132678
17545.0,0.0524559749772055
17550.0,0.19532806226994257
17555.0,0.09002656950762576
17560.0,0.30032373072376556
17565.0,0.05575698589935327
17570.0,0.2095096810118351
17575.0,0.08058395836927991
17580.0,0.2669813837156341
17585.0,-0.002102078307099381
17590.0,-0.07599023908644525
17595.0,0.26329351232146214
17600.0,-0.03425233067503747
17605.0,0.26061759150298547
17610.0,0.09955926899985176
17615.0,0.07998841676467533
17620.0,0.34660431630762356
17625.0,0.0667449605808766
17630.0,0.13171769828426746
17635.0,0.12219416528418232
17640.0,0.16190594914358825
17645.0,0.08377848023726644
17650.0,0.2692350110881224
17655.0,0.1476278956026725
17660.0,0.12974695854020435
17665.0,0.017300425308266643
17670.0,0.31651396129679654
17675.0,-0.002691316336480745
17680.0,0.09446546666822914
17685.0,0.06483205478493234
17690.0,0.003774363768158061
17695.0,0.109493958072861
17700.0,0.04665883907386345
17705.0,0.1277680751795506
17710.0,0.06535454382734487
17715.0,-0.05788774957615109
17720.0,-0.0026950954752390944
17725.0,-0.0755886465092891
17730.0,0.11627121677888769
17735.0,-0.04799568119350435
17740.0,0.010981039630559242
17745.0,-0.15199440242702472
17750.0,0.08469799173222411
17755.0,-0.04774731729802471
17760.0,0.09598447313524933
17765.0,-0.24810985271915925
17770.0,-0.1739270302205728
17775.0,-0.14283402194155198
17780.0,-0.265608150372203
17785.0,-0.06383415999035988
17790.0,-0.18992301171007775
17795.0,-0.07765367408271502
17800.0,-0.18784016848527357
17805.0,-0.2174986663387063
17810.0,-0.19196862289798977
17815.0,-0.36384042089166097
17820.0,-0.19340629659718894
17825.0,-0.08062325347159699
17830.0,-0.34164178330312667
17835.0,-0.4346938972457266
17840.0,-0.30260913636086884
17845.0,-0.1582048837087588
17850.0,-0.22306351397661434
17855.0,-0.13721712448501017
17860.0,-0.34518834002046883
17865.0,-0.4112919041307665
17870.0,-0.2271600848836017
17875.0,-0.1301912593671154
17880.0,-0.14959434154762857
17885.0,-0.28923177970649716
17890.0,-0.11243902947884796
17895.0,-0.32849608663064844
17900.0,-0.20491899961600848
17905.0,-0.07137309712691403
17910.0,-0.28249625658988364
17915.0,-0.2864578193360574
17920.0,0.14320819989950612
17925.0,-0.37412264768114883
17930.0,0.008814703282178205
17935.0,-0.31075961951920805
17940.0,-0.3793111548605258
17945.0,-0.24576797191356217
17950.0,-0.13939909296060174
17955.0,-0.10415890668244357
17960.0,-0.3200823504070842
17965.0,-0.3473684964618038
17970.0,-0.15359000417603327
17975.0,-0.2998036387690194
17980.0,0.050444798754389675
17985.0,-0.14648272660634926
17990.0,-0.04415299428530567
17995.0,-0.24315639954349472
18000.0,-0.15194249648445535
18005.0,0.017212059903651183
18010.0,0.1905435608747055
18015.0,0.05283964075384315
18020.0,-0.03835088384780297
18025.0,-0.06181788084379505
18030.0,-0.18240621271565455
18035.0,-0.23588270833120714
18040.0,0.09597407934069191
18045.0,0.05392709502161244
18050.0,-0.06935356106549619
18055.0,0.16402663870450776
18060.0,-0.0921623337276154
18065.0,-0.12457237475549088
18070.0,-0.07164484337706697
18075.0,0.10722047040777138
18080.0,-0.007659717532676781
18085.0,-0.08037895692508466
18090.0,0.1572434528460626
18095.0,0.07688831958236814
18100.0,0.03852903096903504
18105.0,-0.16733520444789993
18110.0,0.031037918091668233
18115.0,-0.0687345610720205
18120.0,-0.018319038902936603
18125.0,0.09666957288607175
18130.0,-0.08734509192051262
18135.0,0.1880783813796213
18140.0,0.11657499711424768
18145.0,-0.2973971587652366
18150.0,0.2464691505800324
18155.0,0.044141777692780014
18160.0,0.20422001199120482
18165.0,-0.01712790514331651
18170.0,0.36380920336421674
18175.0,0.35052108377173796
18180.0,0.14963949084420342
18185.0,-0.005944925771203646
18190.0,-0.012875219637772772
18195.0,-0.06875541393315512
18200.0,0.05155160666295211
18205.0,0.12819581153979034
18210.0,0.12657326858122614
18215.0,0.23858870423384515
18220.0,0.19013387507575613
18225.0,0.43276394801586937
18230.0,0.07698103267032062
18235.0,0.062193764806021054
18240.0,0.2300450311115477
18245.0,0.4923580820068121
18250.0,0.17165340094852044
18255.0,0.16012711705268812
18260.0,0.23524958992178593
18265.0,0.20623605818821789
18270.0,0.26243960146619466
18275.0,0.01858536404759517
18280.0,0.13532427058575142
18285.0,0.1350900718419908
18290.0,0.20551915721097536
18295.0,0.31445973053666
18300.0,-0.02571801373933752
18305.0,0.19145160261190167
18310.0,0.2667401443777364
18315.0,0.150143043036674
18320.0,0.21447842179337856
18325.0,0.1414751901072183
18330.0,-0.048241995538042814
18335.0,0.1564881644448163
18340.0,0.14832654794650021
18345.0,0.22943311125399457
18350.0,0.22119353382311588
18355.0,0.09349574682911896
18360.0,0.2676986132554186
18365.0,0.19723556072091564
18370.0,0.12437026238714359
18375.0,-0.13084671473259726
18380.0,0.42713584674598926
18385.0,0.18949209369480902
18390.0,-0.02353849211188533
18395.0,0.14596540665654026
18400.0,0.03692053324518557
18405.0,0.07606110104233928
18410.0,0.10239742128974408
18415.0,0.26689899214755064
18420.0,0.17565168608116588
18425.0,0.1066991351547596
18430.0,0.04643492856720765
18435.0,0.14162727930757155
18440.0,0.26338779021341385
18445.0,0.013932372179972667
18450.0,0.150040269775431
18455.0,-0.07246424198968465
18460.0,0.13990631835435335
18465.0,0.22243450225841002
18470.0,0.05438349443064461
18475.0,-0.1074256396456872
18480.0,-0.12017542073850114
18485.0,-0.15376879000375687
18490.0,-0.024442770650639285
18495.0,-0.06688784980294002
18500.0,0.028060229214319325
18505.0,-0.17954143734129335
18510.0,0.01916471040984987
18515.0,-0.1143445434367333
18520.0,-0.2775809682384137
18525.0,-0.014134869757125162
18530.0,-0.12412820261251989
18535.0,0.015450477619806627
18540.0,-0.14749658237215205
18545.0,-0.05580942374927388
18550.0,-0.18529024885344977
18555.0,0.005252318995713101
18560.0,-0.03640678681688292
18565.0,-0.0005408234009804669
18570.0,-0.06239642390307387
18575.0,-0.10577075814320018
18580.0,-0.11333829165455307
18585.0,0.006329027392637576
18590.0,-0.2917082363292696
18595.0,-0.1700670191615586
18600.0,-0.23149605480305205
18605.0,-0.2349581202806551
18610.0,-0.3781554578588517
18615.0,-0.2740492171145079
18620.0,-0.03076018246006415
18625.0,-0.31297668998235467
18630.0,-0.21772432793046298
18635.0,-0.1429708762593987
18640.0,-0.4050592548415284
18645.0,-0.27251025131030526
18650.0,-0.07712223259553448
18655.0,-0.13133238723739277
18660.0,-0.34056500872609996
18665.0,-0.008160531357330358
18670.0,-0.5981946972707457
18675.0,-0.16681730245670806
18680.0,-0.03177230142373394
18685.0,-0.28474972021053824
18690.0,-0.17764002956613228
18695.0,-0.2047287860371303
18700.0,-0.04481219875826206
18705.0,-0.08683019209701874
18710.0,-0.2713271309579485
18715.0,-0.0021953909758577195
18720.0,-0.18106167798031042
18725.0,-0.1901808693619701
18730.0,-0.3214540689221701
18735.0,-0.25481646300294103
18740.0,-0.08812337232650773
18745.0,0.088821079148094
18750.0,-0.2522408155381174
18755.0,-0.22461392594290647
18760.0,-0.3232585642350654
18765.0,-0.08965740433773156
18770.0,0.22329705782773254
18775.0,-0.060500751028611896
18780.0,-0.23315862356640002
18785.0,-0.14483158915429292
18790.0,-0.09850840100737968
18795.0,-0.195295172641688
18800.0,-0.12778915009994185
18805.0,-0.18316149212468852
18810.0,-0.05868634712436763
18815.0,0.014012344329286504
18820.0,-0.03375604936662346
18825.0,0.08358843539976712
18830.0,-0.34457377426682184
18835.0,-0.06905968404300479
18840.0,-0.09673822697163609
18845.0,0.07492951873534551
18850.0,0.06924469333928786
18855.0,-0.12484355233715998
18860.0,0.10087956141319955
18865.0,-0.006587059604760633
18870.0,-0.0133745311348831
18875.0,0.0688609040302807
18880.0,0.06623266932877356
18885.0,-0.1620676632058855
18890.0,-0.2727381872245243
18895.0,0.23106567579801285
18900.0,0.05006740775436587
18905.0,0.006160919753977839
18910.0,0.1288870741398943
18915.0,0.3467367994400119
18920.0,-0.16563230260567802
18925.0,0.10632988683601358
18930.0,0.25036072372771856
18935.0,0.20260150568833035
18940.0,0.06540425958974581
18945.0,0.23188326664768866
18950.0,0.2731384018466385
18955.0,0.13297075375012324
18960.0,0.3265153608139538
18965.0,0.08748925781916682
18970.0,0.013037237428501824
18975.0,0.3330327232670444
18980.0,0.19001810020754337
18985.0,0.22028744404940823
18990.0,0.07262271431242195
18995.0,0.11149482566946149
19000.0,0.1612249147806367
19005.0,0.25680862399211657
19010.0,0.42469779234631166
19015.0,0.3971269426134942
19020.0,0.38833177186119633
19025.0,0.22320098218563783
19030.0,0.20119707264568323
19035.0,0.1618089549340908
19040.0,0.19364209875669533
19045.0,0.11227984591804516
19050.0,0.30503768616390287
19055.0,0.43962434700051634
19060.0,0.40160157959384946
19065.0,0.03519488210327143
19070.0,0.19800037304832555
19075.0,0.30863812903080434
19080.0,0.22368889935002262
19085.0,0.11834632906925258
19090.0,-0.0656944218419345
19095.0,-0.13342394909349933
19100.0,0.22227803529200768
19105.0,0.05920934749574655
19110.0,0.18145885344951215
19115.0,0.2796914505388598
19120.0,0.1083141479985867
19125.0,0.24012647390603892
19130.0,0.025318048426275053
19135.0,-0.02782493617305712
19140.0,0.18816439994129486
19145.0,-0.05310334245784007
19150.0,0.43818808144634475
19155.0,0.1438356164264541
19160.0,0.13947156852634204
19165.0,0.20157403290668083
19170.0,0.09554216939444114
19175.0,0.0023215855942340657
19180.0,0.18122553046909057
19185.0,0.07110912877626063
19190.0,-0.02702535400675466
19195.0,-0.02042484574201485
19200.0,0.15185873718089735
19205.0,0.08693788744215439
19210.0,-0.04939171298013899
19215.0,0.11755425642165511
19220.0,0.1441202209172998
19225.0,-0.11448198143466035
19230.0,0.012118018496746003
19235.0,0.09904450561104673
