timestamp_ms,signal
0.0,2.5001107138021736
5.0,1.9822199783314782
10.0,0.9116735791860685
15.0,0.20827974259355164
20.0,-0.007741144126772029
25.0,-0.047882278039953416
30.0,0.054893716084673964
35.0,0.1781291521670136
40.0,0.02114035268961073
45.0,0.017411764833414868
50.0,0.12502869722889273
55.0,0.12061064478105717
60.0,0.10537239013065147
65.0,0.019370834252789487
70.0,0.10752915515569929
75.0,0.1795967420893383
80.0,0.0026946513582900428
85.0,0.08892836747082745
90.0,-0.03478229457740917
95.0,0.02624667557916527
100.0,-0.017720782762048498
105.0,0.1323504986504841
110.0,0.044645377319855115
115.0,0.18806070516080742
120.0,0.18240179475775956
125.0,0.1558255608829213
130.0,-0.04980357422150544
135.0,0.1319711581936217
140.0,0.17952391076465452
145.0,0.1972030760784398
150.0,0.05208470497563181
155.0,0.14926132468184683
160.0,0.10632086324756496
165.0,0.12338325985632718
170.0,0.29310998004633837
175.0,0.1260584192517666
180.0,0.19657204387571403
185.0,0.27951024035452404
190.0,0.14746024360567772
195.0,0.18965309264539193
200.0,0.20902336444280625
205.0,0.20385169691370997
210.0,0.08654216499719501
215.0,0.20199404989301692
220.0,0.3154410387082383
225.0,0.0515741352903753
230.0,0.26550059195447634
235.0,0.19591039333022392
240.0,0.12412714989548637
245.0,0.35827224628599263
250.0,0.24290401237587717
255.0,0.0621279567742203
260.0,0.1722385310146238
265.0,0.21261490492516058
270.0,0.13862424809601678
275.0,0.21170823518742712
280.0,0.13863061753421752
285.0,0.19878928686574382
290.0,0.26208304166942087
295.0,0.06545520504153846
300.0,0.13797690375585603
305.0,0.07121859535559083
310.0,0.11739627583401448
315.0,-0.00806344778449479
320.0,0.03931738164192181
325.0,0.06630860113194259
330.0,0.157220946899503
335.0,0.17163563680117588
340.0,-0.05843740785001175
345.0,-0.018828614266150352
350.0,0.10282815083351757
355.0,-0.1428707248765819
360.0,-0.01346128623373962
365.0,0.01119613130042809
370.0,0.12477662176633637
375.0,0.06536472949723751
380.0,-0.0344634849790316
385.0,-0.046510059150024124
390.0,-0.044156612952634844
395.0,0.10721538323024891
400.0,-0.07663583740665506
405.0,-0.07358999743322994
410.0,-0.022590617596811323
415.0,-0.07316354666223386
420.0,-0.08791222605483894
425.0,-0.17816334524362265
430.0,-0.08653967249805233
435.0,-0.13288206767401953
440.0,0.004696090139451131
445.0,-0.048599067235194755
450.0,-0.1164851889193626
455.0,-0.06089477284389485
460.0,-0.15816400155755372
465.0,-0.039189592989121974
470.0,-0.14043975044624019
475.0,-0.09327926266861336
480.0,-0.26754089114069945
485.0,-0.1254733785506015
490.0,-0.31365507226665923
495.0,-0.34965770795619133
500.0,-0.19835344044179737
505.0,-0.2561196785038293
510.0,-0.16423312003161666
515.0,0.019469262149179156
520.0,-0.26065798658123973
525.0,-0.24487936124014403
530.0,-0.172832022325692
535.0,-0.14920901834615952
540.0,-0.21138256946453765
545.0,-0.2156261911388989
550.0,-0.1351151084277048
555.0,-0.15244511516424494
560.0,-0.29282180830621757
565.0,-0.20712467385037978
570.0,-0.19668274141554293
575.0,-0.29427544993304333
580.0,-0.1751535094593378
585.0,-0.27457767008877715
590.0,-0.10835554997799526
595.0,-0.17663443459369257
600.0,-0.18374727121341317
605.0,-0.24244778324506186
610.0,-0.19707197161528175
615.0,-0.36301255056688364
620.0,-0.2815423170432212
625.0,-0.14324836206965
630.0,-0.3633579324493114
635.0,-0.0911768884429599
640.0,-0.31981456109716777
645.0,-0.08957127082723522
650.0,-0.22851062031227515
655.0,-0.07678026841350151
660.0,-0.1293224564314464
665.0,-0.27339686501090876
670.0,-0.016397505246325383
675.0,0.007417193997188737
680.0,-0.12156208988888034
685.0,-0.13339457695893503
690.0,-0.11604384243720887
695.0,-0.18215676732733344
700.0,0.011906360453107181
705.0,-0.1282491498543662
710.0,-0.07628063324404089
715.0,-0.13523037734169013
720.0,-0.11222967861460284
725.0,-0.16283075664009194
730.0,0.07343138760768293
735.0,-0.04537316779016979
740.0,0.0636819126735469
745.0,-0.013757205563217922
750.0,-0.06913216080277176
755.0,-0.027705421839164295
760.0,-0.04039539256882646
765.0,0.01905346862467773
770.0,-0.007156948875087114
775.0,0.007857825758758846
780.0,-0.08104772395466914
785.0,-0.02149360207874175
790.0,0.2079975030338708
795.0,0.006628480981362442
800.0,-0.02003819477187045
805.0,0.11285049688878318
810.0,0.21666331271621136
815.0,-0.03349192736496902
820.0,0.08579571748332154
825.0,0.0546888717640463
830.0,-0.04010090942579375
835.0,0.19114597881888773
840.0,0.12928736707382177
845.0,0.1439937431430527
850.0,0.07578381025076877
855.0,0.19010120131142
860.0,0.10605370974183773
865.0,0.14688067957705245
870.0,0.06487270450596491
875.0,0.05975538421705012
880.0,0.2936972409007632
885.0,0.13185352118835222
890.0,0.20742964444757378
895.0,0.1815082406749854
900.0,0.14789692710635113
905.0,0.14460847625653414
910.0,0.24942698756673515
915.0,0.16761152652195732
920.0,0.1828716290618583
925.0,0.19988234482801945
930.0,0.30480550464491535
935.0,0.26085779784311053
940.0,0.23439139037836354
945.0,0.14923439905349806
950.0,0.07523000251927972
955.0,0.284369753917978
960.0,0.28485189140455514
965.0,0.18382400519471997
970.0,0.2435323434156702
975.0,0.263029628135924
980.0,0.2651088098564486
985.0,0.2704988395555312
990.0,0.14351525348836605
995.0,0.31749462323216127
1000.0,0.06526544637322515
1005.0,0.2510176217133631
1010.0,0.21361904837700796
1015.0,0.2431998509330098
1020.0,0.32880817016340436
1025.0,0.5516416559821062
1030.0,0.9657539968276597
1035.0,1.938461790853554
1040.0,2.711030258337454
1045.0,1.9869923523718793
1050.0,1.0435269087011683
1055.0,0.45740471705610936
1060.0,-0.03642959327675695
1065.0,-0.08539865645612507
1070.0,0.12064251572022792
1075.0,0.09393744451230975
1080.0,0.06030142062397827
1085.0,0.07822973239409363
1090.0,-0.010476670075602573
1095.0,-0.07715288121463551
1100.0,0.03605203702007455
1105.0,-0.044502067776282746
1110.0,-0.11313542194091292
1115.0,0.0720550066006509
1120.0,0.012737570552953978
1125.0,0.04653904955716895
1130.0,-0.08741430369663712
1135.0,-0.06593510644536041
1140.0,-0.1049440965421767
1145.0,-0.10312231067581283
1150.0,-0.013991660451897012
1155.0,-0.11024510329511182
1160.0,-0.01586138863223839
1165.0,-0.025376127681211044
1170.0,0.11836065009475454
1175.0,-0.19709360249364044
1180.0,0.00045441108436169997
1185.0,-0.09508700816379735
1190.0,-0.09572097872046603
1195.0,-0.2322072920097661
1200.0,-0.15022166532309278
1205.0,-0.048812273715716045
1210.0,-0.12981804711095515
1215.0,-0.12158260592832269
1220.0,-0.1613007928656145
1225.0,-0.03724922905233699
1230.0,-0.1488722171148736
1235.0,-0.35050120968774945
1240.0,-0.22000978598734894
1245.0,-0.33990062287776024
1250.0,-0.46004161751872824
1255.0,-0.219535169422785
1260.0,-0.05591876548508887
1265.0,-0.17550731876567313
1270.0,-0.28877416476079026
1275.0,-0.27108689226384874
1280.0,-0.08752396064512083
1285.0,-0.17761944040511216
1290.0,-0.18967964184355057
1295.0,-0.20066811556220096
1300.0,-0.1939175324599937
1305.0,-0.12606143635675546
1310.0,-0.1496466249757892
1315.0,-0.1804479041586863
1320.0,-0.29385619349324166
1325.0,-0.1537877980270937
1330.0,-0.26081256617613674
1335.0,-0.09988112466397273
1340.0,-0.3114744474828717
1345.0,-0.20787629636535326
1350.0,-0.19422384526846667
1355.0,-0.31051489423307377
1360.0,-0.03372247745601381
1365.0,-0.05433889043424922
1370.0,-0.22425113186728457
1375.0,-0.10950993818124491
1380.0,-0.14100958866736663
1385.0,-0.40613244602037735
1390.0,-0.14390125277606985
1395.0,-0.16719410989606417
1400.0,-0.14913900743461025
1405.0,-0.24823085330728883
1410.0,-0.16997422932527045
1415.0,-0.15594419644241533
1420.0,-0.026897492378460522
1425.0,-0.09742029753671032
1430.0,-0.12149009207275714
1435.0,0.023355776012363813
1440.0,-0.15728689727881526
1445.0,-0.13524008775138333
1450.0,-0.25640216987570597
1455.0,0.05578370012204051
1460.0,0.008960784534628868
1465.0,0.01242899331125269
1470.0,-0.0020230108160010363
1475.0,-0.04433902648219022
1480.0,-0.026792748653824
1485.0,-0.0607215263774402
1490.0,-0.04815311790901916
1495.0,-0.016678121775615614
1500.0,0.12280027657049984
1505.0,0.045071624157207675
1510.0,-0.0018690302127309304
1515.0,-0.04042612402175685
1520.0,-0.03712426675773486
1525.0,0.17254072307396437
1530.0,0.08212168430666614
1535.0,0.05075853872695092
1540.0,0.021604227771208656
1545.0,-0.03906419340355419
1550.0,0.06261763900443866
1555.0,0.15502982674744137
1560.0,0.048705055149954005
1565.0,0.0710685083889933
1570.0,0.07895531622874594
1575.0,0.11586838098476289
1580.0,-0.03039362085508171
1585.0,0.09856786405060441
1590.0,0.04942660090978128
1595.0,0.21228405464668199
1600.0,0.06943642602457381
1605.0,0.1966024988363143
1610.0,0.2874945230948003
1615.0,0.12743745826821828
1620.0,0.10661502261921225
1625.0,0.18280250071918736
1630.0,0.16992028442368282
1635.0,0.08491145035208707
1640.0,0.21975106925062016
1645.0,0.3632867180323424
1650.0,0.16196640898781023
1655.0,0.1699223710902998
1660.0,0.09679543053058388
1665.0,0.22188408689914227
1670.0,0.08292977027655046
1675.0,0.0971865762463431
1680.0,0.313291525604915
1685.0,0.11759788736703962
1690.0,0.29703244548942914
1695.0,0.33717741707736537
1700.0,0.22325236410308255
1705.0,0.2492989744390266
1710.0,0.3744308051583626
1715.0,0.17991217172588192
1720.0,0.14279367717257518
1725.0,0.07257936047546595
1730.0,0.19599235157548478
1735.0,0.3228965518798583
1740.0,0.27334259543101447
1745.0,0.09907166820777413
1750.0,0.10343780921852065
1755.0,0.13129471033171236
1760.0,0.19891610101818463
1765.0,0.14977616756325185
1770.0,0.1829052077808161
1775.0,0.18537705915954855
1780.0,0.12657162498610453
1785.0,0.14436993846036378
1790.0,0.16084637030679458
1795.0,0.12871631480848467
1800.0,0.17537444588088785
1805.0,0.29199460581207504
1810.0,0.17023693033031875
1815.0,0.11512298718473697
1820.0,-0.048701143034291516
1825.0,0.13073628631241976
1830.0,-0.08677662334374085
1835.0,-0.04593784132776606
1840.0,0.15010316379277505
1845.0,0.1289301511211383
1850.0,0.043944379073927065
1855.0,-0.1044919232788672
1860.0,0.007872129867382782
1865.0,-0.027980211865819858
1870.0,0.0821771765208218
1875.0,0.21976937378459743
1880.0,0.027780716785652228
1885.0,-0.07021201459807473
1890.0,-0.1137545082710579
1895.0,-0.021769623603316534
1900.0,-0.0409197679864103
1905.0,-0.13688893611737454
1910.0,-0.03096635055460542
1915.0,-0.15313471756863975
1920.0,0.04250899112262407
1925.0,0.030129680473068576
1930.0,0.024304243344931878
1935.0,-0.12367513026793113
1940.0,-0.042250331560693515
1945.0,-0.10783630920906052
1950.0,-0.13816945488984517
1955.0,-0.14074669440312326
1960.0,-0.23405384302268845
1965.0,-0.2536798507089517
1970.0,-0.058681654899753785
1975.0,-0.1535930835657539
1980.0,-0.12287883187233851
1985.0,-0.05793119283971021
1990.0,-0.3095380566359235
1995.0,-0.22933229107170894
2000.0,-0.14790931471973262
2005.0,-0.13304564407305453
2010.0,-0.2066233950976798
2015.0,-0.08411332339003873
2020.0,-0.16154987466869786
2025.0,-0.29312247907731775
2030.0,-0.27080023780043594
2035.0,-0.11732785340812499
2040.0,-0.15053466729486592
2045.0,-0.3653204891289229
2050.0,-0.0748988896979803
2055.0,-0.14381802010794933
2060.0,-0.07784396372738876
2065.0,-0.23403729843486076
2070.0,-0.22653085419175273
2075.0,-0.3013644786083309
2080.0,0.2672227838637238
2085.0,0.6456411069474937
2090.0,1.8270736886485126
2095.0,2.242283503344993
2100.0,1.8292423930528627
2105.0,0.6373096222772066
2110.0,0.06511689836940698
2115.0,-0.0474557013730772
2120.0,-0.2977974915165107
2125.0,-0.08532819356123872
2130.0,-0.14784976455860896
2135.0,-0.26821991434223663
2140.0,-0.21516875015721143
2145.0,-0.20680643168668228
2150.0,-0.16512551788482419
2155.0,-0.2038210925953085
2160.0,-0.2246533604267435
2165.0,-0.17197893453732246
2170.0,-0.2311037633409028
2175.0,-0.2486179885010152
2180.0,-0.13054328385434716
2185.0,-0.04017644522225006
2190.0,-0.25049863425293384
2195.0,-0.10556360164209266
2200.0,-0.15721575558958079
2205.0,-0.17933178661285315
2210.0,-0.007089669760009604
2215.0,-0.12289905474039817
2220.0,0.06635102778191665
2225.0,-0.1307951077607834
2230.0,-0.017832617138389184
2235.0,-0.06499016160614009
2240.0,-0.1042362423020255
2245.0,0.024740026541722453
2250.0,-0.03382674095650225
2255.0,0.042717566756133404
2260.0,-0.007500610981255845
2265.0,-0.09263519635127825
2270.0,0.004225844178165275
2275.0,0.026388569275217644
2280.0,0.11623710778189814
2285.0,-0.04337796398294936
2290.0,0.04279107865145431
2295.0,-0.1005742252271858
2300.0,0.1209989091124877
2305.0,-0.027107516944451016
2310.0,-0.08460689144824877
2315.0,0.08024012791149275
2320.0,0.19253692990641985
2325.0,-0.03688077994614608
2330.0,0.009516263966442257
2335.0,0.04747824784764089
2340.0,0.019453275773139905
2345.0,0.1617812433136598
2350.0,0.06127287017873889
2355.0,0.07507032678571511
2360.0,0.1983318198408362
2365.0,0.08341255008457032
2370.0,0.19567078399593602
2375.0,0.074335573080044
2380.0,0.05742664250385797
2385.0,0.005798489137650659
2390.0,0.3426701795410318
2395.0,0.15020756280412162
2400.0,0.20454305326088412
2405.0,0.18303581976701647
2410.0,0.20314548380243402
2415.0,0.19581171721087864
2420.0,0.36533833666203575
2425.0,0.10201821860511055
2430.0,0.05693343276418797
2435.0,0.10726991595659857
2440.0,0.07911943767435145
2445.0,0.267020937332524
2450.0,0.27383268050871334
2455.0,0.11333736199542382
2460.0,0.07422673897409054
2465.0,0.16659838648606548
2470.0,0.322550740266326
2475.0,-0.05793472160775104
2480.0,0.24135994251812842
2485.0,0.09494587661928224
2490.0,0.2828643288788888
2495.0,0.08935709060125972
2500.0,0.15749826777567846
2505.0,0.04411803540553691
2510.0,0.08791550536435143
2515.0,0.29647451057557206
2520.0,0.24118320943731647
2525.0,0.12647267241610288
2530.0,0.07931668077729927
2535.0,-0.01807468761726516
2540.0,0.1114101217403227
2545.0,0.13827431188976538
2550.0,0.12746223845345664
2555.0,0.12032299498816698
2560.0,0.02131502316609246
2565.0,0.10961460375248268
2570.0,0.10519938369876176
2575.0,0.21774265244221847
2580.0,0.2623338115105518
2585.0,0.07457077992367475
2590.0,0.010353402598498304
2595.0,0.06575600234380596
2600.0,0.009077639867555568
2605.0,-0.011007012759542627
2610.0,0.042485111132923685
2615.0,-0.05426509081296587
2620.0,0.08598180264326777
2625.0,0.013825120772744844
2630.0,0.03738336004759873
2635.0,-0.009902732707166635
2640.0,-0.0672231621107978
2645.0,-0.09541568169708767
2650.0,-0.03976569016308648
2655.0,-0.07607884993976047
2660.0,-0.013872538549335095
2665.0,-0.04349512821268374
2670.0,-0.17380168952691225
2675.0,-0.053162106797182446
2680.0,-0.18796663466230196
2685.0,-0.13038186462256765
2690.0,-0.10905037039828937
2695.0,-0.2768494977505896
2700.0,-0.08919923218470359
2705.0,-0.09103726742616294
2710.0,-0.12585719703482567
2715.0,-0.15663904211537238
2720.0,-0.1586846715112584
2725.0,-0.2193416615456594
2730.0,-0.16189072572725247
2735.0,-0.19327845280795597
2740.0,-0.14096823196675892
2745.0,-0.2630096673061476
2750.0,-0.13858340047141612
2755.0,-0.1517684979318872
2760.0,-0.18198473573111923
2765.0,-0.2130646133808944
2770.0,-0.12781645294500837
2775.0,-0.331023898758123
2780.0,-0.14313709185342918
2785.0,-0.1657522660978962
2790.0,-0.1648438256643553
2795.0,-0.15824119567545442
2800.0,-0.2536243941072677
2805.0,-0.2198667320152865
2810.0,-0.14055788312720865
2815.0,-0.16016989237344997
2820.0,-0.18101225670604082
2825.0,-0.3362477027873263
2830.0,-0.15154441490461898
2835.0,-0.09435014789833314
2840.0,-0.10803390268682332
2845.0,-0.1768118424814137
2850.0,-0.33666501225006207
2855.0,-0.1099169244597252
2860.0,-0.20593284315070146
2865.0,-0.4182061969107628
2870.0,-0.15359996660410016
2875.0,-0.3187877394990138
2880.0,-0.29779532461888036
2885.0,-0.23457097465201004
2890.0,-0.058892485879233056
2895.0,-0.20250174860185097
2900.0,-0.140142820194842
2905.0,-0.002335738099630058
2910.0,-0.011033832947532851
2915.0,-0.15837379145302805
2920.0,-0.1651255803689581
2925.0,-0.2509348471247598
2930.0,-0.1937869131899772
2935.0,-0.0866047381199076
2940.0,-0.08265573741015658
2945.0,-0.10152927896463564
2950.0,-0.014904321545717525
2955.0,-0.16675405576855584
2960.0,-0.09492348863710476
2965.0,-0.016544386887346815
2970.0,-0.022119819396310296
2975.0,0.02948513025642674
2980.0,-0.023259062540627845
2985.0,-0.07882563880381407
2990.0,-0.010282121912978053
2995.0,-0.12493857687044568
3000.0,-0.17402168985843597
3005.0,0.034070718258031436
3010.0,-0.014840189135048455
3015.0,0.026208636097338266
3020.0,-0.1460078066140149
3025.0,-0.0177562353843415
3030.0,-0.03058909116096467
3035.0,-0.046127634753849775
3040.0,-0.1631014310057497
3045.0,0.017840596307470293
3050.0,0.13678260057004088
3055.0,0.09826376261170183
3060.0,0.017726475934511036
3065.0,0.07818588151292748
3070.0,0.15521173056504317
3075.0,-0.1539140728346832
3080.0,0.09057497743356512
3085.0,0.1577543302380881
3090.0,0.17715196692862575
3095.0,0.27551923912805465
3100.0,0.23108819929320423
3105.0,0.16332149945892185
3110.0,0.1683907686668119
3115.0,0.2178149673539559
3120.0,0.10397226056910985
3125.0,0.15415183027743815
3130.0,0.2443134661619038
3135.0,0.34362271128554794
3140.0,0.15752859615425102
3145.0,0.22484903824594724
3150.0,0.4925412327018488
3155.0,1.2950682809509306
3160.0,2.203232391045844
3165.0,2.8179362956767227
3170.0,1.9765092318077564
3175.0,1.0284203584650018
3180.0,0.41279930642097057
3185.0,0.2681710129957311
3190.0,0.29263026738058834
3195.0,0.0635335099919557
3200.0,0.11750348283300938
3205.0,0.23031442314579978
3210.0,0.14050173482804146
3215.0,0.06220532872376863
3220.0,0.29178086692299593
3225.0,0.24152456622334845
3230.0,0.23986074141345234
3235.0,0.15075284344313553
3240.0,0.28387964637595947
3245.0,0.1670789868254101
3250.0,0.2844272482834762
3255.0,0.10044846382853649
3260.0,0.10205959971789871
3265.0,0.19347434103085567
3270.0,0.10766375066296921
3275.0,0.22718661866041445
3280.0,0.18503745854921191
3285.0,0.07351512448726685
3290.0,0.15782160534720963
3295.0,0.1140673038912559
3300.0,0.22227296095695373
3305.0,0.07684119179430172
3310.0,0.08793612798438899
3315.0,0.2299425186855444
3320.0,0.31566417323603707
3325.0,0.28716289980582976
3330.0,0.10581736823593774
3335.0,0.11252559101848619
3340.0,0.22338017961752732
3345.0,0.06656181162512119
3350.0,-0.017853416089031876
3355.0,0.07267233063580636
3360.0,0.09481766790946564
3365.0,-0.02850872804878083
3370.0,-0.11019253401289986
3375.0,-0.09954976401781113
3380.0,0.08138049937583101
3385.0,-0.05506335802514874
3390.0,-0.007854942137959852
3395.0,0.015663898289722863
3400.0,0.04392963349766928
3405.0,-0.050240488749632564
3410.0,0.016513874393612654
3415.0,-0.11669801944287506
3420.0,-0.07730539034838027
3425.0,-0.14502938413265337
3430.0,0.041037923966856
3435.0,-0.07114218334970701
3440.0,-0.14300667230356776
3445.0,-0.11581402636393238
3450.0,-0.11154170712245705
3455.0,-0.03586596123810935
3460.0,-0.24967489842563845
3465.0,-0.206386949494219
3470.0,-0.15384263887423044
3475.0,0.10152795479347584
3480.0,-0.04671567651471399
3485.0,-0.14887423955484433
3490.0,-0.08063942458177353
3495.0,0.03482528229048362
3500.0,-0.1767445362817905
3505.0,-0.19377810717918853
3510.0,-0.0565401828054783
3515.0,-0.12566601772601815
3520.0,-0.1139531970828788
3525.0,-0.22404187807935055
3530.0,-0.008742754253548785
3535.0,-0.03136124860012926
3540.0,-0.13727098067004323
3545.0,-0.12927535741327711
3550.0,-0.37563877379128985
3555.0,-0.13777992370011635
3560.0,-0.21429329339858236
3565.0,-0.1590800643902377
3570.0,-0.13767435954374221
3575.0,-0.2304304921709972
3580.0,-0.352129445550438
3585.0,-0.16680207533587127
3590.0,-0.26621300044338275
3595.0,-0.22843734155114895
3600.0,-0.2520122107870498
3605.0,-0.22689144249860632
3610.0,-0.4022095918744544
3615.0,-0.08269304138610814
3620.0,-0.16694904672473676
3625.0,-0.08692679560255943
3630.0,-0.005644974157821198
3635.0,-0.17835626296799584
3640.0,-0.3388546810234212
3645.0,-0.25302439418282163
3650.0,-0.27683557528215075
3655.0,-0.2087304879927212
3660.0,-0.151457129865519
3665.0,-0.3336106281429454
3670.0,-0.11711300110292219
3675.0,-0.27813311986929223
3680.0,-0.10945653193382507
3685.0,-0.13985553535315393
3690.0,-0.15178440640951119
3695.0,-0.1234732538311093
3700.0,-0.1586182631763705
3705.0,-0.15810852365394173
3710.0,-0.2472032514770477
3715.0,-0.09102449961082024
3720.0,0.08529050489148557
3725.0,0.1051278093583056
3730.0,0.05366454058277664
3735.0,0.006154154159255923
3740.0,-0.11022056509946554
3745.0,0.08862649572915063
3750.0,-0.038084722374403
3755.0,-0.030986864535093302
3760.0,-0.04271030808797993
3765.0,9.354858016340575e-05
3770.0,-0.03902131500269267
3775.0,0.0009384224157191349
3780.0,-0.08081902864710423
3785.0,-0.008547922388174773
3790.0,0.23857527472276827
3795.0,0.03524726343258959
3800.0,0.028144751834826138
3805.0,0.10556522383279593
3810.0,0.1293097637184768
3815.0,-0.026846972120720694
3820.0,0.06243396156754075
3825.0,0.1712683640283565
3830.0,0.1203003732340812
3835.0,0.11421563023603767
3840.0,0.2501469264231241
3845.0,0.05613991790972507
3850.0,0.1312373891576075
3855.0,0.08342088849322239
3860.0,0.2705637643609082
3865.0,-0.0332583906426224
3870.0,0.08782211208839644
3875.0,0.10597941574997091
3880.0,0.218524152550206
3885.0,0.21829675882917463
3890.0,0.29394161315272505
3895.0,0.031061063764021707
3900.0,0.2443168355219093
3905.0,0.15412210700377676
3910.0,0.12404088077434881
3915.0,0.2356188709742785
3920.0,0.10703098539237953
3925.0,0.005377654316265995
3930.0,0.16110268433750963
3935.0,0.061407979170477384
3940.0,0.13924935090830484
3945.0,0.23219302672832454
3950.0,0.2275893907388888
3955.0,0.34274035928336843
3960.0,0.18201344479653958
3965.0,0.06169835062757173
3970.0,0.13101865033799603
3975.0,0.11534640780625784
3980.0,0.08716648613580208
3985.0,0.23429199385748467
3990.0,0.13503754999207263
3995.0,0.012809211767114914
4000.0,0.2508289676064819
4005.0,0.17508414867377747
4010.0,0.21391318999615636
4015.0,0.18768249347340246
4020.0,0.231076926107189
4025.0,0.17340769744086051
4030.0,0.2767071719905768
4035.0,0.1988731416397748
4040.0,0.19080769674342718
4045.0,0.1870365895909432
4050.0,0.013417489645042108
4055.0,0.1238131306866806
4060.0,0.1091666832924943
4065.0,0.14482918084586657
4070.0,-0.0027066689469725513
4075.0,0.2598643988057205
4080.0,0.11521151699809215
4085.0,-0.010363255785153458
4090.0,-0.06247697002333068
4095.0,0.05851601039960272
4100.0,0.06812456942642618
4105.0,0.003780294139411819
4110.0,0.06882927271441608
4115.0,-0.005159431800738648
4120.0,0.09411177578468638
4125.0,-0.02890726537421493
4130.0,0.02461242885393723
4135.0,0.10790018702909265
4140.0,0.24294769508291122
4145.0,-0.0875175155634837
4150.0,-0.04696795470367803
4155.0,-0.08907113441453741
4160.0,0.04880337080123254
4165.0,-0.1333775544638681
4170.0,-0.08185102965316879
4175.0,-0.04906687755707163
4180.0,-0.1425471484384392
4185.0,-0.14859410602582943
4190.0,-0.11310130632212745
4195.0,-0.2670732394916418
4200.0,-0.21572957343583027
4205.0,-0.1302638648089288
4210.0,-0.08704271005881059
4215.0,-0.12422028484666331
4220.0,-0.274090879208753
4225.0,-0.162907632622743
4230.0,0.18660723893590958
4235.0,0.7858333500471126
4240.0,1.7455803794238776
4245.0,2.27235977736294
4250.0,1.9051550657997893
4255.0,0.7621223761014051
4260.0,0.018918672489000643
4265.0,-0.1876791219482734
4270.0,-0.040676229205568376
4275.0,-0.1553814361917003
4280.0,-0.07473162045382287
4285.0,-0.2257595092490531
4290.0,-0.10142418492060494
4295.0,-0.2429087509601344
4300.0,-0.20552992767211484
4305.0,0.030154158214742183
4310.0,-0.12649379636615324
4315.0,-0.24222288999621594
4320.0,-0.20598948420102786
4325.0,-0.1698895594421957
4330.0,-0.0908565113807671
4335.0,-0.2440208789864984
4340.0,-0.3565716545673098
4345.0,-0.22452781964141727
4350.0,-0.1971364236843844
4355.0,-0.1874791511591331
4360.0,-0.07730935922309909
4365.0,-0.16544363627472386
4370.0,-0.1185802855376939
4375.0,-0.28830754643066375
4380.0,-0.10823224361273182
4385.0,0.005503809691091127
4390.0,-0.1100888035002149
4395.0,-0.15301344094212171
4400.0,-0.1578521126400808
4405.0,-0.006447775610089107
4410.0,-0.24602604514005827
4415.0,-0.1675858427527351
4420.0,-0.11090131775347509
4425.0,-0.0798288658059169
4430.0,-0.18036263632740332
4435.0,-0.10731359691524611
4440.0,-0.1537205599930009
4445.0,-0.11137691053531033
4450.0,-0.12740708132717263
4455.0,-0.21136127937386726
4460.0,-0.1034285313192536
4465.0,-0.015318893056826294
4470.0,-0.17386477110550128
4475.0,-0.1009512469368674
4480.0,-0.011705076335725338
4485.0,-0.15998125910242378
4490.0,-0.03930350365635263
4495.0,-0.1431034337850038
4500.0,0.06255698514774732
4505.0,0.17679482479677233
4510.0,0.15889897136966552
4515.0,-0.03453506453642788
4520.0,0.06013002473441767
4525.0,0.01273406747770304
4530.0,0.019362769926096916
4535.0,0.1577826828127885
4540.0,-0.09196239306510726
4545.0,0.12997304587208422
4550.0,0.038760706766247814
4555.0,0.1780342818640003
4560.0,0.0761247189428269
4565.0,0.006638435097397616
4570.0,0.09991013418776518
4575.0,0.1488629914267471
4580.0,0.09335970905541457
4585.0,0.1414229766724056
4590.0,0.05773807383346113
4595.0,-0.08035312872927029
4600.0,0.19951223824018327
4605.0,0.18804246834719257
4610.0,0.14484493561056952
4615.0,0.1438283394990089
4620.0,0.23686153779625513
4625.0,0.10812958224723467
4630.0,0.09109628023891286
4635.0,0.14286150608593576
4640.0,0.27171894530741714
4645.0,0.04444334447277325
4650.0,0.28083766025225615
4655.0,0.12002836074728343
4660.0,0.08217413812625472
4665.0,0.298011944744095
4670.0,0.17893114652842548
4675.0,0.07334930153560511
4680.0,0.1604731019417385
4685.0,0.278607876200594
4690.0,0.30381574656254245
4695.0,0.15946495271880395
4700.0,0.23550393393558935
4705.0,0.2638885906439843
4710.0,0.1419439833517572
4715.0,0.2319059054144928
4720.0,0.19672884737231772
4725.0,0.1506543898773538
4730.0,0.15355674313576026
4735.0,0.2024931911968086
4740.0,0.19741590496527256
4745.0,0.14176597621921186
4750.0,0.1519215622383963
4755.0,0.2877232645702959
4760.0,0.20370813289585143
4765.0,0.2607427581997588
4770.0,0.2855545036341327
4775.0,0.22638461861064108
4780.0,0.373465917230283
4785.0,0.09021261007533724
4790.0,0.23236512866316889
4795.0,0.12581654246889457
4800.0,0.31604312579928473
4805.0,0.2963766926563437
4810.0,-0.038476288114263374
4815.0,0.04403188109963596
4820.0,0.18461733292769447
4825.0,0.18929986191757925
4830.0,0.1776800354019771
4835.0,0.09799546318320644
4840.0,0.1381371261949851
4845.0,0.1485824061063865
4850.0,0.07528038911849304
4855.0,0.16708146518233885
4860.0,-0.13652451705013002
4865.0,0.1159615915417033
4870.0,-0.04215689808636865
4875.0,0.12908813310000272
4880.0,0.014050518322662093
4885.0,-0.0535938681587811
4890.0,0.05176722855040561
4895.0,-0.07221637905673499
4900.0,-0.08067489146332556
4905.0,-0.14791424819011348
4910.0,-0.01758152545289059
4915.0,0.021242564647342876
4920.0,0.06034780499087002
4925.0,-0.05267795343040551
4930.0,0.04625591055741651
4935.0,-0.05447977286662163
4940.0,-0.07244005109050432
4945.0,-0.02026007810154632
4950.0,0.015662725739983938
4955.0,-0.11789544406651174
4960.0,-0.11652729963090307
4965.0,-0.11632179773808493
4970.0,-0.10147917546731151
4975.0,-0.1968574769006931
4980.0,-0.029991485189128045
4985.0,-0.16502752628643996
4990.0,-0.09362546742777794
4995.0,-0.21555786211301453
5000.0,-0.11474771010509657
5005.0,-0.11731618872371728
5010.0,-0.19567555900558806
5015.0,0.01908508772922815
5020.0,-0.13409950432179932
5025.0,-0.011976892792660704
5030.0,-0.08968699255032714
5035.0,-0.23941770034194987
5040.0,-0.2177011229923373
5045.0,-0.14722827478713446
5050.0,-0.1838213854936872
5055.0,-0.18739621810399298
5060.0,-0.21979395348356984
5065.0,-0.3586493478671906
5070.0,-0.21768635053040444
5075.0,-0.3981966268843995
5080.0,-0.16592553421146386
5085.0,-0.26521198464858003
5090.0,-0.26438483676782604
5095.0,-0.2195180532931397
5100.0,-0.17467678945729104
5105.0,-0.32718863222370076
5110.0,-0.3544287238431034
5115.0,-0.29140502655644906
5120.0,-0.377279767016805
5125.0,-0.2782700153819081
5130.0,-0.045471349018748275
5135.0,-0.28081335411804764
5140.0,-0.12384157077040957
5145.0,-0.3023458451762718
5150.0,-0.14809803151146367
5155.0,-0.19961121294837605
5160.0,-0.17173809922380417
5165.0,-0.11039597481613589
5170.0,0.0015251337796084452
5175.0,-0.13369169980114398
5180.0,-0.13443927091419985
5185.0,-0.22739818034547965
5190.0,-0.08121536133348414
5195.0,-0.14955117247539407
5200.0,-0.045991604625739924
5205.0,-0.11806357751420735
5210.0,0.049487371580347383
5215.0,-0.278525705630467
5220.0,-0.11945704561072207
5225.0,-0.00596861479744476
5230.0,-0.10925504685981884
5235.0,-0.14124424843350009
5240.0,-0.08601242874159062
5245.0,-0.17830349581586646
5250.0,-0.03533687616207155
5255.0,0.18174596662461814
5260.0,0.07337013392526542
5265.0,-0.12122909741389323
5270.0,-0.09171737301871914
5275.0,-0.041217807490950525
5280.0,0.09393783651713698
5285.0,-0.06206690171670508
5290.0,-0.04194795383631044
5295.0,0.10807125036188422
5300.0,0.11448408570923829
5305.0,0.011179942032081641
5310.0,-0.0476953456302698
5315.0,-0.0023059386744410104
5320.0,0.3905644647900781
5325.0,1.0525502855502473
5330.0,2.334921467467631
5335.0,2.491804348557624
5340.0,1.8191829435361702
5345.0,0.9684755582497037
5350.0,0.39297513700993086
5355.0,0.016270104917224137
5360.0,0.2046693342430299
5365.0,0.23698926626890104
5370.0,0.07172476430765351
5375.0,0.058973739522679605
5380.0,0.14052050225326826
5385.0,0.011625921180087373
5390.0,0.293211050526207
5395.0,-0.050826158060406246
5400.0,0.07056803749003825
5405.0,0.1501485518702056
5410.0,0.1578975398138669
5415.0,0.1969029497782791
5420.0,0.2096826987399417
5425.0,0.16900622751022495
5430.0,0.2932033155923831
5435.0,0.0006605826077180077
5440.0,0.19517514674822894
5445.0,0.1325240486495805
5450.0,0.21006786671969516
5455.0,0.2189711086565536
5460.0,0.11765357559782309
5465.0,0.1423015332543222
5470.0,0.27124136717013536
5475.0,0.23089823212400612
5480.0,0.13748913967677523
5485.0,0.38118508100425563
5490.0,0.40396128165612244
5495.0,0.06271360541238685
5500.0,0.21935937143262269
5505.0,0.4155362921919602
5510.0,0.2574772984493433
5515.0,0.20369698543284637
5520.0,0.16163255452741282
5525.0,0.12789320510429925
5530.0,0.15341083483412776
5535.0,0.1186084778469185
5540.0,0.23056091739910628
5545.0,0.12274653018172643
5550.0,0.11366264334386911
5555.0,0.039691515728509236
5560.0,0.1376858776213468
5565.0,0.0556942537806438
5570.0,0.11367756355393654
5575.0,0.217262786375728
5580.0,0.14977255665065847
5585.0,0.1554017069741982
5590.0,0.13497082130127402
5595.0,0.1010160066303618
5600.0,0.07683209597251542
5605.0,0.05303726120532992
5610.0,0.14136838231378768
5615.0,-0.03235250127484299
5620.0,0.1779621158132869
5625.0,0.05233265047466387
5630.0,-0.02623438676405694
5635.0,-0.011062903461641661
5640.0,-0.03621451155788525
5645.0,0.030844689231666205
5650.0,-0.05649680333136654
5655.0,0.10256976870552788
5660.0,-0.07890027294895088
5665.0,-0.22139561537976937
5670.0,-0.09094510241717305
5675.0,-0.21416507412780425
5680.0,-0.04517132099814
5685.0,0.04562832017146545
5690.0,0.0005759758255263966
5695.0,-0.18603177194680673
5700.0,-0.14206404516795812
5705.0,0.07893111317803565
5710.0,-0.060023855506193644
5715.0,-0.09570922400970151
5720.0,-0.008257518632194816
5725.0,0.11039962915577374
5730.0,-0.0005078530807342274
5735.0,-0.1113010092352208
5740.0,-0.0983603969808623
5745.0,-0.08095295039156344
5750.0,-0.19760386729392754
5755.0,-0.24346933382102792
5760.0,-0.14893051475068905
5765.0,-0.24409957740475835
5770.0,-0.16930607661737337
5775.0,-0.15976298793166893
5780.0,0.037932038036560034
5785.0,-0.2534031903956526
5790.0,-0.19151014957191542
5795.0,-0.19876345254370045
5800.0,-0.14772593435919504
5805.0,-0.09566163098324128
5810.0,-0.23646369222444277
5815.0,-0.2683613751463907
5820.0,-0.34388564315446835
5825.0,-0.2810214743470969
5830.0,-0.15048166103056781
5835.0,-0.19540634704254525
5840.0,-0.2913105556416651
5845.0,-0.23353044855856847
5850.0,-0.19686155028741525
5855.0,-0.15372911063941036
5860.0,-0.2514862644809639
5865.0,-0.21929709567532016
5870.0,-0.35875179079932223
5875.0,-0.2967139077689248
5880.0,-0.04515612131579838
5885.0,-0.3850134198719759
5890.0,-0.21548673598615461
5895.0,-0.1620391317455983
5900.0,-0.21182534859551194
5905.0,-0.24692582221665876
5910.0,-0.1754440693255733
5915.0,-0.16585423964911997
5920.0,-0.16797114806022817
5925.0,-0.3244691552217678
5930.0,-0.16336599059807347
5935.0,-0.22142385397662404
5940.0,-0.18787321957995767
5945.0,-0.11202199089366122
5950.0,-0.0684269466348737
5955.0,-0.038806509699743294
5960.0,-0.15741011665948126
5965.0,-0.022593474777945044
5970.0,0.00704454375749701
5975.0,0.01104040958886364
5980.0,0.041314450809067996
5985.0,-0.0892383455552482
5990.0,-0.08402890304597621
5995.0,0.013786087021296176
6000.0,-0.17546215910230864
6005.0,-0.025541754903025723
6010.0,-0.08397902140477628
6015.0,-0.06119518166885034
6020.0,-0.17646731107188787
6025.0,-0.0915725916815994
6030.0,-0.004940821431777959
6035.0,0.08519702912728778
6040.0,0.10266215835976975
6045.0,0.014630366564026172
6050.0,0.013085835700266023
6055.0,-0.03642958764859857
6060.0,0.08268683705894941
6065.0,0.03225527177228505
6070.0,0.11703477072747556
6075.0,0.22801634475362867
6080.0,0.07518801343314058
6085.0,-0.04905848960120976
6090.0,0.01567975756709243
6095.0,-0.030785794201392255
6100.0,-0.00017558119927825466
6105.0,0.2319687547461613
6110.0,0.14162510380242155
6115.0,-0.009069035003011122
6120.0,0.19287273011138586
6125.0,0.2535460603686184
6130.0,0.11354688269709022
6135.0,0.09066636475754386
6140.0,0.12644850116986137
6145.0,0.18746183169944744
6150.0,0.2241983656303982
6155.0,0.27746517776735724
6160.0,0.2843563650798804
6165.0,0.2857831565782435
6170.0,0.30522233580769
6175.0,0.24540985094837722
6180.0,0.05101622815514509
6185.0,0.17959618798826504
6190.0,0.2218887468492665
6195.0,0.1610713441257905
6200.0,0.27914354006666886
6205.0,0.16594597059585758
6210.0,0.11593882610753249
6215.0,0.3297879188527912
6220.0,0.2599395203150982
6225.0,0.2195829260553571
6230.0,0.2827579449936869
6235.0,0.2941401987425192
6240.0,0.2280187413956397
6245.0,-0.025393137551571354
6250.0,0.13312433621720016
6255.0,0.1506296309592932
6260.0,0.10060523579287077
6265.0,0.20419745339511788
6270.0,0.29042442496454973
6275.0,0.13597659751086325
6280.0,0.07366323521390528
6285.0,0.35419622275852736
6290.0,0.12662061907869562
6295.0,0.0515697516708753
6300.0,0.1789319978624849
6305.0,0.19058345905011098
6310.0,0.08328417703302508
6315.0,0.21209144740755786
6320.0,0.09105914629276562
6325.0,0.045585384825340025
6330.0,0.1382338967878342
6335.0,0.18482762407278333
6340.0,0.05150905979425156
6345.0,0.1312208344314951
6350.0,0.08578299901036202
6355.0,0.3409654739718211
6360.0,0.015414658731688582
6365.0,0.19604160450327052
6370.0,0.058912069667692656
6375.0,0.04426128944241339
6380.0,0.112569728859445
6385.0,0.11994635743484151
6390.0,0.14531740749674094
6395.0,0.05260914122370411
6400.0,-0.039300682462767876
6405.0,-0.04197422709078984
6410.0,0.26772243240581256
6415.0,0.8660132129397896
6420.0,1.9475291337553233
6425.0,2.5036713888077378
6430.0,2.108511612467171
6435.0,1.1139422316768233
6440.0,0.27199934175730295
6445.0,-0.1364873693120574
6450.0,-0.17338356067488359
6455.0,-0.2044383701049155
6460.0,0.06054978542729114
6465.0,-0.1664738152221863
6470.0,0.013301593166989215
6475.0,-0.052036024015110184
6480.0,0.0426164116451911
6485.0,-0.02829128382456017
6490.0,-0.13438914845417296
6495.0,-0.14956737514536017
6500.0,-0.1300599716994714
6505.0,-0.12787294128105006
6510.0,-0.1970853677305589
6515.0,-0.15766779859445482
6520.0,-0.015036668929918007
6525.0,-0.3179346237495637
6530.0,-0.1460589751375984
6535.0,-0.25523547129859375
6540.0,-0.16076183021509344
6545.0,-0.10568531646674956
6550.0,-0.1898197576557291
6555.0,-0.11810802358024375
6560.0,-0.33347861672168366
6565.0,-0.09314977898130285
6570.0,-0.24911152248659313
6575.0,-0.14052605848935645
6580.0,-0.18149417950622374
6585.0,-0.4316432757700437
6590.0,-0.26767128545564134
6595.0,-0.18011607434746263
6600.0,-0.06009318733050259
6605.0,-0.17373900915698845
6610.0,-0.17569618016125044
6615.0,-0.324980788740492
6620.0,-0.06764300813982868
6625.0,-0.03207526830297869
6630.0,-0.19006843792523784
6635.0,-0.21001192368855873
6640.0,-0.3332116420974911
6645.0,-0.10493618186990084
6650.0,0.062152306099213295
6655.0,-0.11281613015703876
6660.0,-0.059618598218364016
6665.0,-0.12025875173612308
6670.0,-0.25309929004158016
6675.0,-0.03926311708431181
6680.0,-0.2655142082974971
6685.0,-0.16793310126443847
6690.0,-0.1181887983985289
6695.0,-0.057887058189007634
6700.0,-0.09373527147727387
6705.0,-0.08995623033718911
6710.0,-0.18668603005260057
6715.0,-0.2273712041268539
6720.0,-0.09877694027369328
6725.0,-0.16102908601670596
6730.0,-0.2074450461774739
6735.0,-0.19615652206767958
6740.0,-0.11866717755866726
6745.0,-0.23349256944324412
6750.0,-0.18012162559829462
6755.0,-0.19799858188308211
6760.0,-0.026331477826203507
6765.0,0.0021593614696064425
6770.0,0.1543190678434701
6775.0,-0.15282000631408493
6780.0,-0.07089343727688703
6785.0,0.08073481688781563
6790.0,-0.012577917211206258
6795.0,-0.014178188361106653
6800.0,0.17737032562095895
6805.0,0.001341053247944403
6810.0,-0.0640625715444571
6815.0,-0.07040169626260255
6820.0,0.08637978794838602
6825.0,0.09158594349652664
6830.0,-0.05150340715664782
6835.0,-0.009025144834234985
6840.0,0.13535708845297006
6845.0,0.14660796907902357
6850.0,0.04402067451189946
6855.0,0.16498992005050617
6860.0,0.16734798240959528
6865.0,-0.03790683346954751
6870.0,0.1009614754728129
6875.0,0.17266119742307517
6880.0,0.08974090056848157
6885.0,-0.04541364266264092
6890.0,0.12713608436183677
6895.0,0.22554807234765406
6900.0,0.30507444702486886
6905.0,-0.02963690272861841
6910.0,0.40713723561043175
6915.0,0.07460236160801942
6920.0,0.26597273783831976
6925.0,0.29441172752279804
6930.0,0.2749757579183064
6935.0,0.20281641862499603
6940.0,0.0873410339876246
6945.0,0.25044372565342393
6950.0,0.13153041034408564
6955.0,-0.02963324452459995
6960.0,0.4531754066513719
6965.0,0.2631242432520374
6970.0,0.3634964125965082
6975.0,0.11795088270493637
6980.0,0.331852487162543
6985.0,0.3422989696667026
6990.0,0.33820791306118114
6995.0,0.195133377941668
7000.0,0.08722181884230437
7005.0,0.17754744263398906
7010.0,-0.0070173311280172235
7015.0,0.03544511614603524
7020.0,0.1939676348565999
7025.0,0.09321185870164073
7030.0,0.16406539336456058
7035.0,0.16517303681424197
7040.0,0.34456210688482075
7045.0,0.28310024276976237
7050.0,0.15750380033724096
7055.0,0.2652913575405733
7060.0,0.0809926375793079
7065.0,0.11526010513902968
7070.0,0.22166233397897828
7075.0,0.021911430052877073
7080.0,0.10223933588080725
7085.0,0.0019371358121418325
7090.0,0.12464172681150645
7095.0,0.2540535668233628
7100.0,0.03231040978712439
7105.0,0.1130266809396715
7110.0,0.004476041737776618
7115.0,-0.025834861474328286
7120.0,-0.041347128217429543
7125.0,0.19294050040819014
7130.0,0.2666578443461585
7135.0,0.0894446208454655
7140.0,-0.02664344315218209
7145.0,0.09304975256411241
7150.0,-0.008744428449355697
7155.0,0.08516867225748355
7160.0,0.030907739964071444
7165.0,0.021558987320324623
7170.0,0.04271403437274274
7175.0,-0.07240093543781544
7180.0,-0.0649101642262696
7185.0,-0.19165021366454635
7190.0,-0.08466363848924141
7195.0,-0.18098467695562376
7200.0,-0.07398343213403805
7205.0,-0.1550304773258281
7210.0,-0.06749465870507486
7215.0,-0.04344330674462981
7220.0,-0.21952874361310365
7225.0,-0.17223648949107911
7230.0,-0.19109117901626133
7235.0,-0.04597610007303721
7240.0,0.03364110445027273
7245.0,-0.04985596806601986
7250.0,-0.16428517605087115
7255.0,-0.007099519350593442
7260.0,-0.28109121465320425
7265.0,-0.015499327763650456
7270.0,-0.21485971963798373
7275.0,-0.41111527130420106
7280.0,0.07287438427480383
7285.0,-0.028197497260571053
7290.0,-0.2673151637558743
7295.0,-0.163158091217031
7300.0,-0.20128743801127644
7305.0,-0.17608033670830292
7310.0,-0.3217520895851763
7315.0,-0.25224008325846614
7320.0,-0.1511070385543929
7325.0,-0.17516341885969447
7330.0,-0.08891827800257172
7335.0,-0.19097418689516626
7340.0,0.012320239124730875
7345.0,-0.26413792871755215
7350.0,-0.1766478596877244
7355.0,-0.3723749212192432
7360.0,-0.31225981843699846
7365.0,-0.07913576103899544
7370.0,-0.2824356865211663
7375.0,-0.14836003453694974
7380.0,-0.1998771018648477
7385.0,-0.2861867470449386
7390.0,-0.22104579873003635
7395.0,-0.23318111589908144
7400.0,-0.2276353092906051
7405.0,-0.11250093137771812
7410.0,-0.11785492958596647
7415.0,-0.22446802755889914
7420.0,-0.24977330724020919
7425.0,-0.13806617764776039
7430.0,-0.16753663529668558
7435.0,-0.06077334211494938
7440.0,0.09114028202536079
7445.0,-0.06623369299228338
7450.0,-0.13923670894265497
7455.0,-0.14537276477523012
7460.0,-0.2005436323081352
7465.0,-0.19837978956239913
7470.0,-0.20022200001050194
7475.0,-0.1384393382299729
7480.0,-0.13406810254126458
7485.0,-0.021289456509581348
7490.0,-0.11658201250120084
7495.0,-0.09074942121177448
7500.0,0.00456642914509367
7505.0,0.7988925871523619
7510.0,1.691944175476876
7515.0,2.5822976853401545
7520.0,2.207840131469863
7525.0,1.2682585882872626
7530.0,0.3368037467182503
7535.0,0.13031645504164996
7540.0,0.243791625455228
7545.0,-0.10149139314777063
7550.0,0.12280659579228345
7555.0,0.17804364131731867
7560.0,0.07137262205440904
7565.0,0.11052463646381301
7570.0,0.16493468838802267
7575.0,-0.002533299158454627
7580.0,0.10328567978040766
7585.0,-0.006390539817151569
7590.0,0.019001313194370997
7595.0,0.0319155669893597
7600.0,0.08298066837565704
7605.0,0.11684632527466449
7610.0,0.15208177793736222
7615.0,-0.013322368285128908
7620.0,0.3063162767360391
7625.0,0.23685608553892118
7630.0,0.20346486999000435
7635.0,0.10952520516935993
7640.0,0.14001667757126063
7645.0,0.20420327865172883
7650.0,0.19682512406263958
7655.0,0.008921309973554226
7660.0,0.23678910405094666
7665.0,0.44174088158834157
7670.0,0.006447177316602687
7675.0,0.27235195782049226
7680.0,0.21807038539619422
7685.0,0.17681266636032342
7690.0,0.31652148441299943
7695.0,0.0831168087463759
7700.0,0.20949555925519295
7705.0,0.33141191142429005
7710.0,0.17948546836044793
7715.0,0.16013587410176136
7720.0,0.21013767067226757
7725.0,0.15881557462556334
7730.0,0.34300553766770636
7735.0,0.11582371042200848
7740.0,0.27977684860199714
7745.0,0.08226898834054952
7750.0,0.25862571987452426
7755.0,0.18537440431190239
7760.0,-0.04589469313614608
7765.0,0.19017538591003008
7770.0,0.08934504086108709
7775.0,0.1439461111603436
7780.0,0.3240757468144732
7785.0,0.07472795635294013
7790.0,0.07605972802305269
7795.0,0.30318742645645963
7800.0,0.1760934587401584
7805.0,0.30316223328287917
7810.0,0.18536316037605566
7815.0,0.0684149201641778
7820.0,0.13827745397349073
7825.0,0.2522951731068191
7830.0,0.21946972393466058
7835.0,0.12611711303347992
7840.0,0.12397004771986227
7845.0,0.10225875912844234
7850.0,0.05217085224653377
7855.0,0.277255709425812
7860.0,0.09185652335913716
7865.0,-0.020964371629289727
7870.0,0.031920893654270616
7875.0,0.13550125760905354
7880.0,0.11975827863511279
7885.0,0.03971363392379988
7890.0,-0.01753492699308902
7895.0,0.038368311861299555
7900.0,-0.12693099827062848
7905.0,-0.1008025319603282
7910.0,0.08527567460575036
7915.0,-0.041326828169148774
7920.0,0.029383323245551048
7925.0,0.09909972081982035
7930.0,0.03817880684933038
7935.0,-0.028287885828700156
7940.0,0.15851419024125357
7945.0,0.01523815544528525
7950.0,-0.08740992723665042
7955.0,0.005167241750973384
7960.0,-0.032692624286404785
7965.0,-0.15736862812153832
7970.0,-0.07901891214576573
7975.0,-0.10848796324945142
7980.0,-0.2824511808854071
7985.0,-0.12357931200889588
7990.0,-0.1407500480689995
7995.0,-0.16184214156851628
8000.0,-0.28000231467553527
8005.0,-0.16691925674695732
8010.0,-0.1438373154053023
8015.0,-0.13655459368098855
8020.0,-0.2566162099057265
8025.0,-0.09833802381456053
8030.0,-0.2743611384077352
8035.0,-0.18734569890705985
8040.0,-0.050354710953959075
8045.0,-0.2393271466484218
8050.0,-0.2263798917376856
8055.0,-0.08337777086983389
8060.0,-0.22143646336235218
8065.0,-0.21629530686307863
8070.0,-0.17094216496935855
8075.0,-0.09659669014240911
8080.0,-0.3993845478853021
8085.0,-0.2737479467656852
8090.0,-0.29151686800394194
8095.0,-0.29955963629634397
8100.0,-0.27880480878795094
8105.0,-0.27753868454078295
8110.0,-0.172017762024571
8115.0,-0.2814396623557777
8120.0,-0.1872005073731022
8125.0,-0.16028558970900728
8130.0,-0.2631060682656601
8135.0,-0.18186041788708443
8140.0,-0.04072394561161766
8145.0,-0.15945443604123397
8150.0,-0.24505771374528795
8155.0,-0.1890833207761651
8160.0,-0.2640003190891527
8165.0,-0.15082061159397853
8170.0,-0.09221468389577436
8175.0,-0.2426243937556028
8180.0,-0.18174840107135937
8185.0,-0.055138785986951
8190.0,-0.19798774527012342
8195.0,-0.12939915933291837
8200.0,-0.23504987927754933
8205.0,-0.2101739705115131
8210.0,-0.1757059771917802
8215.0,0.07376669406523045
8220.0,-0.15221248647799557
8225.0,-0.15618980651642014
8230.0,-0.152088163780827
8235.0,-0.10903616203637796
8240.0,-0.027666043590097736
8245.0,-0.062062920351022725
8250.0,0.11380629173765221
8255.0,-0.04431156284014526
8260.0,0.07466759555223665
8265.0,-0.02264398059943373
8270.0,0.015087687302879314
8275.0,-0.16113689033908854
8280.0,-0.034392313089163476
8285.0,-0.02086647633270378
8290.0,-0.028206077461710537
8295.0,-0.19176678519311943
8300.0,0.08957727257899341
8305.0,-0.016211594838379532
8310.0,-0.012515962776094302
8315.0,0.012176833342259878
8320.0,0.022785944396815087
8325.0,0.08804755040010437
8330.0,-0.05497782726870899
8335.0,-0.016475463157212905
8340.0,0.10126171001027097
8345.0,0.09586318654799192
8350.0,0.05637415983426008
8355.0,0.04597663378898199
8360.0,0.02971671483418159
8365.0,0.1065672171381969
8370.0,0.22489524580564707
8375.0,0.030008973032585345
8380.0,0.26871899440560165
8385.0,0.21373705711218327
8390.0,0.10293117931952461
8395.0,0.21984440546153533
8400.0,0.022846828793989943
8405.0,0.004078187720492427
8410.0,0.048703727597948346
8415.0,0.13248510446667913
8420.0,0.14435955562261388
8425.0,0.1312663758450728
8430.0,0.19025163669543313
8435.0,-0.007500573642337555
8440.0,0.232283858542714
8445.0,0.06267866868963226
8450.0,0.1333219401145488
8455.0,0.1576900552277551
8460.0,0.09249751609171503
8465.0,0.07453518491505796
8470.0,0.10840291656680454
8475.0,0.19855690018705902
8480.0,0.2530616558679679
8485.0,0.2507305493043185
8490.0,0.11008422929801447
8495.0,0.12763906128472413
8500.0,0.11497407211557577
8505.0,0.23691541501081687
8510.0,0.011327461688631413
8515.0,0.3040708186650265
8520.0,0.1465784918748052
8525.0,0.11695415881010882
8530.0,0.21495727999564232
8535.0,0.2739570913840733
8540.0,0.20815457984686414
8545.0,0.26806199187963264
8550.0,0.18109933766202968
8555.0,0.27507319955952336
8560.0,0.2715834240901348
8565.0,0.14540232246369655
8570.0,0.27845239692543766
8575.0,0.15805984266199072
8580.0,0.14511550806893758
8585.0,0.22562392132980724
8590.0,0.801542138602483
8595.0,1.8765389377891135
8600.0,2.4534561367635517
8605.0,2.337150908920327
8610.0,1.29403338771412
8615.0,0.49363596927841275
8620.0,-0.04169520448486347
8625.0,0.06519506875899551
8630.0,0.1250341002349301
8635.0,-0.009887244277773023
8640.0,0.05889227547120767
8645.0,-0.17136407131825704
8650.0,0.09491169034436636
8655.0,-0.033368705028607906
8660.0,0.09639073713305543
8665.0,-0.1561949799657163
8670.0,0.06363026174336377
8675.0,-0.02833022926068439
8680.0,0.05735891915476325
8685.0,-0.10693242995159959
8690.0,-0.08753180932093686
8695.0,0.16175313898946397
8700.0,-0.12289042899697092
8705.0,-0.11978077822619872
8710.0,-0.08907668514215467
8715.0,-0.16404914439989302
8720.0,0.027412709069973992
8725.0,0.06795165129090441
8730.0,-0.15808869847844945
8735.0,-0.2573172349121131
8740.0,-0.003574554675841085
8745.0,-0.016186239139680134
8750.0,-0.04867967315342052
8755.0,-0.025017719799792587
8760.0,-0.21343166530160373
8765.0,-0.15653475434086106
8770.0,-0.27171022947788764
8775.0,-0.28028989220971334
8780.0,-0.06960600423913843
8785.0,-0.22335309868234415
8790.0,0.0375874936703412
8795.0,-0.16529989971356332
8800.0,-0.23371797636215408
8805.0,-0.10806805826242842
8810.0,-0.021249855475053453
8815.0,-0.14277912907353002
8820.0,-0.298917637010098
8825.0,-0.15849924795102427
8830.0,-0.07026750980818373
8835.0,-0.24030797524124864
8840.0,-0.2670489372790992
8845.0,-0.10710302488534072
8850.0,-0.186803703197036
8855.0,-0.2991009201549979
8860.0,-0.23417370609962027
8865.0,-0.26778335125226893
8870.0,-0.17253998312273905
8875.0,-0.18841720211361432
8880.0,-0.0934890182182291
8885.0,-0.13155782689283987
8890.0,-0.3342049336268773
8895.0,-0.15458105371020905
8900.0,-0.10787770601622705
8905.0,-0.14463650800950262
8910.0,-0.08970201041042232
8915.0,-0.2282944131235177
8920.0,-0.2605220241298263
8925.0,-0.08705184952494045
8930.0,-0.26216455211593515
8935.0,-0.35585706334160805
8940.0,-0.064167304981577
8945.0,-0.21629499252487017
8950.0,-0.17307603622909754
8955.0,-0.2655073285680284
8960.0,-0.2529032982809578
8965.0,-0.2313835184670926
8970.0,-0.15321275806331341
8975.0,-0.08070849076779024
8980.0,-0.3138676506253659
8985.0,-0.032239439853985793
8990.0,-0.19901177137428566
8995.0,-0.1811361100236342
9000.0,-0.016549342155136565
9005.0,-0.07652702936008066
9010.0,-0.2002214842067318
9015.0,0.11204595380165704
9020.0,-0.12335459727083567
9025.0,-0.015491808294323693
9030.0,-0.011546174601628732
9035.0,0.10574834747529269
9040.0,-0.053979159753005275
9045.0,0.08608375186728599
9050.0,-0.06308167001143171
9055.0,0.11300628846346741
9060.0,-0.04834847708431557
9065.0,-0.0040085038339885
9070.0,0.20744785103259228
9075.0,0.07349493483202887
9080.0,0.06292440832473326
9085.0,0.26281704581072085
9090.0,0.10143527793548238
9095.0,0.0032217621651240147
9100.0,0.15041848676139793
9105.0,-0.014567804969897222
9110.0,0.20065415343075568
9115.0,0.21479381715577878
9120.0,0.061655201310925535
9125.0,0.0634795328366608
9130.0,0.14243696772685946
9135.0,0.1341667567917082
9140.0,0.05101143335242585
9145.0,0.19600046228343884
9150.0,-0.03327850136984947
9155.0,0.11688948692534093
9160.0,0.12457814992088698
9165.0,0.14114557884420878
9170.0,0.19790857116507826
9175.0,0.06395979773132836
9180.0,0.2313686940310974
9185.0,0.16579931412037424
9190.0,0.12678861501343458
9195.0,0.06526693370041278
9200.0,0.084447842133668
9205.0,0.22567187314926995
9210.0,0.10847574871868966
9215.0,0.20264069795079062
9220.0,0.2937402013621019
9225.0,0.2920545100841978
9230.0,0.34016170177943006
9235.0,0.17332218047996376
9240.0,0.10224061525245455
9245.0,0.2913197743676984
9250.0,0.22655901540798185
9255.0,0.29872751168092815
9260.0,0.19710132663902613
9265.0,0.3019083364777634
9270.0,0.2683316981870293
9275.0,0.2541577904493554
9280.0,0.23219078914507432
9285.0,0.21953607564835248
9290.0,0.2012668691286244
9295.0,0.19686272551090797
9300.0,0.26157976163183916
9305.0,0.12201579114803501
9310.0,0.3196455502405299
9315.0,0.1489282867608315
9320.0,0.24195562460732253
9325.0,0.13966457396964682
9330.0,0.11984485881678736
9335.0,0.3189584797791891
9340.0,0.10199148759648939
9345.0,0.008433410756053472
9350.0,0.05245175074868129
9355.0,0.08130224681893636
9360.0,0.29676295794210683
9365.0,0.1141682147353031
9370.0,0.17228299736696584
9375.0,-0.009539625501283108
9380.0,0.1046447780303979
9385.0,0.1255221830369731
9390.0,0.21930167178547044
9395.0,-0.013542193945321315
9400.0,0.09531782948973674
9405.0,0.06004678423568906
9410.0,-0.06738659775740374
9415.0,0.014527512571295538
9420.0,-0.01575157782494125
9425.0,-0.2096529535084126
9430.0,0.04517956919597937
9435.0,0.03160577206663607
9440.0,-0.06480621325326368
9445.0,-0.1540146820217903
9450.0,0.09146137369460375
9455.0,-0.025899332024711008
9460.0,0.03363899901725112
9465.0,0.061140438709879785
9470.0,-0.12048033946950423
9475.0,-0.00818726974389776
9480.0,-0.11052594497181162
9485.0,-0.10183908405725421
9490.0,-0.11113527782429322
9495.0,-0.11058920247908431
9500.0,-0.017062945508467264
9505.0,-0.11282010061483759
9510.0,-0.14423055551780403
9515.0,-0.16148664203589358
9520.0,-0.11184658527452454
9525.0,-0.2288220792754923
9530.0,-0.19898490702550062
9535.0,-0.1636457143602166
9540.0,-0.21478572556100914
9545.0,-0.179156709697144
9550.0,-0.22780577032940397
9555.0,0.003478369546986604
9560.0,-0.06099730666373797
9565.0,-0.143538502922607
9570.0,-0.19196183091382876
9575.0,0.007255485860851091
9580.0,-0.1632949887018019
9585.0,-0.20229039645093883
9590.0,-0.1689688969930096
9595.0,-0.17015068950765894
9600.0,-0.07184913720113947
9605.0,-0.20123165550592095
9610.0,-0.010986354247523561
9615.0,-0.2793612142208013
9620.0,-0.13722135764636517
9625.0,-0.28921023669858764
9630.0,-0.03452117465596419
9635.0,-0.2264817793295879
9640.0,-0.20029705609639312
9645.0,-0.10986923499030049
9650.0,-0.07772532118936804
9655.0,-0.2880992853611389
9660.0,-0.059027423882779026
9665.0,0.3386279010094703
9670.0,1.444277972253932
9675.0,2.25091288415918
9680.0,2.0308952740572495
9685.0,1.0146075720958954
9690.0,0.22361067011159824
9695.0,-0.1368577640576888
9700.0,-0.10239523080386458
9705.0,-0.007925799005070289
9710.0,-0.31223538868702194
9715.0,-0.14277584611697597
9720.0,-0.16361305852336
9725.0,-0.07508457560539644
9730.0,-0.19826967207694995
9735.0,-0.11880728092280635
9740.0,-0.1920254127154491
9745.0,-0.028422454067284955
9750.0,-0.0746955062816103
9755.0,-0.09052272652173704
9760.0,-0.03490098662837227
9765.0,-0.08251086555332401
9770.0,-0.19217600463932177
9775.0,0.009369713912390117
9780.0,-0.010138809551289398
9785.0,-0.041724755690908416
9790.0,0.06905954242327815
9795.0,0.09838878292851884
9800.0,-0.10125379560431488
9805.0,-0.06491262905517341
9810.0,0.15296310575207753
9815.0,0.14970355062714102
9820.0,-0.036187264304112975
9825.0,-0.06778709401054123
9830.0,-0.010762366078124114
9835.0,0.009849216653648588
9840.0,-0.07992016838318786
9845.0,0.07330812819357539
9850.0,-0.03697809093624338
9855.0,-0.0230979322988185
9860.0,0.17573683822614666
9865.0,0.039088415827138234
9870.0,0.10125664973141547
9875.0,0.17123440051402963
9880.0,0.19453361051992885
9885.0,0.09752871274392239
9890.0,0.1381262297540806
9895.0,0.06593137453775372
9900.0,0.30330094451194517
9905.0,0.2100976142929045
9910.0,0.057612749297129354
9915.0,0.1622993815419124
9920.0,0.23090255603078869
9925.0,0.21428929280516198
9930.0,0.3399299390083676
9935.0,0.30267136685815327
9940.0,0.13417208249089094
9945.0,0.1779132772892256
9950.0,0.073507890628185
9955.0,0.21387666684349438
9960.0,0.20726478757920727
9965.0,0.43889715467491874
9970.0,0.20593675533025152
9975.0,0.009991347143128854
9980.0,0.1387809761013223
9985.0,0.2099189847849587
9990.0,0.08695813732315735
9995.0,0.1217956088544676
10000.0,0.1664349627234128
10005.0,0.22925708749415682
10010.0,0.18242055645599556
10015.0,0.11573522317751292
10020.0,0.2647824451202841
10025.0,0.1431121826718825
10030.0,0.1441974474754757
10035.0,0.06209397806583175
10040.0,0.1123252567348204
10045.0,0.238212391131932
10050.0,0.030138578490247175
10055.0,0.16519146709330135
10060.0,0.2317640400240056
10065.0,0.12851052000243463
10070.0,0.17903095705444566
10075.0,0.051664554307213326
10080.0,0.2645630752112853
10085.0,0.23994009980410302
10090.0,0.15600350439792082
10095.0,-0.029419501951671867
10100.0,0.027906870313090318
10105.0,0.20324079115413485
10110.0,0.2626122388056048
10115.0,0.12803233375753253
10120.0,0.20632534495741853
10125.0,0.03193449780682499
10130.0,0.06200423439637626
10135.0,0.07143119905904358
10140.0,0.10156158959768374
10145.0,-0.08206518474741864
10150.0,0.13213610257900507
10155.0,0.15837128126382627
10160.0,-0.07224637595131037
10165.0,-0.09909713310556945
10170.0,0.04613777504454064
10175.0,-0.052622101022268684
10180.0,-0.2154409719543581
10185.0,0.06237753168165308
10190.0,-0.0047021272418685915
10195.0,-0.06988202422308963
10200.0,0.15499486235424884
10205.0,-0.030883942384437355
10210.0,-0.1192889206607205
10215.0,-0.05038207989791749
10220.0,-0.16099424589044947
10225.0,-0.1437269141690768
10230.0,-0.04805545466912378
10235.0,-0.1402169697808612
10240.0,-0.1382810061604439
10245.0,0.045327071646817124
10250.0,-0.03451214820706221
10255.0,-0.04643457880265921
10260.0,-0.07769773602006087
10265.0,-0.08809794722383513
10270.0,-0.006739724191046875
10275.0,-0.1455085234614567
10280.0,0.017579395686375426
10285.0,-0.24045114973167053
10290.0,-0.18291776105400906
10295.0,-0.28889973548476466
10300.0,-0.2003412135733692
10305.0,-0.12702334414934602
10310.0,-0.04705097475199682
10315.0,-0.2410343064622085
10320.0,-0.18421428677689328
10325.0,-0.22005688785515287
10330.0,-0.2569123395762915
10335.0,-0.29986231446427614
10340.0,-0.18940377217889856
10345.0,-0.3524559851474799
10350.0,-0.18798689136103994
10355.0,-0.19707215178346577
10360.0,-0.2588320410003479
10365.0,-0.29094598595083904
10370.0,-0.3245353599122718
10375.0,-0.031164106275089587
10380.0,-0.3196506584475451
10385.0,-0.05762425374250507
10390.0,-0.14240354772816113
10395.0,-0.22744021848312845
10400.0,-0.29673726817476803
10405.0,-0.09636363118652316
10410.0,-0.03177699204897283
10415.0,-0.268439971090656
10420.0,-0.20787696337455255
10425.0,-0.08264170345121159
10430.0,-0.14305754045213756
10435.0,0.011029029042771699
10440.0,-0.21567656777858554
10445.0,-0.11066815675367468
10450.0,-0.2668918558179682
10455.0,0.03975580187053748
10460.0,-0.20891281712909726
10465.0,-0.3359583226588273
10470.0,-0.14238096627559596
10475.0,-0.13720436897060354
10480.0,0.05436879903852024
10485.0,-0.14169854107043536
10490.0,-0.10532180994062902
10495.0,-0.04357262586488819
10500.0,0.05315233315933161
10505.0,-0.08777704366996301
10510.0,0.01913477245464175
10515.0,-0.01999330499923377
10520.0,-0.085369133426351
10525.0,-0.043713180106629196
10530.0,-0.04000956128954293
10535.0,-0.1168556274614869
10540.0,0.08305439465364294
10545.0,-0.14260071960029397
10550.0,0.09582334559057018
10555.0,0.08464555436595629
10560.0,-0.0012947726804555786
10565.0,-0.05349077422313442
10570.0,0.0033137849585270357
10575.0,0.0744934614382125
10580.0,0.10701525144910576
10585.0,0.07408927090821033
10590.0,0.14560162272977079
10595.0,0.01408528413219877
10600.0,0.09319977798514653
10605.0,-0.061354848854956234
10610.0,0.15609253026522807
10615.0,0.10857019512414379
10620.0,0.06463632565462718
10625.0,0.21365336475635963
10630.0,0.17823903836212515
10635.0,-0.13078802156703573
10640.0,0.13274975950470727
10645.0,0.004456710290681343
10650.0,0.23742181069927956
10655.0,0.3712072185408236
10660.0,0.10603502892992248
10665.0,0.16466265793418666
10670.0,0.14033082186519263
10675.0,0.1991875199495246
10680.0,0.23002329256728296
10685.0,0.29196228475637764
10690.0,0.09104214898701747
10695.0,0.324840142096084
10700.0,0.10272135734829034
10705.0,0.21433634482153416
10710.0,0.2961822478947659
10715.0,0.2582770957517654
10720.0,0.17421832203900037
10725.0,0.4675020987239839
10730.0,1.230223763740596
10735.0,2.2912661226714093
10740.0,2.7869799225545067
10745.0,1.8686835208441674
10750.0,1.0197643909548217
10755.0,0.45976736980623784
10760.0,0.2485251186388512
10765.0,0.23898409937491796
10770.0,0.33206056271845263
10775.0,0.2373708774819963
10780.0,0.2683148197958592
10785.0,0.23929615799609016
10790.0,0.3470182690507838
10795.0,0.011394587329319944
10800.0,0.29418910466084736
10805.0,0.15141851126629258
10810.0,0.14545509025103814
10815.0,0.07897868221110656
10820.0,-0.006727576366266114
10825.0,0.12202764283111012
10830.0,0.08921345927592167
10835.0,0.18995495719023825
10840.0,0.007132586691594334
10845.0,0.2623959167285983
10850.0,0.1517074724078072
10855.0,0.09838402081996248
10860.0,0.05009948809666205
10865.0,0.03615348394103088
10870.0,-0.001836937168790992
10875.0,0.04357386921175823
10880.0,0.08564561640735165
10885.0,0.06152538967532842
10890.0,-0.0575632959485502
10895.0,0.03794752363196084
10900.0,-0.026490345662784708
10905.0,0.060216008654208564
10910.0,0.20549622746754936
10915.0,0.08571514490469215
10920.0,-0.006983292143762851
10925.0,-0.1333443792421554
10930.0,-0.12275486148894824
10935.0,-0.15556748652545807
10940.0,0.0532485919259625
10945.0,-0.08925000976737701
10950.0,-0.02302954269993873
10955.0,-0.09286488427129902
10960.0,-0.03683193611748181
10965.0,0.07303348233143664
10970.0,-0.12274822343107739
10975.0,-0.09966863375685578
10980.0,-0.14931342470672887
10985.0,-0.005657336645981531
10990.0,-0.1841637774270793
10995.0,-0.20113843731210845
11000.0,-0.231208182042736
11005.0,-0.2400451472007904
11010.0,-0.07766941361691547
11015.0,0.10461236436373555
11020.0,-0.22253196398242464
11025.0,-0.05341740018910032
11030.0,-0.12232393666542704
11035.0,-0.24972108048587988
11040.0,-0.18079617342558985
11045.0,-0.18193927034662752
11050.0,-0.22794406226801317
11055.0,0.0034573765379111443
11060.0,-0.3460688312771779
11065.0,-0.14414249881058297
11070.0,-0.15220663550671726
11075.0,-0.23750135361019234
11080.0,-0.17485097773496683
11085.0,-0.11196525503088345
11090.0,-0.17951554467775727
11095.0,-0.15767895723524172
11100.0,-0.13451378543052506
11105.0,-0.38105677280369626
11110.0,-0.06606957823882714
11115.0,0.005317522612667602
11120.0,-0.11171780200700908
11125.0,-0.10867190852488462
11130.0,-0.3262093206584642
11135.0,-0.20934476615762077
11140.0,-0.27064438498033627
11145.0,-0.2489392168654205
11150.0,-0.10724931543294236
11155.0,-0.264487346447299
11160.0,-0.20136554459655986
11165.0,-0.35861961083818944
11170.0,-0.19797280292024608
11175.0,-0.17216008955278997
11180.0,-0.2399274829799543
11185.0,-0.2372145695314397
11190.0,0.0017242140533564876
11195.0,-0.2722682015792003
11200.0,-0.2530004956032583
11205.0,-0.22603461215012238
11210.0,-0.039842690137005296
11215.0,0.04714613467624845
11220.0,-0.10610666229006839
11225.0,-0.19433483278740116
11230.0,-0.16182057293288485
11235.0,-0.020825926595091096
11240.0,-0.19178701526193798
11245.0,0.028033000936182537
11250.0,0.03199688041557583
11255.0,-0.08177362923407713
11260.0,-0.022384931808214152
11265.0,-0.005363971881520546
11270.0,0.07485976708854498
11275.0,-0.1517149727984828
11280.0,0.0572580214529119
11285.0,-0.07470185429639767
11290.0,-0.10183970866236997
11295.0,-0.015253753091854954
11300.0,-0.03549579094527111
11305.0,-0.09676157712733827
11310.0,-0.14331566043580815
11315.0,-0.0760139464026168
11320.0,0.1478020295633741
11325.0,0.20200675377216118
11330.0,0.09212754950073561
11335.0,0.14853357757284436
11340.0,0.003395975757912041
11345.0,0.050991310427397796
11350.0,0.09130723863471185
11355.0,-0.023648519348426447
11360.0,-0.007746177698920484
11365.0,0.09763479882796412
11370.0,0.0674472331291126
11375.0,0.0077731025193886055
11380.0,0.14532008071638128
11385.0,0.09368416004239445
11390.0,0.21594450664504794
11395.0,0.12998441993335733
11400.0,0.1096247616264606
11405.0,0.15410734408927854
11410.0,0.1328550984110694
11415.0,0.09366883040982574
11420.0,0.12280932935004149
11425.0,0.23134951686263752
11430.0,0.2267202230359545
11435.0,0.2886335858745215
11440.0,0.0245429091826439
11445.0,0.14526638893293714
11450.0,0.14675138129984014
11455.0,0.20262179290800555
11460.0,0.14924233055185643
11465.0,0.14619452690018275
11470.0,0.2649593080585262
11475.0,0.21229239856668544
11480.0,0.092724029678199
11485.0,0.318891456176868
11490.0,0.2892376029114533
11495.0,0.14827122528468292
11500.0,0.2747934597009092
11505.0,0.13351702534327634
11510.0,0.3003514490110578
11515.0,0.17844515247074638
11520.0,0.12446173349882884
11525.0,0.1614642643562042
11530.0,0.12410646905074045
11535.0,0.2079762393144112
11540.0,0.2037646078465662
11545.0,0.1882225202324892
11550.0,0.131578845264253
11555.0,-0.15146450655798246
11560.0,0.18243764262097584
11565.0,-0.0008312586222770924
11570.0,0.18725938437343295
11575.0,0.2622195594916266
11580.0,0.1799850051026795
11585.0,0.11490353847558854
11590.0,0.12812108494933183
11595.0,0.1264411680795613
11600.0,0.08285152118139649
11605.0,0.07337905089038507
11610.0,0.03618772661980141
11615.0,0.21948406907111268
11620.0,0.10416540560968604
11625.0,0.18446211273093122
11630.0,0.06855477560687218
11635.0,0.0900580829464632
11640.0,0.06058710962198806
11645.0,0.10980356594845131
11650.0,0.13465400699911406
11655.0,0.0738340940483335
11660.0,-0.016469614077443018
11665.0,-0.03418552055879386
11670.0,0.17710964646561775
11675.0,-0.0056933482071493645
11680.0,-0.01499727309500968
11685.0,0.13472502000978445
11690.0,0.09244930060989
11695.0,0.03426412918153428
11700.0,-0.05802613296568371
11705.0,0.18144650751560454
11710.0,-0.003181797660770369
11715.0,0.0025380081774201424
11720.0,-0.07015043461420298
11725.0,-0.1900037106408501
11730.0,-0.1907009183520234
11735.0,-0.04167808329391075
11740.0,-0.05063933143091651
11745.0,-0.11495257161206764
11750.0,-0.20609095886602807
11755.0,-0.23750062427146315
11760.0,-0.14418293418729447
11765.0,-0.2524537839077739
11770.0,0.09450120827154147
11775.0,0.5695735746102234
11780.0,1.6575097721699068
11785.0,2.3400689489511612
11790.0,2.072348339882065
11795.0,1.071428989292401
11800.0,-0.01779217895359375
11805.0,-0.12424572594241241
11810.0,-0.18710824134977477
11815.0,-0.08823759016100965
11820.0,-0.12415151429992957
11825.0,-0.12978827790436837
11830.0,-0.16674028607936242
11835.0,-0.1293890711909346
11840.0,-0.061163323799431374
11845.0,-0.2895302681860939
11850.0,-0.23675618601994325
11855.0,-0.3221352626983897
11860.0,-0.05271400941330148
11865.0,-0.08255684843057262
11870.0,-0.13210521341188453
11875.0,-0.3078692909412324
11880.0,-0.18427633452266756
11885.0,-0.22045371624305438
11890.0,-0.19121052683853235
11895.0,-0.2142198381277054
11900.0,-0.14895523105148822
11905.0,-0.22940855601184823
11910.0,-0.11474706845805664
11915.0,-0.16738563080019112
11920.0,-0.2126125070766041
11925.0,-0.19310365912423655
11930.0,-0.2191732012605977
11935.0,-0.10244262604071723
11940.0,-0.19599087292191
11945.0,-0.14058800999668028
11950.0,-0.19772352410723898
11955.0,-0.2910633293389996
11960.0,-0.0705785818964907
11965.0,-0.24181910949698782
11970.0,-0.07966852539131543
11975.0,-0.09694015497123307
11980.0,-0.2775238928387864
11985.0,-0.20700617756171755
11990.0,-0.1615460992307954
11995.0,-0.1822337655430726
12000.0,-0.20765949445174592
12005.0,-0.02739270754411524
12010.0,-0.10812182226702653
12015.0,-0.04426893427691144
12020.0,-0.11000449758457585
12025.0,-0.03593311989769278
12030.0,-0.1230601522618417
12035.0,-0.049790695680507105
12040.0,0.013096607837988924
12045.0,-0.027010121518586547
12050.0,-0.06394982992940369
12055.0,-0.1123135325845815
12060.0,0.008894973222759485
12065.0,0.03318540497256356
12070.0,-0.012783453399191035
12075.0,-0.050459517651709834
12080.0,0.07588960194465708
12085.0,0.2586437181161821
12090.0,0.016235994601151053
12095.0,0.08185828091575813
12100.0,0.0935217709100681
12105.0,-0.16352414527850934
12110.0,0.0863894964209734
12115.0,0.019308785639261777
12120.0,0.21502707598218956
12125.0,0.07489919143235199
12130.0,0.03496275662868106
12135.0,0.09227693993000066
12140.0,0.13373896098003354
12145.0,0.07495741927011007
12150.0,0.12699213717726174
12155.0,0.016011601242674117
12160.0,0.12352802386190181
12165.0,0.21927662282472818
12170.0,0.3320973465256453
12175.0,0.22359512172020896
12180.0,0.18934202008792356
12185.0,0.27597990127187133
12190.0,0.26543962901317725
12195.0,0.327443014990543
12200.0,0.2788050635172551
12205.0,0.17411235313441623
12210.0,0.21101375119698235
12215.0,0.20658545589091457
12220.0,0.2200303346145332
12225.0,0.21290882824539656
12230.0,0.12616517809570188
12235.0,0.008619137695854262
12240.0,0.1385142832034129
12245.0,0.01729586892191881
12250.0,0.20608236184484474
12255.0,0.20035427337522652
12260.0,0.04877717113046834
12265.0,0.26080044852345535
12270.0,0.27582377580355083
12275.0,0.20503107942955442
12280.0,0.3447513252449817
12285.0,0.3610302918314239
12290.0,0.08162567544345918
12295.0,0.28072324023109935
12300.0,0.22402539406558658
12305.0,0.2186071683690556
12310.0,0.26135385014697
12315.0,0.10851596962174487
12320.0,0.11561432772929922
12325.0,0.08992089700859607
12330.0,0.09148847495704454
12335.0,0.14539518633445003
12340.0,0.018160845208369553
12345.0,0.04901499496489678
12350.0,0.18916498902326653
12355.0,0.12461964456626827
12360.0,0.1590636574692969
12365.0,-0.0520605640488796
12370.0,0.040596454241046936
12375.0,0.054132649090449306
12380.0,0.09984552187452192
12385.0,0.03678027879342586
12390.0,0.16600819726152738
12395.0,0.06910468375795538
12400.0,0.06808240163685524
12405.0,0.059855632280053916
12410.0,0.1143401707259777
12415.0,7.202794349894098e-05
12420.0,0.1353559391071513
12425.0,0.06750876930795753
12430.0,0.03168450370693975
12435.0,0.013264212576914847
12440.0,0.04800553065440488
12445.0,0.08423161166167453
12450.0,0.06962447017998909
12455.0,0.010061881222876934
12460.0,0.04688788497575685
12465.0,-0.029560259554110485
12470.0,0.06438573162658864
12475.0,-0.058774953332108276
12480.0,-0.2510870153576826
12485.0,0.04825249573380205
12490.0,-0.07015753769478733
12495.0,-0.19282976304348542
12500.0,-0.11268963308144432
12505.0,-0.18164667231177428
12510.0,0.07984227724176293
12515.0,-0.0712703235712014
12520.0,-0.2639299088464851
12525.0,-0.08006195853260453
12530.0,-0.1713499260047912
12535.0,0.03103575316471785
12540.0,-0.24198327772188621
12545.0,-0.3549834866281021
12550.0,-0.15206769871804587
12555.0,-0.19428922111878383
12560.0,-0.20514742309431375
12565.0,-0.3647631536595781
12570.0,-0.13773705221796778
12575.0,-0.029341323643408385
12580.0,-0.35523694257103255
12585.0,-0.0811741359458141
12590.0,-0.2406066432878639
12595.0,0.019479300218766593
12600.0,-0.15486634381310121
12605.0,-0.21285198990671422
12610.0,-0.09796044252565096
12615.0,-0.15125830933451073
12620.0,-0.2527332328902772
12625.0,-0.13595784366234795
12630.0,-0.24595821127649456
12635.0,-0.3607305500523937
12640.0,-0.016347618783217
12645.0,-0.2297319108740361
12650.0,-0.2518150395327393
12655.0,-0.16491117045587148
12660.0,-0.33381621970552333
12665.0,-0.3129888261846877
12670.0,-0.23352050749929737
12675.0,-0.2323855233349315
12680.0,-0.17587658853439034
12685.0,-0.07773596298939067
12690.0,-0.21753780585244148
12695.0,-0.12632917765659632
12700.0,-0.11205137367428132
12705.0,-0.25897810834988844
12710.0,-0.13579102174124089
12715.0,-0.2358614085006489
12720.0,-0.04967761300686997
12725.0,-0.0986251231351532
12730.0,-0.1320102571066882
12735.0,-0.2477492817609307
12740.0,-0.11019713725331395
12745.0,-0.18291923204192423
12750.0,-0.04340294436183695
12755.0,-0.110546161260254
12760.0,-0.1656117301665557
12765.0,-0.0017374838954654082
12770.0,-0.012481706462538156
12775.0,-0.12306797750832114
12780.0,0.04278082620762244
12785.0,-0.0806803587712702
12790.0,-0.07357821019085314
12795.0,-0.02646277392473889
12800.0,-0.03436802237360916
12805.0,0.2723707335760594
12810.0,1.045977046489067
12815.0,2.2296939855094786
12820.0,2.622684230512917
12825.0,1.7738146177267031
12830.0,0.9433978526266487
12835.0,0.23051330328618355
12840.0,0.07120860991516864
12845.0,0.124633738742369
12850.0,0.07947311519940603
12855.0,0.27853995802979037
12860.0,0.09095328801446313
12865.0,-0.030972217092418375
12870.0,0.2019285651626157
12875.0,0.05482925611407907
12880.0,0.07184826226630141
12885.0,-0.16286936256502216
12890.0,0.2034322499226438
12895.0,0.1937695156761119
12900.0,0.19857792604946808
12905.0,0.22105991036031697
12910.0,0.29129972893992956
12915.0,0.1408344002561069
12920.0,0.23497325197167773
12925.0,0.08899398525185798
12930.0,0.1291785737392101
12935.0,0.26093069674876684
12940.0,0.2055371857871478
12945.0,0.05454675267503284
12950.0,0.21098884147776795
12955.0,0.1656124474201395
12960.0,0.11168373488029193
12965.0,0.2274169941725191
12970.0,0.15456618891317614
12975.0,0.05193667163505947
12980.0,0.09525030213232662
12985.0,0.35611418363301883
12990.0,0.06183810230775902
12995.0,0.219182713927101
13000.0,0.25463869901834824
13005.0,0.2575171208651956
13010.0,0.08960694257121228
13015.0,0.17052324440845829
13020.0,0.2113539351720632
13025.0,0.26956773689889735
13030.0,0.13803068496175797
13035.0,0.08955234818074524
13040.0,0.282347394920876
13045.0,0.2890967495321399
13050.0,0.2201274661402577
13055.0,0.12889381171464295
13060.0,0.21683807368914773
13065.0,0.18629950366468034
13070.0,0.2477738243765485
13075.0,0.05559353962362476
13080.0,0.17381199081977244
13085.0,0.14408403956255292
13090.0,0.05330455639462846
13095.0,0.16709484568854077
13100.0,0.14508315791333498
13105.0,0.09901593316569071
13110.0,0.1653624741579918
13115.0,-0.004425346391085133
13120.0,0.11177114791501028
13125.0,0.148556309569315
13130.0,0.12823029299243718
13135.0,0.1923086187893113
13140.0,-0.020074233932101823
13145.0,-0.05524036177213194
13150.0,0.0942882692305804
13155.0,0.10591287361531626
13160.0,0.24779751861101257
13165.0,0.1044737639244777
13170.0,-0.03779646191815835
13175.0,0.1052108794635539
13180.0,-0.051685898923339954
13185.0,-0.11759420079739877
13190.0,0.24263233220713862
13195.0,0.028806193187094424
13200.0,0.05549702124563423
13205.0,0.03355590228604811
13210.0,0.13763799801297452
13215.0,-0.008120440624099692
13220.0,0.06772016155137435
13225.0,-0.14243815709654456
13230.0,-0.18330028614094684
13235.0,0.06246183747576124
13240.0,0.05900102703969294
13245.0,-0.03545108243664522
13250.0,-0.06860915119939484
13255.0,-0.08138356007595003
13260.0,-0.1654910674148854
13265.0,0.027883546530477907
13270.0,-0.05813994128565041
13275.0,-0.07854921673806065
13280.0,-0.09665553806387048
13285.0,-0.04239422205861361
13290.0,-0.09721815971411457
13295.0,-0.08130086538690506
13300.0,-0.2590440588051123
13305.0,-0.11312730043975211
13310.0,0.03290392973607509
13315.0,-0.215240628507262
13320.0,-0.18450488787877165
13325.0,-0.09667193956024756
13330.0,-0.09451901710653453
13335.0,-0.1278936636236586
13340.0,-0.33277236737124755
13345.0,-0.1448039279985092
13350.0,-0.29893192474225166
13355.0,-0.2687319751642049
13360.0,-0.1469539058266329
13365.0,-0.2243321493641476
13370.0,-0.1259279543634349
13375.0,0.08379750257788854
13380.0,-0.1299833666727429
13385.0,-0.13492037764769277
13390.0,-0.28029300246911343
13395.0,-0.2568981146892033
13400.0,-0.2937692100722149
13405.0,-0.24463780669174137
13410.0,-0.29328495664893806
13415.0,-0.2523839233316486
13420.0,-0.20944629566303843
13425.0,-0.27803152592259184
13430.0,-0.31269085747075276
13435.0,-0.3041749904825606
13440.0,-0.137146220757931
13445.0,-0.16866879910813581
13450.0,-0.07745610398117511
13455.0,-0.07124121753167931
13460.0,-0.19106142903800535
13465.0,-0.09498474448329225
13470.0,-0.2795506961105991
13475.0,0.06121330275704073
13480.0,-0.030776984204877136
13485.0,-0.15158075281809258
13490.0,-0.23055054359124957
13495.0,-0.08507459000602599
13500.0,-0.2807948953767678
13505.0,-0.17563954902536272
13510.0,-0.030945064158789753
13515.0,-0.08420305641309832
13520.0,-0.12768256223558772
13525.0,0.009713492529663692
13530.0,-0.1615557934004258
13535.0,-0.03456316467735046
13540.0,-0.09699892805507407
13545.0,-0.12036499368182049
13550.0,0.005768100486203007
13555.0,-0.11707014982396187
13560.0,0.15174419920840068
13565.0,-0.06375253886149011
13570.0,0.17628345079671445
13575.0,-0.09292518260039795
13580.0,0.06839074909366961
13585.0,-0.08580780834881631
13590.0,-0.09028612760355062
13595.0,0.05299554199792685
13600.0,0.10774294436672688
13605.0,-0.05986160104185109
13610.0,0.1693595525008646
13615.0,-0.0011423314590185418
13620.0,0.09018426154185365
13625.0,0.12015090969196539
13630.0,0.14693952323408477
13635.0,-0.061099727328923686
13640.0,0.2534843980044863
13645.0,0.16529838373769964
13650.0,0.08315766612310338
13655.0,0.035800463539467836
13660.0,-0.01820103294342229
13665.0,0.017795339206421207
13670.0,0.19518233391330228
13675.0,0.12100204238821212
13680.0,0.05515964225710142
13685.0,0.11459684730975109
13690.0,0.30753479356552693
13695.0,0.1414581144979867
13700.0,0.12277549209791612
13705.0,0.3007829310981124
13710.0,0.22434007266504652
13715.0,0.1899792675565845
13720.0,0.13419493558860945
13725.0,0.05175175291243139
13730.0,0.08836095070015514
13735.0,0.15237303474284034
13740.0,0.17741350774086417
13745.0,0.2304645915998652
13750.0,0.2489401773080948
13755.0,0.21987693349356285
13760.0,0.21983655078494915
13765.0,0.10916118364273687
13770.0,0.0054021900812481205
13775.0,0.15159703058439528
13780.0,0.11140361835785502
13785.0,0.1369993709784092
13790.0,0.16914491727809983
13795.0,0.07971261186523271
13800.0,0.0891411288495721
13805.0,0.17718012050682105
13810.0,0.19342636069858288
13815.0,0.12044785145474149
13820.0,0.37765771831894857
13825.0,0.7976462594910435
13830.0,1.685282378874545
13835.0,2.6001849415516722
13840.0,2.558943961900174
13845.0,1.3328697507989409
13850.0,0.6703244896043153
13855.0,0.35043999082806176
13860.0,0.2695337483369139
13865.0,0.05438763196286475
13870.0,0.3033098297598423
13875.0,0.12568800309250294
13880.0,0.08546592635745665
13885.0,0.0804779860655845
13890.0,0.1480776022811929
13895.0,0.09110108721516111
13900.0,0.0629923823796984
13905.0,0.1867125783841662
13910.0,-0.001706147279050066
13915.0,-0.03849749702930713
13920.0,0.11871173761152257
13925.0,0.10252070281559017
13930.0,0.1294515362178016
13935.0,-0.07376160135350764
13940.0,0.11176496016810515
13945.0,0.04949993456447623
13950.0,0.1564174710040369
13955.0,-0.12288869742977891
13960.0,0.0007886344391572452
13965.0,-0.05211152746564511
13970.0,-0.17843976081087956
13975.0,-0.10786972897203823
13980.0,0.04981253411776369
13985.0,-0.10183351477632946
13990.0,-0.13256114285763015
13995.0,0.002832979406259886
14000.0,0.006036081145861696
14005.0,-0.0016606155035597953
14010.0,-0.1688948814940801
14015.0,-0.11022476591355429
14020.0,-0.019243883752688776
14025.0,-0.17785108422546245
14030.0,-0.19284639024615785
14035.0,-0.057246590888603996
14040.0,0.002671794285953183
14045.0,-0.24753899069983426
14050.0,-0.3832963893027673
14055.0,-0.28544714285970785
14060.0,-0.25117389654189254
14065.0,-0.17730076271863557
14070.0,-0.114053854432896
14075.0,-0.18694161918551605
14080.0,-0.240761681031123
14085.0,-0.16759394873995914
14090.0,-0.27131689400123704
14095.0,-0.19200178529599643
14100.0,-0.24822467646727836
14105.0,0.0483734642830006
14110.0,-0.12138573211078431
14115.0,-0.2717486760013508
14120.0,-0.28768101214389985
14125.0,-0.23840890249783922
14130.0,-0.3476821650224967
14135.0,-0.26571189384093663
14140.0,-0.2663847054706614
14145.0,-0.12002075026972361
14150.0,-0.23725145551589147
14155.0,-0.26894472346529813
14160.0,-0.3170323592616855
14165.0,-0.30054182758771375
14170.0,-0.19853245166771075
14175.0,-0.20950381755804637
14180.0,-0.08531128266406171
14185.0,-0.2409421253744511
14190.0,-0.0856002715437407
14195.0,-0.15407791246382782
14200.0,-0.17362128778604904
14205.0,-0.3496355968455541
14210.0,-0.28038442101392913
14215.0,-0.09265639278290642
14220.0,-0.02841033756105385
14225.0,-0.13019517397591202
14230.0,-0.07445129582336679
14235.0,-0.1738285699785729
14240.0,-0.1643719390330626
14245.0,-0.18420645858168516
14250.0,-0.030190216352729823
14255.0,-0.08022994352751041
14260.0,-0.1251327269259795
14265.0,-0.12640785330807336
14270.0,-0.0393941651223457
14275.0,-0.0528709731469101
14280.0,-0.14916459716543484
14285.0,0.08795740164299677
14290.0,-0.03543382926473852
14295.0,-0.04960675435081042
14300.0,0.09051014278052812
14305.0,0.05789394733021601
14310.0,-0.03394713058267139
14315.0,0.03049120677313436
14320.0,-0.10573204803829864
14325.0,-0.05878002477048894
14330.0,-0.1962022382480701
14335.0,0.1253798316842221
14340.0,-0.14701801107772727
14345.0,0.09340463038911741
14350.0,-0.03447592499620058
14355.0,-0.039697230289862814
14360.0,0.03889859638331186
14365.0,0.08837165301884721
14370.0,0.12731554170992285
14375.0,0.2393788378230713
14380.0,0.11977452823100307
14385.0,0.17422223609864507
14390.0,0.04830127438254076
14395.0,0.17347349061722805
14400.0,0.12991642461517602
14405.0,0.08111775090308221
14410.0,0.12063511213588077
14415.0,0.1299328123849429
14420.0,0.1587277854881866
14425.0,0.18341586888759376
14430.0,0.10699846347966878
14435.0,0.09137168393223766
14440.0,0.23028209612936376
14445.0,0.015005460194184944
14450.0,0.11645075501279416
14455.0,0.3159205167073972
14460.0,-0.06367311210566981
14465.0,0.12107733447060923
14470.0,0.24850565072344322
14475.0,0.040916956144013805
14480.0,0.4257847628311023
14485.0,-0.038831444669554266
14490.0,0.3252511601611494
14495.0,0.3376173039921039
14500.0,0.2810813085349347
14505.0,0.17947515020128296
14510.0,0.2320259845585323
14515.0,0.11924258723820344
14520.0,0.2726022642679328
14525.0,0.09839640977301603
14530.0,0.1736110487968679
14535.0,0.28665343786249503
14540.0,0.09509309220484724
14545.0,0.16064638185332755
14550.0,0.20592881602628804
14555.0,0.06776666002347624
14560.0,0.29037650670353765
14565.0,0.2129858754102292
14570.0,0.04232985944446893
14575.0,0.17061222867682088
14580.0,0.10086228390844537
14585.0,0.10696901866128047
14590.0,0.16827464186504543
14595.0,0.09243369018443925
14600.0,0.2377788567026127
14605.0,0.08195841407540645
14610.0,0.22788408245147718
14615.0,0.1295021549134066
14620.0,0.20413836389029066
14625.0,0.07185707756082135
14630.0,0.06835035128253866
14635.0,0.0031551545399120806
14640.0,0.15176072485196515
14645.0,0.1768366647098755
14650.0,0.2756940692784852
14655.0,0.19349909101775042
14660.0,0.0920821197141935
14665.0,0.042743936771260246
14670.0,0.0887368674779459
14675.0,0.04318611758218692
14680.0,0.16924505763034986
14685.0,0.1142716409078807
14690.0,-0.05425819779684848
14695.0,-0.04913936337833866
14700.0,0.12747770887610066
14705.0,0.023816825981517062
14710.0,-0.03309464777935661
14715.0,0.08622923734684888
14720.0,-0.06369352674113721
14725.0,-0.0622088808644336
14730.0,-0.08668927505226884
14735.0,-0.22981068054248205
14740.0,0.016539107734185446
14745.0,-0.17793917800572462
14750.0,-0.1280614915489317
14755.0,-0.15145173483267865
14760.0,-0.026551543960854462
14765.0,-0.10547091574036067
14770.0,-0.10505637465813297
14775.0,-0.26455587291267857
14780.0,-0.12803759875869977
14785.0,-0.25959342108491523
14790.0,-0.10541091601576351
14795.0,-0.10615780856643917
14800.0,-0.14659131651636237
14805.0,0.033246467600167695
14810.0,-0.10849029909790779
14815.0,-0.10744039319716914
14820.0,-0.15305562921280394
14825.0,-0.010284594015741066
14830.0,0.6151612637002526
14835.0,1.6090919797861531
14840.0,2.1611185530581487
14845.0,2.083950287669583
14850.0,1.023499135468068
14855.0,0.27444658322561954
14860.0,-0.07660843512303994
14865.0,-0.30725456648915606
14870.0,-0.3024643476744747
14875.0,-0.033978501088570034
14880.0,-0.17641924919960172
14885.0,-0.32729046588526783
14890.0,-0.1686589491568053
14895.0,-0.23248815514561763
14900.0,-0.36536349530710377
14905.0,-0.4047861550749206
14910.0,-0.34177734049318087
14915.0,-0.1716012304181843
14920.0,-0.1985739429800825
14925.0,-0.2145194682435329
14930.0,-0.16398835472058604
14935.0,-0.13269276227985977
14940.0,-0.3728810332889494
14945.0,-0.20730103317071763
14950.0,-0.2509390108597989
14955.0,-0.28333725384947606
14960.0,-0.21722165944215013
14965.0,-0.1743642932379385
14970.0,-0.18232666954055482
14975.0,-0.2840485492848078
14980.0,-0.19112004040363878
14985.0,0.03953655961093189
14990.0,-0.23080385481043902
14995.0,-0.2815019122836412
15000.0,-0.09843635059064473
15005.0,-0.06284223299089112
15010.0,-0.06790317892284707
15015.0,-0.20337974017430813
15020.0,-0.005536524321532205
15025.0,-0.1586393298023746
15030.0,-0.18253999370515367
15035.0,-0.1274662048244841
15040.0,-0.07466218563652204
15045.0,0.007325797301689897
15050.0,0.007237985981326363
15055.0,-0.04281136434092569
15060.0,0.05136631798074631
15065.0,-0.017013291838062574
15070.0,0.06458129008030315
15075.0,-0.13408748745559573
15080.0,-0.14108355559448868
15085.0,0.07873731580917136
15090.0,-0.1078700608421155
15095.0,-0.0016144066797243346
15100.0,0.024933732559964127
15105.0,-0.0019705443445200907
15110.0,0.009240219040968806
15115.0,0.1834130139207104
15120.0,-0.1616659706302165
15125.0,0.1533537689681161
15130.0,0.28804951401279566
15135.0,0.09114403011280696
15140.0,0.0946965758519237
15145.0,0.16899322245784146
15150.0,0.2752524333602485
15155.0,0.010574710651945957
15160.0,0.13203078544614844
15165.0,0.11380340006432914
15170.0,0.1871047052081058
15175.0,0.15704729907614573
15180.0,0.2078016401259872
15185.0,0.11594062298963453
15190.0,0.16348533575779087
15195.0,0.10365577274606975
15200.0,0.10882722912892906
15205.0,0.16020888707214267
15210.0,0.16420046695674853
15215.0,0.07518449244148864
15220.0,0.32542627037836114
15225.0,0.1750568268202076
15230.0,0.06544972700650195
15235.0,0.29155952620675196
15240.0,0.12718055961147753
15245.0,0.24203826423671193
15250.0,0.19618760981543343
15255.0,0.22135757901244635
15260.0,0.21493190456603797
15265.0,0.14816642158645962
15270.0,0.20366114898377102
15275.0,0.38265159927600423
15280.0,-0.002360485200651602
15285.0,0.20396542896678596
15290.0,0.23583911931870383
15295.0,0.10030642002996935
15300.0,0.06966109070007533
15305.0,0.3849413972934477
15310.0,0.154519256979196
15315.0,0.37205352262343083
15320.0,0.22983098421825493
15325.0,0.18481805644200214
15330.0,0.21684685886853938
15335.0,0.2269020985054552
15340.0,0.2713680091297177
15345.0,0.19958313333589278
15350.0,0.1682569699333289
15355.0,0.16572071781443723
15360.0,0.2658797410874544
15365.0,0.21183706060685414
15370.0,0.04199026907789152
15375.0,0.06859847474317528
15380.0,0.1489869383063513
15385.0,0.05636415407310066
15390.0,0.07155561316077652
15395.0,0.01223602599861269
15400.0,0.06737969358883511
15405.0,0.1215549636579996
15410.0,0.16534912646673638
15415.0,0.06883991986695588
15420.0,0.2468521363811813
15425.0,0.04524057572582049
15430.0,0.33143754236673295
15435.0,0.12601339504944536
15440.0,0.07234271851891705
15445.0,-0.025550310861810765
15450.0,-0.2431503382347396
15455.0,-0.011235503478847102
15460.0,0.010433473677721752
15465.0,0.15909183268746724
15470.0,-0.14640501957783195
15475.0,0.14104219241732185
15480.0,-0.06130667491056112
15485.0,0.018330511074176374
15490.0,-0.28347941665220555
15495.0,-0.05034384920627273
15500.0,-0.10164670245738343
15505.0,-0.017023660674664827
15510.0,-0.07782735681519086
15515.0,-0.1962851744840934
15520.0,-0.015538422592413434
15525.0,-0.04535950686487786
15530.0,-0.061088481413643474
15535.0,-0.030717489547543095
15540.0,-0.028944114020707512
15545.0,-0.1362833013246423
15550.0,-0.2625653299174092
15555.0,-0.2708349947569516
15560.0,-0.03026924952803836
15565.0,-0.09310165008726091
15570.0,-0.1528817345788471
15575.0,-0.2059238540119122
15580.0,-0.168416956409142
15585.0,-0.17317992216501435
15590.0,-0.20956950085407758
15595.0,-0.24571210456010772
15600.0,0.008767326686586974
15605.0,-0.16834921774573708
15610.0,-0.246012511063574
15615.0,-0.3109137277801901
15620.0,-0.26094241001386115
15625.0,-0.1324168094149863
15630.0,-0.1301575729328075
15635.0,-0.21893942594421728
15640.0,-0.1951632083375461
15645.0,-0.22745460238356813
15650.0,-0.29954068453737936
15655.0,-0.0821723072177302
15660.0,-0.1649295433776589
15665.0,0.02560710936866173
15670.0,-0.2637759071879455
15675.0,-0.20621455888418963
15680.0,-0.1121487373605535
15685.0,-0.21112146515276123
15690.0,-0.3110741880473361
15695.0,-0.2683754121275477
15700.0,-0.17038752816877764
15705.0,-0.14471835358772242
15710.0,-0.17999741751727538
15715.0,-0.07673313163708412
15720.0,-0.07297177864257545
15725.0,-0.1282626732474944
15730.0,-0.1496115705014501
15735.0,-0.16924729108847836
15740.0,-0.09109557887060277
15745.0,-0.05187815298279182
15750.0,-0.12291297244963864
15755.0,-0.08136765749321778
15760.0,-0.14434423271529107
15765.0,-0.23528416148450454
15770.0,-0.19123134613343898
15775.0,-0.02495169531957217
15780.0,-0.046202599212812986
15785.0,0.06427416047862498
15790.0,-0.06607154681800995
15795.0,0.014557350626007742
15800.0,0.06375718943679587
15805.0,0.04224014992287477
15810.0,-0.0938935833271031
15815.0,-0.04753136143363074
15820.0,0.16838690690265698
15825.0,0.605012858797989
15830.0,1.732151217479789
15835.0,2.556822607589628
15840.0,2.1363474263728888
15845.0,1.3552890883087185
15850.0,0.376558595555039
15855.0,0.09097455488788808
15860.0,0.022156954199160108
15865.0,-0.012050103756506433
15870.0,0.09730493126790193
15875.0,0.06939935523407817
15880.0,0.22490248317896339
15885.0,0.13768805241956672
15890.0,0.1389292267846842
15895.0,0.07794862066719002
15900.0,-0.022213981559229837
15905.0,0.1040092112640468
15910.0,0.042341268509949945
15915.0,0.21113012603167747
15920.0,0.1291032724182809
15925.0,0.2879100281780672
15930.0,0.2100816016940873
15935.0,0.22476261541582643
15940.0,0.17572460555163918
15945.0,0.17887805691301473
15950.0,0.2237462824777129
15955.0,0.25255976247416234
15960.0,0.10984182763639999
15965.0,0.22207031392035126
15970.0,0.4173262295381157
15975.0,0.1767046692507066
15980.0,0.16480550989422096
15985.0,0.12818376675282447
15990.0,0.06250623217812049
15995.0,0.3019129349581813
16000.0,0.20209784635763983
16005.0,0.2249339558736896
16010.0,0.3650154254049283
16015.0,0.4254748403258255
16020.0,0.11999958234011378
16025.0,0.2948527700275825
16030.0,0.25571531002134923
16035.0,0.23481282628129685
16040.0,0.24098271647444794
16045.0,0.19443801578264905
16050.0,0.33784281393129456
16055.0,0.2480387490692381
16060.0,0.22135191562513748
16065.0,0.2998162339160957
16070.0,0.2652087434300546
16075.0,0.22254669477647648
16080.0,0.2068449205537973
16085.0,0.33142790659639937
16090.0,0.21495578932604417
16095.0,0.15640486822340982
16100.0,0.08244889938292503
16105.0,0.12345862649169827
16110.0,0.054505017375161224
16115.0,0.15296823265270054
16120.0,0.1604650048277675
16125.0,-0.05341787751508989
16130.0,0.1263823703443904
16135.0,0.17652516952292904
16140.0,0.12625605305257637
16145.0,0.018318982903614667
16150.0,0.21121615496464474
16155.0,0.026977093959176114
16160.0,-0.028433490288470323
16165.0,-0.02282351272042854
16170.0,0.06533254331069527
16175.0,0.14718029924868967
16180.0,0.155596245843494
16185.0,0.06145908461017042
16190.0,-0.0730316278126044
16195.0,-0.03296478299230854
16200.0,-0.0629457297308865
16205.0,-0.006527738243655443
16210.0,-0.15848345221270266
16215.0,0.002845950885311631
16220.0,0.042568408337960405
16225.0,-0.03720250572242297
16230.0,0.009362425070190514
16235.0,-0.12472773357620992
16240.0,-0.179311357637027
16245.0,-0.11376384017322592
16250.0,0.03976065450184313
16255.0,0.020486445951352544
16260.0,-0.12103639143028719
16265.0,0.02085062588829434
16270.0,-0.12414747054285391
16275.0,0.03391147369549552
16280.0,-0.06579828046494283
16285.0,-0.15679562217219462
16290.0,-0.05122793584410952
16295.0,-0.19899715755242747
16300.0,-0.21974468784613105
16305.0,-0.2721293357409044
16310.0,-0.12406809786066686
16315.0,-0.15763065555508912
16320.0,-0.16502683481184124
16325.0,-0.1999392167712592
16330.0,-0.0383257511578379
16335.0,-0.21025159043955746
16340.0,-0.24132706783745056
16345.0,-0.06785684058501722
16350.0,-0.055565943415166213
16355.0,-0.15614022751009465
16360.0,-0.3460720789696056
16365.0,-0.24594673238953532
16370.0,-0.138981388350499
16375.0,-0.19438047997591448
16380.0,-0.057601531609113854
16385.0,-0.32164060173989617
16390.0,-0.13836919324528196
16395.0,-0.2563154900824608
16400.0,-0.0809208167329072
16405.0,-0.20651995616976324
16410.0,-0.10641943829894207
16415.0,-0.2565275644233323
16420.0,-0.32383309197276533
16425.0,-0.29529900236255807
16430.0,-0.24801463865235762
16435.0,-0.28335641703572645
16440.0,-0.08046137076595394
16445.0,-0.06505343671346045
16450.0,-0.1577115833493601
16455.0,-0.2717772902960919
16460.0,-0.18545686885557214
16465.0,-0.2323416221041375
16470.0,-0.035241323226751525
16475.0,-0.13288895787672925
16480.0,-0.11221039934487184
16485.0,-0.18689573746504434
16490.0,-0.3263457867169717
16495.0,-0.20887925211227137
16500.0,-0.23388226231133763
16505.0,-0.09373910117888676
16510.0,-0.1118295140463998
16515.0,-0.18591149846147206
16520.0,-0.14178926499300104
16525.0,0.0413044358454058
16530.0,-0.1787103269613233
16535.0,-0.16751596928066836
16540.0,-0.09783416135134737
16545.0,-0.13245479082858513
16550.0,-0.10024814224468095
16555.0,-0.0058518751182511305
16560.0,0.11028972114074252
16565.0,-0.1976139236242112
16570.0,-0.030885459222886293
16575.0,-0.017247233679386888
16580.0,-0.02022741091978034
16585.0,-0.021188328237925005
16590.0,-0.026648956224527207
16595.0,0.10268754902989995
16600.0,-0.02124774900018217
16605.0,0.017424861458673585
16610.0,0.03709158592433415
16615.0,0.054930535057104976
16620.0,0.03795375185703642
16625.0,0.15124660718566382
16630.0,0.06840993263504695
16635.0,0.09261294774419133
16640.0,0.0799395579343826
16645.0,0.0017742152197436079
16650.0,0.02466565362493693
16655.0,0.012005876138756338
16660.0,0.13080382063305282
16665.0,0.056013014361513735
16670.0,0.0312557832641205
16675.0,0.15454342417950287
16680.0,0.18646888113741178
16685.0,-0.013396326740771791
16690.0,0.30275569475012876
16695.0,0.1589375151431292
16700.0,0.15164337422525528
16705.0,0.2619147636468301
16710.0,0.1766966842300865
16715.0,0.12027902190097835
16720.0,0.3760476529511324
16725.0,0.08544005752091133
16730.0,0.17663335688426707
16735.0,0.2646284582925421
16740.0,0.0947475288777994
16745.0,0.1841362199717037
16750.0,0.23007712075923772
16755.0,0.4130630903973513
16760.0,0.11784981927135753
16765.0,0.1948547038443929
16770.0,0.2590248904948912
16775.0,0.20728560614337702
16780.0,0.09163838667758495
16785.0,0.23618237878866755
16790.0,0.20834017721468648
16795.0,0.23763255411077175
16800.0,0.297879882847338
16805.0,0.28541748004061507
16810.0,0.4525450661681909
16815.0,1.0415179665379628
16820.0,1.9281683767674278
16825.0,2.6643874744835943
16830.0,2.2481601174022154
16835.0,1.1609740979632304
16840.0,0.4896013852188707
16845.0,0.15021187554715115
16850.0,0.30135244116211946
16855.0,0.3519964979057512
16860.0,0.11802171587361157
16865.0,0.18361891078212955
16870.0,0.12076189379750588
16875.0,0.24949710046104046
16880.0,0.16875690422488226
16885.0,0.1301097979393376
16890.0,0.09634893937940624
16895.0,0.12095670783424331
16900.0,0.012508275015058093
16905.0,0.15609792794797261
16910.0,0.023633414287980978
16915.0,0.12847270731865204
16920.0,0.08430143552330195
16925.0,0.16335400639444184
16930.0,0.05534212293285213
16935.0,0.14091149765264244
16940.0,-0.04229777639940754
16945.0,0.08737218077553728
16950.0,0.0041052020792333235
16955.0,0.033463097257160235
16960.0,0.014122795499936771
16965.0,0.08360008449938999
16970.0,-0.1907615395328721
16975.0,0.01176626095905486
16980.0,-0.16010060524890948
16985.0,0.07477758635789478
16990.0,-0.21956428300515457
16995.0,-0.14046628647089454
17000.0,-0.20879656958784037
17005.0,0.08146322113325674
17010.0,-0.18988379301251218
17015.0,-0.0712992839821249
17020.0,-0.13730902946128593
17025.0,-0.2584477644834443
17030.0,-0.13403906820875652
17035.0,-0.0510709972185061
17040.0,-0.1341431501624551
17045.0,-0.039499567700279084
17050.0,-0.1631921735970617
17055.0,-0.1361971244079188
17060.0,-0.17740422440954062
17065.0,-0.11756130668006248
17070.0,0.016967234411581822
17075.0,-0.1265183383520791
17080.0,-0.14652923148133135
17085.0,-0.2243104872325392
17090.0,-0.24097786630922963
17095.0,-0.045249582084643664
17100.0,-0.2808411924183668
17105.0,-0.2663326716158214
17110.0,-0.19601102480457294
17115.0,-0.22837385149411582
17120.0,-0.01638456626147744
17125.0,-0.40750407114669096
17130.0,-0.16378452339779614
17135.0,-0.13358632932033082
17140.0,-0.2996546158007636
17145.0,-0.25755695146961965
17150.0,-0.16099854763154844
17155.0,-0.053318643466404886
17160.0,-0.2825152757253885
17165.0,-0.3411467277493906
17170.0,-0.11049664913718692
17175.0,-0.059540471946243595
17180.0,-0.2251472579844974
17185.0,-0.39221379106118404
17190.0,-0.059948771551592145
17195.0,-0.20579701757978147
17200.0,-0.08376492750060878
17205.0,-0.18549464249105008
17210.0,-0.211739765934153
17215.0,-0.2146451566454003
17220.0,-0.037102408438248025
17225.0,-0.036056693214217894
17230.0,-0.3527219321490055
17235.0,-0.23945828778912914
17240.0,0.010131279385332065
17245.0,-0.17721265973267636
17250.0,-0.2606990538805979
17255.0,-0.13171473604196746
17260.0,-0.13550053299133044
17265.0,-0.1279211631740763
17270.0,-0.15552651297243436
17275.0,-0.13328347512416666
17280.0,-0.13923601677928585
17285.0,-0.06081002483457655
17290.0,-0.15650779227315473
17295.0,-0.10178406890002764
17300.0,-0.0809061779078007
17305.0,0.05747164247415214
17310.0,-0.018439319041224957
17315.0,-0.05383028320951134
17320.0,0.012465026119043737
17325.0,0.008986251046203868
17330.0,0.07861608671671466
17335.0,0.0346059662288401
17340.0,0.15879962732494768
17345.0,0.12669569059336155
17350.0,0.010312661341305247
17355.0,-0.015004754740315686
17360.0,0.10999074409021634
17365.0,0.08526390330995468
17370.0,0.03839535298675041
17375.0,-0.07796123161119647
17380.0,-0.10198680378673072
17385.0,0.10212331519714474
17390.0,0.1478861888902118
17395.0,0.15841363471782297
17400.0,-0.022296426302720676
17405.0,0.19419218128948157
17410.0,0.05986425122544731
17415.0,0.14981615478065496
17420.0,0.15908087195508963
17425.0,0.05586425594108792
17430.0,0.08115582475071129
17435.0,-0.04614588003250783
17440.0,0.06373224059274926
17445.0,-0.010433722993767686
17450.0,0.196449881812725
17455.0,0.16763525775990235
17460.0,0.24911102053896234
17465.0,0.20338411226761655
17470.0,0.11831874925215663
17475.0,0.21045212098823074
17480.0,0.1476916166589092
17485.0,0.240863913817687
17490.0,0.21732745944558848
17495.0,0.10253985269380252
17500.0,0.19394447410499652
17505.0,0.2006254179368583
17510.0,0.16951055188580696
17515.0,0.27896299382910555
17520.0,0.3534684156876598
17525.0,0.16672428689869845
17530.0,0.16843708395298188
17535.0,-0.002493284123453926
17540.0,0.18771522866369944
17545.0,0.15920111756508282
17550.0,0.0027465280718857454
17555.0,0.22166976937272698
17560.0,0.24700949830621852
17565.0,0.1255252328182911
17570.0,0.1555036770132972
17575.0,0.09917104611945213
17580.0,0.25157604485779717
17585.0,0.04285238787855203
17590.0,0.14739247241835846
17595.0,0.3470413324210331
17600.0,0.17164899591651744
17605.0,0.2043912938664316
17610.0,0.14406821027563452
17615.0,0.04628541454443101
17620.0,0.14349616505865095
17625.0,0.17721785672893903
17630.0,0.042552000193287295
17635.0,0.1590558931792757
17640.0,0.23385070698703797
17645.0,0.21136757109428783
17650.0,-0.034264619285016715
17655.0,0.013306434216050447
17660.0,-0.051425863946242406
17665.0,0.18277008861658697
17670.0,0.13370668713796002
17675.0,0.13433387562287713
17680.0,-0.015849457721336377
17685.0,-0.04975673190720406
17690.0,0.054110140543898046
17695.0,0.04814030128645508
17700.0,-0.04603549537314654
17705.0,0.03538513395765231
17710.0,0.07230320962884498
17715.0,0.02649147686878544
17720.0,-0.09590649295683144
17725.0,-0.2008302199605495
17730.0,-0.042299553999855265
17735.0,-0.01248516815427223
17740.0,-0.058914054297746425
17745.0,-0.08222579237147823
17750.0,-0.11399630312544809
17755.0,0.004639089163842355
17760.0,-0.07238039990380155
17765.0,-0.06435771418337047
17770.0,-0.1705346124421772
17775.0,-0.14644111235752683
17780.0,-0.08320975193274086
17785.0,-0.19561753820533517
17790.0,-0.22546272040439586
17795.0,-0.072271181329642
17800.0,0.3672648868786521
17805.0,1.0620473864191957
17810.0,2.176587187923373
17815.0,2.3010630744093223
17820.0,1.4993700613646859
17825.0,0.4138823306222915
17830.0,-0.03769605511391848
17835.0,-0.03582703006955798
17840.0,-0.14007930705339505
17845.0,-0.10784886715578994
17850.0,-0.11434015211252771
17855.0,-0.18231860316340232
17860.0,-0.20323762061426123
17865.0,-0.17710333275404003
17870.0,-0.13011139238430414
17875.0,-0.1516886165818198
17880.0,-0.15065223055987498
17885.0,-0.18275153694132726
17890.0,-0.2672720359042895
17895.0,-0.222531379533568
17900.0,-0.2843829620219
17905.0,-0.10955080253342815
17910.0,-0.3891246683520654
17915.0,-0.21917210441204912
17920.0,0.016007465656703884
17925.0,-0.22851174140234057
17930.0,-0.2984929998825355
17935.0,-0.19622622023470015
17940.0,-0.07647648383976664
17945.0,-0.20453678408638531
17950.0,-0.13214076383904322
17955.0,-0.17526709656474784
17960.0,-0.2144222962800623
17965.0,0.10637528578296315
17970.0,-0.16672645675062797
17975.0,-0.21715307359586514
17980.0,-0.20829321109174223
17985.0,-0.1250438218810555
17990.0,-0.11729026129063949
17995.0,-0.07919555233301995
18000.0,-0.13027232295422436
18005.0,-0.2658714245640793
18010.0,-0.08296545881400831
18015.0,-0.1522306640972261
18020.0,-0.1435425243110452
18025.0,-0.2444205228650042
18030.0,-0.1555482735913997
18035.0,-0.162138540860423
18040.0,-0.09262900433974061
18045.0,-0.21262403518429523
18050.0,-0.06958429558085448
18055.0,-0.055151461141502225
18060.0,-0.1592039854600099
18065.0,-0.10662571286103531
18070.0,-0.11948072283286222
18075.0,0.047563568423622686
18080.0,-0.25342709001099695
18085.0,-0.04849925101424611
18090.0,-0.15873354240311832
18095.0,-0.03980658130877756
18100.0,0.08358219472531418
18105.0,-0.041060641630192976
18110.0,0.036440959142088475
18115.0,-0.04379377405196167
18120.0,0.21498341093518344
18125.0,0.13074148253673024
18130.0,0.15804059171919246
18135.0,-0.055001646387841524
18140.0,-0.02673312288956521
18145.0,0.1772458337207401
18150.0,0.07013921089017709
18155.0,0.0718319377903035
18160.0,0.13233301107879356
18165.0,-0.003603393552805201
18170.0,0.18580074216853565
18175.0,0.12457028769457591
18180.0,0.1725177762342971
18185.0,0.07527133734674069
18190.0,0.18782229356585806
18195.0,0.08395141375398911
18200.0,0.2387883188151848
18205.0,0.259800123938021
18210.0,0.24516507979846808
18215.0,0.21425740041145686
18220.0,0.22920819465669054
18225.0,-0.0672785264179363
18230.0,0.2551787711658591
18235.0,0.15884733589056146
18240.0,0.1952091541301968
18245.0,0.163959710617232
18250.0,0.06679115711084815
18255.0,0.14568343640702028
18260.0,0.25525848917091876
18265.0,0.32504332241714196
18270.0,0.14256396204900879
18275.0,0.11807164942222499
18280.0,0.33054362551379424
18285.0,0.12056274751335273
18290.0,0.3863830232395894
18295.0,0.20372921925877568
18300.0,0.11873335024367969
18305.0,0.28555575283776
18310.0,0.34775006668744474
18315.0,0.06426558772884658
18320.0,0.33140795893548114
18325.0,0.16315167823316654
18330.0,0.3192974088294689
18335.0,0.14801350182378314
18340.0,0.03671909938815446
18345.0,0.21994456661359393
18350.0,0.2539572263736168
18355.0,0.35470344844352675
18360.0,0.31640391185771616
18365.0,0.21878526678331378
18370.0,0.12948202510638113
18375.0,0.0984173367180532
18380.0,0.11288554111492494
18385.0,0.058546307813811635
18390.0,0.1022951849150564
18395.0,-0.10854840369935634
18400.0,0.12980228709996075
18405.0,0.10414772443306299
18410.0,0.3305429942704948
18415.0,0.16059048787071867
18420.0,0.04161325044945075
18425.0,0.12804118145819104
18430.0,-0.040855884234971704
18435.0,0.0073481965592544635
18440.0,-0.11447256650710871
18445.0,0.17480174308649915
18450.0,0.0907873634370372
18455.0,-0.07663233692391244
18460.0,0.015459212193515665
18465.0,0.0980787938661645
18470.0,0.0488341187337418
18475.0,0.030346550396890104
18480.0,-0.08958986404790079
18485.0,-0.07804031430651356
18490.0,-0.020392819189242163
18495.0,0.04564845442818699
18500.0,-0.11992604289931472
18505.0,-0.1543288243095339
18510.0,0.041577773148836046
18515.0,-0.15298857239568975
18520.0,0.019928774470706206
18525.0,-0.06276246894280932
18530.0,-0.01281785642334489
18535.0,0.05756728655601774
18540.0,-0.04458943619271281
18545.0,-0.04368351942060683
18550.0,-0.20289172015471607
18555.0,-0.1894046386343684
18560.0,-0.07521393575889221
18565.0,-0.001185681160681823
18570.0,-0.019838249751125914
18575.0,0.05776609371504235
18580.0,-0.12809833384785388
18585.0,-0.14290174191785776
18590.0,-0.07538815218900266
18595.0,-0.16875006491921737
18600.0,-0.1802845492088414
18605.0,-0.2728321463435732
18610.0,-0.09295642959608656
18615.0,-0.2819267641206717
18620.0,-0.1423023686944466
18625.0,-0.31876322504257404
18630.0,-0.09466739979917464
18635.0,-0.28789494370611635
18640.0,-0.12101437081119334
18645.0,-0.3412516473794977
18650.0,-0.23873451992756242
18655.0,-0.09369391241266152
18660.0,-0.2724732977031252
18665.0,-0.19384503574668807
18670.0,-0.2425040662689734
18675.0,-0.4065008441231903
18680.0,-0.16978880887939543
18685.0,-0.15713001271252716
18690.0,-0.2939116448848962
18695.0,-0.1404221166483096
18700.0,-0.26117480436593976
18705.0,-0.27704727156501485
18710.0,-0.18297988460023093
18715.0,-0.24146050186894424
18720.0,0.02996210067928534
18725.0,-0.31221750654702546
18730.0,-0.10143355003290219
18735.0,-0.07421864592571101
18740.0,-0.3363985296737302
18745.0,-0.3089568006863245
18750.0,-0.09692150473891849
18755.0,-0.1851200974232019
18760.0,-0.10126461757590541
18765.0,-0.02700056984506899
18770.0,-0.1565847942328291
18775.0,-0.21217534809981697
18780.0,-0.3551930228047404
18785.0,-0.0840640990953716
18790.0,0.0636272243048117
18795.0,0.8101745601287579
18800.0,1.8333076450363635
18805.0,2.300940629389011
18810.0,2.09021253483037
18815.0,1.0116852611440386
18820.0,0.313535873427136
18825.0,-0.09616633477037927
18830.0,-0.06911785158564124
18835.0,-0.07342407867837807
18840.0,-0.053238152244943465
18845.0,-0.10876107481342633
18850.0,0.03985835978402774
18855.0,0.029701369343228114
18860.0,0.05026832652929517
18865.0,-0.019866349775251552
18870.0,0.15010051604824082
18875.0,0.05898648581486929
18880.0,-0.19620623548428245
18885.0,0.0006080133904766694
18890.0,0.06100770714543888
18895.0,0.1608220292549837
18900.0,0.05455445999571763
18905.0,0.0666462480691846
18910.0,0.03688051196620116
18915.0,0.16364623208005757
18920.0,0.0704959513907892
18925.0,0.06330834899072402
18930.0,0.0574607386895874
18935.0,0.18076731669597157
18940.0,0.08890064335818779
18945.0,-0.008006612774955874
18950.0,0.20457113698140444
18955.0,0.09086181401252154
18960.0,0.19129506489617581
18965.0,0.19771194493713834
18970.0,0.2770175658148251
18975.0,0.26702950542369774
18980.0,0.12529759172335897
18985.0,0.1657967968002616
18990.0,0.06804222258075422
18995.0,0.3382263596672036
19000.0,0.22977545283454828
19005.0,0.317959407748454
19010.0,0.16585069890447118
19015.0,0.011898260078294004
19020.0,0.3355955145757954
19025.0,0.20719882577003262
19030.0,0.2115366452487768
19035.0,0.20492702489805648
19040.0,0.2579943055309172
19045.0,0.2476467981576846
19050.0,0.055861090970347665
19055.0,0.2958289171347539
19060.0,0.1490580799821211
19065.0,0.15294362212043272
19070.0,0.3484221082925223
19075.0,0.27344443096940185
19080.0,0.15746724657776856
19085.0,0.01781226882317208
19090.0,0.19609759207701435
19095.0,0.2263767921369058
19100.0,0.1666882972089874
19105.0,0.05752977309682461
19110.0,0.09395363794264679
19115.0,0.047301304181788045
19120.0,0.17453433220637934
19125.0,0.22350429425894766
19130.0,0.23639084393598653
19135.0,0.07230244728484553
19140.0,0.15321335331973174
19145.0,0.17555624020891364
19150.0,0.07309723708540428
19155.0,0.09893895359642496
19160.0,0.29646160621390044
19165.0,0.11660090697035111
19170.0,0.17026198580697183
19175.0,0.044158835228661625
19180.0,0.07940574239045595
19185.0,-0.08641969101970273
19190.0,0.05771815267355943
19195.0,0.15927987144239758
19200.0,0.23278592373620713
19205.0,0.14341676304490722
19210.0,0.0893081215106152
19215.0,0.023982171117564958
19220.0,-0.04309090077266127
19225.0,-0.011846108557698774
19230.0,0.049401103327163964
19235.0,-0.08473948256298028
19240.0,0.06160658819620528
19245.0,-0.11920431032393963
19250.0,-0.19897184871322954
19255.0,-0.1380674175735575
19260.0,-0.20491982262159447
19265.0,-0.18650731033178894
19270.0,0.03104274289532888
19275.0,-0.09659212120883966
19280.0,-0.0664990140364369
19285.0,0.010615776988407821
19290.0,0.012424004189702575
19295.0,-0.15341432067296001
19300.0,0.004652016967578415
19305.0,-0.08702360939331912
19310.0,-0.12784547702854218
19315.0,-0.09464098595288446
19320.0,-0.2687879528494054
19325.0,-0.21703847305708657
19330.0,-0.16157606339860597
19335.0,-0.1022598520225626
19340.0,-0.1956338670408765
19345.0,-0.17834582297626372
19350.0,-0.08408439078118855
19355.0,-0.04842931663507283
19360.0,-0.11028483403448265
19365.0,-0.06870188127030123
19370.0,-0.22246789331914696
19375.0,-0.21654730413042644
19380.0,-0.16288093624846678
19385.0,-0.2208614109683809
19390.0,-0.24130236696705576
19395.0,-0.04852386545444881
19400.0,-0.2165369524304422
19405.0,-0.2862413066572283
19410.0,-0.15595766431154084
19415.0,-0.03477844999412824
19420.0,-0.1925565358745435
19425.0,-0.08848828872297863
19430.0,-0.2378546638539669
19435.0,-0.24145868128104292
19440.0,-0.25777396493805776
19445.0,-0.20670697861329823
19450.0,-0.026302364709116732
19455.0,-0.2930091736887275
19460.0,-0.03877602279180467
19465.0,-0.2736776184897462
19470.0,-0.20043266458707815
19475.0,-0.10032931023928428
19480.0,-0.11468279255503039
19485.0,-0.141582633712472
19490.0,-0.3106770986348739
19495.0,-0.1246202744038554
19500.0,-0.24394844550462447
19505.0,0.08481566141918867
19510.0,-0.1597911598866688
19515.0,-0.11755020390772841
19520.0,-0.23145698324423486
19525.0,-0.1648493039184906
19530.0,-0.23122878243288836
19535.0,-0.0197822515739728
19540.0,-0.12459524472522444
19545.0,-0.04310042862076547
19550.0,-0.14791220856413634
19555.0,-0.12381183274019272
19560.0,0.04495422305776764
19565.0,-0.15058424011857457
19570.0,-0.2173020287826272
19575.0,-0.010554903569045412
19580.0,-0.14169917005944538
19585.0,-0.07032615760563403
19590.0,0.0595267411168901
19595.0,-0.08789193846283633
19600.0,0.07316443038308576
19605.0,-0.058873947264971145
19610.0,0.14492562496360886
19615.0,0.138333305710686
19620.0,-0.015075157196790576
19625.0,0.016388812959141994
19630.0,-0.031127693874011667
19635.0,0.06983790124693658
19640.0,0.16326430300299014
19645.0,-0.06247179119932844
19650.0,0.15808646555796008
19655.0,-0.035989496618288694
19660.0,0.013294283828920103
19665.0,-0.06287725380606693
19670.0,0.29463798889824866
19675.0,0.11747024612766023
19680.0,0.14101429545875274
19685.0,0.06472907423845928
19690.0,0.22798140502313607
19695.0,-0.05118562647447669
19700.0,0.1464063232783917
19705.0,0.34826784002970335
19710.0,0.12067413680886332
19715.0,0.16172950127096108
19720.0,0.22553635520248866
19725.0,0.09656751028644975
19730.0,0.17592242230956157
19735.0,0.2643224039435407
19740.0,0.19898586074971492
19745.0,0.21822220201676373
19750.0,0.1564061687436059
19755.0,0.21895516952491276
19760.0,0.1979350221161286
19765.0,0.3259021165193826
19770.0,0.2618335456522486
19775.0,0.1760571037272106
19780.0,-0.02121790725360473
19785.0,0.31730229294168366
19790.0,0.5628426535875826
19795.0,1.1083224376906404
19800.0,2.039216191034952
19805.0,2.5924619064228964
19810.0,2.152801183622955
19815.0,0.9516640555540826
19820.0,0.3879985770862648
19825.0,0.21233575712443498
19830.0,0.3002663498989976
19835.0,0.1856820838760285
19840.0,0.17519921588763915
19845.0,0.13143566810910212
19850.0,0.3238750069270192
19855.0,0.26902848104108523
19860.0,0.16020806784316163
19865.0,0.0384603233462229
19870.0,0.08812470626642133
19875.0,0.20622599429016297
19880.0,0.08369409210805256
19885.0,0.22322808818795198
19890.0,0.16950313525502403
19895.0,0.15712107317669816
19900.0,0.18317603846311958
19905.0,0.16260659365463917
19910.0,0.03393101830484285
19915.0,0.07454310209810643
19920.0,0.30724176052647756
19925.0,-0.019426056071686987
19930.0,0.03903973229639772
19935.0,0.16998742780535986
19940.0,0.05193842524159611
19945.0,-0.014736895103588006
19950.0,-0.06875062800552156
19955.0,0.09047107371336272
19960.0,0.12583912757083057
19965.0,0.15180036752481882
19970.0,0.022367251257150524
19975.0,0.10326110496080365
19980.0,-0.09208256780152752
19985.0,0.007672441607543956
19990.0,-0.07673298573853969
19995.0,-0.008413966466675239
20000.0,0.03525522918889567
20005.0,0.05577289674263651
20010.0,-0.1377171679217326
20015.0,0.05740949671935291
20020.0,-0.10729949351430096
20025.0,-0.1647489199625914
20030.0,-0.0954898521695376
20035.0,-0.2193286168399475
20040.0,-0.09469799966922827
20045.0,-0.0762827332785388
20050.0,-0.1274578059201318
20055.0,-0.06804812320873319
20060.0,-0.1513008016855978
20065.0,-0.12907800027787167
20070.0,-0.2653407599230399
20075.0,-0.13784335845947215
20080.0,-0.22403405558192702
20085.0,-0.19342184206395396
20090.0,-0.16660838673418188
20095.0,-0.14595021405989178
20100.0,-0.3160158523395932
20105.0,-0.3129107441667536
20110.0,-0.2034676606776201
20115.0,-0.1373766774310896
20120.0,-0.15111861150346426
20125.0,-0.10634042676895374
20130.0,-0.07242004211043511
20135.0,-0.14733520760358698
20140.0,-0.19596578479466617
20145.0,-0.2888362899316414
20150.0,-0.28263785781473355
20155.0,-0.2406809519453318
20160.0,-0.1753608631572706
20165.0,-0.18002131738342594
20170.0,-0.19961145821901957
20175.0,-0.21349715582499432
20180.0,-0.142419432377762
20185.0,-0.17948043414465775
20190.0,-0.17014629832525532
20195.0,-0.16757344534943902
20200.0,-0.24254035734150903
20205.0,-0.28385490320458145
20210.0,-0.1442518726928401
20215.0,-0.14799462993373083
20220.0,-0.20202715553552658
20225.0,-0.21604989415769393
20230.0,0.030326636409527763
20235.0,-0.2388553505135379
20240.0,-0.18560450387968616
20245.0,-0.137340491993459
20250.0,-0.260048005385272
20255.0,-0.1402758495224314
20260.0,0.016572316043835328
20265.0,-0.055322894839386266
20270.0,-0.07637700176708845
20275.0,-0.07362917084984774
20280.0,-0.11032319404632024
20285.0,-0.02738789876312929
20290.0,-0.12071684690780034
20295.0,-0.1376027022553982
20300.0,-0.0830542924492642
20305.0,-0.003253346362635995
20310.0,-0.04740850318328524
20315.0,-0.008685150685885545
20320.0,-0.24369077725633828
20325.0,0.053835516063170726
20330.0,0.16518784126662378
20335.0,0.08282730940253386
20340.0,-0.05768281859562209
20345.0,-0.09718938070842136
20350.0,0.012445991806828717
20355.0,-0.0930281775552725
20360.0,0.06944281924180985
20365.0,-0.034829003599622974
20370.0,0.10722160069526382
20375.0,0.15162201217975493
20380.0,-0.14565540981420663
20385.0,0.07175012806690345
20390.0,-0.009371165252553257
20395.0,-0.06542483838733938
20400.0,0.013769028702069447
20405.0,0.05738002981208962
20410.0,0.1777363114135905
20415.0,-0.04474884862309836
20420.0,0.1940642760695142
20425.0,0.2882574404834657
20430.0,0.16735701170145056
20435.0,0.16948039392632183
20440.0,0.12568710835005392
20445.0,0.027470712893916033
20450.0,0.18745672502295957
20455.0,0.1797408266539463
20460.0,0.21662579316850028
20465.0,0.38732040372663556
20470.0,0.22669638722714114
20475.0,0.2043016702210368
20480.0,0.3110648231590635
20485.0,0.053628995570373414
20490.0,0.07575939083229725
20495.0,0.14842819664174775
20500.0,0.12653103429024168
20505.0,0.2508846003227212
20510.0,0.16248972849718055
20515.0,0.3499506715049301
20520.0,0.3321584413897929
20525.0,0.266247070592752
20530.0,0.16348205722712125
20535.0,0.25468342508385994
20540.0,0.272744062264813
20545.0,0.10400138414695949
20550.0,0.23127995948081534
20555.0,0.26298999505111775
20560.0,0.21812525907492197
20565.0,0.3389023913051073
20570.0,0.3052932667128835
20575.0,0.11989203917834115
20580.0,0.20323662551738186
20585.0,0.1143412935133806
20590.0,0.23887507627387872
20595.0,0.10552399819293003
20600.0,0.2631989993938847
20605.0,0.21125506359658835
20610.0,0.2596120639673302
20615.0,0.15479530448137102
20620.0,0.03211113194511919
20625.0,0.31714403224065957
20630.0,0.1374544005978866
20635.0,0.2713888108971741
20640.0,0.1804482383718527
20645.0,0.19638303251702954
20650.0,0.294171830646454
20655.0,0.1536542895845376
20660.0,0.24237906389194497
20665.0,-0.024107901535573267
20670.0,0.180813519698234
20675.0,0.0733999997722168
20680.0,0.07569390337466556
20685.0,0.080982228596441
20690.0,0.10368377442228964
20695.0,0.21381351141854812
20700.0,-0.11010463381400391
20705.0,0.052655166024220754
20710.0,-0.023914805400340543
20715.0,0.13729935183350261
20720.0,-0.013951307230074362
20725.0,0.056945233337339
20730.0,-0.02825792141674243
20735.0,0.059311137021000764
20740.0,0.08218801120825577
20745.0,-0.05322456002806289
20750.0,-0.02132573283366341
20755.0,-0.161814228991832
20760.0,-0.014676125756140499
20765.0,0.02679490032812947
20770.0,-0.1082755131399481
20775.0,0.034624918321312384
20780.0,-0.2606093952665083
20785.0,-0.24830691833739071
20790.0,-0.21416201102869237
20795.0,-0.14023032012708989
20800.0,0.13646733478574263
20805.0,0.742568256447242
20810.0,1.758579878396052
20815.0,2.438132889789071
20820.0,1.8364000954344328
20825.0,0.7302149343772344
20830.0,0.03555311942393137
20835.0,0.09369567143542956
20840.0,-0.36571975468193185
20845.0,-0.17507919856590018
20850.0,-0.03290197083948157
20855.0,-0.12522977907200944
20860.0,-0.24771893813477755
20865.0,-0.17688793011016893
20870.0,-0.1030503709214318
20875.0,-0.0754742174101994
20880.0,-0.2682331045133101
20885.0,-0.1216108330810618
20890.0,-0.16975678614032708
20895.0,-0.09518105314502386
20900.0,-0.07119799004701244
20905.0,-0.2286499451901303
20910.0,-0.3292896047082912
20915.0,-0.16392964782145908
20920.0,-0.040041278875936115
20925.0,-0.13827002918370823
20930.0,-0.17894585086995496
20935.0,0.017092088532983385
20940.0,-0.2916004032695118
20945.0,-0.11538132439409989
20950.0,-0.24630084057031038
20955.0,-0.18846694513074638
20960.0,-0.18250378798404926
20965.0,-0.05156128712532079
20970.0,-0.269100567701641
20975.0,-0.2296770699635522
20980.0,-0.3212296172257339
20985.0,-0.13005202264815785
20990.0,-0.2108749564953665
20995.0,-0.12709674496268125
21000.0,-0.25682083971434644
21005.0,-0.1874464535896235
21010.0,-0.05620408634471273
21015.0,-0.15974233247503977
21020.0,-0.0818419268521094
21025.0,-0.08445609498827497
21030.0,-0.15741792072478505
21035.0,-0.25941832675439014
21040.0,-0.023557363677712564
21045.0,-0.08988704018651147
21050.0,-0.00958013121205982
21055.0,-0.2718716890198848
21060.0,-0.23214146454858092
21065.0,-0.26842452641153436
21070.0,-0.1467156744725202
21075.0,0.03387166597910932
21080.0,-0.0009641020338446091
21085.0,-0.04688669556834768
21090.0,-0.023834618389855348
21095.0,0.041053165443351226
21100.0,-0.0463352428694864
21105.0,0.024813788530826355
21110.0,0.01009159011155962
21115.0,-0.19100571644170308
21120.0,-0.02048414671262984
21125.0,0.14473627548497525
21130.0,-0.0049204490990839254
21135.0,0.026034455460718583
21140.0,-0.007567509306187055
21145.0,0.01148982359124242
21150.0,0.16422843020526962
21155.0,0.0467907343275527
21160.0,-0.013328910043754402
21165.0,-0.19378467713657543
21170.0,0.0421365310608505
21175.0,-0.0760544676169476
21180.0,-0.05607445669685847
21185.0,0.1865453950316155
21190.0,0.1854769513854215
21195.0,-0.04434745442518187
21200.0,0.21111783243734591
21205.0,0.18187649090753993
21210.0,0.0758186421751565
21215.0,0.21798568602943535
21220.0,0.010781476360990805
21225.0,0.05379570986351187
21230.0,0.03735593485253352
21235.0,0.07133633844608159
21240.0,0.25459995005116565
21245.0,0.05933294516822868
21250.0,0.07927300108478579
21255.0,0.10044978638899572
21260.0,0.20658411110743835
21265.0,0.16098157402524435
21270.0,0.27139378200594055
21275.0,0.13165357767955255
21280.0,0.08118065344924946
21285.0,0.15306702324813082
21290.0,0.20244319435663494
21295.0,0.11575681531960696
21300.0,0.22465921322902138
21305.0,0.36284769831606234
21310.0,0.1463654036291335
21315.0,0.20170528716869415
21320.0,0.3181254829125984
21325.0,0.13647241818003972
21330.0,0.1165564713065857
21335.0,0.09205086443052041
21340.0,0.2236659779890653
21345.0,0.23117332967226006
21350.0,0.168200950290253
21355.0,0.18174950091222547
21360.0,0.28865389372607436
21365.0,0.24783695434893865
21370.0,0.0391037337355937
21375.0,0.15953616507092927
21380.0,0.16475089848130783
21385.0,0.21470326480913424
21390.0,0.12415436178675958
21395.0,0.08028388396915541
21400.0,0.09100849549808733
21405.0,-0.03414927144781593
21410.0,0.11699750421215843
21415.0,0.05881202873203751
21420.0,0.14750797298827142
21425.0,0.005981213324411927
21430.0,0.051751370338715776
21435.0,-0.0045989366552073585
21440.0,-0.020135932515728636
21445.0,0.1309710423686663
21450.0,0.018222601728540157
21455.0,0.09201488931492079
21460.0,-0.05681756347444167
21465.0,0.04444270362242074
21470.0,-0.12457878972343037
21475.0,-0.023938054449414794
21480.0,-0.03450033728659642
21485.0,0.054777360185477506
21490.0,0.010141021789073834
21495.0,-0.03019038292046531
21500.0,0.05256524507956405
21505.0,-0.013925217917891716
21510.0,0.008980381577854926
21515.0,0.021344120439428377
21520.0,-0.06170973510462179
21525.0,-0.09017661155388706
21530.0,-0.04228256401294038
21535.0,-0.1170039193428632
21540.0,-0.052327649938652285
21545.0,0.0049121729561075606
21550.0,-0.02525997196825036
21555.0,-0.14357690590879524
21560.0,-0.23180880399468282
21565.0,-0.12813118138328006
21570.0,-0.1410171712605128
21575.0,-0.03672035849064026
21580.0,-0.17667737140624848
21585.0,-0.1669839384329814
21590.0,-0.0877918583475409
21595.0,-0.20217686871327328
21600.0,-0.1787296030683685
21605.0,-0.015279998804863248
21610.0,-0.03999534415299649
21615.0,-0.12155230309935697
21620.0,-0.15796856224788577
21625.0,-0.27280189426747753
21630.0,-0.13893560633993743
21635.0,-0.18690855532016307
21640.0,-0.17499209846120822
21645.0,-0.24375491885831413
21650.0,-0.2002888249697427
21655.0,-0.2174513744803956
21660.0,-0.17390893555508014
21665.0,-0.07498938826161251
21670.0,-0.1714374724040069
21675.0,-0.3531641365291265
21680.0,-0.2913541581681752
21685.0,-0.34608884280798924
21690.0,-0.2743606901106993
21695.0,-0.1518226161540661
21700.0,-0.16460849135894062
21705.0,-0.2526726816243582
21710.0,-0.1728387521509789
21715.0,-0.26233712767784706
21720.0,-0.31918523924248643
21725.0,-0.3148147096187463
21730.0,-0.26227254652509646
21735.0,-0.053816434148910075
21740.0,-0.2978248838722526
21745.0,-0.06141490075058649
21750.0,-0.04922105981065608
21755.0,-0.17994845796389156
21760.0,-0.16284096316348842
21765.0,-0.20806928934229738
21770.0,-0.14953975628169577
21775.0,-0.08226591485384174
21780.0,-0.1344052639290806
21785.0,-0.039270273236061776
21790.0,-0.015637847996791382
21795.0,-0.08454046986086598
21800.0,-0.07899082831845906
21805.0,-0.10670264570949409
21810.0,-0.06270927383492257
21815.0,-0.18637893208343254
21820.0,-0.042207674025510476
21825.0,0.21110060831418245
21830.0,0.7793286649716796
21835.0,2.0853768144397073
21840.0,2.3658916558415073
21845.0,1.830317627630431
21850.0,0.9142890906824575
21855.0,0.06735390515876885
21860.0,-0.039138108120299046
21865.0,-0.14246080110096215
21870.0,-0.08401103470599156
21875.0,-0.0008170309590614273
21880.0,0.04806849060141326
21885.0,0.12676450645757797
21890.0,0.10820392818124208
21895.0,0.1503146894733434
21900.0,0.10478977879864829
21905.0,0.01778764803711093
21910.0,0.1678670280966952
21915.0,0.031509543155933656
21920.0,0.02773992324319058
21925.0,0.2277125599996006
21930.0,0.1683558581928135
21935.0,0.12431467994391401
21940.0,0.17906135324728914
21945.0,0.19710330780365953
21950.0,0.0021247854115076237
21955.0,0.12237649910332683
21960.0,0.030828826900255207
21965.0,0.15353407869101196
21970.0,0.08773378643720714
21975.0,0.2753922265540496
21980.0,0.2048391505656501
21985.0,0.08991745983359405
21990.0,0.1656097940653254
21995.0,0.06244192497155779
22000.0,0.17877037698354842
22005.0,0.22777113497396462
22010.0,0.20538379441536792
22015.0,0.01103093146965406
22020.0,0.15686851690320824
22025.0,0.23491073717585984
22030.0,0.21848874228418172
22035.0,0.29668803952319683
22040.0,0.07798934629837175
22045.0,0.24146054675925227
22050.0,0.13626906803527675
22055.0,0.212444670484937
22060.0,0.23112624772792967
22065.0,0.25582583535955683
22070.0,0.14121118137567118
22075.0,0.2084463916183811
22080.0,0.08510193395309
22085.0,0.06132673211995751
22090.0,0.23586423519835492
22095.0,0.1783844110465819
22100.0,0.034686287136919625
22105.0,0.10055365454890694
22110.0,0.1751296125873176
22115.0,0.30940899485790474
22120.0,0.2592882254683183
22125.0,0.23258632680527175
22130.0,-0.004629166845704469
22135.0,0.1421531490459767
22140.0,0.18847711764112535
22145.0,0.17537428160735186
22150.0,0.17150871229549
22155.0,0.10700282001387784
22160.0,0.2797942878277999
22165.0,0.24791673582239604
22170.0,0.09989939686618068
22175.0,0.013232207471673488
22180.0,0.27900091617581024
22185.0,0.037203058134812124
22190.0,0.1871147793823706
22195.0,0.24359893222456175
22200.0,-0.020811928273177002
22205.0,0.08233049000341243
22210.0,0.016933100037017382
22215.0,0.08645810328475387
22220.0,0.0608062550208454
22225.0,0.19881394304123207
22230.0,0.06859258053807217
22235.0,0.006402217238023367
22240.0,0.10016531247212654
22245.0,-0.03394169406569242
22250.0,-0.05066875394706884
22255.0,0.17532020763064946
22260.0,-0.1082473405705955
22265.0,-0.08658539825080647
22270.0,-0.04678743030104461
22275.0,-0.153924173941458
22280.0,-0.2565937763907881
22285.0,0.02031683088332044
22290.0,-0.15304659562108786
22295.0,-0.1387524038063059
22300.0,-0.13103516381474545
22305.0,-0.19316803277911687
22310.0,-0.20863714591102328
22315.0,-0.10446653839701663
22320.0,0.09008945951721817
22325.0,-0.06597056780246124
22330.0,-0.07135565298159105
22335.0,-0.2801520275216189
22340.0,-0.15269590753130557
22345.0,-0.26262147302233174
22350.0,-0.09197466936819866
22355.0,-0.1870609598695913
22360.0,-0.16789126083597866
22365.0,-0.18379581670035264
22370.0,-0.23255302414630524
22375.0,-0.320860317944237
22380.0,-0.13536519600548874
22385.0,-0.31527355550908703
22390.0,-0.30002085846252313
22395.0,-0.22317369567875925
22400.0,-0.26222977083951704
22405.0,-0.1770880704358173
22410.0,-0.11132068430632809
22415.0,-0.18114188067790443
22420.0,-0.18673413660243904
22425.0,-0.20296284045111626
22430.0,-0.12807963662934585
22435.0,-0.3713214963936724
22440.0,-0.1717013377036605
22445.0,-0.2878990865377373
22450.0,-0.3137628465863146
22455.0,-0.20087903645867766
22460.0,-0.23434354683777178
22465.0,-0.14482819219304077
22470.0,-0.0957574546484736
22475.0,-0.40130766826935127
22480.0,-0.1953583189361131
22485.0,-0.009127463704839023
22490.0,-0.10351469139726295
22495.0,-0.04733424965217041
22500.0,-0.1639611316555549
22505.0,-0.29762027439851213
22510.0,-0.26472822550803227
22515.0,-0.09419224646069235
22520.0,-0.06644571942000944
22525.0,-0.21282327391394204
22530.0,-0.16512927822696
22535.0,-0.11120479433668144
22540.0,-0.2857938191642425
22545.0,-0.15310272605915373
22550.0,0.03091528718941121
22555.0,0.08905187971592733
22560.0,-0.1101467001953424
22565.0,0.07184776057987342
22570.0,-0.1326800138661341
22575.0,-0.1506472572814481
22580.0,-0.27133432648808226
22585.0,0.02417411625835829
22590.0,-0.08757581601481207
22595.0,0.16479879264225356
22600.0,-0.007739717492478856
22605.0,-0.012354823732079785
22610.0,-0.1835784130710528
22615.0,0.12231833516845099
22620.0,-0.03700794465158038
22625.0,-0.010508990090700911
22630.0,-0.1862718360187287
22635.0,0.10397028501028313
22640.0,0.11783832060161162
22645.0,-0.01748710811827016
22650.0,0.05352690560802277
22655.0,0.08852513335119595
22660.0,0.14779307716620332
22665.0,0.07834851882665406
22670.0,0.23167535305644565
22675.0,0.06235237940571958
22680.0,0.036987454549515804
22685.0,0.05677030303210564
22690.0,-0.12257522980831156
22695.0,0.04004546668723874
22700.0,0.2099384606337512
22705.0,0.14958158433457244
22710.0,0.05826719061600344
22715.0,0.1694050152913888
22720.0,-0.03802749542593678
22725.0,0.12347607273446519
22730.0,0.20154778747933497
22735.0,0.22203548580737786
22740.0,0.09412671693089374
22745.0,0.2503355981728099
22750.0,0.34048218359522403
22755.0,0.13752501410370613
22760.0,0.2460402988451985
22765.0,0.04226402898758555
22770.0,0.008623154425015794
22775.0,0.2427936398510007
22780.0,0.1936466139844596
22785.0,0.2095303081059966
22790.0,0.1404977169772133
22795.0,0.16762255190880068
22800.0,0.2677895049277962
22805.0,0.34985211974477143
22810.0,0.1757531887140417
22815.0,0.04636535739556927
22820.0,0.3090183224675111
22825.0,0.24755520602721978
22830.0,0.25335953419848156
22835.0,0.20668368714126203
22840.0,0.39741452350716
22845.0,0.19271730086030261
22850.0,0.22951932487655588
22855.0,0.01335709309665567
22860.0,0.12473183739038901
22865.0,0.11137208033199318
22870.0,0.16655873086110665
22875.0,0.19632834007482972
22880.0,0.09293794173049987
22885.0,0.31142963173792015
22890.0,0.05451872233013581
22895.0,0.10448457236211262
22900.0,0.16085023537278437
22905.0,0.02084472159630127
22910.0,0.17872295513053335
22915.0,0.17795072456712224
22920.0,0.08803732081543245
22925.0,0.27948169976780546
22930.0,0.10794147149566802
22935.0,0.11871556655810361
22940.0,-0.0004152159270559147
22945.0,-0.0722351383418099
22950.0,0.014072080144621447
22955.0,0.03416710103924847
22960.0,0.014212553131807387
22965.0,0.11645306147246712
22970.0,-0.17577653853956343
22975.0,-0.07115253090797802
22980.0,-0.14173007434029603
22985.0,0.13529063085996312
22990.0,-0.044731036542011444
22995.0,-0.04853558169812149
23000.0,-0.1097208165295493
23005.0,0.062186412242075065
23010.0,-0.06419228962767091
23015.0,-0.015369858367418944
23020.0,-0.22679183644226525
23025.0,0.05379895570118179
23030.0,-0.024173183608691612
23035.0,-0.017973668776125114
23040.0,0.03584784068213272
23045.0,-0.10063892793428322
23050.0,-0.10587221874276535
23055.0,-0.03356804910044099
23060.0,-0.06707076118944724
23065.0,-0.13466896599178507
23070.0,-0.11554196482850322
23075.0,-0.17165737108456836
23080.0,-0.06829028354243738
23085.0,-0.054833163916999036
23090.0,-0.14454868829270073
23095.0,0.018519387651095204
23100.0,-0.29499029037924707
23105.0,-0.18265620166952318
23110.0,-0.012373732896813788
23115.0,-0.2093516022071624
23120.0,-0.3200491443597082
23125.0,-0.054099875440854484
23130.0,-0.1345535579460286
23135.0,-0.2949564159814008
23140.0,-0.12058833247245362
23145.0,-0.2855883741618797
23150.0,-0.3167836538138815
23155.0,-0.21184356260016735
23160.0,-0.24337337015341426
23165.0,-0.3005683869111766
23170.0,-0.23573107826791573
23175.0,-0.2942215204035765
23180.0,-0.19871497859229253
23185.0,-0.20637057014046506
23190.0,-0.13689530667940136
23195.0,-0.24460368437937088
23200.0,-0.32284852515498835
23205.0,-0.32052307067518526
23210.0,-0.22211225712405686
23215.0,-0.05944326270507766
23220.0,-0.11923529441381994
23225.0,-0.25108191154272685
23230.0,-0.10533427359863066
23235.0,-0.2917616904848942
23240.0,-0.09214599668980213
23245.0,-0.21428019999037268
23250.0,-0.10621757780482365
23255.0,-0.11494918934968111
23260.0,-0.19140426165655267
23265.0,-0.13179252509430395
23270.0,-0.2523594154824783
23275.0,-0.15717398579883712
23280.0,-0.04695149811225957
23285.0,0.23111914309619894
23290.0,-0.068904266019858
23295.0,-0.11789892527420427
23300.0,-0.21050072444913442
23305.0,-0.016599052816887422
23310.0,-0.2545733266046944
23315.0,-0.17023991453433607
23320.0,-0.0580232546176852
23325.0,-0.1915460006781428
23330.0,0.06400465025977531
23335.0,0.031491310174865436
23340.0,-0.11048887501936926
23345.0,-0.10126214318416163
23350.0,-0.16204265122180395
23355.0,-0.16121934649849498
23360.0,0.013426976309282225
23365.0,0.03806529113836961
23370.0,0.021817524157857645
23375.0,0.02242286283241065
23380.0,-0.043824001327765046
23385.0,0.047596624530651305
23390.0,-0.10955352646878652
23395.0,0.03231609549625248
23400.0,0.1728252249629762
23405.0,0.1672868947345269
23410.0,0.01399288350801385
23415.0,0.03355398890596754
23420.0,0.1959377988311604
23425.0,0.24059134242106267
23430.0,-0.04848543760015264
23435.0,0.05548855084108594
23440.0,0.12233624739470125
23445.0,0.21823749556358735
23450.0,0.039286206870490975
23455.0,0.179591947143754
23460.0,0.10081459578846111
23465.0,0.34869519990500264
23470.0,0.17884832827151106
23475.0,0.1334895741429584
23480.0,0.12078705659720225
23485.0,0.25156352142484706
23490.0,0.22239515477754945
23495.0,0.06775749789713699
23500.0,0.18947335784969313
23505.0,0.05285220990019457
23510.0,0.10917948079436929
23515.0,0.06384216425809817
23520.0,0.06403980633129941
23525.0,0.12447585990562403
23530.0,0.1003342505850826
23535.0,0.23862664422179
23540.0,0.264614334355416
23545.0,0.17236994005323855
23550.0,0.09382655872687504
23555.0,0.26829810982504537
23560.0,0.013015291402915657
23565.0,0.021358247949189668
23570.0,0.2612481897311058
23575.0,0.2540757524712972
23580.0,0.2817725105826169
23585.0,0.17278576400478796
23590.0,0.07652950835603124
23595.0,0.14239496576487834
23600.0,0.23723311743840303
23605.0,0.11395385302088783
23610.0,0.1166840490429342
23615.0,0.050689995751139416
23620.0,0.06783578260290074
23625.0,0.24519191209831065
23630.0,0.20573594368118503
23635.0,0.05506032025201013
23640.0,0.05749907957302361
23645.0,0.0991416800378172
23650.0,0.19403592014179105
23655.0,0.03318236957342546
23660.0,0.11759713652935319
23665.0,-0.06722178945008267
23670.0,0.006595956215416379
23675.0,0.15161876531123478
23680.0,0.18790682145526455
23685.0,-0.004795808438346094
23690.0,0.02259571991604495
23695.0,0.15724845001017057
23700.0,0.042332762086195144
23705.0,0.020994022991808983
23710.0,0.10903253517297912
23715.0,0.07192642438957993
23720.0,0.14669129759132543
23725.0,0.1098736444132147
23730.0,-0.02212022542764764
23735.0,0.01095126586127912
23740.0,0.007999269286199609
23745.0,-0.11744368903523988
23750.0,-0.09118071251294493
23755.0,0.07629615476477435
23760.0,-0.16326916835127306
23765.0,0.06177102451976632
23770.0,-0.010566148963682503
23775.0,-0.05708904679033492
23780.0,-0.004014362326147214
23785.0,-0.017641116509071283
23790.0,0.040622788250172445
23795.0,-0.11259301855974813
23800.0,-0.10475052844038037
23805.0,-0.11388023625453035
23810.0,0.07097967560901483
23815.0,-0.020874518341631662
23820.0,-0.1968224969916246
23825.0,-0.15032483386485496
23830.0,-0.1906030982902253
23835.0,-0.13207438354472742
23840.0,-0.12019510965542878
23845.0,0.06159613242753581
23850.0,-0.3160897209777658
23855.0,-0.06383982776753296
23860.0,-0.12250760869467552
23865.0,-0.23026974345890638
23870.0,-0.1850321569331486
23875.0,-0.2206416285850483
