timestamp_ms,signal
0.0,2.5210623150897353
5.0,1.9908627060320558
10.0,0.8852801493995278
15.0,0.2856737068541381
20.0,0.053453614719748535
25.0,0.06840874841736802
30.0,0.06255655953922862
35.0,0.08745213711886235
40.0,0.07123809118655736
45.0,0.08427984845257774
50.0,0.08451766646363498
55.0,0.06701364001714431
60.0,0.07895252839607518
65.0,0.11070464319668248
70.0,0.09855791514527988
75.0,0.14245048211726014
80.0,0.14952169248201364
85.0,0.16608951273425465
90.0,0.13580627525377537
95.0,0.16997926728605223
100.0,0.12991850782275924
105.0,0.13718240585338726
110.0,0.16034162177566907
115.0,0.16927552959701714
120.0,0.13631443044414954
125.0,0.13803486210808952
130.0,0.18380636781549942
135.0,0.16320975736328158
140.0,0.20805613694377134
145.0,0.19489619127797594
150.0,0.19594061605667315
155.0,0.19642797208869517
160.0,0.21229708211791054
165.0,0.19311768849598315
170.0,0.2193417237334581
175.0,0.188218253640522
180.0,0.19499904297433782
185.0,0.18630504838460663
190.0,0.2119375201962114
195.0,0.2004239530271564
200.0,0.1818362504117856
205.0,0.23814893608498855
210.0,0.18952290879999958
215.0,0.19281543368660517
220.0,0.20103022620071315
225.0,0.22577017455749857
230.0,0.1851884773641907
235.0,0.19923219595772504
240.0,0.18383539211773345
245.0,0.14895888377790562
250.0,0.1901401834855583
255.0,0.19047674362076522
260.0,0.16073234491808164
265.0,0.16040411564849094
270.0,0.1255883166987938
275.0,0.119787271729906
280.0,0.13678677751206283
285.0,0.15125567391984127
290.0,0.12322451630005214
295.0,0.13210526518653404
300.0,0.1390497758152105
305.0,0.11483152513135794
310.0,0.11743148594364723
315.0,0.12774152987316936
320.0,0.06653396292941338
325.0,0.09884774018238388
330.0,0.0386385063613003
335.0,0.07719850775131108
340.0,0.06473998630184542
345.0,0.0418225033635189
350.0,0.023060581857749136
355.0,0.035210434543214715
360.0,0.020019228418358074
365.0,0.02190438653851697
370.0,-0.006510761046123343
375.0,0.014228925148328447
380.0,-0.02573128208780201
385.0,-0.019422934161053125
390.0,-0.029478788011445003
395.0,-0.004544512975014077
400.0,-0.06802746869954948
405.0,-0.05453923904554453
410.0,-0.03067442037435812
415.0,-0.07546103136495234
420.0,-0.09494606812382406
425.0,-0.07224047259001337
430.0,-0.09130334853305819
435.0,-0.07626465915035717
440.0,-0.11866321273175544
445.0,-0.10355864817049958
450.0,-0.10098971738509879
455.0,-0.10033462812978124
460.0,-0.1496986467028497
465.0,-0.10540518995400225
470.0,-0.15796772305328846
475.0,-0.17603468551477416
480.0,-0.17045188313195633
485.0,-0.15357759726211892
490.0,-0.16815238368052948
495.0,-0.15766899053548358
500.0,-0.16103845591216742
505.0,-0.16876330379788324
510.0,-0.18408842973586137
515.0,-0.14627727460508072
520.0,-0.23012357106992698
525.0,-0.22341141933259034
530.0,-0.20145609651720586
535.0,-0.21868455999668593
540.0,-0.24662453058038641
545.0,-0.21299383191605267
550.0,-0.21332199614472486
555.0,-0.24820778911686428
560.0,-0.18261712464033508
565.0,-0.17401611388008606
570.0,-0.1751725354474426
575.0,-0.20953864769105868
580.0,-0.1955867851865724
585.0,-0.21977779186566224
590.0,-0.19171280747705355
595.0,-0.20746507384218082
600.0,-0.1835871905948399
605.0,-0.19611467725626588
610.0,-0.16572193887928852
615.0,-0.1666832292483919
620.0,-0.15493675056031253
625.0,-0.20800985892356
630.0,-0.20817904297664042
635.0,-0.15927680892267967
640.0,-0.17420908186938183
645.0,-0.14972115788496967
650.0,-0.14643827017187444
655.0,-0.1432851673078856
660.0,-0.12272299440378216
665.0,-0.12394939010927307
670.0,-0.11937197222387462
675.0,-0.14021284735174483
680.0,-0.08114634254087111
685.0,-0.10620984035318269
690.0,-0.07951482955270556
695.0,-0.0878517157863833
700.0,-0.061579139077215544
705.0,-0.07631816943138447
710.0,-0.06732128279366681
715.0,-0.06107743352063103
720.0,-0.07005668641547542
725.0,-0.0592758224787752
730.0,-0.0426438272895734
735.0,-0.033844914897840576
740.0,-0.04290491928511661
745.0,0.03217491958469179
750.0,-0.026263251426674263
755.0,-0.00442372082882031
760.0,0.058931148273788335
765.0,0.0051433913146017585
770.0,0.04193583191792163
775.0,0.04806845665208849
780.0,0.03886358483879479
785.0,0.022543950853082247
790.0,0.028071835994217195
795.0,0.06688112610430919
800.0,0.08324656773064831
805.0,0.039368737601798404
810.0,0.0930657773767483
815.0,0.08428779892849851
820.0,0.12246676295715371
825.0,0.11510083594898059
830.0,0.10236222661320615
835.0,0.11653187081811087
840.0,0.13236702234113462
845.0,0.16456030546834913
850.0,0.20451143729639276
855.0,0.1564989364816593
860.0,0.15719105758588175
865.0,0.1739962328883516
870.0,0.16553464853238162
875.0,0.18341319095899236
880.0,0.18288035639549532
885.0,0.1792420703548493
890.0,0.1670490192059207
895.0,0.1895436667865268
900.0,0.20748691560683985
905.0,0.1936831021169237
910.0,0.224881020827287
915.0,0.21552670469450647
920.0,0.1958066997334231
925.0,0.23459836740526702
930.0,0.178395917145162
935.0,0.22502982007401806
940.0,0.23910604879834882
945.0,0.1969375425289538
950.0,0.19964328989952743
955.0,0.21979170109932308
960.0,0.2286566414846672
965.0,0.47104253532785756
970.0,1.121562767414342
975.0,2.160377602778005
980.0,2.69786612598938
985.0,2.112785146407906
990.0,1.1028392800602393
995.0,0.4467293409189561
1000.0,0.14984538998927863
1005.0,0.18383491777021482
1010.0,0.15670107390640797
1015.0,0.1818017868651621
1020.0,0.13227738165915484
1025.0,0.13866828123607472
1030.0,0.12232754552066182
1035.0,0.17148481469311191
1040.0,0.16534574269425767
1045.0,0.16306581942638093
1050.0,0.15680946860268755
1055.0,0.13877043762269617
1060.0,0.13175209818874437
1065.0,0.07287997650160047
1070.0,0.10623809984375686
1075.0,0.08229936838493693
1080.0,0.07835815110990882
1085.0,0.05255317381246312
1090.0,0.09560395288915928
1095.0,0.06460455926993035
1100.0,0.023694339823038084
1105.0,0.05547016162727745
1110.0,0.035397683026662824
1115.0,0.007634194680048268
1120.0,0.013970734704949209
1125.0,-0.004060009602437922
1130.0,-0.04302880479952631
1135.0,-0.036181461319076645
1140.0,-0.004107204374298323
1145.0,-0.01586532945295103
1150.0,-0.025786791383859267
1155.0,-0.06311258677586101
1160.0,-0.05979737300821272
1165.0,-0.05464039541043146
1170.0,-0.05009159616107817
1175.0,-0.08860282807089219
1180.0,-0.10065581445201424
1185.0,-0.06423701017383449
1190.0,-0.09312717619588616
1195.0,-0.10933811522033357
1200.0,-0.12360767397822298
1205.0,-0.1288525415880002
1210.0,-0.09070288524805444
1215.0,-0.10948992743893636
1220.0,-0.14349170334981173
1225.0,-0.16623802710192295
1230.0,-0.11346993844346118
1235.0,-0.12105884044080195
1240.0,-0.13364034922859933
1245.0,-0.1458780053297746
1250.0,-0.20515400216852486
1255.0,-0.19764717994362047
1260.0,-0.16464036633560233
1265.0,-0.1854464140154019
1270.0,-0.17813574367197313
1275.0,-0.19693285382013337
1280.0,-0.20241935733992153
1285.0,-0.18073902351433405
1290.0,-0.2020133012263497
1295.0,-0.1959115573906259
1300.0,-0.19226607816572294
1305.0,-0.19391497846316233
1310.0,-0.1762050491106174
1315.0,-0.1724958165004434
1320.0,-0.22736690014971467
1325.0,-0.2051771454413968
1330.0,-0.21220693699381563
1335.0,-0.18326148867470327
1340.0,-0.21848536271650348
1345.0,-0.18002596523801997
1350.0,-0.17959416356957156
1355.0,-0.17978350040024754
1360.0,-0.20822101293190715
1365.0,-0.1901292375982156
1370.0,-0.20419544860661626
1375.0,-0.17108671366261058
1380.0,-0.15604892954214453
1385.0,-0.20139083900656662
1390.0,-0.18303682794401177
1395.0,-0.1650032413068069
1400.0,-0.1673134114362283
1405.0,-0.12151141068076918
1410.0,-0.1487003481037588
1415.0,-0.1349085952837695
1420.0,-0.15611964395506883
1425.0,-0.09671510131163193
1430.0,-0.11773311802938125
1435.0,-0.09882931903768757
1440.0,-0.10563205696880817
1445.0,-0.14266127450099989
1450.0,-0.12490699482561576
1455.0,-0.11124920352610922
1460.0,-0.068454336746947
1465.0,-0.08033087618464534
1470.0,-0.05369711797951425
1475.0,-0.04855686169070972
1480.0,-0.04123749465053828
1485.0,-0.019697980989963997
1490.0,-0.02621831531407082
1495.0,-0.05443861585275818
1500.0,-0.02688177447341951
1505.0,0.028245055488295555
1510.0,-0.018080919190122856
1515.0,0.03895911774303526
1520.0,0.05307397821057105
1525.0,0.01639515643630053
1530.0,0.043404803654067695
1535.0,0.016631261314160196
1540.0,0.06820620015822772
1545.0,0.045194066777408795
1550.0,0.04242620081375956
1555.0,0.06853983119936338
1560.0,0.07488565084196845
1565.0,0.07981388989544601
1570.0,0.1027736666586524
1575.0,0.10262514259580736
1580.0,0.09970775021617166
1585.0,0.13872968073219993
1590.0,0.17475247477998251
1595.0,0.1339722652301712
1600.0,0.12470224154631555
1605.0,0.12481279117106826
1610.0,0.16209431622316864
1615.0,0.15053003880265123
1620.0,0.16105802269815947
1625.0,0.12567943491114703
1630.0,0.14746161448158804
1635.0,0.15109195907350997
1640.0,0.19714168250582667
1645.0,0.1764833777832198
1650.0,0.13548586146663608
1655.0,0.19781916811619066
1660.0,0.21348927760334147
1665.0,0.21924953518772644
1670.0,0.1391209930381441
1675.0,0.1998651605886162
1680.0,0.21434538429370154
1685.0,0.21120149662892795
1690.0,0.19499017018440826
1695.0,0.16395842300768296
1700.0,0.1912408027762802
1705.0,0.19302446411568153
1710.0,0.21020564873665748
1715.0,0.21041222387814168
1720.0,0.1913110783638541
1725.0,0.21131216476351616
1730.0,0.17110632650132546
1735.0,0.17612081863708198
1740.0,0.1863580203560052
1745.0,0.19533170814653375
1750.0,0.17397854977575064
1755.0,0.20128305763544818
1760.0,0.1808301133925728
1765.0,0.14927127992941144
1770.0,0.1653161104810601
1775.0,0.14092044012639346
1780.0,0.13420997037297314
1785.0,0.11943764531607251
1790.0,0.17020447811735026
1795.0,0.15446186826146116
1800.0,0.0980460181302133
1805.0,0.14587409686453404
1810.0,0.13617856411924814
1815.0,0.1028329646167989
1820.0,0.11319331082181858
1825.0,0.14071943516090687
1830.0,0.09414905293387385
1835.0,0.08931319011078041
1840.0,0.09563270628372617
1845.0,0.04467578169358799
1850.0,0.032120433117928796
1855.0,0.02122087947094901
1860.0,0.03975006356833209
1865.0,0.05056150490247492
1870.0,0.0076864506590000915
1875.0,-0.010810112065910506
1880.0,0.012601849447231112
1885.0,-0.007062308385454121
1890.0,0.0041893630932665
1895.0,-0.018684403825982226
1900.0,-0.027986406797254226
1905.0,-0.0341789386833766
1910.0,-0.039928256987857964
1915.0,-0.0679977352536105
1920.0,-0.07921459748714081
1925.0,-0.03287168404802765
1930.0,-0.01064423032169623
1935.0,-0.057701200438515
1940.0,-0.12022452154745937
1945.0,-0.09439149089490498
1950.0,-0.07840168589073543
1955.0,-0.14163414853249154
1960.0,0.07307399714516187
1965.0,0.6294214480538955
1970.0,1.6154891487770486
1975.0,2.3273005952872428
1980.0,1.9939556562154561
1985.0,0.938206410139559
1990.0,0.18637414758019893
1995.0,-0.05793030916436873
2000.0,-0.17956849320860582
2005.0,-0.20552569385892228
2010.0,-0.15858621807467366
2015.0,-0.1353201432068183
2020.0,-0.1751281277303104
2025.0,-0.17664885014395376
2030.0,-0.21167253990211998
2035.0,-0.2074609157469707
2040.0,-0.16183315476212295
2045.0,-0.16808356270906827
2050.0,-0.18332044993353327
2055.0,-0.209432703495416
2060.0,-0.2215677466587239
2065.0,-0.21947095594862717
2070.0,-0.2224837481844898
2075.0,-0.18686736814782667
2080.0,-0.21470062424828834
2085.0,-0.20830667512940412
2090.0,-0.18360494458235316
2095.0,-0.18276652520922707
2100.0,-0.1936808663517794
2105.0,-0.1831667698587603
2110.0,-0.1903848588776757
2115.0,-0.2266411112147928
2120.0,-0.18652633847711825
2125.0,-0.1901838231779778
2130.0,-0.1852339674463921
2135.0,-0.16935889706005447
2140.0,-0.1813147108807737
2145.0,-0.14094402756727326
2150.0,-0.1640588098194399
2155.0,-0.1522031954628316
2160.0,-0.14355689606213648
2165.0,-0.14799233747259335
2170.0,-0.125680312792085
2175.0,-0.11737090196244492
2180.0,-0.11353242563188581
2185.0,-0.13386888289293405
2190.0,-0.1310956191634769
2195.0,-0.11820506129757485
2200.0,-0.09885569158389522
2205.0,-0.12919268304404824
2210.0,-0.10119350653290245
2215.0,-0.09972430171829072
2220.0,-0.0824397709433385
2225.0,-0.07956486236605255
2230.0,-0.0367679528102178
2235.0,-0.03604735287001855
2240.0,-0.017662819905450766
2245.0,-0.04842938683594747
2250.0,-0.03596993987561087
2255.0,-0.01801818397962136
2260.0,0.02951861908059206
2265.0,0.03831252450435685
2270.0,0.0006356510579094785
2275.0,0.033979707010813105
2280.0,0.07268503742057203
2285.0,0.017305102629935367
2290.0,0.04227152738162467
2295.0,0.08019392955852646
2300.0,0.0766565194011041
2305.0,0.05011173603703885
2310.0,0.10824529219025705
2315.0,0.10512037132005256
2320.0,0.10676668451074135
2325.0,0.07533916774728458
2330.0,0.10401940323780953
2335.0,0.14067600491544718
2340.0,0.1308567130219362
2345.0,0.1435515294182763
2350.0,0.12850938701993617
2355.0,0.1702140748011477
2360.0,0.14094155546541529
2365.0,0.1698335247033075
2370.0,0.16314667549359563
2375.0,0.14239345977119194
2380.0,0.19620156251259818
2385.0,0.1457014346598385
2390.0,0.16035965765724366
2395.0,0.18180847170374598
2400.0,0.15438361761734723
2405.0,0.14958996906320488
2410.0,0.18627991882388453
2415.0,0.18265820189207863
2420.0,0.18794331745234039
2425.0,0.205407971830434
2430.0,0.24217323562791193
2435.0,0.18979882464543393
2440.0,0.24803595926343466
2445.0,0.20439208733011605
2450.0,0.1978067294968524
2455.0,0.14545775777390887
2460.0,0.16836327672319676
2465.0,0.20336085887722988
2470.0,0.20803807532273064
2475.0,0.1786355226379728
2480.0,0.19946126543732234
2485.0,0.20915032330359112
2490.0,0.1772796809997721
2495.0,0.15322821832253775
2500.0,0.16282312212090205
2505.0,0.172889897977961
2510.0,0.18081673999195957
2515.0,0.1865187610218262
2520.0,0.14799296605063608
2525.0,0.1625343981442012
2530.0,0.15164588096243864
2535.0,0.1522716609541532
2540.0,0.1680967821540868
2545.0,0.16623480107590188
2550.0,0.12470749669690699
2555.0,0.11582300632197037
2560.0,0.10767958333753341
2565.0,0.10427055633255104
2570.0,0.09963863675138919
2575.0,0.09745380355538893
2580.0,0.08349801361244892
2585.0,0.06470265550912938
2590.0,0.05519370661850456
2595.0,0.07203927780626612
2600.0,0.11193260448228698
2605.0,0.06629264297272636
2610.0,0.060082211326314874
2615.0,0.04597790613494165
2620.0,0.027548897125406466
2625.0,0.06258151503546841
2630.0,0.00794578441728794
2635.0,-0.013599864264244164
2640.0,-0.02715146942091124
2645.0,-0.0070399440926614
2650.0,-0.03902884042167852
2655.0,-0.04482849193739563
2660.0,-0.05298978741598183
2665.0,-0.07009190724167777
2670.0,-0.048501105718930376
2675.0,-0.09347452421154145
2680.0,-0.022090920902890922
2685.0,-0.1308354569600744
2690.0,-0.11109905405547078
2695.0,-0.08941981466062293
2700.0,-0.08963924842714291
2705.0,-0.11202401128325086
2710.0,-0.10640997698218571
2715.0,-0.11536279853992354
2720.0,-0.12288089563524977
2725.0,-0.1200305067829015
2730.0,-0.13297932485593175
2735.0,-0.1457172236496403
2740.0,-0.15217538777403403
2745.0,-0.13703944865346324
2750.0,-0.16353148504108878
2755.0,-0.1532670738612747
2760.0,-0.13760195762693458
2765.0,-0.16575824257368263
2770.0,-0.15326855932097588
2775.0,-0.18971812762771365
2780.0,-0.178977678581294
2785.0,-0.17725465044874428
2790.0,-0.18555431186656188
2795.0,-0.1829569655469518
2800.0,-0.1664833995674465
2805.0,-0.20266058785851304
2810.0,-0.21115112015509002
2815.0,-0.1922431625982823
2820.0,-0.22867137209727353
2825.0,-0.20016635314767978
2830.0,-0.17606959166410846
2835.0,-0.19981604684662052
2840.0,-0.18795997082764251
2845.0,-0.19017646297010443
2850.0,-0.17242031531603783
2855.0,-0.18462044469771285
2860.0,-0.18861767875892485
2865.0,-0.256897757764985
2870.0,-0.19805906037429827
2875.0,-0.17038065839274175
2880.0,-0.18413866675773663
2885.0,-0.19262001514789856
2890.0,-0.1556034555301652
2895.0,-0.18713597237113513
2900.0,-0.17178159322292844
2905.0,-0.14647020723794885
2910.0,-0.16536033454640964
2915.0,-0.14624500950410105
2920.0,-0.14442602636057908
2925.0,-0.16219937039519178
2930.0,-0.14264356735999584
2935.0,-0.1330915619892775
2940.0,-0.13218606222537438
2945.0,-0.09060870718470306
2950.0,-0.10597779514540269
2955.0,-0.11116908286009503
2960.0,-0.1188620679100849
2965.0,-0.09004700903041907
2970.0,0.14308664890807996
2975.0,0.670076665004828
2980.0,1.6975574043106723
2985.0,2.4314952242696846
2990.0,2.0768742017537423
2995.0,1.0583682657414806
3000.0,0.33573221721427277
3005.0,0.014562652007758504
3010.0,0.0001616840880943899
3015.0,-0.026641444649144818
3020.0,0.022588674339968362
3025.0,0.005993805081210189
3030.0,0.020402745015494574
3035.0,0.051469778542641245
3040.0,0.01867747874145116
3045.0,0.047859460400077734
3050.0,0.04857774162817516
3055.0,0.07308206988652563
3060.0,0.08513913970118286
3065.0,0.08424401118843478
3070.0,0.09023618360641555
3075.0,0.0854570073340841
3080.0,0.11291895131511638
3085.0,0.10322015365434832
3090.0,0.11742844321397497
3095.0,0.12524868969173453
3100.0,0.10088431269018569
3105.0,0.11174249859116378
3110.0,0.14476802024565685
3115.0,0.14579716885770574
3120.0,0.17673560647427677
3125.0,0.10844098483608627
3130.0,0.16618106975355132
3135.0,0.18845091757165142
3140.0,0.17296839558634927
3145.0,0.19085532733421723
3150.0,0.17951386888364737
3155.0,0.18149347608205965
3160.0,0.2038114853611843
3165.0,0.16287007573628864
3170.0,0.14651736466673176
3175.0,0.2028986052835117
3180.0,0.1976973022561273
3185.0,0.19904087548723667
3190.0,0.20366125142992422
3195.0,0.2112520200343391
3200.0,0.19003067549900768
3205.0,0.2088059265651309
3210.0,0.20546461465253177
3215.0,0.17582445471069483
3220.0,0.1947713676245917
3225.0,0.2019507077091045
3230.0,0.179238374643704
3235.0,0.21377183484382029
3240.0,0.1848042342130069
3245.0,0.2041954591080378
3250.0,0.214241348362364
3255.0,0.15267667812869928
3260.0,0.15214971338697492
3265.0,0.18637193414390682
3270.0,0.1667472896403007
3275.0,0.17632345400051264
3280.0,0.1957220859047819
3285.0,0.14665430599527873
3290.0,0.16815709979158613
3295.0,0.1403240676466134
3300.0,0.12680241472933107
3305.0,0.14297942789583024
3310.0,0.13241061094690507
3315.0,0.1422169358165464
3320.0,0.12026124047887896
3325.0,0.12451100264575954
3330.0,0.11043635964370377
3335.0,0.05879745469315406
3340.0,0.07808261937108014
3345.0,0.07128109512934834
3350.0,0.08773677054727728
3355.0,0.04122674967950958
3360.0,0.057917961273637124
3365.0,0.037888581876831334
3370.0,0.001755071662367963
3375.0,0.026743605484707625
3380.0,0.03421758842015839
3385.0,0.005916941453450237
3390.0,0.02337868418066452
3395.0,0.004272597375235016
3400.0,-0.005521376982280219
3405.0,-0.03022564974350688
3410.0,-0.03156374640065147
3415.0,-0.027234453931164065
3420.0,-0.04423662429670602
3425.0,-0.07729844818686796
3430.0,-0.06423090492071487
3435.0,-0.06070564355461385
3440.0,-0.053999893292961676
3445.0,-0.0672782521211934
3450.0,-0.11107571442385412
3455.0,-0.08496171982407173
3460.0,-0.13804286342926927
3465.0,-0.12591851828021253
3470.0,-0.1359767725888375
3475.0,-0.09597024246951871
3480.0,-0.11899597362677858
3485.0,-0.13285113148727615
3490.0,-0.15702174167125382
3495.0,-0.1255476805723569
3500.0,-0.16053167808630128
3505.0,-0.1512828134456959
3510.0,-0.143474082111302
3515.0,-0.17599569139149063
3520.0,-0.16344676561707996
3525.0,-0.21765311004660137
3530.0,-0.17020090170710925
3535.0,-0.21889341425314907
3540.0,-0.1797957923660772
3545.0,-0.18485429024892103
3550.0,-0.18341254013770525
3555.0,-0.14873353932633301
3560.0,-0.24625033728281595
3565.0,-0.18871085133201898
3570.0,-0.20671606261970352
3575.0,-0.18432642908501837
3580.0,-0.19340761087532357
3585.0,-0.19747862757296863
3590.0,-0.20918251396058823
3595.0,-0.21255570361037338
3600.0,-0.19016774036431242
3605.0,-0.22590636131961428
3610.0,-0.1725228357983524
3615.0,-0.20329908996754617
3620.0,-0.1801450376509006
3625.0,-0.21017617725983648
3630.0,-0.1742089579448874
3635.0,-0.18456545884698983
3640.0,-0.1607336719429819
3645.0,-0.1476086520113852
3650.0,-0.17853681129513088
3655.0,-0.16095112313725798
3660.0,-0.15325839318699688
3665.0,-0.12380350282674193
3670.0,-0.17330569684048858
3675.0,-0.12975660510571793
3680.0,-0.13605012350269294
3685.0,-0.15343033635321407
3690.0,-0.12957344953503075
3695.0,-0.12965402252012714
3700.0,-0.08733248683574994
3705.0,-0.12118586389013383
3710.0,-0.07473625776351936
3715.0,-0.09687123172029405
3720.0,-0.06654741914279509
3725.0,-0.10655654207362703
3730.0,-0.07980819606636753
3735.0,-0.05342613823524919
3740.0,-0.0668989076397142
3745.0,-0.07158877427470105
3750.0,-0.031894225486851155
3755.0,-0.008412157165270856
3760.0,-0.015548813807741185
3765.0,-0.011667417327686322
3770.0,0.00900078261066533
3775.0,0.0007204968329158883
3780.0,0.0359912416886728
3785.0,0.04788588760152203
3790.0,0.008629130126701579
3795.0,0.06318376246322968
3800.0,0.06403277369753645
3805.0,0.06421883381050686
3810.0,0.08018148232468164
3815.0,0.10279406559314325
3820.0,0.12040822373487467
3825.0,0.12193841384958173
3830.0,0.09211513383635032
3835.0,0.1309741139814367
3840.0,0.07791665919500981
3845.0,0.13616141650242183
3850.0,0.13897875229502593
3855.0,0.1509348784651504
3860.0,0.11967259407312131
3865.0,0.17237778970520545
3870.0,0.17485268266142637
3875.0,0.15897876505130779
3880.0,0.13163869836249104
3885.0,0.17149572198600732
3890.0,0.15262700921927858
3895.0,0.14264870152753478
3900.0,0.1636007943730256
3905.0,0.22848536642306916
3910.0,0.15551073908828328
3915.0,0.18113167091911755
3920.0,0.194418415909993
3925.0,0.21182242263236123
3930.0,0.17506405265359964
3935.0,0.17710211753674507
3940.0,0.2157853135291846
3945.0,0.2044926628676081
3950.0,0.2243904727834753
3955.0,0.17692696360645888
3960.0,0.19793769209056095
3965.0,0.21828729339232528
3970.0,0.20155697313134016
3975.0,0.17563518593816982
3980.0,0.19917607809674345
3985.0,0.15725059799134317
3990.0,0.3153075569651513
3995.0,0.794419710586747
4000.0,1.7313354655183433
4005.0,2.592255612893475
4010.0,2.4840065580391353
4015.0,1.4719632683718766
4020.0,0.6255980647928757
4025.0,0.2894413579682016
4030.0,0.21088452052443987
4035.0,0.16936164930919004
4040.0,0.13691119054209108
4045.0,0.13070801385231742
4050.0,0.16825334001046957
4055.0,0.16007313889924343
4060.0,0.10811543553819762
4065.0,0.12865634435917167
4070.0,0.14695859559375501
4075.0,0.1406181276978711
4080.0,0.09518939899647776
4085.0,0.09489955760295701
4090.0,0.10039950729344838
4095.0,0.061763454318246695
4100.0,0.043492766280709305
4105.0,0.054581193425087306
4110.0,0.08443563037423332
4115.0,0.07400545655183505
4120.0,0.053686685981222365
4125.0,0.012596758202172782
4130.0,-0.011496984763674358
4135.0,-0.0014688442162816527
4140.0,0.011554639849983053
4145.0,0.022915415342142455
4150.0,-0.023721038984715025
4155.0,-0.013055547584120973
4160.0,-0.058717991217756546
4165.0,-0.07342183597815236
4170.0,-0.03975124486913297
4175.0,-0.07163034349494268
4180.0,-0.07679486777636149
4185.0,-0.1095100791071981
4190.0,-0.05596858313113835
4195.0,-0.1159142225176518
4200.0,-0.08732235803747954
4205.0,-0.12531933837704118
4210.0,-0.11048868354057542
4215.0,-0.08329376573134434
4220.0,-0.11220413065437489
4225.0,-0.12141970072327476
4230.0,-0.11246547963713045
4235.0,-0.12598772812765047
4240.0,-0.11490062802681499
4245.0,-0.1776110448222947
4250.0,-0.12684424629633714
4255.0,-0.15789173324077943
4260.0,-0.18497414739595175
4265.0,-0.15695116960497416
4270.0,-0.16262528044121968
4275.0,-0.1776467802083182
4280.0,-0.16417612660846176
4285.0,-0.21100999709135823
4290.0,-0.22113237757672333
4295.0,-0.2027685427344813
4300.0,-0.1716233012458092
4305.0,-0.1850017027100862
4310.0,-0.19738422686585566
4315.0,-0.21159207005012856
4320.0,-0.20032789808832607
4325.0,-0.17770852805334902
4330.0,-0.21258580035523852
4335.0,-0.21333637129393052
4340.0,-0.1926939776598705
4345.0,-0.18783493318591982
4350.0,-0.1970687606896071
4355.0,-0.16989938729534984
4360.0,-0.19291778384580877
4365.0,-0.21438560678780208
4370.0,-0.23670346926161645
4375.0,-0.1666214252464865
4380.0,-0.19041920368003248
4385.0,-0.17731667777914115
4390.0,-0.1711805312290401
4395.0,-0.14938831569977293
4400.0,-0.1512723811151633
4405.0,-0.147711475137436
4410.0,-0.1570070834029451
4415.0,-0.1620813117779647
4420.0,-0.14683991572384006
4425.0,-0.1629245513170984
4430.0,-0.13342638799984693
4435.0,-0.11331557574967191
4440.0,-0.11397255385337596
4445.0,-0.11883273958247204
4450.0,-0.13260212328963017
4455.0,-0.12584745088230612
4460.0,-0.11561419899773222
4465.0,-0.10196552636366839
4470.0,-0.07761022635694596
4475.0,-0.06910617249360343
4480.0,-0.05971838962769199
4485.0,-0.043173538366386995
4490.0,-0.07486398954541766
4495.0,-0.05158994394669576
4500.0,-0.028687502075469225
4505.0,-0.015194934780132945
4510.0,-0.03624779368392209
4515.0,-0.028430356842980266
4520.0,0.016623837254382944
4525.0,0.015800109463982893
4530.0,0.019428610436840497
4535.0,0.013145817426319182
4540.0,0.008059698827170177
4545.0,0.034746428527986824
4550.0,0.049683186429304325
4555.0,0.06153302497343663
4560.0,0.07679194989772899
4565.0,0.06974791634196571
4570.0,0.10021905822696904
4575.0,0.07627998890178916
4580.0,0.09721589621353323
4585.0,0.09915971181779469
4590.0,0.06940168013492032
4595.0,0.08601074932808031
4600.0,0.10827328184690599
4605.0,0.12831876870618955
4610.0,0.1382722443196779
4615.0,0.16329735311579577
4620.0,0.14346417995380825
4625.0,0.14290476109212444
4630.0,0.1611949423451166
4635.0,0.13572691456430286
4640.0,0.16093373738638492
4645.0,0.14921565621963065
4650.0,0.1747164747202322
4655.0,0.1635616664104153
4660.0,0.17276505751081467
4665.0,0.22237137367438095
4670.0,0.20946267045851313
4675.0,0.23976351388705325
4680.0,0.19632134356013534
4685.0,0.1910393628215421
4690.0,0.18061688506374945
4695.0,0.1969641938625243
4700.0,0.16375432917796934
4705.0,0.2010978560917986
4710.0,0.18846326341616654
4715.0,0.17295835715696037
4720.0,0.16335463367257586
4725.0,0.18050897236401345
4730.0,0.18929935575529167
4735.0,0.19527058886478676
4740.0,0.16185146961211647
4745.0,0.19116476961570603
4750.0,0.19593420725783428
4755.0,0.23106292173846624
4760.0,0.19123925060317037
4765.0,0.19895991080134467
4770.0,0.162776197802089
4775.0,0.17300072770526123
4780.0,0.15427784311054313
4785.0,0.14759601069349604
4790.0,0.16916335120002418
4795.0,0.1496349866380408
4800.0,0.17771900946534616
4805.0,0.1425136352453982
4810.0,0.1456261286404225
4815.0,0.10683625702489923
4820.0,0.10472300970034247
4825.0,0.1312370418771424
4830.0,0.09758945602366313
4835.0,0.12950496810068213
4840.0,0.08069685711700127
4845.0,0.0720127115870189
4850.0,0.12049329180077704
4855.0,0.0406252112933287
4860.0,0.05651883691572665
4865.0,0.06916773984376541
4870.0,0.06269404305389774
4875.0,0.020112558673709428
4880.0,0.07730621228269485
4885.0,0.017246600161922084
4890.0,-0.020159303325457536
4895.0,0.02781006095577258
4900.0,-0.00816793797893683
4905.0,-0.005681089011780029
4910.0,3.629927269316498e-05
4915.0,-0.041507310753182945
4920.0,-0.04612371715712321
4925.0,-0.04202863163575294
4930.0,-0.031369157360604354
4935.0,-0.08240837650933183
4940.0,-0.035327310995768656
4945.0,-0.06465884605017139
4950.0,-0.10207058373839215
4955.0,-0.08641203584771427
4960.0,-0.08336506913410648
4965.0,-0.07742032418811448
4970.0,-0.09178932006224708
4975.0,-0.09345692988706515
4980.0,-0.1253969948677852
4985.0,-0.11444019732642195
4990.0,-0.1883143320556684
4995.0,-0.1211524351889171
5000.0,-0.14787214061916854
5005.0,-0.12079411867051931
5010.0,-0.16963298039268554
5015.0,-0.11711620447219385
5020.0,0.1362602767328478
5025.0,0.8527980847038719
5030.0,1.8671147315619079
5035.0,2.3352790860798947
5040.0,1.6710096512243313
5045.0,0.6695267163737939
5050.0,0.09494392562453759
5055.0,-0.16690264396399268
5060.0,-0.18147675220907766
5065.0,-0.22477881224102755
5070.0,-0.1845669876975646
5075.0,-0.17665490609946582
5080.0,-0.20262659866909397
5085.0,-0.1787519986901466
5090.0,-0.24332928432319756
5095.0,-0.21301048109643284
5100.0,-0.21747585810833903
5105.0,-0.1873176310343286
5110.0,-0.21289354939702707
5115.0,-0.21431201404625705
5120.0,-0.16380526840808662
5125.0,-0.21987627031142792
5130.0,-0.17824756255637178
5135.0,-0.1634937985680538
5140.0,-0.18758548398160146
5145.0,-0.1967290612706469
5150.0,-0.17852797063859882
5155.0,-0.18213029920928692
5160.0,-0.1819750438104283
5165.0,-0.15686572286989864
5170.0,-0.15715550464483785
5175.0,-0.08861963188552363
5180.0,-0.11944201085444785
5185.0,-0.13575267275340078
5190.0,-0.12208213338829794
5195.0,-0.09340724768639633
5200.0,-0.09697663289060143
5205.0,-0.11260040106678706
5210.0,-0.12232742872698692
5215.0,-0.06414548429191255
5220.0,-0.09241191717796715
5225.0,-0.07991858711306356
5230.0,-0.04990203713502134
5235.0,-0.06561008948712393
5240.0,-0.03558624168950458
5245.0,-0.05931182023138919
5250.0,-0.04170622333465224
5255.0,-0.041205430481928644
5260.0,0.01282746650637447
5265.0,-0.049954559445446564
5270.0,-0.016482834171587104
5275.0,-0.022053221909645537
5280.0,-0.010792098849237845
5285.0,-0.01364021254646877
5290.0,0.003991217943667153
5295.0,0.05281708415625755
5300.0,0.06571637875231065
5305.0,0.031748366689956634
5310.0,0.028353469424683826
5315.0,0.05115805941846591
5320.0,0.10138016332742499
5325.0,0.07490141821089558
5330.0,0.04128482790123143
5335.0,0.10837505262936276
5340.0,0.09624386757984438
5345.0,0.11813450108127782
5350.0,0.12093373114849652
5355.0,0.09358547078872036
5360.0,0.14654156017842856
5365.0,0.14581623264078697
5370.0,0.1250530479601058
5375.0,0.0989185398969728
5380.0,0.12667659603336204
5385.0,0.132566009817563
5390.0,0.17416326980333857
5395.0,0.153395130195773
5400.0,0.16082930779217916
5405.0,0.17458545173758516
5410.0,0.16897056905783864
5415.0,0.18924623702499432
5420.0,0.19104796832259538
5425.0,0.20656917950410825
5430.0,0.16571689684982208
5435.0,0.19978534301927062
5440.0,0.18926943985808023
5445.0,0.23861192941902945
5450.0,0.22705516291733271
5455.0,0.19063866128468301
5460.0,0.21843796443463528
5465.0,0.1644875023582421
5470.0,0.17844049917598204
5475.0,0.19381582240737966
5480.0,0.2037133706550731
5485.0,0.17518938331354406
5490.0,0.19650112065698344
5495.0,0.21898194096424176
5500.0,0.1596927442731688
5505.0,0.16230986674413272
5510.0,0.14824464398869414
5515.0,0.20628428589047867
5520.0,0.15841700456663543
5525.0,0.16836356206280267
5530.0,0.1542520926037467
5535.0,0.16577928753921434
5540.0,0.15624683383645316
5545.0,0.16164787946338766
5550.0,0.1561419854325841
5555.0,0.1792006726224672
5560.0,0.1226302596007509
5565.0,0.13899550526628912
5570.0,0.12764589090313364
5575.0,0.10451555760042597
5580.0,0.13282935393744325
5585.0,0.14559627276777126
5590.0,0.07992853477371542
5595.0,0.14361332110896868
5600.0,0.08434789171080201
5605.0,0.07804922048446783
5610.0,0.019916526152173812
5615.0,0.06544150316856827
5620.0,0.053724747116057375
5625.0,0.04301701500422239
5630.0,0.05339123497177295
5635.0,0.02837303784405445
5640.0,0.03098060747653742
5645.0,0.0022279652434897025
5650.0,-0.015673085473418516
5655.0,0.0009402847627447481
5660.0,0.0020435518577731817
5665.0,-0.004077348369795482
5670.0,-0.02409746328203371
5675.0,-0.0492673498146118
5680.0,-0.0417533183136078
5685.0,-0.05587960832464956
5690.0,-0.0838879430754398
5695.0,-0.06005928238812891
5700.0,-0.07808170050046048
5705.0,-0.10422241608739113
5710.0,-0.0957021833956603
5715.0,-0.08512765388106228
5720.0,-0.07423908690165858
5725.0,-0.14779611848169447
5730.0,-0.1254932482867783
5735.0,-0.11381780117556119
5740.0,-0.10806904779848106
5745.0,-0.12976232378250582
5750.0,-0.16387208691002939
5755.0,-0.1590475104570834
5760.0,-0.15537088364595272
5765.0,-0.1756537488776369
5770.0,-0.18601470326487293
5775.0,-0.1951723059587501
5780.0,-0.12255821969777145
5785.0,-0.17725811504645436
5790.0,-0.18635898030916132
5795.0,-0.1710655766303148
5800.0,-0.18686739386637988
5805.0,-0.19366883821333203
5810.0,-0.18858708426876813
5815.0,-0.21042058650186518
5820.0,-0.20498857618147276
5825.0,-0.17999060549785673
5830.0,-0.18700117934781565
5835.0,-0.22182697554510458
5840.0,-0.17041954872546045
5845.0,-0.2083731067656515
5850.0,-0.23196246218317562
5855.0,-0.18517377747243063
5860.0,-0.18539304486825292
5865.0,-0.19066769452523183
5870.0,-0.2148750264887004
5875.0,-0.16929852029186512
5880.0,-0.18047434628940737
5885.0,-0.18109201046775114
5890.0,-0.18051114585222724
5895.0,-0.17434891517184276
5900.0,-0.13360085419841658
5905.0,-0.18411122369399952
5910.0,-0.16378233822880983
5915.0,-0.14251368409096873
5920.0,-0.1445020140431204
5925.0,-0.17049569003563786
5930.0,-0.15182085579249782
5935.0,-0.1514453210231417
5940.0,-0.1669952100966461
5945.0,-0.13571304101707862
5950.0,-0.10628752431969672
5955.0,-0.11318849150203479
5960.0,-0.0898985473336531
5965.0,-0.09627759536790828
5970.0,-0.11214133776303403
5975.0,-0.07990091845618422
5980.0,-0.11784051738083512
5985.0,-0.05053735223542851
5990.0,-0.07551869668534719
5995.0,-0.0269337252021399
6000.0,-0.07958204402993711
6005.0,-0.06351879292137437
6010.0,-0.04484031622781978
6015.0,-0.03318813941013726
6020.0,-0.05149205331499756
6025.0,-0.03696654029616684
6030.0,0.0064132354301061414
6035.0,-0.01125043701634695
6040.0,0.030806661824677006
6045.0,0.14034374934283633
6050.0,0.41973716967988745
6055.0,1.2728927395844194
6060.0,2.3140426629975894
6065.0,2.5098205894829864
6070.0,1.6441785257831931
6075.0,0.7228829294788436
6080.0,0.26826419832590875
6085.0,0.04250396044938636
6090.0,0.10043648915709527
6095.0,0.12212924098764415
6100.0,0.09770988862353545
6105.0,0.10170915481237408
6110.0,0.13640650510843563
6115.0,0.09583738004030862
6120.0,0.14543504606221747
6125.0,0.16496350271116644
6130.0,0.1479816583759655
6135.0,0.12025519885486223
6140.0,0.18881524407342243
6145.0,0.16144547422071817
6150.0,0.17808461255337865
6155.0,0.15356769143862348
6160.0,0.17359588698250894
6165.0,0.20134014609508838
6170.0,0.15225405292587116
6175.0,0.15924449824431186
6180.0,0.14692019842552667
6185.0,0.20019436493530363
6190.0,0.20246567668008128
6195.0,0.1781639794520411
6200.0,0.20372798607272527
6205.0,0.19865397727390122
6210.0,0.23812560747475514
6215.0,0.1755206907256618
6220.0,0.2047851125046868
6225.0,0.19069952395123657
6230.0,0.23598277597338704
6235.0,0.20733427165739352
6240.0,0.17299298845622157
6245.0,0.2042985623631747
6250.0,0.190422060862914
6255.0,0.1721993357584126
6260.0,0.19689901256315603
6265.0,0.18861449351622406
6270.0,0.158969805154324
6275.0,0.16990468436365622
6280.0,0.19838363998967262
6285.0,0.19121215791162238
6290.0,0.16403714524940322
6295.0,0.15489569738099324
6300.0,0.1625461577059331
6305.0,0.14938086035929793
6310.0,0.12185974723233217
6315.0,0.15308707447953002
6320.0,0.11813073490272014
6325.0,0.15742424205369862
6330.0,0.13339753308853183
6335.0,0.1294491518017813
6340.0,0.10167924276612372
6345.0,0.1043800257912171
6350.0,0.08193855259921039
6355.0,0.07834461423104792
6360.0,0.057983355046466144
6365.0,0.09964994693073867
6370.0,0.040624855464774456
6375.0,0.08937162427628013
6380.0,0.062275334084842864
6385.0,0.02097162138883213
6390.0,0.05745724811402984
6395.0,0.03126497475474112
6400.0,-0.001382649851706044
6405.0,0.01136462269167671
6410.0,-0.008641898981919
6415.0,-0.025553741729877007
6420.0,-0.019794926037081346
6425.0,-0.02139380618730111
6430.0,-0.04164142640098646
6435.0,-0.04400889994134635
6440.0,-0.035502283264447244
6445.0,-0.0617429834594879
6450.0,-0.07481978214139456
6455.0,-0.10092315923160809
6460.0,-0.08398520267424028
6465.0,-0.09958181995734
6470.0,-0.10197423926127404
6475.0,-0.08870991191819662
6480.0,-0.09435016778294142
6485.0,-0.1177514759550685
6490.0,-0.1366242817343582
6495.0,-0.12862058098454096
6500.0,-0.13115279808259803
6505.0,-0.13855076857158766
6510.0,-0.177662451526038
6515.0,-0.14826598456478543
6520.0,-0.1798694096080937
6525.0,-0.15833586724147478
6530.0,-0.16097430309913857
6535.0,-0.17034598223623384
6540.0,-0.1534380587772965
6545.0,-0.18097652598846126
6550.0,-0.1781118080971034
6555.0,-0.20529626902819742
6560.0,-0.1923936249780929
6565.0,-0.19717736740288802
6570.0,-0.19353186724259128
6575.0,-0.1999148171951887
6580.0,-0.24503605633930953
6585.0,-0.18283455210124216
6590.0,-0.18573944248087743
6595.0,-0.2415506114356285
6600.0,-0.19474610051259564
6605.0,-0.17931797184665504
6610.0,-0.18417924712054196
6615.0,-0.18353700203898257
6620.0,-0.19999063106604745
6625.0,-0.20480473574001357
6630.0,-0.1543969636971588
6635.0,-0.18143683651940376
6640.0,-0.15449393893541702
6645.0,-0.18548106019821842
6650.0,-0.16217398277510703
6655.0,-0.16053115829750753
6660.0,-0.1569743304382612
6665.0,-0.19282046026790345
6670.0,-0.11659890159813094
6675.0,-0.15285336321640855
6680.0,-0.1603537313843285
6685.0,-0.1424773284008502
6690.0,-0.17790496475852777
6695.0,-0.10897177183835666
6700.0,-0.13811340805265737
6705.0,-0.1183602530718246
6710.0,-0.11364000631657292
6715.0,-0.14549073545239025
6720.0,-0.10990701632925737
6725.0,-0.07110783331121195
6730.0,-0.10434986707564455
6735.0,-0.07615378928330416
6740.0,-0.05324246191648902
6745.0,-0.03395112964554075
6750.0,-0.07423312165621036
6755.0,-0.028803656565735872
6760.0,-0.027829864325802624
6765.0,-0.022343406379234987
6770.0,-0.005544236644317347
6775.0,-0.0016384594853275439
6780.0,-0.027732278125023987
6785.0,0.009839002751382896
6790.0,-0.0035286382813511947
6795.0,0.023481460147810444
6800.0,0.01691816173169437
6805.0,0.06311616515585364
6810.0,0.06033567299560706
6815.0,0.059754145472272875
6820.0,0.04455159975452638
6825.0,0.07439121908559995
6830.0,0.05187791064156029
6835.0,0.06423026080048469
6840.0,0.055797651267286426
6845.0,0.11392658712814258
6850.0,0.09386141277433212
6855.0,0.12905085915905617
6860.0,0.14024591984544418
6865.0,0.14469729987503133
6870.0,0.1228913037521929
6875.0,0.1660592179297044
6880.0,0.16661771984147003
6885.0,0.12400113090105487
6890.0,0.16197215495875902
6895.0,0.14395672013445265
6900.0,0.1623792121903603
6905.0,0.19360693598364914
6910.0,0.18038752015856369
6915.0,0.2097110597894312
6920.0,0.19439259177822274
6925.0,0.20033396930836195
6930.0,0.2217894637571355
6935.0,0.2162190259333614
6940.0,0.21010103420240628
6945.0,0.2235106069632464
6950.0,0.22250763441358462
6955.0,0.17253421386412904
6960.0,0.1804693172101211
6965.0,0.20366152408959187
6970.0,0.2240250918128133
6975.0,0.18760848102216263
6980.0,0.16898564125024151
6985.0,0.2003115909809035
6990.0,0.18873199832078932
6995.0,0.22854406591955653
7000.0,0.15048595843613316
7005.0,0.21166381579314542
7010.0,0.20617662672834786
7015.0,0.13741240583526548
7020.0,0.1672376253405259
7025.0,0.17909113242525623
7030.0,0.1878648102999302
7035.0,0.17692693854759683
7040.0,0.18459589945013602
7045.0,0.1718120613776435
7050.0,0.1472351389852328
7055.0,0.19122759037885603
7060.0,0.15845149783720766
7065.0,0.1301051778859736
7070.0,0.24097128822769545
7075.0,0.5662697652085416
7080.0,1.389544383704215
7085.0,2.361390622767111
7090.0,2.5090683041374304
7095.0,1.672678378936955
7100.0,0.7023124754896396
7105.0,0.2051022235265136
7110.0,0.09625392162057694
7115.0,0.08488062168847146
7120.0,0.06686220327673206
7125.0,0.04119767917458254
7130.0,0.03970329141973089
7135.0,0.0785693919410162
7140.0,0.0219036841637276
7145.0,0.04784839941610739
7150.0,0.029669675743619325
7155.0,0.024400978387154902
7160.0,-0.0032739408181992214
7165.0,-0.0067729008117465355
7170.0,-0.01187407210656307
7175.0,-0.04062448099508549
7180.0,0.00010699555100944502
7185.0,-0.05175164626763721
7190.0,-0.04009961565142135
7195.0,-0.016511850838930045
7200.0,-0.030155503263637397
7205.0,-0.07946670453581686
7210.0,-0.06512933166056857
7215.0,-0.06248648809803205
7220.0,-0.1295379589509439
7225.0,-0.05682697618932376
7230.0,-0.09409445330029045
7235.0,-0.11748238986804387
7240.0,-0.12024225677199714
7245.0,-0.1697773267279976
7250.0,-0.11741240574043357
7255.0,-0.10587817813131678
7260.0,-0.1470461702836737
7265.0,-0.1168785727134578
7270.0,-0.14077351994812515
7275.0,-0.18620495000235615
7280.0,-0.15310221228103837
7285.0,-0.2092891564271745
7290.0,-0.21057877289176466
7295.0,-0.16409203685127255
7300.0,-0.16937235439064752
7305.0,-0.18577549688792597
7310.0,-0.18906079221378772
7315.0,-0.22023306781555355
7320.0,-0.17166264305432713
7325.0,-0.19423484690761378
7330.0,-0.1995215587384572
7335.0,-0.1247626636250218
7340.0,-0.19205449418721413
7345.0,-0.19866720401875892
7350.0,-0.15813410764302027
7355.0,-0.1921676231539498
7360.0,-0.20716474545213778
7365.0,-0.16592219788818313
7370.0,-0.1982685180901648
7375.0,-0.20986185134917562
7380.0,-0.19906252299530505
7385.0,-0.1894423746260512
7390.0,-0.16873050191195949
7395.0,-0.1586944973445943
7400.0,-0.20539686206051022
7405.0,-0.15242748254534746
7410.0,-0.18659976872880998
7415.0,-0.17908012725294287
7420.0,-0.21793258169318996
7425.0,-0.12794786625990437
7430.0,-0.14410666047068832
7435.0,-0.1551096874505082
7440.0,-0.14875887509898825
7445.0,-0.11987103917564917
7450.0,-0.1330622260897349
7455.0,-0.18699253878051497
7460.0,-0.11534980942750729
7465.0,-0.11469373936694684
7470.0,-0.10476734091768052
7475.0,-0.099268004955063
7480.0,-0.07571711321082006
7485.0,-0.10030433461377697
7490.0,-0.031691168359243536
7495.0,-0.06768927491501929
7500.0,-0.07727101623796233
7505.0,-0.05269951214886222
7510.0,-0.08116273160353259
7515.0,-0.04179649452185716
7520.0,-0.04540500627081933
7525.0,-0.0420284084368935
7530.0,0.002540437682948902
7535.0,0.00023946923137010794
7540.0,-0.01683120273724975
7545.0,-0.0016049380788860697
7550.0,0.02594312785694175
7555.0,0.0736410886038151
7560.0,0.03329302723667485
7565.0,0.04078971826806974
7570.0,0.061706395093125324
7575.0,0.03476866097302529
7580.0,0.0659138832532615
7585.0,0.09027868421604636
7590.0,0.09136914275306654
7595.0,0.09786975141619571
7600.0,0.07396477279071402
7605.0,0.10635468274412482
7610.0,0.14158246993380907
7615.0,0.17360360873177016
7620.0,0.1462712630940671
7625.0,0.12203505428557061
7630.0,0.13009545272462625
7635.0,0.14158138712368537
7640.0,0.19399676595496454
7645.0,0.12924817699740926
7650.0,0.15708300583391271
7655.0,0.13291754824317323
7660.0,0.16275151191539766
7665.0,0.169418639082832
7670.0,0.19774782815083708
7675.0,0.1993782151477519
7680.0,0.19096241746519602
7685.0,0.18412789234243357
7690.0,0.18414403835017606
7695.0,0.22802198228624898
7700.0,0.19468475056286177
7705.0,0.1764114592765939
7710.0,0.1850221375515257
7715.0,0.2019090667661119
7720.0,0.18598954473669976
7725.0,0.17055649761265468
7730.0,0.22121403404263912
7735.0,0.1879045788396291
7740.0,0.1986115408159054
7745.0,0.20209099999433813
7750.0,0.19351059428387787
7755.0,0.19374683355218097
7760.0,0.14308615832251506
7765.0,0.19351481831056808
7770.0,0.18524526223936721
7775.0,0.17857159535163217
7780.0,0.18211380220112605
7785.0,0.22455489476465326
7790.0,0.20951375908694225
7795.0,0.18667264085648017
7800.0,0.1986529989592303
7805.0,0.15388289117655338
7810.0,0.1561324141831492
7815.0,0.16146450567430762
7820.0,0.1644395726209459
7825.0,0.15714949060974592
7830.0,0.17150194803880706
7835.0,0.12541091887169203
7840.0,0.14875205592993582
7845.0,0.10202791773902084
7850.0,0.11887513765420718
7855.0,0.0809585380485903
7860.0,0.11847142010803494
7865.0,0.0750025595589735
7870.0,0.10467537470349686
7875.0,0.03185471593942366
7880.0,0.09904298492535732
7885.0,0.05399316108117458
7890.0,0.05532269333192573
7895.0,0.04399575552867595
7900.0,-0.003948644175598544
7905.0,0.009451728388587047
7910.0,0.0007498532712725253
7915.0,0.002913040487852496
7920.0,-0.035159915875073895
7925.0,-0.025014202733234903
7930.0,-0.018787568077299262
7935.0,-0.005879982232305698
7940.0,-0.02227427887814179
7945.0,-0.06887326498958614
7950.0,-0.03569126559415655
7955.0,-0.02894734976433079
7960.0,-0.05328644908064356
7965.0,-0.08355072516827486
7970.0,-0.10226757749436485
7975.0,-0.10016119488825559
7980.0,-0.0660259553025228
7985.0,-0.12618573873150796
7990.0,-0.16294465645124354
7995.0,-0.10144910209596535
8000.0,-0.13931313195847708
8005.0,-0.1338921605985453
8010.0,-0.14660579022273032
8015.0,-0.12206429601389893
8020.0,-0.15783120948544455
8025.0,-0.16999321864962252
8030.0,-0.17634217097465257
8035.0,-0.12957283511830098
8040.0,-0.1391635856987259
8045.0,-0.18082578103991212
8050.0,-0.18729679094030266
8055.0,-0.1829004774811033
8060.0,-0.17254619563231485
8065.0,-0.20379339549115338
8070.0,-0.1583669164610546
8075.0,-0.18601107320392607
8080.0,-0.246477149865847
8085.0,-0.15580635521215036
8090.0,0.12247728905527003
8095.0,0.9070611801372003
8100.0,1.9151349671959987
8105.0,2.293480625031222
8110.0,1.5822138440463378
8115.0,0.5939041374104642
8120.0,0.0153404533511631
8125.0,-0.204864651150081
8130.0,-0.1917996869409159
8135.0,-0.17841692065929135
8140.0,-0.20037369283853704
8145.0,-0.21126099526417572
8150.0,-0.18257070478645704
8155.0,-0.21389214337881202
8160.0,-0.18864917341473197
8165.0,-0.15192547040660073
8170.0,-0.16807424055518838
8175.0,-0.1920903481910732
8180.0,-0.16421193940629228
8185.0,-0.16396859347055534
8190.0,-0.1509516615492082
8195.0,-0.12744762484361866
8200.0,-0.15271663103463806
8205.0,-0.16128713125348948
8210.0,-0.09841003593081132
8215.0,-0.1407889121182347
8220.0,-0.10460009598463403
8225.0,-0.10165009729207643
8230.0,-0.10926976417240761
8235.0,-0.08396219961926853
8240.0,-0.08113251542131637
8245.0,-0.07641779115455682
8250.0,-0.0571223157191705
8255.0,-0.07884083823628145
8260.0,-0.03761283627662995
8265.0,-0.06550948537014707
8270.0,-0.020421885548624976
8275.0,-0.004944833792706656
8280.0,-0.039940024558777876
8285.0,0.024426904156434705
8290.0,-0.019941399966012078
8295.0,-1.2166189689260046e-05
8300.0,-0.007187776000871981
8305.0,0.011811030196200157
8310.0,0.027321614667395206
8315.0,0.021786286071920055
8320.0,0.06182529904521229
8325.0,0.03439211488955693
8330.0,0.06467509648239786
8335.0,0.04450011230977815
8340.0,0.05506586045122843
8345.0,0.0834766994830277
8350.0,0.09483941174223592
8355.0,0.08864849098667957
8360.0,0.10979194110093557
8365.0,0.1195319918876343
8370.0,0.10360966461724534
8375.0,0.12447796745056315
8380.0,0.11286716148206014
8385.0,0.11002574420480679
8390.0,0.1301641432855017
8395.0,0.14345699552666596
8400.0,0.17714097879580526
8405.0,0.16899845107146708
8410.0,0.1659184416367128
8415.0,0.12484162974791226
8420.0,0.1540811050439799
8425.0,0.18654421918161326
8430.0,0.19212641146687104
8435.0,0.18378777237504165
8440.0,0.16288814391534207
8445.0,0.15053829464549529
8450.0,0.15857378983571122
8455.0,0.19745502994122185
8460.0,0.20389544251831154
8465.0,0.2333812190551922
8470.0,0.18522976562161106
8475.0,0.20591951854454296
8480.0,0.18411121443309425
8485.0,0.19569747062374643
8490.0,0.20139395906488503
8495.0,0.18821261101938674
8500.0,0.22620668846547437
8505.0,0.17465011471870254
8510.0,0.21069793500851186
8515.0,0.18845422429664435
8520.0,0.1804421588825317
8525.0,0.20840943588126404
8530.0,0.1727882119175516
8535.0,0.18728254695590527
8540.0,0.17760849790249086
8545.0,0.18790695748707356
8550.0,0.14561605125322294
8555.0,0.17047499309797448
8560.0,0.16962054005069577
8565.0,0.14182606088038519
8570.0,0.12920636561907745
8575.0,0.12311317132979799
8580.0,0.1370475376843277
8585.0,0.11606502984464372
8590.0,0.13590907765897062
8595.0,0.11609637624667304
8600.0,0.10651943272769492
8605.0,0.10383366665758503
8610.0,0.09884572960120641
8615.0,0.09231121542625288
8620.0,0.0941947218239007
8625.0,0.09797443690074528
8630.0,0.0757954302377479
8635.0,0.06958316503543455
8640.0,0.08175150131910554
8645.0,0.07383341323006257
8650.0,0.0369497027189992
8655.0,0.006009676483000687
8660.0,0.042588008432641544
8665.0,-0.005192805762691011
8670.0,-0.012599935222465742
8675.0,-0.02193091152292112
8680.0,-0.021214653039158052
8685.0,-0.0691434488897653
8690.0,-0.041015593643252655
8695.0,-0.016481765592804228
8700.0,0.0042230870097568
8705.0,-0.04545562276657088
8710.0,-0.046646604161861435
8715.0,-0.052630544358948636
8720.0,-0.08959755695816786
8725.0,-0.10454463561805105
8730.0,-0.0853736835682934
8735.0,-0.07741919983079099
8740.0,-0.1042765287324683
8745.0,-0.10685222567746311
8750.0,-0.12091926215257341
8755.0,-0.1295248732056175
8760.0,-0.14339575492052775
8765.0,-0.11730344633841258
8770.0,-0.12777811384303597
8775.0,-0.15268196941848042
8780.0,-0.14976563531983736
8785.0,-0.1478531035080722
8790.0,-0.14254465687014983
8795.0,-0.13027923169670202
8800.0,-0.13826270236093105
8805.0,-0.17657163838137346
8810.0,-0.1752458993393697
8815.0,-0.18865462315046702
8820.0,-0.17047954456335435
8825.0,-0.1666434864586305
8830.0,-0.2230648858291847
8835.0,-0.19026364066086682
8840.0,-0.1654141130977695
8845.0,-0.2237942435571441
8850.0,-0.16562765889639125
8855.0,-0.17411497994604094
8860.0,-0.20697105507813843
8865.0,-0.2166639413164856
8870.0,-0.16158656948176536
8875.0,-0.20271346052608838
8880.0,-0.21925600913931928
8885.0,-0.19117396998619193
8890.0,-0.21841601020766416
8895.0,-0.20875333346946504
8900.0,-0.15102742104996225
8905.0,-0.1920630722535871
8910.0,-0.18332890316927264
8915.0,-0.20999570613716978
8920.0,-0.19071408726884925
8925.0,-0.14866887456904734
8930.0,-0.15677145742936532
8935.0,-0.1391690189992938
8940.0,-0.13572172510132002
8945.0,-0.14543389054628253
8950.0,-0.15280668959478672
8955.0,-0.18218466658679988
8960.0,-0.11076581237586215
8965.0,-0.12419875292975233
8970.0,-0.06830096260835103
8975.0,-0.11580970867935537
8980.0,-0.10852784312579869
8985.0,-0.10860926228743904
8990.0,-0.11615915895625316
8995.0,-0.08390296479933176
9000.0,-0.07027442899835686
9005.0,-0.06466617615173167
9010.0,-0.0670256230764075
9015.0,-0.06884386927991856
9020.0,-0.02233754988986279
9025.0,-0.017191188889579517
9030.0,-0.041526864105258104
9035.0,-0.0459561026148939
9040.0,-0.025289118323555307
9045.0,-0.017188103302735822
9050.0,0.025308012234149194
9055.0,-0.004057083843937012
9060.0,0.028968861353734755
9065.0,0.009599565143606135
9070.0,0.03601636108694993
9075.0,0.0991277651903607
9080.0,0.04138193322022772
9085.0,0.0710942012578444
9090.0,0.1739957757391322
9095.0,0.6116417990260499
9100.0,1.4950267207426988
9105.0,2.429924737987922
9110.0,2.4908053547413593
9115.0,1.5721121040201544
9120.0,0.6664045249904224
9125.0,0.21985738954043202
9130.0,0.11065173609642881
9135.0,0.16363903698434293
9140.0,0.11734466226003763
9145.0,0.17890868616161965
9150.0,0.18412905255920836
9155.0,0.1528686576345678
9160.0,0.14492254793675874
9165.0,0.14215390775018216
9170.0,0.187062372125605
9175.0,0.18598524360751517
9180.0,0.16321945333260843
9185.0,0.16132715657096391
9190.0,0.19495760055008318
9195.0,0.17546530955461187
9200.0,0.19028350046963502
9205.0,0.16264392141169984
9210.0,0.2032623402564936
9215.0,0.1993000541142647
9220.0,0.1882065086161082
9225.0,0.17516113225935648
9230.0,0.19773311716567413
9235.0,0.20665211009333131
9240.0,0.20756306747502445
9245.0,0.20129088273179777
9250.0,0.18310926220120632
9255.0,0.2102033764274259
9260.0,0.21852512732945714
9265.0,0.181789626756912
9270.0,0.16642715225736293
9275.0,0.21818478469350386
9280.0,0.19013973988308436
9285.0,0.14494394529327376
9290.0,0.19597903244509912
9295.0,0.17900862064006032
9300.0,0.15756691867479847
9305.0,0.16865010223250085
9310.0,0.14046028459486823
9315.0,0.13987477279271932
9320.0,0.1188293920952948
9325.0,0.16902852578968136
9330.0,0.12939083406161725
9335.0,0.13775728016961072
9340.0,0.13417164850816768
9345.0,0.06873503341556328
9350.0,0.11700076808299321
9355.0,0.08394376752131817
9360.0,0.12407387454627752
9365.0,0.06795162780618004
9370.0,0.10133446507468238
9375.0,0.11004087322426268
9380.0,0.07464401001602602
9385.0,0.08225829712105424
9390.0,0.08105071735547717
9395.0,0.0496806447700219
9400.0,0.03322377237886398
9405.0,0.0010346032914047981
9410.0,0.05847170674629293
9415.0,0.03360976078308538
9420.0,0.018087368688967372
9425.0,-0.03723994132566992
9430.0,0.010807218222561903
9435.0,-0.0272059844171854
9440.0,-0.024446748905640726
9445.0,-0.029038495127161328
9450.0,-0.02161214119678575
9455.0,-0.058238466255792674
9460.0,-0.07366959254783645
9465.0,-0.05632434655492801
9470.0,-0.07040400784136695
9475.0,-0.09526771247544982
9480.0,-0.04867432300324351
9485.0,-0.07534128566002377
9490.0,-0.13677673984191396
9495.0,-0.15649056562976593
9500.0,-0.15723531764385246
9505.0,-0.13450210960345232
9510.0,-0.12334940775513045
9515.0,-0.10403245278623581
9520.0,-0.14092658452454457
9525.0,-0.16297814836250604
9530.0,-0.1526575839204592
9535.0,-0.1597743207059435
9540.0,-0.18390038121764765
9545.0,-0.16709849628447654
9550.0,-0.21148933842326664
9555.0,-0.1856075119628189
9560.0,-0.17293778099822069
9565.0,-0.18972210606262077
9570.0,-0.17779901183197402
9575.0,-0.16944935759075586
9580.0,-0.18137445491583426
9585.0,-0.1820168895674062
9590.0,-0.18388206135250446
9595.0,-0.20205407118316687
9600.0,-0.17912791541276785
9605.0,-0.19442123482372714
9610.0,-0.21921202879781587
9615.0,-0.1808812645425103
9620.0,-0.1996955396661866
9625.0,-0.2603673969922206
9630.0,-0.1633516870750218
9635.0,-0.19501206131227422
9640.0,-0.2092276699684315
9645.0,-0.17653538462849994
9650.0,-0.1816219578108867
9655.0,-0.18142034875814242
9660.0,-0.1484654138654367
9665.0,-0.1570279107243934
9670.0,-0.18086362123851366
9675.0,-0.18500858807240125
9680.0,-0.19204365437415066
9685.0,-0.1539167792106809
9690.0,-0.15527547283927287
9695.0,-0.1307605617410621
9700.0,-0.1428339878949462
9705.0,-0.12682102685205496
9710.0,-0.10840501143900697
9715.0,-0.13856744526109552
9720.0,-0.14106537459260537
9725.0,-0.11566321542610046
9730.0,-0.13416741387108586
9735.0,-0.10536030918919573
9740.0,-0.09986862012951177
9745.0,-0.05908824543860477
9750.0,-0.08654387747543336
9755.0,-0.04844902555883274
9760.0,-0.07220257395601258
9765.0,-0.057470356694261746
9770.0,-0.05803189185843994
9775.0,-0.042235118632041206
9780.0,-0.04430720248352453
9785.0,-0.046071898060611974
9790.0,-0.0411376141687636
9795.0,0.009769809684607176
9800.0,0.0037067254987293127
9805.0,0.0404618175471533
9810.0,0.04672722410672875
9815.0,0.005273972737847091
9820.0,0.07101089674695313
9825.0,0.03275500834535712
9830.0,0.0182939513381214
9835.0,0.034721057870328156
9840.0,0.054825313743430276
9845.0,0.025432101525600763
9850.0,0.09025609490786729
9855.0,0.08162301577858437
9860.0,0.10854491505939536
9865.0,0.11008693845127122
9870.0,0.11576910231637648
9875.0,0.1316910515601426
9880.0,0.13396077531765593
9885.0,0.10290403443331694
9890.0,0.1678535468544181
9895.0,0.13380089456799435
9900.0,0.14960354865761272
9905.0,0.16851073338824735
9910.0,0.14543679423187142
9915.0,0.15400307768760463
9920.0,0.13339816969377144
9925.0,0.1866161732834137
9930.0,0.19085523591145817
9935.0,0.17317803300993126
9940.0,0.16916195345679338
9945.0,0.13564034999121585
9950.0,0.1996038159255987
9955.0,0.17440998989967288
9960.0,0.18516533495813026
9965.0,0.1896490508181123
9970.0,0.19089337045413893
9975.0,0.20212521210202872
9980.0,0.21186877661125364
9985.0,0.20379146707874976
9990.0,0.17909681736387909
9995.0,0.19943411721462434
10000.0,0.19761101115158003
10005.0,0.18041676761860054
10010.0,0.19287558861636198
10015.0,0.21392994076877794
10020.0,0.20959776586384776
10025.0,0.20294621279748126
10030.0,0.20245747919693355
10035.0,0.15043743649341326
10040.0,0.18836965932628497
10045.0,0.2104551889692507
10050.0,0.17137901993770518
10055.0,0.1673314735188367
10060.0,0.1546188422861145
10065.0,0.17039243550146527
10070.0,0.15898240162429197
10075.0,0.13511746949517395
10080.0,0.3651695496077484
10085.0,0.944078133823176
10090.0,1.9567167893802029
10095.0,2.627657773353984
10100.0,2.182735935714086
10105.0,1.1729051343727572
10110.0,0.4309089733961428
10115.0,0.16157908913354327
10120.0,0.08874288339269844
10125.0,0.09041074932579496
10130.0,0.06924247013693252
10135.0,0.05218830752330851
10140.0,0.08696341613916683
10145.0,0.033478171729269826
10150.0,0.054099110578850015
10155.0,0.055458420940870674
10160.0,0.03694453500054257
10165.0,0.01815179129731087
10170.0,0.01263792796411167
10175.0,-0.022143615599748253
10180.0,0.005173150740075636
10185.0,-0.02731882521064211
10190.0,-0.02036707189461411
10195.0,-0.043584408881153364
10200.0,-0.017971352374741262
10205.0,-0.05045208085508298
10210.0,-0.05174987721388211
10215.0,-0.031581058441486703
10220.0,-0.08516961661965364
10225.0,-0.0794742467058478
10230.0,-0.12472750950129964
10235.0,-0.09642414610041311
10240.0,-0.10614942392139998
10245.0,-0.11704978583505699
10250.0,-0.09887937830131259
10255.0,-0.08958111897974398
10260.0,-0.10955943997813854
10265.0,-0.11725183287064829
10270.0,-0.11755743287080558
10275.0,-0.15454220932437046
10280.0,-0.16399595234514375
10285.0,-0.1482744917692521
10290.0,-0.12620861345215878
10295.0,-0.17495327481227205
10300.0,-0.19704806185498006
10305.0,-0.17186784439606037
10310.0,-0.15748679019772685
10315.0,-0.16727092733158813
10320.0,-0.17485676717595303
10325.0,-0.18870815249449982
10330.0,-0.17489747274608128
10335.0,-0.19928729342340748
10340.0,-0.1701701580240831
10345.0,-0.16973822735703079
10350.0,-0.18096055868405517
10355.0,-0.15902315151642282
10360.0,-0.15147878288003475
10365.0,-0.21358897448582517
10370.0,-0.20192004271962638
10375.0,-0.21631864051139713
10380.0,-0.22965614388757094
10385.0,-0.21780680172981298
10390.0,-0.19836126832990997
10395.0,-0.1834484711306958
10400.0,-0.18327603200125342
10405.0,-0.23858805109936468
10410.0,-0.18776221637175428
10415.0,-0.20605468771161223
10420.0,-0.16780292629826696
10425.0,-0.1927914951406588
10430.0,-0.1537300296608824
10435.0,-0.1349569227020974
10440.0,-0.12715934392162498
10445.0,-0.16257704230175174
10450.0,-0.149090132504016
10455.0,-0.15465792571139075
10460.0,-0.1431386642111914
10465.0,-0.10291036299442388
10470.0,-0.1653238863568167
10475.0,-0.13580182806049862
10480.0,-0.11614567023142634
10485.0,-0.12026379600698925
10490.0,-0.12590738534673984
10495.0,-0.07599096930270256
10500.0,-0.09096365269629182
10505.0,-0.0905310217858718
10510.0,-0.10082766016816834
10515.0,-0.06921628280881953
10520.0,-0.040610446941392195
10525.0,-0.054015965446659715
10530.0,-0.020489807633041958
10535.0,-0.04068874832224746
10540.0,-0.04269713377677527
10545.0,-0.017029040096973685
10550.0,-0.027556689722360545
10555.0,-0.03071234475280472
10560.0,0.01754927159695975
10565.0,0.03470255464016855
10570.0,0.056861521106761265
10575.0,-0.004954373266633803
10580.0,0.0591049928022835
10585.0,0.061358312347391766
10590.0,0.05964008747332239
10595.0,0.07405471251056497
10600.0,0.08593940582663753
10605.0,0.09049107253834968
10610.0,0.09909007963597738
10615.0,0.08976099656751971
10620.0,0.13665227949494047
10625.0,0.10944314436379418
10630.0,0.13804072182979163
10635.0,0.11592861037255846
10640.0,0.12886163350112279
10645.0,0.1336124274238614
10650.0,0.14650457345779977
10655.0,0.17474724792656982
10660.0,0.1235657624360186
10665.0,0.1826026363942424
10670.0,0.14961097515125835
10675.0,0.2093071646694787
10680.0,0.15361238479623132
10685.0,0.17974027120836195
10690.0,0.19304888565158573
10695.0,0.15236963569098366
10700.0,0.1869277435734429
10705.0,0.19125289875604656
10710.0,0.20003920119022905
10715.0,0.19087442009954872
10720.0,0.17594364706549467
10725.0,0.16111894904900367
10730.0,0.187935725833803
10735.0,0.19196637871641387
10740.0,0.19286200814426888
10745.0,0.21674056017075044
10750.0,0.20222028780347887
10755.0,0.1657948436338602
10760.0,0.1817035850145204
10765.0,0.21976562583819467
10770.0,0.20870027660845614
10775.0,0.19687865167922483
10780.0,0.18500217175321992
10785.0,0.21035135742067873
10790.0,0.1708352205406241
10795.0,0.1695895877104379
10800.0,0.20103245461682998
10805.0,0.1391504792949786
10810.0,0.19339552556558662
10815.0,0.15767357349511385
10820.0,0.1699654533172933
10825.0,0.14852039036621076
10830.0,0.11494022569626033
10835.0,0.15347074892598067
10840.0,0.12660466742724902
10845.0,0.13238463859219052
10850.0,0.1358422265574571
10855.0,0.12485040982163147
10860.0,0.11728271992174295
10865.0,0.1203450508917653
10870.0,0.072839137611797
10875.0,0.13450856456210009
10880.0,0.05542059423456708
10885.0,0.07414786442683399
10890.0,0.07036217033118913
10895.0,0.05247467866630391
10900.0,0.06954905726782654
10905.0,0.03671650782807522
10910.0,0.039376479208763165
10915.0,0.08290499516334104
10920.0,0.013197407546794873
10925.0,0.06032517626268624
10930.0,-0.022398763116552013
10935.0,0.008722129154363625
10940.0,-0.006901769945499668
10945.0,-0.0062460638090327415
10950.0,-0.07406993063036095
10955.0,-0.07701350203820567
10960.0,-0.03120839293203316
10965.0,-0.03551736886741379
10970.0,-0.04677875574566741
10975.0,-0.07776466342403618
10980.0,-0.06576688116466495
10985.0,-0.07565633135251883
10990.0,-0.10283246311599553
10995.0,-0.060772494267853076
11000.0,-0.10632500212241376
11005.0,-0.12267283447160157
11010.0,-0.11168307903443378
11015.0,-0.13365552948080908
11020.0,-0.12694163918533385
11025.0,-0.15654079177588764
11030.0,-0.16130672395144405
11035.0,-0.16038336946426604
11040.0,-0.13422492322650348
11045.0,-0.1651920590006925
11050.0,-0.020350022637759466
11055.0,0.3699176899627963
11060.0,1.2172601501777105
11065.0,2.1489352637322594
11070.0,2.203052876395553
11075.0,1.2566677900362244
11080.0,0.34368586013724234
11085.0,-0.03319262061055149
11090.0,-0.1668351885919516
11095.0,-0.18227937238809305
11100.0,-0.23166046047143193
11105.0,-0.19383337327764633
11110.0,-0.2318137358072451
11115.0,-0.1939550259300467
11120.0,-0.19151159790534156
11125.0,-0.1622081885950536
11130.0,-0.22428806970945578
11135.0,-0.19384115394627835
11140.0,-0.1893556576041582
11145.0,-0.18583128728206177
11150.0,-0.1817450656034276
11155.0,-0.1671806025843721
11160.0,-0.17729500373802135
11165.0,-0.1926404267900132
11170.0,-0.18643110783931735
11175.0,-0.15602804305035858
11180.0,-0.18070951766397314
11185.0,-0.20979722293629322
11190.0,-0.19749855669209412
11195.0,-0.18568390240563432
11200.0,-0.1820187162416201
11205.0,-0.14610241646254937
11210.0,-0.14221814158482127
11215.0,-0.17521929081271304
11220.0,-0.15467562424814368
11225.0,-0.11944061670530674
11230.0,-0.11321022289278608
11235.0,-0.11731635856392704
11240.0,-0.0649950940302888
11245.0,-0.11821067002203356
11250.0,-0.0714404918845213
11255.0,-0.08152593705232422
11260.0,-0.12101618761074742
11265.0,-0.09375451382302916
11270.0,-0.06230984741760475
11275.0,-0.0721354175840416
11280.0,-0.05605759320283536
11285.0,-0.04340476168835474
11290.0,-0.025872121847913432
11295.0,-0.030385101686394314
11300.0,-0.002883831684355914
11305.0,-0.011864020862223178
11310.0,-0.019739499822800308
11315.0,0.0004807925442440065
11320.0,-0.007604240594236464
11325.0,0.041291423185963044
11330.0,0.00379278318906923
11335.0,0.03035363444221415
11340.0,0.04137476315013918
11345.0,0.06834665993173178
11350.0,0.09435803744623232
11355.0,0.05003512445273252
11360.0,0.07414390230622245
11365.0,0.07856825828295373
11370.0,0.08091559002105476
11375.0,0.06936239334070332
11380.0,0.11193038317151231
11385.0,0.07902205480463359
11390.0,0.1530840834136448
11395.0,0.14707514173491032
11400.0,0.1578919798945057
11405.0,0.17987616824674021
11410.0,0.14591764337215835
11415.0,0.138542380627163
11420.0,0.12069055201568532
11425.0,0.18658969110897614
11430.0,0.18427688179356522
11435.0,0.16245340667362962
11440.0,0.15468891260389686
11445.0,0.1866542484183517
11450.0,0.18914779776367283
11455.0,0.16325446170417174
11460.0,0.21908971179542241
11465.0,0.1808242128473187
11470.0,0.20585237790825245
11475.0,0.15845398984774067
11480.0,0.17514405338597128
11485.0,0.20056100447693528
11490.0,0.17750802650415637
11495.0,0.23440459420071644
11500.0,0.15916924147015665
11505.0,0.18800024408061713
11510.0,0.1605491816653054
11515.0,0.18869642504364464
11520.0,0.22079960274485722
11525.0,0.1990213308124262
11530.0,0.18757645103199513
11535.0,0.21470929710516914
11540.0,0.1548813815722614
11545.0,0.1580716094122895
11550.0,0.14785553692122344
11555.0,0.19869233720506865
11560.0,0.13918673512051727
11565.0,0.19589412526119881
11570.0,0.14916766674005524
11575.0,0.15467554427920352
11580.0,0.14637162406504123
11585.0,0.1658387544718912
11590.0,0.13297647632882764
11595.0,0.13109168925140113
11600.0,0.12507571369238432
11605.0,0.1220859307979082
11610.0,0.09973361889731455
11615.0,0.11172401209301136
11620.0,0.08316962165720425
11625.0,0.10842145704884523
11630.0,0.07993092290776843
11635.0,0.11099205697213788
11640.0,0.04653520995825042
11645.0,0.07025245958801966
11650.0,0.05681833531921807
11655.0,0.08701667120852109
11660.0,0.05360963006397824
11665.0,0.030981651907513907
11670.0,0.022961466966512863
11675.0,0.003997908368298886
11680.0,0.05159475381570491
11685.0,0.04509821087714151
11690.0,-0.008354983743656865
11695.0,-0.03050717105810449
11700.0,-0.014449112021811802
11705.0,-0.01686831798863608
11710.0,-0.0589442295101918
11715.0,-0.05655217865669438
11720.0,-0.0672425034919649
11725.0,-0.07019225904317546
11730.0,-0.062407316941711526
11735.0,-0.10143644537028414
11740.0,-0.12459314532866705
11745.0,-0.05334084006191795
11750.0,-0.10978141389030018
11755.0,-0.0999148497684979
11760.0,-0.12672640663708712
11765.0,-0.1207601755003015
11770.0,-0.12392928168798967
11775.0,-0.139294823387142
11780.0,-0.09104681091523933
11785.0,-0.13515993894517578
11790.0,-0.16016550191097972
11795.0,-0.1573162769176008
11800.0,-0.1641088568003593
11805.0,-0.1735338177165906
11810.0,-0.151198194163543
11815.0,-0.15565467769713026
11820.0,-0.18243609877332168
11825.0,-0.18001357509157676
11830.0,-0.21357265879147316
11835.0,-0.18106817696925054
11840.0,-0.19636972985294743
11845.0,-0.2131450980445076
11850.0,-0.20510584913539961
11855.0,-0.17006508287129835
11860.0,-0.22021450894246605
11865.0,-0.21961200424675553
11870.0,-0.19428441594068718
11875.0,-0.1931608372408974
11880.0,-0.20494365874653311
11885.0,-0.22310953328760483
11890.0,-0.21326564839836573
11895.0,-0.15949332786564124
11900.0,-0.22623509132408398
11905.0,-0.19200032350278876
11910.0,-0.17564101338615234
11915.0,-0.17679412979503903
11920.0,-0.14182578629546616
11925.0,-0.1769152662742899
11930.0,-0.1899427139336268
11935.0,-0.19191743007031217
11940.0,-0.17880297308569462
11945.0,-0.14096746161896095
11950.0,-0.18668630077847587
11955.0,-0.15392545799265314
11960.0,-0.1704790231774332
11965.0,-0.15046026885429434
11970.0,-0.10205885781264613
11975.0,-0.13148885404533794
11980.0,-0.12116655258951266
11985.0,-0.13389303363748323
11990.0,-0.14837605852885546
11995.0,-0.12746401006260685
12000.0,-0.11229412452238761
12005.0,-0.035856045545103486
12010.0,0.1967925404164937
12015.0,0.9722374997635187
12020.0,2.0371643277328064
12025.0,2.4123964954750408
12030.0,1.7618216877991129
12035.0,0.7488145281487999
12040.0,0.1699010949265913
12045.0,-0.03777212079456684
12050.0,-0.009309503483314554
12055.0,0.018458584393394276
12060.0,-0.043758867326957655
12065.0,0.0220654647564083
12070.0,0.0014702516142151064
12075.0,0.025030021427654862
12080.0,0.0480123414804591
12085.0,0.0380492916070123
12090.0,0.08200777632041896
12095.0,0.07267831927527238
12100.0,0.0527975023757549
12105.0,0.08447824733672703
12110.0,0.044834574022900045
12115.0,0.08737200075837011
12120.0,0.07859598791378836
12125.0,0.08034211856736506
12130.0,0.12537994511945494
12135.0,0.11629622413417132
12140.0,0.10862487066669281
12145.0,0.13228184360603723
12150.0,0.1296786926027295
12155.0,0.13481123973241463
12160.0,0.11134818743994998
12165.0,0.13881467406136472
12170.0,0.1654217857847476
12175.0,0.1676441977758264
12180.0,0.16609741832951258
12185.0,0.14585602610588105
12190.0,0.1583007073726781
12195.0,0.12846557072792536
12200.0,0.16013557776063503
12205.0,0.20987895623070243
12210.0,0.22231483092199247
12215.0,0.19202160239164975
12220.0,0.1924695629744524
12225.0,0.1657158052940849
12230.0,0.20100231223580742
12235.0,0.1868168656028022
12240.0,0.24230373023422266
12245.0,0.2099536696892893
12250.0,0.19812885962699658
12255.0,0.16866876600779113
12260.0,0.22948675512256667
12265.0,0.2006855945079817
12270.0,0.24038343684000482
12275.0,0.21021808848296605
12280.0,0.19204127305744573
12285.0,0.20808570344209715
12290.0,0.2070263476454118
12295.0,0.17672495586748602
12300.0,0.2127424579967835
12305.0,0.22112175567682532
12310.0,0.16424054773975935
12315.0,0.12612655741071446
12320.0,0.18484599437654953
12325.0,0.1676710928934924
12330.0,0.1606566384324341
12335.0,0.13639626990177245
12340.0,0.180930484755494
12345.0,0.10110435902717685
12350.0,0.16346278898137068
12355.0,0.12178010522346039
12360.0,0.08216020440744701
12365.0,0.10163372773374842
12370.0,0.11073721435445023
12375.0,0.14534215651468774
12380.0,0.1210246551473974
12385.0,0.08652221405145175
12390.0,0.082992851192757
12395.0,0.10179462348912782
12400.0,0.08337642660087313
12405.0,0.1045812021149582
12410.0,0.03712407011295853
12415.0,0.05153558316850385
12420.0,0.023468325513043845
12425.0,0.02930723023180468
12430.0,-0.012155827082932197
12435.0,0.01024384585198682
12440.0,-0.028078732097715296
12445.0,0.000234951509758362
12450.0,0.014742804176461389
12455.0,-0.018390839419626496
12460.0,-0.02844429814530773
12465.0,-0.043104406682505605
12470.0,-0.07596220776323478
12475.0,-0.07070855363990283
12480.0,-0.07299156610521061
12485.0,-0.09333667838978994
12490.0,-0.057896722843471596
12495.0,-0.12528993505053204
12500.0,-0.11671701287073259
12505.0,-0.12102606941565416
12510.0,-0.11585707660152703
12515.0,-0.13949802429760444
12520.0,-0.152122843702165
12525.0,-0.1555627095826074
12530.0,-0.150321759120784
12535.0,-0.17111940427411546
12540.0,-0.12616576505641622
12545.0,-0.15371246719617668
12550.0,-0.13354420421179183
12555.0,-0.17544565442959595
12560.0,-0.1562480107756096
12565.0,-0.17404053194774236
12570.0,-0.17285061095511034
12575.0,-0.148542801311039
12580.0,-0.16920312706354665
12585.0,-0.18186768212923923
12590.0,-0.19287578498005775
12595.0,-0.2283409714545667
12600.0,-0.1991877857771053
12605.0,-0.20971953428052853
12610.0,-0.16129874360392238
12615.0,-0.20967290666968294
12620.0,-0.19684262165434752
12625.0,-0.2029343703778763
12630.0,-0.21324864377552788
12635.0,-0.1795991770430609
12640.0,-0.221629550329939
12645.0,-0.1869484805537335
12650.0,-0.23587005793931592
12655.0,-0.20759835041664096
12660.0,-0.15987796073269303
12665.0,-0.19558963152398834
12670.0,-0.1842343569774108
12675.0,-0.18018757653477566
12680.0,-0.18177383952706128
12685.0,-0.2323059927414556
12690.0,-0.20668397843194258
12695.0,-0.15312088585296366
12700.0,-0.16388628848387093
12705.0,-0.19063487247928182
12710.0,-0.1844676933175833
12715.0,-0.1268838447795776
12720.0,-0.1562993355819586
12725.0,-0.14524179983659605
12730.0,-0.14359096526106682
12735.0,-0.14470589116099333
12740.0,-0.11573832203606332
12745.0,-0.10490401665513466
12750.0,-0.11302631916441061
12755.0,-0.1023030745884917
12760.0,-0.11026107080854067
12765.0,-0.059770015251337155
12770.0,-0.10810824064829747
12775.0,-0.06523774472836504
12780.0,-0.04904673430119598
12785.0,-0.032140058683217225
12790.0,-0.046131690724826216
12795.0,-0.028578453820841704
12800.0,-0.03449671584339757
12805.0,-0.03886002441477168
12810.0,-0.011568057546429873
12815.0,0.015034050198640334
12820.0,0.01669428916250991
12825.0,-0.013277320057171416
12830.0,0.020599372950107723
12835.0,0.053665936638817247
12840.0,0.04364985899772178
12845.0,0.07371057692912995
12850.0,0.05405085708468369
12855.0,0.057419787689078156
12860.0,0.0016494457257625744
12865.0,0.10238292937216525
12870.0,0.05024624975190167
12875.0,0.08196018976958357
12880.0,0.07894278659806934
12885.0,0.09065542098490256
12890.0,0.12910776034818203
12895.0,0.08687998078239162
12900.0,0.13220285092739437
12905.0,0.10723783972638261
12910.0,0.1376549108692847
12915.0,0.15254182639915156
12920.0,0.14560638523937175
12925.0,0.1489692878171342
12930.0,0.15704845467656667
12935.0,0.16126531346581607
12940.0,0.1816845358909503
12945.0,0.18157054845145396
12950.0,0.25929109312376
12955.0,0.6599746662361017
12960.0,1.4398269918646607
12965.0,2.475606921652395
12970.0,2.6097898715090757
12975.0,1.800689317591605
12980.0,0.8421067580841206
12985.0,0.3400936775932726
12990.0,0.21384204361222992
12995.0,0.23968452772509027
13000.0,0.1676999257462201
13005.0,0.17351710972344134
13010.0,0.18311936384439986
13015.0,0.2355210730953473
13020.0,0.20860683084892728
13025.0,0.18353985664298378
13030.0,0.19212278792419513
13035.0,0.19959235891396301
13040.0,0.17524075812442602
13045.0,0.18427585231392482
13050.0,0.1890010090193551
13055.0,0.1935311303154577
13060.0,0.1995327211643233
13065.0,0.16687176528936665
13070.0,0.16848279632180427
13075.0,0.14266323698590314
13080.0,0.16099703031650434
13085.0,0.16070791028884193
13090.0,0.15194958787012075
13095.0,0.15671273006617617
13100.0,0.12053640950826439
13105.0,0.1583518664848734
13110.0,0.1330361641640507
13115.0,0.14721405104207178
13120.0,0.09763071082680543
13125.0,0.1058995120962191
13130.0,0.10494650771864822
13135.0,0.08256184345903855
13140.0,0.10974285196961088
13145.0,0.0804285152945431
13150.0,0.04504681264633711
13155.0,0.08426981606932443
13160.0,0.04452099999778156
13165.0,0.054823784436953654
13170.0,0.05717735122956699
13175.0,0.012121910450967006
13180.0,0.05170838568030586
13185.0,0.03190059794361699
13190.0,-0.022847897824718088
13195.0,0.022896127087097696
13200.0,-0.025535675287807792
13205.0,-0.032291666820405546
13210.0,0.006937594829294753
13215.0,-0.061574623499239645
13220.0,-0.0933555399700016
13225.0,-0.04667160115116963
13230.0,-0.06250319490111433
13235.0,-0.0844481157205352
13240.0,-0.05412517954120595
13245.0,-0.11189050536438415
13250.0,-0.10850324333543294
13255.0,-0.08107031670384962
13260.0,-0.11773839284992457
13265.0,-0.12999913177774094
13270.0,-0.12525063486330323
13275.0,-0.14915422282035648
13280.0,-0.15661750954759693
13285.0,-0.13959262071935927
13290.0,-0.15335563123354629
13295.0,-0.1522050911313134
13300.0,-0.17144374222484987
13305.0,-0.15574779947831724
13310.0,-0.15651163057365278
13315.0,-0.15418198352015433
13320.0,-0.18587562773791605
13325.0,-0.19109514805897598
13330.0,-0.2052118976541134
13335.0,-0.1795919600582323
13340.0,-0.17069845091590857
13345.0,-0.17292279790322945
13350.0,-0.1782748636325549
13355.0,-0.17233942754682857
13360.0,-0.16288207430830165
13365.0,-0.19404630376316637
13370.0,-0.18695117963293956
13375.0,-0.21519668033466452
13380.0,-0.1917481750884975
13385.0,-0.18260112481398452
13390.0,-0.21166068106213642
13395.0,-0.1595906395142238
13400.0,-0.18686935278402247
13405.0,-0.18030137255282727
13410.0,-0.18880901437479097
13415.0,-0.1533113876808753
13420.0,-0.18525166483825736
13425.0,-0.1691387686055704
13430.0,-0.17874158875856283
13435.0,-0.18871669332341554
13440.0,-0.17931114436121431
13445.0,-0.1834849490218077
13450.0,-0.17504321752566912
13455.0,-0.14730034935925077
13460.0,-0.17433096429526596
13465.0,-0.16002832760110733
13470.0,-0.13314873037822067
13475.0,-0.11961042750080102
13480.0,-0.13575356103984684
13485.0,-0.137090852559063
13490.0,-0.14999198512324086
13495.0,-0.10547923461903674
13500.0,-0.12676215828548473
13505.0,-0.11557827929204961
13510.0,-0.08322274772391648
13515.0,-0.09985158022949253
13520.0,-0.07237548385052063
13525.0,-0.06500871835367497
13530.0,-0.0808149360650887
13535.0,-0.06221110406364734
13540.0,-0.0269780810048353
13545.0,-0.036343936858274146
13550.0,-0.03079809861946884
13555.0,-0.053171419983789936
13560.0,-0.020875267053048426
13565.0,0.014035915991381894
13570.0,-0.007540333008885007
13575.0,0.01390729007795789
13580.0,0.03337969892478413
13585.0,0.06957291944815935
13590.0,-0.001826581463037047
13595.0,0.05988509303052299
13600.0,0.06986554798491675
13605.0,0.05694608921124863
13610.0,0.1024136604341964
13615.0,0.046873278687870584
13620.0,0.050296144870791926
13625.0,0.08396972672103613
13630.0,0.10783926673422525
13635.0,0.08058764489824338
13640.0,0.10813857640683476
13645.0,0.10494756349643469
13650.0,0.16116073441045692
13655.0,0.1174917169612388
13660.0,0.16181714952045273
13665.0,0.09994381124144369
13670.0,0.14502695930644746
13675.0,0.15243901009689512
13680.0,0.13155776895794496
13685.0,0.1562434385678407
13690.0,0.1737378863202401
13695.0,0.16597792241700718
13700.0,0.1655161053814529
13705.0,0.1775335179692512
13710.0,0.19156030574546726
13715.0,0.1964550621153754
13720.0,0.17725623345411384
13725.0,0.21005898466598108
13730.0,0.19169899339448696
13735.0,0.24469579191329394
13740.0,0.196744121224991
13745.0,0.20294175902108974
13750.0,0.17855434104787962
13755.0,0.22990173175353132
13760.0,0.1959771849360061
13765.0,0.20698053735844985
13770.0,0.21832664800548018
13775.0,0.19139615006046554
13780.0,0.2022499082492165
13785.0,0.18782676056388048
13790.0,0.1783407257849409
13795.0,0.16646181090250523
13800.0,0.14927082090242128
13805.0,0.1652356018040676
13810.0,0.14465126873786432
13815.0,0.19409489888986148
13820.0,0.1528639416162836
13825.0,0.22466307443079794
13830.0,0.1625691590666135
13835.0,0.1477559582724906
13840.0,0.1862617152041899
13845.0,0.15637616574056049
13850.0,0.14202190052827446
13855.0,0.13574971108113848
13860.0,0.1630126413141482
13865.0,0.11293017259645978
13870.0,0.09825549297128795
13875.0,0.11167735587203632
13880.0,0.1148895747251471
13885.0,0.1446005232442932
13890.0,0.48629667815980493
13895.0,1.3108191162992373
13900.0,2.301532976605796
13905.0,2.502771495393669
13910.0,1.633343443508947
13915.0,0.6908538958654791
13920.0,0.16556312848114402
13925.0,0.05317332997602017
13930.0,0.02352853275784998
13935.0,0.036941649030235155
13940.0,0.04094124716394901
13945.0,0.010173794562723649
13950.0,-0.000959115984099397
13955.0,-0.024689240831556564
13960.0,-0.030501063173628076
13965.0,-0.016095454543541544
13970.0,-0.01736282978535026
13975.0,-0.007552918602856652
13980.0,-0.06647459263440267
13985.0,-0.07913454758948191
13990.0,-0.028956559728630628
13995.0,-0.07410101937991294
14000.0,-0.10266475357511584
14005.0,-0.06998395962649942
14010.0,-0.10127440020767324
14015.0,-0.11418734259546032
14020.0,-0.1370137250460316
14025.0,-0.10150127133562967
14030.0,-0.10747441948191451
14035.0,-0.09858151281724506
14040.0,-0.1345111668212484
14045.0,-0.15052394713341538
14050.0,-0.14572109400386565
14055.0,-0.14957849192144287
14060.0,-0.16599845203914376
14065.0,-0.19102166256979408
14070.0,-0.19018534125385853
14075.0,-0.175533335234503
14080.0,-0.18523819454309018
14085.0,-0.1472273467713426
14090.0,-0.18098900338350335
14095.0,-0.1906206275978045
14100.0,-0.2022246205814158
14105.0,-0.17955289640059355
14110.0,-0.19714389910307348
14115.0,-0.17603126943882536
14120.0,-0.1944980670475843
14125.0,-0.1755171273900486
14130.0,-0.20068860288893833
14135.0,-0.18490307392604519
14140.0,-0.17343604780574606
14145.0,-0.20648875919159876
14150.0,-0.16846725130251425
14155.0,-0.19712481612477586
14160.0,-0.15160675498384465
14165.0,-0.162928736084744
14170.0,-0.16842304537387354
14175.0,-0.16850486240862006
14180.0,-0.14974395189704415
14185.0,-0.19136580067723125
14190.0,-0.15912113180013487
14195.0,-0.17555439127642253
14200.0,-0.16353690065685353
14205.0,-0.15491057233051722
14210.0,-0.13927543944917178
14215.0,-0.1700112772358959
14220.0,-0.1714252425207295
14225.0,-0.17485027647369158
14230.0,-0.12859877350090998
14235.0,-0.14388064881175813
14240.0,-0.11534957966824098
14245.0,-0.10088539646769001
14250.0,-0.0915755453547941
14255.0,-0.14735643461429135
14260.0,-0.09806652818435188
14265.0,-0.09170160404907378
14270.0,-0.10710423915258138
14275.0,-0.1114384990451892
14280.0,-0.0645338383156468
14285.0,-0.020016087186008107
14290.0,-0.08166037401928501
14295.0,-0.05268178151623902
14300.0,-0.03131514637367036
14305.0,-0.08290280573223721
14310.0,0.009578932682980205
14315.0,-0.03349960921303048
14320.0,0.013272648908171564
14325.0,0.0564771207219743
14330.0,0.01373849291573032
14335.0,-0.004171027431783171
14340.0,0.02475213190512899
14345.0,0.023805160445123378
14350.0,0.05462602255291042
14355.0,0.030240484111016572
14360.0,0.0797349129996351
14365.0,0.05177701331157195
14370.0,0.1381669391413601
14375.0,0.05219869035193228
14380.0,0.10607582865200522
14385.0,0.06757301534655175
14390.0,0.12771910049773808
14395.0,0.11053018922737766
14400.0,0.07749623378942229
14405.0,0.10402992694358763
14410.0,0.11654823247001692
14415.0,0.10890220467078178
14420.0,0.14242127544589497
14425.0,0.12573614400203187
14430.0,0.15131744653454723
14435.0,0.1683712153046561
14440.0,0.16363029816716923
14445.0,0.16026329351700339
14450.0,0.16453960376833093
14455.0,0.18639161080919417
14460.0,0.1699094553631249
14465.0,0.1821177000488368
14470.0,0.14068160466352747
14475.0,0.17038027532621244
14480.0,0.19954000959629087
14485.0,0.19063233116241424
14490.0,0.19785335446995278
14495.0,0.1994091315240836
14500.0,0.2269937170789667
14505.0,0.18665477825825286
14510.0,0.16494604648538017
14515.0,0.22399081649423203
14520.0,0.20318118882140376
14525.0,0.18255752908053588
14530.0,0.17148249508931815
14535.0,0.15609278587981174
14540.0,0.17686298502662814
14545.0,0.18847014726621794
14550.0,0.2161344412089758
14555.0,0.17921323746239057
14560.0,0.1790857756142799
14565.0,0.16579239540397767
14570.0,0.1506426501265661
14575.0,0.1803418354535868
14580.0,0.17300391018037406
14585.0,0.16027115881082313
14590.0,0.17634418294466825
14595.0,0.12444866597051128
14600.0,0.14877695858536752
14605.0,0.13633185332066702
14610.0,0.15077607639226387
14615.0,0.11491660981372645
14620.0,0.11637153016935262
14625.0,0.10836285115331715
14630.0,0.11551569780866246
14635.0,0.09733796189407416
14640.0,0.08870009148014212
14645.0,0.06812276152117352
14650.0,0.06452957891644809
14655.0,0.0844019846514715
14660.0,0.05095740995759217
14665.0,0.07900837680818634
14670.0,0.08839452089501251
14675.0,0.07219271458840097
14680.0,0.04556105187249242
14685.0,0.03598252930843482
14690.0,0.03222773469012562
14695.0,0.0109917850662002
14700.0,-0.0011756731221168612
14705.0,-0.008325916776387353
14710.0,-0.03141029515193234
14715.0,-0.03323843904556467
14720.0,0.003363946751859876
14725.0,-0.06529795637555832
14730.0,-0.07138295765800802
14735.0,-0.09348639291770165
14740.0,-0.049427329670798305
14745.0,-0.033539716830862244
14750.0,-0.056004629855700386
14755.0,-0.0922888851020393
14760.0,-0.07729854260490798
14765.0,-0.09215138666146892
14770.0,-0.09434937841736055
14775.0,-0.13442988051424276
14780.0,-0.10360281447398026
14785.0,-0.14300741852124027
14790.0,-0.12724475863532306
14795.0,-0.1267015034434399
14800.0,-0.12866688549204053
14805.0,-0.11542018273826118
14810.0,-0.12676373186732234
14815.0,-0.10990186602425006
14820.0,0.1817942583763878
14825.0,0.8048560913942702
14830.0,1.848792046294511
14835.0,2.319789651058502
14840.0,1.6826698017095703
14845.0,0.6498170841491149
14850.0,0.03888609737129772
14855.0,-0.1596190140371736
14860.0,-0.2281231238320309
14865.0,-0.2001180817489018
14870.0,-0.21240270057183847
14875.0,-0.20014115914333902
14880.0,-0.21051071690564066
14885.0,-0.19057180481956
14890.0,-0.177062380249472
14895.0,-0.16726317800533863
14900.0,-0.243691138496121
14905.0,-0.209440027259576
14910.0,-0.17364722244362496
14915.0,-0.19517486377613055
14920.0,-0.20038981257293323
14925.0,-0.19422859418157706
14930.0,-0.17065330927988104
14935.0,-0.18933596014597792
14940.0,-0.17960534642679593
14945.0,-0.18480221313060527
14950.0,-0.1750414743082415
14955.0,-0.1662301573123246
14960.0,-0.1280622950183685
14965.0,-0.14923279652548224
14970.0,-0.15369305485294585
14975.0,-0.12929434236075996
14980.0,-0.17814997299149296
14985.0,-0.1483185989852015
14990.0,-0.13292185169411652
14995.0,-0.15198628353955113
15000.0,-0.12645526266515006
15005.0,-0.12199519824041663
15010.0,-0.11883303967589437
15015.0,-0.11418845640737364
15020.0,-0.09399696915461027
15025.0,-0.0678266435890226
15030.0,-0.08838545339609742
15035.0,-0.06560133872166096
15040.0,-0.054588267066914255
15045.0,-0.0672277144979514
15050.0,-0.051782791781833586
15055.0,-0.02030483949423471
15060.0,-0.06100633703596954
15065.0,-0.02211354022410792
15070.0,-0.015047044534574637
15075.0,-0.018473582128617563
15080.0,-0.042751321596996954
15085.0,0.023382643547143075
15090.0,0.06563139320549266
15095.0,0.021819428275444426
15100.0,0.05120199486236063
15105.0,0.04778931080886686
15110.0,0.05548525265508012
15115.0,0.05364015115585715
15120.0,0.07353210025282962
15125.0,0.054557058467858355
15130.0,0.0804572928940977
15135.0,0.09077483649404824
15140.0,0.09853970772858
15145.0,0.08735527189240105
15150.0,0.12670669345381447
15155.0,0.08722678760603113
15160.0,0.09848415662975607
15165.0,0.13388710008905297
15170.0,0.10131609938732339
15175.0,0.1859269085197405
15180.0,0.12225933729668761
15185.0,0.1437832609147282
15190.0,0.18545579605265056
15195.0,0.13785535436550933
15200.0,0.19944344337236103
15205.0,0.20000068801435267
15210.0,0.19994083818115932
15215.0,0.18136488544730126
15220.0,0.21372368163434183
15225.0,0.18579012137710502
15230.0,0.20908546235247427
15235.0,0.1744631241780944
15240.0,0.21431966245836168
15245.0,0.21271091072074136
15250.0,0.2114701304303176
15255.0,0.21774128433285883
15260.0,0.1802032939957138
15265.0,0.22053459639143733
15270.0,0.19729761950993735
15275.0,0.2024998400115765
15280.0,0.2105319836981528
15285.0,0.1869612922763348
15290.0,0.21468955294743305
15295.0,0.19179154193251535
15300.0,0.2082155501721192
15305.0,0.1919664602992959
15310.0,0.17192395852539052
15315.0,0.20418719588767995
15320.0,0.1817619917300335
15325.0,0.1889602984084556
15330.0,0.16519189659989103
15335.0,0.13907500595059735
15340.0,0.1824561037907021
15345.0,0.11944673137796541
15350.0,0.14086727618387854
15355.0,0.11336669733639235
15360.0,0.15096631401919233
15365.0,0.09691308759898248
15370.0,0.14609935201797547
15375.0,0.17492138664318613
15380.0,0.10042538417011235
15385.0,0.13363429652730785
15390.0,0.1440505472452404
15395.0,0.07329912960791676
15400.0,0.09224026344074442
15405.0,0.07088456490371296
15410.0,0.07675914226802552
15415.0,0.06207779451803301
15420.0,0.09928450028744737
15425.0,0.0574198604883067
15430.0,0.09471270669105021
15435.0,0.08235346452915211
15440.0,0.05458786191264848
15445.0,0.013894703006475575
15450.0,0.003908189272875757
15455.0,-0.009121546015891848
15460.0,0.011443444026602963
15465.0,-0.00979125264741763
15470.0,-0.01659065285572836
15475.0,-0.023709577229068125
15480.0,0.0033088394896131634
15485.0,-0.04676584269772461
15490.0,-0.05820727164786918
15495.0,-0.05261375989086707
15500.0,-0.06053488839951692
15505.0,-0.049913206571093945
15510.0,-0.05538943233126111
15515.0,-0.10737125698549978
15520.0,-0.0879048372471715
15525.0,-0.113227643876258
15530.0,-0.1012993550386918
15535.0,-0.12554436928961954
15540.0,-0.14277961019194857
15545.0,-0.13673341479261342
15550.0,-0.12968998136043022
15555.0,-0.16530091468012745
15560.0,-0.14145857486649488
15565.0,-0.15573115139479468
15570.0,-0.16619267193558426
15575.0,-0.15593899146964016
15580.0,-0.15474777423713668
15585.0,-0.1775993614742502
15590.0,-0.24020972914298214
15595.0,-0.1980785141561535
15600.0,-0.16205601340884626
15605.0,-0.21403979729042075
15610.0,-0.1840603507951258
15615.0,-0.22837843333350472
15620.0,-0.15177329197671383
15625.0,-0.21381956442198233
15630.0,-0.18401368755277384
15635.0,-0.20932819149945747
15640.0,-0.195382816471677
15645.0,-0.17476098119563832
15650.0,-0.1991675403068442
15655.0,-0.2185224891161175
15660.0,-0.1676725174794293
15665.0,-0.19942474334451787
15670.0,-0.16576363880549888
15675.0,-0.20771739954389387
15680.0,-0.19711425388277762
15685.0,-0.17350715408936096
15690.0,-0.1664748021533729
15695.0,-0.16793340653236183
15700.0,-0.19398624691738256
15705.0,-0.16395318217442614
15710.0,-0.19983319762276797
15715.0,-0.1480791033513408
15720.0,-0.15751404690290952
15725.0,-0.1391638078635529
15730.0,-0.15928745923754856
15735.0,-0.14768142973463957
15740.0,-0.1268856668536149
15745.0,-0.1599748657731646
15750.0,0.0011952129177238546
15755.0,0.4869042590610905
15760.0,1.425366264282813
15765.0,2.286071850372653
15770.0,2.1770817526588395
15775.0,1.2093477848059044
15780.0,0.37461827625161487
15785.0,0.03607078529568951
15790.0,-0.06570607033916862
15795.0,-0.08419177562809668
15800.0,-0.07033612407845731
15805.0,-0.032390622605707006
15810.0,-0.08422973275614964
15815.0,0.0024289558638208586
15820.0,-0.08026664264018372
15825.0,-0.01344622506941367
15830.0,-0.019398316249503722
15835.0,-0.012393266419551975
15840.0,-0.0034852762104732368
15845.0,0.024497039729626625
15850.0,0.02368166841750048
15855.0,0.02898223932211928
15860.0,0.07633020322768311
15865.0,0.0594049335411471
15870.0,0.058093197315430646
15875.0,0.03750730310437286
15880.0,0.07138989312750499
15885.0,0.08307024265210708
15890.0,0.1018438743535509
15895.0,0.09874906867406241
15900.0,0.10416020146775481
15905.0,0.1019919842174793
15910.0,0.13621135677136223
15915.0,0.09161854777503575
15920.0,0.13421207896444173
15925.0,0.16406548860998013
15930.0,0.08854320315777947
15935.0,0.17664897140999855
15940.0,0.16460421672522094
15945.0,0.16706255596372777
15950.0,0.14793865707633752
15955.0,0.15370132181935328
15960.0,0.15461375330770433
15965.0,0.2472094946174596
15970.0,0.16311951719888979
15975.0,0.2304579285092067
15980.0,0.18385550009120824
15985.0,0.17094227172550766
15990.0,0.20631411875046093
15995.0,0.19004402181941282
16000.0,0.17920726047190216
16005.0,0.18938344928248116
16010.0,0.21364648352398108
16015.0,0.19363921987168276
16020.0,0.18770205397898765
16025.0,0.202928724356016
16030.0,0.2091581365664782
16035.0,0.17222780751094147
16040.0,0.22454070769095355
16045.0,0.17490283741032503
16050.0,0.19278321233247267
16055.0,0.2137687568462047
16060.0,0.20141551178504732
16065.0,0.18324559397400153
16070.0,0.17818991301891055
16075.0,0.18359491284243074
16080.0,0.2031186569354828
16085.0,0.17493481456389867
16090.0,0.19494975032520995
16095.0,0.16406850460404945
16100.0,0.2041070045324508
16105.0,0.1612797254341084
16110.0,0.17759972188747764
16115.0,0.12087967188801046
16120.0,0.13866275432495584
16125.0,0.1471126610473963
16130.0,0.0895432539983636
16135.0,0.10637918660446907
16140.0,0.09081913294457072
16145.0,0.11688222009711466
16150.0,0.08099818870020592
16155.0,0.09345519533693981
16160.0,0.07994906479941791
16165.0,0.07292588065101357
16170.0,0.03341137307310991
16175.0,0.07169736531755237
16180.0,0.012400406216320978
16185.0,0.0651160292185729
16190.0,0.036242012487522034
16195.0,0.00828917137904005
16200.0,0.013603858517852386
16205.0,-0.02614521364111714
16210.0,-0.010635739666203521
16215.0,-0.006795636212225449
16220.0,0.03008040792405879
16225.0,-0.052563674035619415
16230.0,-0.03522901089815024
16235.0,-0.05958634423437718
16240.0,-0.038942423964116644
16245.0,-0.02798773371362025
16250.0,-0.08572828558405517
16255.0,-0.06858406807868088
16260.0,-0.05771909461271445
16265.0,-0.09558788916571692
16270.0,-0.09947649152639043
16275.0,-0.10941240988370636
16280.0,-0.10820381666721972
16285.0,-0.11097114743789893
16290.0,-0.13724164552864335
16295.0,-0.13430360924489387
16300.0,-0.1569236639429349
16305.0,-0.13741955570302566
16310.0,-0.14406159806878518
16315.0,-0.1311374886631675
16320.0,-0.16081293611864805
16325.0,-0.16693085366287824
16330.0,-0.19658699092739143
16335.0,-0.1564046552868452
16340.0,-0.17281664863685153
16345.0,-0.18935185977340072
16350.0,-0.1757166395658741
16355.0,-0.16320243808634172
16360.0,-0.17634767456811642
16365.0,-0.18058680608848396
16370.0,-0.17849730169662503
16375.0,-0.21468207306251297
16380.0,-0.2000655122632955
16385.0,-0.19027207412786729
16390.0,-0.22746313688465356
16395.0,-0.2057923884738992
16400.0,-0.17339417118423464
16405.0,-0.22144515410248916
16410.0,-0.20698148533187122
16415.0,-0.19978748282133768
16420.0,-0.17754915762889917
16425.0,-0.21893710018820703
16430.0,-0.17866725985277745
16435.0,-0.16138510541947096
16440.0,-0.1843633696298452
16445.0,-0.205563791400529
16450.0,-0.14931313990484654
16455.0,-0.1657913158755384
16460.0,-0.1629120713203836
16465.0,-0.14079560061786872
16470.0,-0.15408717082418336
16475.0,-0.1653516735593151
16480.0,-0.18691529844628488
16485.0,-0.11559524444990016
16490.0,-0.14462046651298346
16495.0,-0.1427046539688773
16500.0,-0.12061562657805093
16505.0,-0.10697334236769834
16510.0,-0.1396379294181498
16515.0,-0.11349681999201987
16520.0,-0.11920501165623892
16525.0,-0.12070134747338698
16530.0,-0.10363798423484993
16535.0,-0.09548174141488004
16540.0,-0.08076671158603306
16545.0,-0.09737716712527018
16550.0,-0.07868210879826906
16555.0,-0.03724175587451688
16560.0,-0.07443046706762978
16565.0,-0.04096868025590411
16570.0,-0.05617428214236874
16575.0,-0.03361781111312977
16580.0,-0.011464707553432268
16585.0,0.009432890035381683
16590.0,0.020562592033341192
16595.0,-0.007352612904359108
16600.0,0.045809059026046754
16605.0,0.0023515876986987157
16610.0,0.06039390634719248
16615.0,0.01733141540078426
16620.0,0.034229509589056295
16625.0,0.07277125041953642
16630.0,0.0637610060528212
16635.0,0.0937875894827582
16640.0,0.0897270957179032
16645.0,0.09532617438374592
16650.0,0.1211482608923679
16655.0,0.10010009178128894
16660.0,0.10551538122107113
16665.0,0.12776546777115627
16670.0,0.12966563122446204
16675.0,0.14075811056985624
16680.0,0.15111998804980675
16685.0,0.16577353716605617
16690.0,0.33083374364362916
16695.0,0.8675797399580556
16700.0,1.9063950978985307
16705.0,2.6548527868443874
16710.0,2.308177737332188
16715.0,1.2649765741916361
16720.0,0.4977781653814951
16725.0,0.21679852346449266
16730.0,0.19237656650035453
16735.0,0.17514069224058149
16740.0,0.21244313028288472
16745.0,0.23308609110529444
16750.0,0.21181499317525704
16755.0,0.2044669286320944
16760.0,0.20222363526892007
16765.0,0.20960928490987782
16770.0,0.24101860746156534
16775.0,0.19441220572738963
16780.0,0.176310565587107
16785.0,0.21163652576848804
16790.0,0.22568347408594266
16795.0,0.17635784745729172
16800.0,0.17079831037300905
16805.0,0.15971628225304402
16810.0,0.18982184518847428
16815.0,0.16240064210693309
16820.0,0.21803880237222456
16825.0,0.16224083482640064
16830.0,0.20599067948964414
16835.0,0.1830951476453857
16840.0,0.13209151938898914
16845.0,0.17210897989964336
16850.0,0.19695191888189978
16855.0,0.17474210204869423
16860.0,0.1448335063914895
16865.0,0.1450154555169609
16870.0,0.14447737289357326
16875.0,0.13938925599155322
16880.0,0.1280081888188455
16885.0,0.1061657171108868
16890.0,0.0955763957225617
16895.0,0.07054395807273486
16900.0,0.10340908941267742
16905.0,0.09232513680005178
16910.0,0.06668731405526276
16915.0,0.1045962360854096
16920.0,0.059247070308449466
16925.0,0.0926222946493786
16930.0,0.05018017265402929
16935.0,0.03718477570670215
16940.0,0.049855986272729996
16945.0,0.010880422099819907
16950.0,0.05031163116455849
16955.0,0.04995627155553363
16960.0,0.004382441894824658
16965.0,0.007956077264424578
16970.0,-0.02922189166545279
16975.0,-0.00792529676608936
16980.0,-0.0015987779345596337
16985.0,-0.042662762096009776
16990.0,-0.03400867377695942
16995.0,-0.04369673088831327
17000.0,-0.0627634738164397
17005.0,-0.03217185472955435
17010.0,-0.026303257348298047
17015.0,-0.10074253608059669
17020.0,-0.07545536976119094
17025.0,-0.13746044573793892
17030.0,-0.10283393195954191
17035.0,-0.10473420676155443
17040.0,-0.12180451108201845
17045.0,-0.12049149290776809
17050.0,-0.12273266566200192
17055.0,-0.10636928451851571
17060.0,-0.14337873515620533
17065.0,-0.16435967792658931
17070.0,-0.14576342633604408
17075.0,-0.11681517588768084
17080.0,-0.1720454198198028
17085.0,-0.13767537386621564
17090.0,-0.1631890899464039
17095.0,-0.20189656385839036
17100.0,-0.18103322589785648
17105.0,-0.19334217832799994
17110.0,-0.17289164175440438
17115.0,-0.2184355086443502
17120.0,-0.18575934758438958
17125.0,-0.19207486994944253
17130.0,-0.24233893491410574
17135.0,-0.20052814520953996
17140.0,-0.21174274051298717
17145.0,-0.1764665898618652
17150.0,-0.18683113343665356
17155.0,-0.18140172953265787
17160.0,-0.19658921128374898
17165.0,-0.21862344674989426
17170.0,-0.17309147687150292
17175.0,-0.18042044505148747
17180.0,-0.19431392879046733
17185.0,-0.19066595902258818
17190.0,-0.17085496891106955
17195.0,-0.17003766316686827
17200.0,-0.18468499104475955
17205.0,-0.1868407682292768
17210.0,-0.15428575524461285
17215.0,-0.17091969574763574
17220.0,-0.17813629242274706
17225.0,-0.16332477045174804
17230.0,-0.166566798353389
17235.0,-0.14786456831284261
17240.0,-0.1567795327565319
17245.0,-0.14310727056514183
17250.0,-0.12630150521343544
17255.0,-0.1385195616284217
17260.0,-0.13576187201353926
17265.0,-0.11326181640772967
17270.0,-0.12935708334139323
17275.0,-0.10985853294402417
17280.0,-0.10278392758370014
17285.0,-0.08592546536961526
17290.0,-0.07793162123446958
17295.0,-0.07789511630367987
17300.0,-0.03684006972451555
17305.0,-0.07753787603904522
17310.0,-0.05539080025977271
17315.0,-0.015498051562637869
17320.0,-0.04228041234048513
17325.0,-0.028508612220759757
17330.0,-0.036653802639174365
17335.0,-0.005235082008751685
17340.0,0.026954538218502373
17345.0,0.0028568231183030424
17350.0,-0.0020238898978258823
17355.0,0.019741575092007316
17360.0,0.0009524309503499626
17365.0,0.02397480144320619
17370.0,0.09516644924126984
17375.0,0.028338641009389605
17380.0,0.035087103498470704
17385.0,0.06632201845047624
17390.0,0.05837121360130852
17395.0,0.08228460520667814
17400.0,0.1335179915967969
17405.0,0.12201803629552942
17410.0,0.08897458372887324
17415.0,0.137037476503165
17420.0,0.14200767300558897
17425.0,0.15280641732427314
17430.0,0.12525454662331417
17435.0,0.14725603161725287
17440.0,0.13877571598887664
17445.0,0.16183863972714008
17450.0,0.16288263151559976
17455.0,0.188516791295436
17460.0,0.17950737346475457
17465.0,0.16717139443673584
17470.0,0.1297446392617482
17475.0,0.18815896714519234
17480.0,0.19603902336632184
17485.0,0.20603165059510292
17490.0,0.19234397608911166
17495.0,0.19681675812235516
17500.0,0.1942391380272305
17505.0,0.19243686436475285
17510.0,0.1643981681096517
17515.0,0.18610378568727276
17520.0,0.19308633083606566
17525.0,0.16717609749321358
17530.0,0.19701845606873286
17535.0,0.17956064582073278
17540.0,0.21211776843424482
17545.0,0.2041909188870711
17550.0,0.1639184577188324
17555.0,0.1537625719557177
17560.0,0.20626997829722538
17565.0,0.2141702419721993
17570.0,0.20538079863681175
17575.0,0.15006101367469626
17580.0,0.20031943018731205
17585.0,0.17521741956477652
17590.0,0.1966917529825391
17595.0,0.1752915768854188
17600.0,0.15924874524941224
17605.0,0.1603461402744066
17610.0,0.17294569081549668
17615.0,0.16137094924812279
17620.0,0.1169919220992471
17625.0,0.13649869075971444
17630.0,0.1467197261400253
17635.0,0.13379297058024778
17640.0,0.32012026459616405
17645.0,0.8762578323951787
17650.0,1.8427814437380412
17655.0,2.5551663836077485
17660.0,2.2073708290946734
17665.0,1.177920827610536
17670.0,0.4264580033771567
17675.0,0.11956353918112912
17680.0,0.04785194900593569
17685.0,0.03657998125148762
17690.0,0.04547040348448887
17695.0,0.04072345389568949
17700.0,0.045716400835363734
17705.0,0.037880373100949126
17710.0,0.02753259387341482
17715.0,0.019934718979344908
17720.0,0.027343820506769367
17725.0,0.016119840168216513
17730.0,-0.020542316453477504
17735.0,-0.055772983201132206
17740.0,-0.04309450612563796
17745.0,-0.040139819498299784
17750.0,-0.04944964803395604
17755.0,-0.07222580656454987
17760.0,-0.04762177544267615
17765.0,-0.10631729977037167
17770.0,-0.08212458847529605
17775.0,-0.09317119526353003
17780.0,-0.0711119156083956
17785.0,-0.09516995818545462
17790.0,-0.12483714230973726
17795.0,-0.14789782323182388
17800.0,-0.14156667070692017
17805.0,-0.11518668997107524
17810.0,-0.14459838561867344
17815.0,-0.13281642045704786
17820.0,-0.1402735324946154
17825.0,-0.15664105131108422
17830.0,-0.1363832346098805
17835.0,-0.17723944391295046
17840.0,-0.16438836959297612
17845.0,-0.15437403772794966
17850.0,-0.17439608321346325
17855.0,-0.17684405274348353
17860.0,-0.19766567738242308
17865.0,-0.20704800098817278
17870.0,-0.18698868382217473
17875.0,-0.1887531599720123
17880.0,-0.20764620563077968
17885.0,-0.20523756327996384
17890.0,-0.20140968493205005
17895.0,-0.19127509428046288
17900.0,-0.17123118270609694
17905.0,-0.1926988079334158
17910.0,-0.19973961942776644
17915.0,-0.15836824852507217
17920.0,-0.23258038153481536
17925.0,-0.18829267338028774
17930.0,-0.20217132776478527
17935.0,-0.18769531402946096
17940.0,-0.15489111232521832
17945.0,-0.21129777736668603
17950.0,-0.20572292779871443
17955.0,-0.18025353494805135
17960.0,-0.15216130850415296
17965.0,-0.17992130047604837
17970.0,-0.16884706564688112
17975.0,-0.16469311718494406
17980.0,-0.18261824218517442
17985.0,-0.15359983744421585
17990.0,-0.16127991576175835
17995.0,-0.14943673038241725
18000.0,-0.13787144318679478
18005.0,-0.16800245236889755
18010.0,-0.13263099236554718
18015.0,-0.13044374811423406
18020.0,-0.1221953524175598
18025.0,-0.12150944574485631
18030.0,-0.09338453029422694
18035.0,-0.0565329056448069
18040.0,-0.09086784280360483
18045.0,-0.05288640239584409
18050.0,-0.0779534136965347
18055.0,-0.06150260556340493
18060.0,-0.03766450634382228
18065.0,-0.056546584706639307
18070.0,-0.04457205158089651
18075.0,-0.05578217288378977
18080.0,0.0075060512091713605
18085.0,-0.0479195350357562
18090.0,-0.004078587810553317
18095.0,-0.004450461476150828
18100.0,0.01077324428197991
18105.0,-0.003439803571726893
18110.0,0.02651541080019471
18115.0,0.04293376062599949
18120.0,0.027206403786893818
18125.0,0.03348760869802016
18130.0,0.07135286878034207
18135.0,0.07605901741878895
18140.0,0.08109531702445393
18145.0,0.09987307626750007
18150.0,0.09033611549023372
18155.0,0.08737927779780502
18160.0,0.09362549500549436
18165.0,0.12572115721309043
18170.0,0.09646787612870655
18175.0,0.12073530590875384
18180.0,0.1006524465450083
18185.0,0.12808936779236033
18190.0,0.16821024742998972
18195.0,0.15769518080348757
18200.0,0.14731884953338842
18205.0,0.1344004641464594
18210.0,0.14018860270921144
18215.0,0.1464926612269332
18220.0,0.17404292524377746
18225.0,0.15929455917778218
18230.0,0.1931385724237218
18235.0,0.16067076705871478
18240.0,0.22879880975154349
18245.0,0.19397191967137672
18250.0,0.20571142471599496
18255.0,0.2034499557001192
18260.0,0.18395519084008333
18265.0,0.1836671209177072
18270.0,0.1813382723688841
18275.0,0.1897752082815975
18280.0,0.24365561726412724
18285.0,0.20284282448872565
18290.0,0.212192260602021
18295.0,0.18183924113666544
18300.0,0.1906709351876434
18305.0,0.1885250033309366
18310.0,0.15439081828575305
18315.0,0.139937690535001
18320.0,0.1783743196344882
18325.0,0.17092717466288576
18330.0,0.1554989560663945
18335.0,0.20447142487174125
18340.0,0.20618699191131223
18345.0,0.1451845553734623
18350.0,0.19389258740422344
18355.0,0.17149656426594437
18360.0,0.1386253111935534
18365.0,0.1243996467765258
18370.0,0.1473696202860704
18375.0,0.11953970481503687
18380.0,0.14299764429438358
18385.0,0.15247524944561822
18390.0,0.13547846971488967
18395.0,0.17580702954786218
18400.0,0.13025524628078058
18405.0,0.12789353892103056
18410.0,0.11417416878053363
18415.0,0.09958607447312952
18420.0,0.08783520426001531
18425.0,0.08519126097289603
18430.0,0.051636159198322595
18435.0,0.09977938389725283
18440.0,0.0380792742871378
18445.0,0.08003365292858415
18450.0,0.044859841798656354
18455.0,0.04973195940240696
18460.0,-0.0009724223829984981
18465.0,-0.007192443415535717
18470.0,0.03614564144526773
18475.0,0.005455153164210415
18480.0,-0.02914212081296404
18485.0,-0.04195533459130517
18490.0,-0.04482722019911275
18495.0,-0.049911580246390114
18500.0,-0.025159956994377043
18505.0,-0.016934327365707137
18510.0,-0.046327922927546526
18515.0,-0.048468977467474306
18520.0,-0.06218723444364864
18525.0,-0.09928011289268156
18530.0,-0.0871389592242554
18535.0,-0.0874245045624327
18540.0,-0.08653818959131257
18545.0,-0.1216433340688575
18550.0,-0.10620319027910391
18555.0,-0.08958780344561851
18560.0,-0.08819966168797455
18565.0,-0.11885640110425441
18570.0,-0.16965595286191873
18575.0,-0.15698106927960007
18580.0,-0.13980708334111114
18585.0,-0.17551225457210995
18590.0,-0.1733133119398347
18595.0,-0.15376219222685353
18600.0,-0.2046468285527546
18605.0,0.11650785255115056
18610.0,0.7404237185300734
18615.0,1.7595053912045167
18620.0,2.3071738110627624
18625.0,1.743027814509176
18630.0,0.7601198328982862
18635.0,0.085462354084935
18640.0,-0.198497449831269
18645.0,-0.1752259600196635
18650.0,-0.1900004851756055
18655.0,-0.2031390182782769
18660.0,-0.21153694186390667
18665.0,-0.1757069318750635
18670.0,-0.21175241156858243
18675.0,-0.20747022930855252
18680.0,-0.22062220914016445
18685.0,-0.1987753504769107
18690.0,-0.22850014383254375
18695.0,-0.2089147591061753
18700.0,-0.1837221078179827
18705.0,-0.17392118821066901
18710.0,-0.1349624371136518
18715.0,-0.18384176218149748
18720.0,-0.18777856165277457
18725.0,-0.18514142116137902
18730.0,-0.14857057541409535
18735.0,-0.16147189088653494
18740.0,-0.17597330708715905
18745.0,-0.1447108428852068
18750.0,-0.14664080774775898
18755.0,-0.13979146247701285
18760.0,-0.1422727037190365
18765.0,-0.10434982516569319
18770.0,-0.12434643358301163
18775.0,-0.10494158282678653
18780.0,-0.11068693791289519
18785.0,-0.06724958655187385
18790.0,-0.10368822901237947
18795.0,-0.07285553209303676
18800.0,-0.11301378412996695
18805.0,-0.042548590927381974
18810.0,-0.09101388762628572
18815.0,-0.07222450597312788
18820.0,-0.0526747620353173
18825.0,-0.028193448207345595
18830.0,-0.0434977169819071
18835.0,-0.006538655763923408
18840.0,-0.005028191578838865
18845.0,0.011560127053934253
18850.0,-0.025876676758281297
18855.0,-0.002985008704827586
18860.0,0.002455304607135344
18865.0,0.02879547800717122
18870.0,0.03425994498779912
18875.0,0.05092460829040146
18880.0,0.05823639937302853
18885.0,0.08135370107531963
18890.0,0.055556032166582926
18895.0,0.05241420339136768
18900.0,0.0913930596718364
18905.0,0.10174202585801849
18910.0,0.10582381192303578
18915.0,0.09341750001461853
18920.0,0.05690675390348581
18925.0,0.14247791128079834
18930.0,0.13048715386972462
18935.0,0.1737381275377376
18940.0,0.1281654815668931
18945.0,0.13522313962490576
18950.0,0.09979897172316272
18955.0,0.13165076551367488
18960.0,0.15225050678052282
18965.0,0.1619792432814465
18970.0,0.2043092367249841
18975.0,0.21478330071919444
18980.0,0.16317537166890594
18985.0,0.19576395695169344
18990.0,0.20919722841106256
18995.0,0.19997867798422525
19000.0,0.2096055338989329
19005.0,0.24377563573460703
19010.0,0.2026568652945146
19015.0,0.20560939895432967
19020.0,0.1959769195184678
19025.0,0.20472383132880106
19030.0,0.20295007955265162
19035.0,0.19470332832911366
19040.0,0.19752195912803464
19045.0,0.18943556386778246
19050.0,0.18982861566504583
19055.0,0.1779777975552026
19060.0,0.20306311148290007
19065.0,0.19835917337637238
19070.0,0.15775753403606818
19075.0,0.21313769833065835
19080.0,0.21428838871505884
19085.0,0.20296196895283916
19090.0,0.19331646909031788
19095.0,0.18743599193261057
19100.0,0.18096700491428358
19105.0,0.1595417900799916
19110.0,0.16091577512218888
19115.0,0.14334514026564546
19120.0,0.143276902072466
19125.0,0.11966129042953245
19130.0,0.14684086540329908
19135.0,0.14370132628827004
19140.0,0.1710218955153531
19145.0,0.13600461911077083
19150.0,0.13030807582493176
19155.0,0.09961528585444793
19160.0,0.10518847282798811
19165.0,0.07725937734387987
19170.0,0.09913005945803377
19175.0,0.14881601419375212
19180.0,0.07103828449028941
19185.0,0.023548837325896986
19190.0,0.09134567805120168
19195.0,0.07450276247709445
19200.0,0.026264252129156573
19205.0,0.04377656804156383
19210.0,0.016648286629117555
19215.0,0.035466371655453216
19220.0,-0.007972813092947168
19225.0,0.0070235909148333425
19230.0,0.020837293154368667
19235.0,-0.006749853384803613
19240.0,-0.0014468430378943124
19245.0,-0.01551536160580047
19250.0,-0.040416639494489884
19255.0,-0.04371539448754241
19260.0,-0.05793005246549984
19265.0,-0.050184478980965376
19270.0,-0.06226826848380214
19275.0,-0.05065665538417795
19280.0,-0.0777274322426159
19285.0,-0.08922742741663707
19290.0,-0.10641783259319737
19295.0,-0.10657360151803189
19300.0,-0.10683577436742343
19305.0,-0.0936818362927728
19310.0,-0.10930729441617616
19315.0,-0.09419123128313846
19320.0,-0.1482415561533883
19325.0,-0.1527444741783716
19330.0,-0.16314313719034124
19335.0,-0.14057983398819657
19340.0,-0.16937757146593652
19345.0,-0.14192654595655937
19350.0,-0.16000392463498664
19355.0,-0.21590225374874505
19360.0,-0.13536876838351924
19365.0,-0.18162763363720066
19370.0,-0.1945825415749268
19375.0,-0.17331896369982647
19380.0,-0.20755137301289067
19385.0,-0.19404303937354236
19390.0,-0.2075311925445847
19395.0,-0.2200141526402544
19400.0,-0.22460804917309737
19405.0,-0.18627212125265188
19410.0,-0.19935334062263807
19415.0,-0.19923343455584125
19420.0,-0.2058336538010396
19425.0,-0.2174007645931006
19430.0,-0.19412035330060823
19435.0,-0.19933536394096465
19440.0,-0.1669437652662683
19445.0,-0.20471131226048495
19450.0,-0.18585137904935073
19455.0,-0.20621003810789956
19460.0,-0.18756964344009588
19465.0,-0.19881385484998684
19470.0,-0.12539081243916056
19475.0,-0.1502222237938878
19480.0,-0.16870659191950052
19485.0,-0.14274182258880963
19490.0,-0.12766258451776155
19495.0,-0.1382860541843477
19500.0,-0.19233581015992135
19505.0,-0.12409309489227065
19510.0,-0.13869613928828126
19515.0,-0.13844854233007675
19520.0,-0.11005255774460959
19525.0,-0.1178034369985067
19530.0,-0.14696085912504536
19535.0,-0.12588916023358424
19540.0,-0.10679440351047798
19545.0,-0.07849883975446803
19550.0,-0.07797904260842993
19555.0,-0.12383112469882854
19560.0,-0.07855814534564648
19565.0,-0.09461177569105882
19570.0,-0.09655662473208268
19575.0,-0.07661779323493925
19580.0,-0.06334601114332485
19585.0,-0.044833333975385775
19590.0,-0.026231315429008317
19595.0,0.017682969545803062
19600.0,0.006307700851146545
19605.0,0.01753664628588761
19610.0,0.013929870892410216
19615.0,0.04558030445562453
19620.0,0.0885251149643764
19625.0,0.055782043964272235
19630.0,0.03588038154072475
19635.0,0.03631161959073803
19640.0,0.05685849887939221
19645.0,0.08754019052365468
19650.0,0.06476659457187045
19655.0,0.05854229667784875
19660.0,0.10050678681449812
19665.0,0.14534710176341195
19670.0,0.10481515000487765
19675.0,0.12398362314359819
19680.0,0.12788841648111574
19685.0,0.12285679500312296
19690.0,0.14196509160252974
19695.0,0.1696495884183557
19700.0,0.13441898059352506
19705.0,0.16624039361639664
19710.0,0.17467999344355128
19715.0,0.18091860768441786
19720.0,0.16844797018709545
19725.0,0.11910742001947623
19730.0,0.19070847599297241
19735.0,0.1895417605986126
19740.0,0.18392892390056415
19745.0,0.1757748574241072
19750.0,0.1729447830741257
19755.0,0.20255368469904522
19760.0,0.21291799471333323
19765.0,0.18426725134380947
19770.0,0.18705284158400992
19775.0,0.19881148845460075
19780.0,0.18682547062137292
19785.0,0.2005297905722036
19790.0,0.2225993086004921
19795.0,0.20398404753867475
19800.0,0.19667132601706866
19805.0,0.21281393518839573
19810.0,0.15945859595502637
19815.0,0.17193152499159237
19820.0,0.20613669199858004
19825.0,0.20950319296891828
19830.0,0.1722061934644657
19835.0,0.2257617507808764
19840.0,0.22129855801813444
19845.0,0.1842180434246086
19850.0,0.2029550244012885
19855.0,0.19225161300821472
19860.0,0.14556067325703476
19865.0,0.17624905346174824
19870.0,0.15498087645639347
19875.0,0.15294701517230516
19880.0,0.14751563380539742
19885.0,0.1043479600821283
19890.0,0.13878675642725327
19895.0,0.17063481381183693
19900.0,0.11867337541057162
19905.0,0.1383546226562294
19910.0,0.07721815489417805
19915.0,0.12283357602773853
19920.0,0.08113082780859507
19925.0,0.0999198467592895
19930.0,0.10065856715716814
19935.0,0.0435762105964731
19940.0,0.060156351940649506
19945.0,0.07565225638216108
19950.0,0.05815835180176865
19955.0,0.0002713546014182222
19960.0,0.03681974906186821
19965.0,-0.0031893242013950537
19970.0,0.016318403901257536
19975.0,-0.025179302492684807
19980.0,-0.04584394925720596
19985.0,-0.005209743747912849
19990.0,-0.03906655399180839
19995.0,-0.008005922773124983
20000.0,-0.02265151648669604
20005.0,-0.04067799611070424
20010.0,-0.029879514202446104
20015.0,-0.06297389721484475
20020.0,-0.05180315872039175
20025.0,-0.07401831575181234
20030.0,-0.1329271591843976
20035.0,-0.08809508694099753
20040.0,-0.12635792295098666
20045.0,-0.11326770709829172
20050.0,-0.09190953167965844
20055.0,-0.13890216743787231
20060.0,-0.10788174577061027
20065.0,-0.11279192426086634
20070.0,-0.09695769280998026
20075.0,-0.1275758938416236
20080.0,-0.17386570123697695
20085.0,-0.1564626928887091
20090.0,-0.1887378180986593
20095.0,-0.16431644097680848
20100.0,-0.17409779752951085
20105.0,-0.14666205739909785
20110.0,-0.18086101879438948
20115.0,-0.19908116128029693
20120.0,-0.20169420772122373
20125.0,-0.19507776408165062
20130.0,-0.21715340204863712
20135.0,-0.19839592733977363
20140.0,-0.19979123735000193
20145.0,-0.20653356686782054
20150.0,-0.22098142566129522
20155.0,-0.2052393125641539
20160.0,-0.19950808956928381
20165.0,-0.1844431108847424
20170.0,-0.20476786729704738
20175.0,-0.18347882672098018
20180.0,-0.2331330581832247
20185.0,-0.18104220945863855
20190.0,-0.24037056531731216
20195.0,-0.2189867774802783
20200.0,-0.19327941985282002
20205.0,-0.19649678783085608
20210.0,-0.17222163498384838
20215.0,-0.1730303201604037
20220.0,-0.17092034942948817
20225.0,-0.18127725257232205
20230.0,-0.1892957819888312
20235.0,-0.1571835023691432
20240.0,-0.16741939199041606
20245.0,-0.15733815598483636
20250.0,-0.1523763391106993
20255.0,-0.15012126964052505
20260.0,-0.1367477797677603
20265.0,-0.1320789058462682
20270.0,-0.14079178805587703
20275.0,-0.15293846475237186
20280.0,-0.11505478985022857
20285.0,-0.12342672722238525
20290.0,-0.1146078624323078
20295.0,-0.09483164223849355
20300.0,-0.10861505549505483
20305.0,-0.0894207742754546
20310.0,-0.0789551633450911
20315.0,-0.05208903635796097
20320.0,-0.018083336193459858
20325.0,-0.054867305886599556
20330.0,-0.039242860904431784
20335.0,-0.043560753972769616
20340.0,-0.003673351346199276
20345.0,-0.01536570842034698
20350.0,0.00842659108902174
20355.0,0.027036522082673573
20360.0,0.04864079743961731
20365.0,0.012105085669872513
20370.0,-0.0017024245801919025
20375.0,0.029882133542861185
20380.0,0.0043890235281895465
20385.0,0.11152209766560658
20390.0,0.055275310672613646
20395.0,0.054655499725189655
20400.0,0.09948347414244396
20405.0,0.07064217946878254
20410.0,0.11046816656810426
20415.0,0.0666032561490898
20420.0,0.06632751968033414
20425.0,0.11504842505132716
20430.0,0.08496084195748912
20435.0,0.09641273083328512
20440.0,0.14783307474509746
20445.0,0.12108341929397207
20450.0,0.1375117178913359
20455.0,0.13613951720590567
20460.0,0.17225762518737056
20465.0,0.15576683758549084
20470.0,0.15624892873325794
20475.0,0.15482581449987104
20480.0,0.17754252093068618
20485.0,0.18947777634059268
20490.0,0.15067775351432247
20495.0,0.2002578033415316
20500.0,0.18158186990281588
20505.0,0.194305206007878
20510.0,0.20516203329701582
20515.0,0.1834304695418921
20520.0,0.15608172421222305
20525.0,0.16390723918196715
20530.0,0.21792034319235234
20535.0,0.22474534721682546
20540.0,0.26064920172929645
20545.0,0.19529804710976909
20550.0,0.21599328768098153
20555.0,0.19590168000860517
20560.0,0.18034712648492046
20565.0,0.21342442701089814
20570.0,0.20275535693793814
20575.0,0.2034987577808152
20580.0,0.1949206155390192
20585.0,0.2038277531364971
20590.0,0.1855996133576959
20595.0,0.20271795027992912
