timestamp_ms,signal
0.0,2.4814987615338
5.0,2.0050368145573265
10.0,0.957138860200984
15.0,0.257524822645886
20.0,0.06678626661716618
25.0,-0.031136563384534244
30.0,0.07915502363937232
35.0,0.029418293889900828
40.0,0.09701159420675876
45.0,0.09520903841103956
50.0,0.04258047241663739
55.0,0.11490925148699838
60.0,0.11298149139654945
65.0,0.07080580375665194
70.0,0.21021934693805222
75.0,0.1571174513774139
80.0,0.06457069772522656
85.0,0.0807146901655239
90.0,0.15216933627603044
95.0,0.1579072847640101
100.0,0.1116925682221376
105.0,0.214302592463308
110.0,0.16356641645454187
115.0,0.12051274584540661
120.0,0.14956431145514754
125.0,0.1637096761812302
130.0,0.0990392700801763
135.0,0.13884291146078936
140.0,0.09339339582431563
145.0,0.17232745868077634
150.0,0.22042890065617776
155.0,0.12796658567499047
160.0,0.21049189327144846
165.0,0.13704526270420658
170.0,0.18944781885148954
175.0,0.17292823897756204
180.0,0.13888983748783823
185.0,0.17246022735084432
190.0,0.13871082001821655
195.0,0.21438180420411868
200.0,0.2013903678172242
205.0,0.2581095079941648
210.0,0.12363452489749815
215.0,0.24978022637258637
220.0,0.18920906371654048
225.0,0.2110852426905617
230.0,0.1787328105769538
235.0,0.26251692220548106
240.0,0.25116037507749533
245.0,0.23166010481416943
250.0,0.18727347651383203
255.0,0.05317319567529742
260.0,0.19334847741171624
265.0,0.15907488343336568
270.0,0.14891615992203583
275.0,0.17197429455273663
280.0,0.20429015533017714
285.0,0.1521005203156277
290.0,0.10929471499492532
295.0,0.08737776696122876
300.0,0.13819797313835872
305.0,0.16784475709275198
310.0,0.13334097972477713
315.0,0.12167598006842967
320.0,0.06890479177300271
325.0,0.022171282580530464
330.0,0.12363454282650801
335.0,0.09888386810886211
340.0,-0.030700754961746846
345.0,0.01682988055919908
350.0,0.09467534275904435
355.0,0.08983688670463336
360.0,-0.0038198574866738014
365.0,0.1326251404733273
370.0,0.08173170946032857
375.0,0.051083944629356205
380.0,-0.011398204172283974
385.0,-0.0829002316782466
390.0,0.018886393305596414
395.0,0.0590231373013414
400.0,0.00758453733205508
405.0,-0.10015269399956894
410.0,0.002611984025478256
415.0,-0.09554035515575984
420.0,-0.1800595409718937
425.0,-0.061888198373583836
430.0,-0.2210166098657387
435.0,-0.08730695388612646
440.0,-0.04965526432518973
445.0,-0.055455418800702004
450.0,0.021732230991362095
455.0,-0.08756093421859118
460.0,-0.17674194606103888
465.0,-0.10310559616337259
470.0,-0.10599438496815225
475.0,-0.17491281995295488
480.0,-0.23885770684250385
485.0,-0.17535957310231112
490.0,-0.19643546322059918
495.0,-0.1863086561674981
500.0,-0.18034471430509463
505.0,-0.13742984382348536
510.0,-0.14921715262290766
515.0,-0.11126151676633327
520.0,-0.21206073703738035
525.0,-0.14347020778837688
530.0,-0.2785326526852423
535.0,-0.1922982198307157
540.0,-0.2747531690247287
545.0,-0.24131665826462317
550.0,-0.14615157302072126
555.0,-0.24680385620631118
560.0,-0.12779935226560946
565.0,-0.11416030429704845
570.0,-0.17300692958062625
575.0,-0.21434146402930265
580.0,-0.24765890713830538
585.0,-0.2392107457231643
590.0,-0.1993668680591919
595.0,-0.24356490178070883
600.0,-0.19634464612028824
605.0,-0.2282014743174466
610.0,-0.15566626923064394
615.0,-0.27486343232221877
620.0,-0.15558012857497766
625.0,-0.12813891171956987
630.0,-0.22196201800970672
635.0,-0.09383808137772963
640.0,-0.08605294980889619
645.0,-0.12319312461652865
650.0,-0.22702735531273227
655.0,-0.13337474222421888
660.0,-0.2216107314779803
665.0,-0.15786544117295984
670.0,-0.19180810905500936
675.0,-0.11450580893946258
680.0,-0.15294824843764107
685.0,-0.09187743140452377
690.0,-0.055618351347891934
695.0,-0.12964650334504113
700.0,-0.059942746939521355
705.0,-0.09992215493103579
710.0,-0.08276801778649315
715.0,-0.07906716475092002
720.0,-0.09340853340606822
725.0,-0.07632207899680735
730.0,0.005766762452720002
735.0,0.020559462840201992
740.0,-0.02512689371098614
745.0,0.026674199819054865
750.0,0.042792746804807
755.0,0.03418104768599614
760.0,-0.09537586012617025
765.0,0.014148159135761016
770.0,0.08968343053820224
775.0,0.05017112833460058
780.0,0.03792293926996479
785.0,0.03334352515878618
790.0,0.07299360838021025
795.0,0.048561301460357725
800.0,0.11698507227594651
805.0,0.07773321768408725
810.0,0.08956592864761587
815.0,0.12133606643472339
820.0,0.1655183053583983
825.0,0.1038474199093126
830.0,0.14070289801519886
835.0,0.11107000037394761
840.0,0.07115242678541989
845.0,0.13734799820861016
850.0,0.1704951842978472
855.0,0.16692220466963298
860.0,0.15002759688103792
865.0,0.14676158656419722
870.0,0.10318004325772215
875.0,0.16261675431083736
880.0,0.2525098221030704
885.0,0.4294167104351099
890.0,1.098868194158823
895.0,2.200801708086209
900.0,2.693342885723276
905.0,2.149831968320928
910.0,1.0548192519249735
915.0,0.49900278302490253
920.0,0.2652821128493214
925.0,0.19484724441938003
930.0,0.251248952338733
935.0,0.24814258697577915
940.0,0.06335292363744341
945.0,0.26703351447593815
950.0,0.12947991922790403
955.0,0.22033764168863473
960.0,0.22043102142819393
965.0,0.18462892891548627
970.0,0.17671272178180367
975.0,0.17358798248913254
980.0,0.16667332100191676
985.0,0.16485797761349097
990.0,0.14823262834112005
995.0,0.17626965308092027
1000.0,0.18241986215866315
1005.0,0.16320034436746506
1010.0,0.1842891807548535
1015.0,0.12321999901887545
1020.0,0.16865597025115475
1025.0,0.19470206666699855
1030.0,0.22720351014569062
1035.0,0.07996218045626514
1040.0,0.17497884745970185
1045.0,0.14442808881865415
1050.0,0.026981231735014086
1055.0,0.08682802255409355
1060.0,0.06160379354583745
1065.0,0.13015831634794478
1070.0,0.17078552183595408
1075.0,0.15255421746277226
1080.0,0.09445686769821701
1085.0,0.14340960790834495
1090.0,0.08623597394023144
1095.0,0.07005633410143576
1100.0,-0.02472282182707731
1105.0,0.006765807950433564
1110.0,0.01628788339732398
1115.0,-0.011974165015925468
1120.0,-0.031064893920837867
1125.0,-0.013867622698199378
1130.0,0.05122757750152916
1135.0,0.015815756026095352
1140.0,-0.0018056640807001794
1145.0,-0.04130009474182257
1150.0,-0.05421908292991934
1155.0,-0.04136684850723751
1160.0,-0.08503005217938513
1165.0,-0.04766014865868057
1170.0,-0.07121061664207937
1175.0,-0.08701732486472735
1180.0,-0.07169046036574098
1185.0,-0.08875973658907166
1190.0,-0.0813890046850189
1195.0,-0.14917807164264094
1200.0,-0.15912970929900305
1205.0,-0.1578264179778015
1210.0,-0.17203528748064434
1215.0,-0.06793101610800395
1220.0,-0.17943366666159086
1225.0,-0.1251964869139449
1230.0,-0.11442053594990798
1235.0,-0.08392997808004929
1240.0,-0.16997468986642758
1245.0,-0.19230849698257635
1250.0,-0.16071774509033035
1255.0,-0.08561708552742528
1260.0,-0.19135028208112134
1265.0,-0.136627588458533
1270.0,-0.13772362052532286
1275.0,-0.2454071981785151
1280.0,-0.13497895953329647
1285.0,-0.15730851032012025
1290.0,-0.27281698505472857
1295.0,-0.14998202624424029
1300.0,-0.13711289654046777
1305.0,-0.1959162247048923
1310.0,-0.18649106770330545
1315.0,-0.16557206308229322
1320.0,-0.18439013978962748
1325.0,-0.24322887324159315
1330.0,-0.2584433221336153
1335.0,-0.23605503484328788
1340.0,-0.2338872659698602
1345.0,-0.16583184014369798
1350.0,-0.25729481854374925
1355.0,-0.2342478460050915
1360.0,-0.23293540978582214
1365.0,-0.12546049570130435
1370.0,-0.10009406338539022
1375.0,-0.15787899028374694
1380.0,-0.13634936644798887
1385.0,-0.13937074230053975
1390.0,-0.2138079165692397
1395.0,-0.19543514166105366
1400.0,-0.13437052730196034
1405.0,-0.14632041696908363
1410.0,-0.2506364261593352
1415.0,-0.18874243290445442
1420.0,-0.13778608249488158
1425.0,-0.20059728934177465
1430.0,-0.09326880583108146
1435.0,-0.08461260985576717
1440.0,-0.04607115617819014
1445.0,-0.1578143866925737
1450.0,-0.10666026940046149
1455.0,-0.047013973971888855
1460.0,-0.12389779929417913
1465.0,-0.07039494269079459
1470.0,-0.09872127332715114
1475.0,-0.05814212844467103
1480.0,-0.11060712198180717
1485.0,-0.04008420790860216
1490.0,0.04392882621724933
1495.0,0.03278485213646898
1500.0,-0.04709046827101031
1505.0,-0.014336771992583083
1510.0,-0.052582241955738566
1515.0,0.0583218813174216
1520.0,0.029348193390382186
1525.0,0.07884789849372875
1530.0,0.03357562566838897
1535.0,0.009005520683350157
1540.0,0.08707838448383029
1545.0,-0.0040213338509022395
1550.0,0.055676803351570436
1555.0,0.1289007208188147
1560.0,0.04890649398102767
1565.0,-0.04939892126750087
1570.0,0.043383158994228496
1575.0,0.1940964340343212
1580.0,0.09113752123375299
1585.0,0.05535978750102939
1590.0,0.09719225578312038
1595.0,0.19706243804295343
1600.0,0.11109974405806093
1605.0,0.08506108228450887
1610.0,0.23556614891738692
1615.0,0.15597658483755883
1620.0,0.19607381850529382
1625.0,0.08619278793585954
1630.0,0.2373522254787722
1635.0,0.18053861980724267
1640.0,0.25400822006368934
1645.0,0.23865421498785752
1650.0,0.1831576916655649
1655.0,0.1947736353402517
1660.0,0.1907696994180281
1665.0,0.3372435770998474
1670.0,0.23806170831132514
1675.0,0.2650465328529524
1680.0,0.2362280876727001
1685.0,0.10538100396391172
1690.0,0.13621958304252157
1695.0,0.27557340707852074
1700.0,0.2105164102595153
1705.0,0.16821325655281005
1710.0,0.22807496163675414
1715.0,0.20829299802570458
1720.0,0.3084337000108582
1725.0,0.16533246268771837
1730.0,0.16247925205540534
1735.0,0.20548561227256984
1740.0,0.2429774952080207
1745.0,0.18904442371331304
1750.0,0.21732013844292355
1755.0,0.17272131165814336
1760.0,0.16905834242235335
1765.0,0.15975957513791414
1770.0,0.14489708184319608
1775.0,0.20457079174602943
1780.0,0.1323632370725374
1785.0,0.20211744562985637
1790.0,0.06352776664979755
1795.0,0.16066379919010298
1800.0,0.8380059196730267
1805.0,1.565169542186611
1810.0,2.5500266170964907
1815.0,2.422797656869494
1820.0,1.499072666323082
1825.0,0.6929663361836947
1830.0,0.20280802887402394
1835.0,0.12205433140528625
1840.0,0.05656082005393198
1845.0,0.09708775888367689
1850.0,-0.007967294922042692
1855.0,0.1220003513580766
1860.0,0.046059212483558876
1865.0,-0.014792289181685368
1870.0,0.018879657971992425
1875.0,0.012329794416828166
1880.0,0.07532602732922854
1885.0,-0.07442935043800633
1890.0,-0.05068488000917411
1895.0,0.019067650284594374
1900.0,-0.049572901316190666
1905.0,-0.03298274105455674
1910.0,-0.014299094181250829
1915.0,-0.0937969350839527
1920.0,-0.039126284487276605
1925.0,-0.14535887271367082
1930.0,-0.1435030094576668
1935.0,-0.07358056717374269
1940.0,-0.13071782862554235
1945.0,-0.1400838758564252
1950.0,-0.15040150821336382
1955.0,-0.10737305460524059
1960.0,-0.1306084583703257
1965.0,-0.12262406862429262
1970.0,-0.10024880251408869
1975.0,-0.04250514901314295
1980.0,-0.15847971775275216
1985.0,-0.08590608399890481
1990.0,-0.1680818811184024
1995.0,-0.2086545065047734
2000.0,-0.14472038258364905
2005.0,-0.18395536976505436
2010.0,-0.08909518710054481
2015.0,-0.22313657767240297
2020.0,-0.16195480917823618
2025.0,-0.1440022760575967
2030.0,-0.15854815810711287
2035.0,-0.09336245308749591
2040.0,-0.241722183949537
2045.0,-0.18848608958715157
2050.0,-0.18556667031490887
2055.0,-0.12276703010452304
2060.0,-0.26866979028004295
2065.0,-0.27716444918652544
2070.0,-0.21488767900289374
2075.0,-0.17967947287786337
2080.0,-0.22445574275988703
2085.0,-0.22787049040539975
2090.0,-0.210903500369448
2095.0,-0.1742053421486316
2100.0,-0.1473335862143572
2105.0,-0.21434700161208114
2110.0,-0.2434131523748978
2115.0,-0.16079677732506906
2120.0,-0.22095964587618386
2125.0,-0.08825684972986196
2130.0,-0.18231975652164228
2135.0,-0.1445307927697584
2140.0,-0.21549505865917276
2145.0,-0.14206335204452358
2150.0,-0.18392877403651733
2155.0,-0.18218533901821507
2160.0,-0.13756784452199775
2165.0,-0.14672828290493858
2170.0,-0.09996223936784475
2175.0,-0.1332034125685581
2180.0,-0.08700316848915782
2185.0,-0.11401812911001148
2190.0,-0.1377696373406452
2195.0,-0.0529111873286283
2200.0,-0.10604120445494662
2205.0,-0.10939146436075142
2210.0,-0.11293744657800008
2215.0,-0.0459381529076275
2220.0,-0.12787783444387033
2225.0,-0.14453643921366927
2230.0,-0.07315368975703394
2235.0,-0.07529669198700402
2240.0,-0.06105308345265678
2245.0,-0.010191195387799005
2250.0,0.07091821634057223
2255.0,0.00088780905672875
2260.0,-0.024339660505285566
2265.0,-0.05734903524899217
2270.0,-0.02563365992904293
2275.0,-0.03902983463941196
2280.0,-0.048003218375068546
2285.0,0.01581905103563589
2290.0,0.08413170951960289
2295.0,0.05424785780674234
2300.0,0.06273683958066896
2305.0,0.04899752724813464
2310.0,0.07551273772236475
2315.0,0.0692954702283499
2320.0,0.028109247741271923
2325.0,0.12457983334504538
2330.0,0.08761959417860674
2335.0,0.10150589707849185
2340.0,0.046550423867862914
2345.0,0.19172303197996343
2350.0,0.19665868520248303
2355.0,0.088672860283775
2360.0,0.08314841474683712
2365.0,0.09828569405504092
2370.0,0.18599895827228174
2375.0,0.22116047068635605
2380.0,0.1348568605787373
2385.0,0.09938727492578896
2390.0,0.11749995861199114
2395.0,0.19666555731446875
2400.0,0.18198415472334856
2405.0,0.15685536167844255
2410.0,0.13795754401804344
2415.0,0.11994329468928032
2420.0,0.19594419435525917
2425.0,0.2112284442539142
2430.0,0.2344415342112279
2435.0,0.15725331927981673
2440.0,0.23240464825705676
2445.0,0.15769140397322082
2450.0,0.18711607631519678
2455.0,0.29652670090834576
2460.0,0.2708307873234771
2465.0,0.18047437549552503
2470.0,0.30304235688459025
2475.0,0.14916760516411157
2480.0,0.1712596045118412
2485.0,0.09727210073043359
2490.0,0.16599380296445687
2495.0,0.20823692459540166
2500.0,0.24590847885133094
2505.0,0.2553666878957094
2510.0,0.19282941872922138
2515.0,0.23760409214871048
2520.0,0.08494493789180518
2525.0,0.20429730312063774
2530.0,0.13696252093040967
2535.0,0.1558723176386672
2540.0,0.13160142021254526
2545.0,0.11935661362182967
2550.0,0.15875314803905502
2555.0,0.09979098798565317
2560.0,0.12823945245231372
2565.0,0.12324313277702009
2570.0,0.12109804896589868
2575.0,0.17313242071092488
2580.0,0.18307385634847245
2585.0,0.009057441806673047
2590.0,0.13062160604281328
2595.0,0.03383880570040101
2600.0,0.061283027543113766
2605.0,0.1132372168224717
2610.0,-0.04508192601010894
2615.0,0.0712248974229295
2620.0,0.017307546378585656
2625.0,0.007070976546579774
2630.0,0.013913144224377836
2635.0,-0.032049435731182706
2640.0,-0.06208704653296469
2645.0,-0.032878773669110795
2650.0,-0.06095352789135461
2655.0,0.015202116293863529
2660.0,-0.07667091198080206
2665.0,-0.011620155707391916
2670.0,-0.11973410524576122
2675.0,-0.03627143851229457
2680.0,0.02202172814122602
2685.0,-0.0012800780463196326
2690.0,-0.08508237725384452
2695.0,0.008537723141352607
2700.0,-0.25075767362923007
2705.0,-0.1248576685763256
2710.0,-0.20271967873613
2715.0,-0.19546340416383035
2720.0,0.020249061986823316
2725.0,0.627838816471785
2730.0,1.6541202728338198
2735.0,2.3366287854643293
2740.0,1.9525278945015392
2745.0,0.8907867982055847
2750.0,0.12763578421051114
2755.0,-0.14820099416965996
2760.0,-0.19194465224723367
2765.0,-0.04748243519212225
2770.0,-0.2599894346457047
2775.0,-0.10576415193315686
2780.0,-0.16780166125006893
2785.0,-0.18812068829889728
2790.0,-0.03505282079288388
2795.0,-0.1714870727677683
2800.0,-0.22954553241752704
2805.0,-0.1790902537521639
2810.0,-0.1445322473035584
2815.0,-0.15890925929652772
2820.0,-0.18124662613979456
2825.0,-0.2182817582937553
2830.0,-0.25294738036077846
2835.0,-0.18664594705165227
2840.0,-0.1612510061025005
2845.0,-0.22641759492734084
2850.0,-0.2582617238955335
2855.0,-0.2634860159236567
2860.0,-0.26948835989430436
2865.0,-0.20958099636626767
2870.0,-0.2571066364945084
2875.0,-0.135852772918325
2880.0,-0.27188866799975175
2885.0,-0.22476325284080378
2890.0,-0.12884624320808935
2895.0,-0.15279456906587385
2900.0,-0.1589225341399711
2905.0,-0.18225348363707766
2910.0,-0.16962152214681359
2915.0,-0.13496369502016642
2920.0,-0.10206354349658878
2925.0,-0.1343270727952212
2930.0,-0.12002661460222197
2935.0,-0.19213894030783873
2940.0,-0.08480894022887502
2945.0,-0.015690824509183382
2950.0,-0.13434726931066088
2955.0,-0.080293815409719
2960.0,-0.12560899312001975
2965.0,-0.05676361628560143
2970.0,-0.052156861352705294
2975.0,-0.15296680969576654
2980.0,-0.07460409753143125
2985.0,-0.06215143887477576
2990.0,-0.07298423845355415
2995.0,-0.012299130736297178
3000.0,-0.054364581388739244
3005.0,-0.08316289096188073
3010.0,0.08817027070260708
3015.0,0.012707529504093918
3020.0,0.08641158169006817
3025.0,0.03819979378510294
3030.0,0.03238926220366185
3035.0,0.08167681578541512
3040.0,0.0724749801112203
3045.0,0.030116164497290418
3050.0,0.06156892690766384
3055.0,0.04010428786398359
3060.0,0.11550141941208611
3065.0,0.026265995141017587
3070.0,0.08255503186093531
3075.0,0.11291055923959772
3080.0,0.10048897741513073
3085.0,0.12189751775285791
3090.0,0.04813510203912301
3095.0,0.020461393631245356
3100.0,0.2048116397793418
3105.0,0.10956231968831606
3110.0,0.12736133319376275
3115.0,0.1575544427934311
3120.0,0.18307929141510554
3125.0,0.19997088068977137
3130.0,0.20559311721026777
3135.0,0.14079731925023414
3140.0,0.16448015467611957
3145.0,0.15552560027540052
3150.0,0.08442119245236954
3155.0,0.17031757969909284
3160.0,0.1748778936537918
3165.0,0.12838794202504994
3170.0,0.09912190545198438
3175.0,0.18045205015678528
3180.0,0.16682709699346435
3185.0,0.17910656108576872
3190.0,0.26616999220573256
3195.0,0.18746177011104942
3200.0,0.18501979709049685
3205.0,0.12588421054928278
3210.0,0.18410729122047303
3215.0,0.24407356945010317
3220.0,0.22745743753661482
3225.0,0.15938483153617578
3230.0,0.2365481682971469
3235.0,0.2945595722611849
3240.0,0.12349380973427501
3245.0,0.17742664366434055
3250.0,0.09119597011831476
3255.0,0.26126419359839614
3260.0,0.09475128404121494
3265.0,0.18883140837851048
3270.0,0.18278525011403382
3275.0,0.2287037000369512
3280.0,0.1576144502231703
3285.0,0.13868422233538166
3290.0,0.0721616751026744
3295.0,0.09142291413086097
3300.0,0.13130833670162506
3305.0,0.18034762741091903
3310.0,0.03716524339349882
3315.0,0.16525098938312102
3320.0,0.08800976395362928
3325.0,0.025596256595768613
3330.0,0.11865349935678834
3335.0,0.11417695596436847
3340.0,0.1325354562512504
3345.0,0.11484100038175837
3350.0,0.038480305607714024
3355.0,0.0847513183769695
3360.0,0.05240336564691436
3365.0,0.05475717510888719
3370.0,0.01975212038256062
3375.0,-0.017929619325950625
3380.0,0.01398224697170003
3385.0,0.03438675245600288
3390.0,-0.05525679358040773
3395.0,-0.004627988057944594
3400.0,-0.05626644966123992
3405.0,-0.08527751382555823
3410.0,-0.04917868650210215
3415.0,-0.014456926360390511
3420.0,-0.0028507541277275547
3425.0,-0.09489050858536881
3430.0,-0.09319711422663737
3435.0,-0.11886014812072838
3440.0,-0.058186760877741106
3445.0,-0.08176837257269029
3450.0,-0.06974001772939448
3455.0,-0.030660022704040196
3460.0,-0.12107326356956472
3465.0,-0.13283995141479318
3470.0,-0.06957867168013074
3475.0,-0.1326025750691271
3480.0,-0.16088379045603068
3485.0,-0.09616761070746556
3490.0,-0.10045859345167389
3495.0,-0.22062678313388043
3500.0,-0.20799781369934114
3505.0,-0.15242221233654757
3510.0,-0.11229007378651445
3515.0,-0.13322673614700156
3520.0,-0.21623062880422206
3525.0,-0.17861364892557757
3530.0,-0.2341434246416598
3535.0,-0.11680714994458927
3540.0,-0.07192464672691745
3545.0,-0.232584179708568
3550.0,-0.20373467581661764
3555.0,-0.25011651590001116
3560.0,-0.16762294984001266
3565.0,-0.21559905481004948
3570.0,-0.18504966095576605
3575.0,-0.22714802604858653
3580.0,-0.18860405517412124
3585.0,-0.29369124714663386
3590.0,-0.1762334850998659
3595.0,-0.2900567765750868
3600.0,-0.1641735568681154
3605.0,-0.13658262743728136
3610.0,-0.17385285038232182
3615.0,-0.1537945218230709
3620.0,-0.10878584544440673
3625.0,-0.1807730264772219
3630.0,-0.2263147985312065
3635.0,-0.23042954137783964
3640.0,-0.14118296800661873
3645.0,-0.28175147254369104
3650.0,-0.10100832474785416
3655.0,0.21084015015373475
3660.0,1.0652876102583246
3665.0,2.0582637483842143
3670.0,2.2342547256542487
3675.0,1.5308152689881842
3680.0,0.5662242903120734
3685.0,-0.05520320202763882
3690.0,-0.11294148196627962
3695.0,-0.11412738453938631
3700.0,-0.2139156226641164
3705.0,-0.11567164504001091
3710.0,-0.07994677835274958
3715.0,-0.12219302513692382
3720.0,-0.082972841871468
3725.0,-0.03449808296966189
3730.0,-0.08229514577125431
3735.0,-0.07223269131221073
3740.0,-0.061821155925947294
3745.0,-0.08538170512906568
3750.0,-0.05764782903835963
3755.0,0.006075029025621386
3760.0,-0.019759367370661585
3765.0,-0.07315687600655471
3770.0,-0.012280699957344873
3775.0,0.010682939627261795
3780.0,0.025863487750190636
3785.0,0.03326789019327577
3790.0,0.01045750059221625
3795.0,1.0509541542698397e-05
3800.0,0.06286122958551833
3805.0,0.046407728948805654
3810.0,0.1020219778451445
3815.0,0.02895218435143628
3820.0,0.07335625993730836
3825.0,0.15131681643194067
3830.0,0.029000417623178246
3835.0,0.046485016515052206
3840.0,0.12741140887127095
3845.0,0.2198431456025412
3850.0,0.09956814477783879
3855.0,0.11132075686275958
3860.0,0.13739076140257572
3865.0,0.07043052757865623
3870.0,0.17823944054899737
3875.0,0.16512710935444835
3880.0,0.13806090224391165
3885.0,0.081975976211028
3890.0,0.23094541865625964
3895.0,0.19696092722537997
3900.0,0.20979920707937735
3905.0,0.218377641363817
3910.0,0.16742192940461606
3915.0,0.18791113606110751
3920.0,0.17454922076695034
3925.0,0.30035852797633034
3930.0,0.1536794902398136
3935.0,0.23049442827806518
3940.0,0.1395231539351853
3945.0,0.23398816927288354
3950.0,0.11433799959756555
3955.0,0.15700655293674998
3960.0,0.22258387926131332
3965.0,0.2054299191829549
3970.0,0.2105571928808297
3975.0,0.1678216715613874
3980.0,0.18191550648577573
3985.0,0.2113804318400045
3990.0,0.24045445203
3995.0,0.18639337180758303
4000.0,0.18676073390717574
4005.0,0.15225559726868104
4010.0,0.0981610872791571
4015.0,0.17003797595181494
4020.0,0.16587303871919398
4025.0,0.18756239086612436
4030.0,0.11595509262404256
4035.0,0.11904432384001154
4040.0,0.08665270545400093
4045.0,0.09005265204027399
4050.0,0.11638226525771675
4055.0,0.08202230906343021
4060.0,0.04764354670938335
4065.0,0.07266964547960283
4070.0,0.029225878185284646
4075.0,0.08346032096111194
4080.0,0.043844829918154936
4085.0,0.09165953851119082
4090.0,0.008713562946346717
4095.0,0.11837398021187304
4100.0,-0.041304583079718474
4105.0,0.17228874596046934
4110.0,0.1108493249257585
4115.0,0.062844130745217
4120.0,0.08350662319799793
4125.0,0.023518822026833162
4130.0,-0.043934121160803474
4135.0,0.08756075755883418
4140.0,0.06552960838400818
4145.0,0.09133528438204144
4150.0,0.006693380487930577
4155.0,-0.015687475480487413
4160.0,0.0039858821428640015
4165.0,-0.014796107702747516
4170.0,-0.017629961749435173
4175.0,-0.014126910134988117
4180.0,-0.00023709510911154585
4185.0,-0.06443871334176254
4190.0,-0.018072713334165505
4195.0,-0.1690371493544695
4200.0,-0.09553853398993645
4205.0,0.013430698871859811
4210.0,-0.08650020485063196
4215.0,-0.1613168814660122
4220.0,-0.11032176453764338
4225.0,-0.2176574884410421
4230.0,-0.16992224113011728
4235.0,-0.011014212985174743
4240.0,-0.09779106801301998
4245.0,-0.13833424488254478
4250.0,-0.18578378293236836
4255.0,-0.13278516647638489
4260.0,-0.11303315495309263
4265.0,-0.17153544694740733
4270.0,-0.13339596872061818
4275.0,-0.19584697364567794
4280.0,-0.11758773035499734
4285.0,-0.2194157573165828
4290.0,-0.24221968989379566
4295.0,-0.26406053412488234
4300.0,-0.20774006335391146
4305.0,-0.1641969127731171
4310.0,-0.14330216411551291
4315.0,-0.1915543301966774
4320.0,-0.22059735515694726
4325.0,-0.21085890666721813
4330.0,-0.2249465378204212
4335.0,-0.19467794532630223
4340.0,-0.20184653639664865
4345.0,-0.11629663368615688
4350.0,-0.09250501705307106
4355.0,-0.2557122234286096
4360.0,-0.14801786950918702
4365.0,-0.15370504641549904
4370.0,-0.2423818140621219
4375.0,-0.17797066817811097
4380.0,-0.24863687366538867
4385.0,-0.25525948135741766
4390.0,-0.20676666035042157
4395.0,-0.19766336705399545
4400.0,-0.1787300039194978
4405.0,-0.22582782159807555
4410.0,-0.14660328093436759
4415.0,-0.1461297582530546
4420.0,-0.14173468664562291
4425.0,-0.16679261617520819
4430.0,-0.10168297829358873
4435.0,-0.14701304299814377
4440.0,-0.12496328629262511
4445.0,-0.14072477077386056
4450.0,-0.2752010123151407
4455.0,-0.03826019062744643
4460.0,-0.1539517258634142
4465.0,-0.07891793032594209
4470.0,-0.060001346652663864
4475.0,-0.11308150123296576
4480.0,-0.10161946825048938
4485.0,-0.040514498982080996
4490.0,-0.10337072095567379
4495.0,0.09940131181264096
4500.0,-0.035622927085232736
4505.0,-0.11852620177726855
4510.0,0.007519602261109017
4515.0,0.028688457068250114
4520.0,0.04900534451988048
4525.0,-0.004373174355310965
4530.0,-0.07406587826251165
4535.0,0.035246619733561635
4540.0,0.05890495424333811
4545.0,-0.005726680531105373
4550.0,0.04889085688431158
4555.0,0.009049168282334506
4560.0,0.13530943928560915
4565.0,0.12384387239447851
4570.0,0.0873424170610017
4575.0,0.08120836479669233
4580.0,0.06016790302757173
4585.0,0.152829802018029
4590.0,0.1845988378057698
4595.0,0.5413953455708774
4600.0,1.404788494507085
4605.0,2.345179849693421
4610.0,2.558252403105134
4615.0,1.6984277581275917
4620.0,0.8013760562544374
4625.0,0.24936331942163445
4630.0,0.2029053698771927
4635.0,0.12332512663060147
4640.0,0.22292593438673713
4645.0,0.20455113101145544
4650.0,0.15513902054375517
4655.0,0.18095859019700078
4660.0,0.1513499617171204
4665.0,0.20029946950090233
4670.0,0.17459024552410507
4675.0,0.23169701789446134
4680.0,0.2954639131228519
4685.0,0.07354233440632958
4690.0,0.25670874484183404
4695.0,0.2505925346643561
4700.0,0.13876515749000237
4705.0,0.1729243717784196
4710.0,0.20612282874370236
4715.0,0.21502048034724563
4720.0,0.22814403714898726
4725.0,0.23903733146229547
4730.0,0.18391572153692617
4735.0,0.16195717965437534
4740.0,0.15945960882266708
4745.0,0.1711021453862457
4750.0,0.21934732816736846
4755.0,0.21251660829716432
4760.0,0.17902036964398754
4765.0,0.15069053886373357
4770.0,0.19767321112248315
4775.0,0.17085991633383735
4780.0,0.24337868408301383
4785.0,0.0877117905716726
4790.0,0.17675233167795845
4795.0,0.21773031668309062
4800.0,0.09270059884557239
4805.0,0.12557372018179988
4810.0,0.07814606181086403
4815.0,0.0012584314398531027
4820.0,0.0520859780485968
4825.0,0.17397726387044996
4830.0,0.13463465198776486
4835.0,0.06279814243939315
4840.0,0.0643175048543726
4845.0,0.09665551639069116
4850.0,0.04168111836955062
4855.0,0.051627728220106764
4860.0,0.0068097368990972795
4865.0,0.03874587442799914
4870.0,0.028269464752565344
4875.0,0.11557398724818835
4880.0,0.06746571338140192
4885.0,-0.02512188500018585
4890.0,0.02108275171514802
4895.0,-0.013733233088881802
4900.0,0.028757855252572663
4905.0,0.019345232758744075
4910.0,-0.0011675564162321947
4915.0,-0.018004091021660378
4920.0,-0.01857379603150016
4925.0,-0.0884319723456301
4930.0,-0.0573244108690316
4935.0,-0.054241632157971766
4940.0,-0.03313606283114832
4945.0,-0.052189856350942046
4950.0,-0.0962442494358588
4955.0,-0.13628476738389433
4960.0,-0.0031693452257215426
4965.0,-0.0006329918832081866
4970.0,-0.1351700331775492
4975.0,-0.08083193577108139
4980.0,0.009626443684876793
4985.0,-0.12573894750628345
4990.0,-0.14940592481451284
4995.0,-0.11075460955638203
5000.0,-0.1593577405313726
5005.0,-0.17902760602513082
5010.0,-0.1732815107555838
5015.0,-0.24200041083589255
5020.0,-0.21077328892821456
5025.0,-0.16491112690831733
5030.0,-0.1146725956112862
5035.0,-0.13112289846601943
5040.0,-0.24671133401343587
5045.0,-0.13124688702501316
5050.0,-0.18287463345873609
5055.0,-0.19557591095187238
5060.0,-0.202236216206857
5065.0,-0.20891424884047124
5070.0,-0.09593304390527327
5075.0,-0.17308756958422933
5080.0,-0.2699743776226252
5085.0,-0.28544009405015813
5090.0,-0.19606539344189086
5095.0,-0.20143144556701748
5100.0,-0.20758346811736453
5105.0,-0.20817758668858566
5110.0,-0.21881152382017388
5115.0,-0.22461735416670803
5120.0,-0.1495331183034915
5125.0,-0.2114138276240683
5130.0,-0.19056156957417808
5135.0,-0.13484875528479467
5140.0,-0.14859807399157948
5145.0,-0.15505393138776724
5150.0,-0.2920247224872451
5155.0,-0.195288034972193
5160.0,-0.15101957045235143
5165.0,-0.15237809128874505
5170.0,-0.14276840937829574
5175.0,-0.17987922528727873
5180.0,-0.07799524331994581
5185.0,-0.12031324109568302
5190.0,-0.16185571859341263
5195.0,-0.21083819868258039
5200.0,-0.1829166645970931
5205.0,-0.14800173628005753
5210.0,-0.19900176077169296
5215.0,-0.07436481040406694
5220.0,-0.07162738162951393
5225.0,-0.07373634886671954
5230.0,-0.09731647750815428
5235.0,-0.10293150577137677
5240.0,-0.06169180627934679
5245.0,-0.04742375602005419
5250.0,-0.1782237306595995
5255.0,-0.05191491624953151
5260.0,-0.046116955934659365
5265.0,-0.013436807285419948
5270.0,-0.06731891299788596
5275.0,-0.09467152502613913
5280.0,0.051012291096563765
5285.0,0.025872936634819415
5290.0,-0.04529239383386496
5295.0,-0.03949231573122065
5300.0,0.023929988639922094
5305.0,0.003509737653484016
5310.0,0.026798149695991487
5315.0,0.10769320921546222
5320.0,0.0668787294159235
5325.0,0.1088297213858058
5330.0,0.13357847094137665
5335.0,-0.03246088389198412
5340.0,0.17911972440495494
5345.0,0.2188585864917067
5350.0,0.13142169218511793
5355.0,0.0872945838419541
5360.0,0.11443804603779652
5365.0,0.3303306934425213
5370.0,0.11732874251057858
5375.0,0.2330366303105354
5380.0,0.14722010541393393
5385.0,0.09938748242567788
5390.0,0.09028448665164902
5395.0,0.1438023851499356
5400.0,0.15409954197795292
5405.0,0.20526179025931252
5410.0,0.1931872052358021
5415.0,0.2810050795260274
5420.0,0.1554646396972463
5425.0,0.25523458605141436
5430.0,0.2079363000454376
5435.0,0.18930420004751827
5440.0,0.15526318758147303
5445.0,0.23319126082715871
5450.0,0.21880046596645816
5455.0,0.25915349755566014
5460.0,0.12309041067361842
5465.0,0.1999223142736651
5470.0,0.271519783668233
5475.0,0.18999689111737347
5480.0,0.23415493390626854
5485.0,0.18394845228132176
5490.0,0.2160662207345361
5495.0,0.2163481268112001
5500.0,0.17074686001957878
5505.0,0.21784442841887935
5510.0,0.16618881238666156
5515.0,0.2009518604613272
5520.0,0.17705555429839084
5525.0,0.1545437667439018
5530.0,0.14306530487098656
5535.0,0.3307044312299881
5540.0,0.7122836936257321
5545.0,1.588578797091271
5550.0,2.5721929013092923
5555.0,2.452528365542818
5560.0,1.4813180504554955
5565.0,0.623193804467653
5570.0,0.33524823823921573
5575.0,0.12798059756849783
5580.0,0.11433968246945811
5585.0,0.07499876392651073
5590.0,0.12843784587825707
5595.0,0.08421989556880666
5600.0,0.06720531416552586
5605.0,0.1218028095512413
5610.0,0.15033814369659912
5615.0,0.04770947041379468
5620.0,0.08560227626482779
5625.0,0.033248760285809094
5630.0,0.013267590698037537
5635.0,0.025988455065078495
5640.0,0.026303986832022796
5645.0,0.024353440585716327
5650.0,-0.0166535658860583
5655.0,-0.06513490231583753
5660.0,-0.10108245898100773
5665.0,0.07254383305435001
5670.0,-0.010994726839851176
5675.0,-0.010882921983914016
5680.0,-0.05678459669536037
5685.0,0.004026662703391408
5690.0,-0.0901500258974493
5695.0,0.008032238203611902
5700.0,-0.1339554617461966
5705.0,-0.08105361802303805
5710.0,-0.041255753703214715
5715.0,-0.1477258917579563
5720.0,-0.13851994888563973
5725.0,-0.13051049919853766
5730.0,-0.14573766765717514
5735.0,-0.20951209254412323
5740.0,-0.12849166881264348
5745.0,-0.047574296411177275
5750.0,-0.15558957751566765
5755.0,-0.1567702138705403
5760.0,-0.18161085328918924
5765.0,-0.16383188616538583
5770.0,-0.22055572437561444
5775.0,-0.21021661094729405
5780.0,-0.15601102354141758
5785.0,-0.09482391172625404
5790.0,-0.05078278222962304
5795.0,-0.14051618357971113
5800.0,-0.11017121074070658
5805.0,-0.16443122144647823
5810.0,-0.2628433931383472
5815.0,-0.22752118944181002
5820.0,-0.16370948640843597
5825.0,-0.1521715782659805
5830.0,-0.17911353613120062
5835.0,-0.11312195939594981
5840.0,-0.19336394870299936
5845.0,-0.22261355272873698
5850.0,-0.15816387815439983
5855.0,-0.1935021167807543
5860.0,-0.1716748905719865
5865.0,-0.2374019003892625
5870.0,-0.20982895324686104
5875.0,-0.11892678018690155
5880.0,-0.23776146832655862
5885.0,-0.22882632372321265
5890.0,-0.18295245012420291
5895.0,-0.19623693323425587
5900.0,-0.1809308671367763
5905.0,-0.13591617977513104
5910.0,-0.17635804840358144
5915.0,-0.1964866825762051
5920.0,-0.11903323998430579
5925.0,-0.1658660636262941
5930.0,-0.19052497515997927
5935.0,-0.14258249704551665
5940.0,-0.1247091344067001
5945.0,-0.15308697913255304
5950.0,-0.0440387057801566
5955.0,-0.11795078006912152
5960.0,-0.015076689238924607
5965.0,-0.16401685662333057
5970.0,-0.022257012265166687
5975.0,-0.06149003058580541
5980.0,-0.07587452316036532
5985.0,-0.005817892242854172
5990.0,-0.06843378912309371
5995.0,-0.06652221455237375
6000.0,-0.10086097498342546
6005.0,0.021701607951380826
6010.0,-0.10145628545683577
6015.0,0.07877255176923474
6020.0,-0.04466708114591977
6025.0,-0.047667074110861705
6030.0,0.05910677647042343
6035.0,-0.00241440914506009
6040.0,0.055456696457666044
6045.0,0.01496033850323691
6050.0,0.005596615364007969
6055.0,0.07021403894961797
6060.0,-0.04077817930199471
6065.0,0.02992219687328925
6070.0,0.04294048402607639
6075.0,0.03558955877878505
6080.0,0.047104957342137155
6085.0,0.1592518263683282
6090.0,0.11621983757570858
6095.0,0.006501534928209748
6100.0,0.2006781027258444
6105.0,0.16085489444346218
6110.0,0.20578546063879943
6115.0,0.11033316963495288
6120.0,0.12826237030007498
6125.0,0.14597621266365624
6130.0,0.17912335128677415
6135.0,0.11711184347818096
6140.0,0.13585865492136023
6145.0,0.11977168188280515
6150.0,0.2114060954716595
6155.0,0.16301488320138036
6160.0,0.18763691181474745
6165.0,0.1789643733017567
6170.0,0.2030332658108203
6175.0,0.1609451325823646
6180.0,0.2271165654459026
6185.0,0.12451041139203445
6190.0,0.17786890588817783
6195.0,0.1544561635298619
6200.0,0.16496316365195432
6205.0,0.2621060282067267
6210.0,0.28617384663012757
6215.0,0.19114749359038305
6220.0,0.12281262396667236
6225.0,0.19029629892508454
6230.0,0.30015056527568285
6235.0,0.227087960785943
6240.0,0.1829490545215911
6245.0,0.1692425722482989
6250.0,0.2809378302420771
6255.0,0.19560218999820284
6260.0,0.24027941913898357
6265.0,0.18555505515778567
6270.0,0.18578203629112505
6275.0,0.16266085338239622
6280.0,0.13975455523124833
6285.0,0.15479806983668246
6290.0,0.17213902039758058
6295.0,0.11749317906892637
6300.0,0.17808365818034486
6305.0,0.22499181585763178
6310.0,0.19215708987276625
6315.0,0.1337332131463585
6320.0,0.049754159105643514
6325.0,0.18978869194729642
6330.0,0.14105377165176552
6335.0,0.1467614441637424
6340.0,0.1618842418527211
6345.0,0.19882700251062985
6350.0,0.1940695333853156
6355.0,0.11999463593899623
6360.0,0.09644761936328325
6365.0,0.05414568474883789
6370.0,0.0939823421718363
6375.0,0.06850393799994905
6380.0,0.06544524339538571
6385.0,0.016267429810622097
6390.0,0.04515144225181933
6395.0,-0.02745642956630131
6400.0,0.08290479896455377
6405.0,0.04653147972995024
6410.0,0.029443569750566025
6415.0,0.05661381855050399
6420.0,-0.05918824111775067
6425.0,0.045639414903866915
6430.0,-0.04088219646898394
6435.0,-0.03550773961773608
6440.0,-0.1586283401259024
6445.0,-0.04412930928301816
6450.0,-0.06388079584261883
6455.0,-0.037929001810256116
6460.0,-0.11531077095496592
6465.0,-0.12915029404379919
6470.0,-0.11495845660134127
6475.0,-0.11249208508422087
6480.0,0.07311357659373321
6485.0,0.5017083406977018
6490.0,1.3339664760398988
6495.0,2.23609684800907
6500.0,2.2212587374338195
6505.0,1.293048315387837
6510.0,0.3832066235639099
6515.0,-0.029487814379071824
6520.0,-0.140376432005803
6525.0,-0.14129135877756696
6530.0,-0.2038017815062766
6535.0,-0.12718969229657395
6540.0,-0.22953980326116433
6545.0,-0.22411700206310559
6550.0,-0.2686340421294182
6555.0,-0.22524534652236014
6560.0,-0.2342168006763581
6565.0,-0.20351252999685948
6570.0,-0.18533340225442696
6575.0,-0.283903226430131
6580.0,-0.21014366808952004
6585.0,-0.29138289627005914
6590.0,-0.2643611619503938
6595.0,-0.29648561749541064
6600.0,-0.17118821398591144
6605.0,-0.1815254763431886
6610.0,-0.24059281450315456
6615.0,-0.25410597070486074
6620.0,-0.25384169033292137
6625.0,-0.23055902427399294
6630.0,-0.25212008222399407
6635.0,-0.2878544761068069
6640.0,-0.16221927433661038
6645.0,-0.23894624817409368
6650.0,-0.204162233249061
6655.0,-0.20431624842709495
6660.0,-0.20460254428920538
6665.0,-0.18465967779101872
6670.0,-0.16943599668136497
6675.0,-0.14985517369233542
6680.0,-0.14881155838172178
6685.0,-0.09335132409487776
6690.0,-0.1953413326698139
6695.0,-0.11890747840116501
6700.0,-0.19667001932164857
6705.0,-0.22501190918424974
6710.0,-0.1115514843115971
6715.0,-0.06988221045947339
6720.0,-0.10906560063934119
6725.0,-0.00022776618428853312
6730.0,-0.03950209974154077
6735.0,0.012519044291265977
6740.0,-0.0798717338359346
6745.0,-0.08113271834285571
6750.0,0.022398547176752333
6755.0,-0.18066306485897898
6760.0,-0.0775765863643211
6765.0,-0.044518201082927075
6770.0,-0.0014328292075733683
6775.0,-0.04855296672017595
6780.0,0.027968187101162976
6785.0,-0.05600523849792088
6790.0,0.09217700897292638
6795.0,0.07910861961897175
6800.0,0.0418976987469015
6805.0,0.11682800030382048
6810.0,0.11490182371409442
6815.0,-0.02792804311550376
6820.0,0.0436749110953557
6825.0,0.1055921375294962
6830.0,0.1494668839905481
6835.0,0.13928350823559296
6840.0,0.12153469630930386
6845.0,-0.027310138158975067
6850.0,0.1100157221890201
6855.0,0.012425242318145124
6860.0,0.1124670762718896
6865.0,0.07945191607528962
6870.0,0.12498393767469426
6875.0,0.16303501958328012
6880.0,0.19110238755282188
6885.0,0.18323173788903185
6890.0,0.20056784769719602
6895.0,0.16880226123561934
6900.0,0.14257725026824333
6905.0,0.21728823223558263
6910.0,0.18143836513777709
6915.0,0.2078038176151306
6920.0,0.1402003038979062
6925.0,0.24756588682461705
6930.0,0.2421892037962266
6935.0,0.1431849405588833
6940.0,0.1582040755286487
6945.0,0.20059931775374695
6950.0,0.1194896414217947
6955.0,0.2719390804664454
6960.0,0.1916720171910921
6965.0,0.21212334315475162
6970.0,0.17064163397725424
6975.0,0.23815172244048227
6980.0,0.27548402878230543
6985.0,0.12911047249893223
6990.0,0.24043207189329088
6995.0,0.29692950797817447
7000.0,0.15071775408494095
7005.0,0.20398397856777545
7010.0,0.22395283724394116
7015.0,0.2042201505933712
7020.0,0.22447985399141718
7025.0,0.10985419203876837
7030.0,0.22958617178429216
7035.0,0.17449510169146393
7040.0,0.06732934223911298
7045.0,0.21253481524809437
7050.0,0.21249255529919114
7055.0,0.12347620511442417
7060.0,0.13216676379939743
7065.0,0.09703533465150613
7070.0,0.04979139357074046
7075.0,0.023445689442204473
7080.0,0.13649691148235193
7085.0,0.12084752812216162
7090.0,0.051019898045277956
7095.0,0.043247881084844716
7100.0,0.11622366591710687
7105.0,0.01059303851582083
7110.0,0.08126858735571375
7115.0,0.11871861534251536
7120.0,0.01039709076239756
7125.0,-0.038126235010724284
7130.0,0.07364657627791343
7135.0,0.04723151093974939
7140.0,0.13875522295951426
7145.0,-0.027804686704215487
7150.0,0.09857120890063897
7155.0,-0.03702699511372873
7160.0,0.0413033134155865
7165.0,-0.007076147757689136
7170.0,0.028554686935147615
7175.0,0.013214282915890097
7180.0,-0.0756950333556193
7185.0,-0.06674142022375146
7190.0,0.006494867458264421
7195.0,-0.021765487199450963
7200.0,-0.1001085527572152
7205.0,-0.081580125549328
7210.0,-0.10878149030419555
7215.0,-0.10278110231265603
7220.0,-0.09158933732993904
7225.0,-0.1264368466976422
7230.0,-0.1345468615304065
7235.0,-0.023223416043138073
7240.0,-0.14263033644889364
7245.0,-0.06448303158338035
7250.0,-0.17242981976169608
7255.0,-0.19603127770815154
7260.0,-0.10174609700648568
7265.0,-0.12619964232805195
7270.0,-0.1391809230363137
7275.0,-0.0948248786015954
7280.0,-0.1983280369841819
7285.0,-0.10645943584339314
7290.0,-0.07665007606067072
7295.0,-0.17346496635902764
7300.0,-0.04785330362168938
7305.0,-0.15461793386956946
7310.0,-0.21586363820208826
7315.0,-0.20027926717354497
7320.0,-0.20092029084349855
7325.0,-0.2421858243424895
7330.0,-0.08926005461202811
7335.0,-0.1762466680135677
7340.0,-0.1444281341170933
7345.0,-0.18187374813275187
7350.0,-0.15153790949043688
7355.0,-0.1973524098895538
7360.0,-0.177812368789659
7365.0,-0.20313703475066866
7370.0,-0.17947663451790463
7375.0,-0.2337638740889235
7380.0,-0.2471715130469169
7385.0,-0.2619990036665631
7390.0,-0.18716000369295593
7395.0,-0.21705536021645067
7400.0,-0.21437216485865568
7405.0,-0.07862416924185975
7410.0,-0.15032111906546078
7415.0,-0.10998374187985743
7420.0,-0.07127667154289054
7425.0,0.07137942072899073
7430.0,0.8402310346418211
7435.0,1.9226748100469209
7440.0,2.3452562002104167
7445.0,1.7040579282499104
7450.0,0.6302158827017545
7455.0,0.06249501686376203
7460.0,-0.12879961380254887
7465.0,-0.10660258813828156
7470.0,-0.1437823727123988
7475.0,-0.15877578762868536
7480.0,-0.0612640994989255
7485.0,-0.0792636499855124
7490.0,-0.03712546985027733
7495.0,-0.03650250872174779
7500.0,-0.040748434656960084
7505.0,-0.09942330107388007
7510.0,-0.12820841103719868
7515.0,-0.048004141915116504
7520.0,-0.07661214054464219
7525.0,-0.08771718346130217
7530.0,-0.044363600218502865
7535.0,0.0006369444831628088
7540.0,-0.04999986507560671
7545.0,0.05146030397065335
7550.0,0.03956409167246566
7555.0,0.02073496574602399
7560.0,0.022446358457485063
7565.0,0.031944186067692226
7570.0,0.0793768317345378
7575.0,0.011316544807556832
7580.0,0.07135461635922251
7585.0,0.09343132758585235
7590.0,0.07815261649654535
7595.0,0.19017821083268643
7600.0,0.05222159237933518
7605.0,0.13271392345925762
7610.0,0.16825512450500935
7615.0,0.07409182204087404
7620.0,0.1733519089455587
7625.0,0.16898126033822963
7630.0,0.1881668414354138
7635.0,0.15441773589784996
7640.0,0.1725359917878227
7645.0,0.16781846576559864
7650.0,0.16770256515103035
7655.0,0.11726772225101012
7660.0,0.20657961107485937
7665.0,0.19628923223158648
7670.0,0.1101303527050613
7675.0,0.1465423089862704
7680.0,0.13299721701774922
7685.0,0.33253839356991177
7690.0,0.16275419501130078
7695.0,0.16849980796086042
7700.0,0.15075073078166473
7705.0,0.14285325479368025
7710.0,0.21634287348727702
7715.0,0.22312107246136997
7720.0,0.18912570666015938
7725.0,0.1098994757852323
7730.0,0.25244889064200315
7735.0,0.20431045991848695
7740.0,0.22629607323814988
7745.0,0.18609906637695434
7750.0,0.15609011397242167
7755.0,0.21942888757662904
7760.0,0.1578595409117619
7765.0,0.24188585524642064
7770.0,0.08572987382415272
7775.0,0.16329707180706665
7780.0,0.10010417617285602
7785.0,0.19979316168335062
7790.0,0.18531439024266066
7795.0,0.13501980813591727
7800.0,0.1474897098754573
7805.0,0.1275600738817977
7810.0,0.1472426751064596
7815.0,0.18928309993767647
7820.0,0.11849899197087338
7825.0,0.08874374597275642
7830.0,0.13578051145864228
7835.0,0.05866895201795368
7840.0,0.1515052905730057
7845.0,0.1311857542451482
7850.0,0.039938499170121974
7855.0,0.11888669944860276
7860.0,0.06431710861167056
7865.0,0.1316416549662927
7870.0,0.08049266923707764
7875.0,0.034733744670375356
7880.0,0.08927359602938462
7885.0,0.022285948489127152
7890.0,0.024909986120371257
7895.0,0.02494534594036011
7900.0,0.0051055920063232604
7905.0,0.056767957170884197
7910.0,-0.04403713741981306
7915.0,-0.01441496429010982
7920.0,0.024585383430449973
7925.0,-0.04020830709791083
7930.0,0.036664896470867445
7935.0,-0.012666723075505353
7940.0,-0.05339616796594389
7945.0,-0.023014028183941583
7950.0,-0.13972573917540826
7955.0,-0.03843746439745227
7960.0,-0.03200175571476019
7965.0,-0.06417474902034181
7970.0,-0.11919809953525629
7975.0,-0.1436369387430761
7980.0,-0.06422050528617185
7985.0,-0.07876866793503604
7990.0,-0.05856244737987548
7995.0,-0.15448586891795696
8000.0,-0.15922041848160554
8005.0,-0.16636358071019347
8010.0,-0.16655850252660204
8015.0,-0.07536588083995209
8020.0,-0.15044029372695944
8025.0,-0.10611860960019726
8030.0,-0.18393254163555137
8035.0,-0.21123873231240717
8040.0,-0.27534276995717855
8045.0,-0.1945548136253075
8050.0,-0.11698098990614458
8055.0,-0.25911744805896103
8060.0,-0.19321046790845123
8065.0,-0.20412555366498858
8070.0,-0.26076857950542254
8075.0,-0.2124054548501897
8080.0,-0.17808773232225708
8085.0,-0.16036644312817186
8090.0,-0.20155426758391043
8095.0,-0.17079799870942639
8100.0,-0.14675086636433654
8105.0,-0.2398947948151435
8110.0,-0.3197210289601038
8115.0,-0.18953630320421205
8120.0,-0.18440235076426256
8125.0,-0.2345126035746025
8130.0,-0.27690918899130057
8135.0,-0.233738328567034
8140.0,-0.15611262098324846
8145.0,-0.1759251023972749
8150.0,-0.16256553283945255
8155.0,-0.19917740744035747
8160.0,-0.19252862585225064
8165.0,-0.22768890572813982
8170.0,-0.12462195867131609
8175.0,-0.20525016820189684
8180.0,-0.12297482332335187
8185.0,-0.19628935887855764
8190.0,-0.1206399886913968
8195.0,-0.08978795189269047
8200.0,-0.14687335613563157
8205.0,-0.1819734528367727
8210.0,-0.16299683690595754
8215.0,-0.165967512019161
8220.0,-0.06946991599819595
8225.0,-0.061470534544359204
8230.0,-0.12146372973832015
8235.0,-0.10143600092152882
8240.0,-0.11768028762222535
8245.0,0.01777482326995085
8250.0,-0.0902804025566062
8255.0,-0.06122156952900039
8260.0,-0.08857087462439492
8265.0,-0.10348638035776786
8270.0,-0.06887761173919867
8275.0,-0.025807618183336167
8280.0,-0.024065091223947583
8285.0,-0.058515653316152355
8290.0,-0.022147531078179843
8295.0,0.05298805365038061
8300.0,0.023139831155335584
8305.0,-0.03136653938158741
8310.0,0.020633500723021034
8315.0,0.002802924069693305
8320.0,0.0887661049057743
8325.0,-0.01439761941247969
8330.0,0.07048946967348328
8335.0,0.03793277714079667
8340.0,0.14268917419539207
8345.0,0.07761911874915345
8350.0,0.13993188584880456
8355.0,0.03648253357726289
8360.0,0.24221300695616074
8365.0,0.8889850459366033
8370.0,1.7279197794244203
8375.0,2.589733460867551
8380.0,2.37069566264505
8385.0,1.3023728306221714
8390.0,0.49492397353239254
8395.0,0.218279234230274
8400.0,0.20351301147215425
8405.0,0.16410565310730263
8410.0,0.09592054110915901
8415.0,0.16662046846419354
8420.0,0.20540414402177926
8425.0,0.16834947937980824
8430.0,0.10746776178673528
8435.0,0.10854745415967673
8440.0,0.24981805977494512
8445.0,0.27968100346549096
8450.0,0.20139628738370313
8455.0,0.12574357930001545
8460.0,0.13863917978575074
8465.0,0.19434802664098094
8470.0,0.205085156262683
8475.0,0.2197204678692981
8480.0,0.21062186854610385
8485.0,0.2083310936520048
8490.0,0.21382410284625494
8495.0,0.2468093560999824
8500.0,0.31084765153837235
8505.0,0.22691982642343744
8510.0,0.2257183872327723
8515.0,0.12308741411758377
8520.0,0.20736452421424428
8525.0,0.1560913326191945
8530.0,0.20162652601522538
8535.0,0.09775331223777733
8540.0,0.15691088105511336
8545.0,0.2516270423775979
8550.0,0.24454603209314182
8555.0,0.12664867711113603
8560.0,0.18734724622034266
8565.0,0.13482945244767158
8570.0,0.1488290881689226
8575.0,0.09569698240295621
8580.0,0.1607190452442559
8585.0,0.2235656271039556
8590.0,0.20563186003172162
8595.0,0.1625503744787485
8600.0,0.06703537835217142
8605.0,0.01825311127756682
8610.0,0.09830650805132367
8615.0,0.1125725629840929
8620.0,0.1456785014392874
8625.0,0.08013431706994928
8630.0,0.11160850361292268
8635.0,0.026917703690040366
8640.0,0.04347008604730081
8645.0,-0.013201686967782872
8650.0,0.11767575735095627
8655.0,0.020622826553078823
8660.0,-0.01872510221764287
8665.0,-0.0670535795405763
8670.0,0.03665062120315234
8675.0,0.040047907810548365
8680.0,0.02566326437938352
8685.0,-0.08388515917931542
8690.0,-0.00403342252827716
8695.0,-0.04077887754941996
8700.0,-0.0772143585477936
8705.0,-0.08154483693186228
8710.0,-0.08214183092298565
8715.0,-0.067537337272488
8720.0,-0.0693591707059793
8725.0,-0.11967260004830199
8730.0,-0.039317879231262995
8735.0,-0.08629244147005169
8740.0,-0.10231991007674435
8745.0,-0.12134402083621186
8750.0,-0.0971105995756442
8755.0,-0.04892736158318299
8760.0,-0.09300916127205895
8765.0,-0.21045567666279336
8770.0,-0.18630710628478234
8775.0,-0.09831687334795272
8780.0,-0.1279837696096917
8785.0,-0.13155545606974212
8790.0,-0.11118212897974647
8795.0,-0.14533450110363358
8800.0,-0.22445969199322277
8805.0,-0.17662660062949045
8810.0,-0.14765163229631142
8815.0,-0.15374062504009506
8820.0,-0.1464345045605723
8825.0,-0.27457715729102317
8830.0,-0.1510104489199194
8835.0,-0.20029554173009037
8840.0,-0.22388803722247158
8845.0,-0.17342459270046273
8850.0,-0.10083211616370323
8855.0,-0.18082159810786935
8860.0,-0.24686853382126966
8865.0,-0.16488025493461267
8870.0,-0.15628136789587468
8875.0,-0.2609153353762536
8880.0,-0.1958409645932099
8885.0,-0.20533758423469362
8890.0,-0.2044117663659747
8895.0,-0.2487469074405315
8900.0,-0.2118689563343429
8905.0,-0.17635327769072207
8910.0,-0.16136635297326862
8915.0,-0.12377627429605924
8920.0,-0.1759312286435887
8925.0,-0.10985296140647538
8930.0,-0.12561713586308096
8935.0,-0.17250271847567258
8940.0,-0.1268677009645474
8945.0,-0.07458627304574744
8950.0,-0.21193791733999154
8955.0,-0.15474453191901266
8960.0,-0.12588710238964948
8965.0,-0.08282717010238819
8970.0,-0.17035712823981114
8975.0,-0.10937269005786597
8980.0,-0.12691060919548355
8985.0,-0.14162944830386284
8990.0,-0.037916511547887916
8995.0,-0.058964951897323106
9000.0,-0.12601434423727673
9005.0,-0.07146754071461488
9010.0,-0.09618038258036979
9015.0,-0.12630070886319927
9020.0,0.000984215940941599
9025.0,-0.0010140809682832735
9030.0,-0.007295897011858395
9035.0,-0.0204965267727451
9040.0,0.01080507563386614
9045.0,-0.02558467106064238
9050.0,-0.08647163927079932
9055.0,-0.0015453921651036422
9060.0,0.08955180635048259
9065.0,-0.0018446072615765918
9070.0,0.05371276547911362
9075.0,-0.008928440532889222
9080.0,0.13129321500737248
9085.0,0.013656193139793667
9090.0,0.06001473692881089
9095.0,0.034053943567643706
9100.0,0.06373047084279994
9105.0,0.14585262056794637
9110.0,0.04498455438362114
9115.0,0.04125289509307871
9120.0,0.008975897818453066
9125.0,0.042769625964036745
9130.0,0.1987474452950051
9135.0,0.07323387806852427
9140.0,0.19105651313556243
9145.0,0.11359261386243404
9150.0,0.11567807661959939
9155.0,0.14044942441630073
9160.0,0.14282116493151534
9165.0,0.05803775078933751
9170.0,0.13640645561789497
9175.0,0.173573687971169
9180.0,0.10894735591135456
9185.0,0.231296998335467
9190.0,0.20206312572717086
9195.0,0.19130064796379115
9200.0,0.23605597022417468
9205.0,0.22197200186455168
9210.0,0.15825083146372787
9215.0,0.22645107653917002
9220.0,0.11780595116836841
9225.0,0.2280496844968653
9230.0,0.1741194248744094
9235.0,0.23492741202020756
9240.0,0.2356044134759202
9245.0,0.21250073919558085
9250.0,0.22504228066578122
9255.0,0.27890417432251813
9260.0,0.16032469459173082
9265.0,0.26213001450472406
9270.0,0.13698974553750484
9275.0,0.18293471042172993
9280.0,0.17891897472570814
9285.0,0.2554540804246343
9290.0,0.45638310567040435
9295.0,1.1857269522142224
9300.0,2.1913900686639414
9305.0,2.675212956034695
9310.0,2.0694547093809996
9315.0,1.062723482141443
9320.0,0.21562547772255142
9325.0,0.14316676173997175
9330.0,0.19333095447867465
9335.0,0.147968346539034
9340.0,0.12716825357004433
9345.0,0.07650496444580288
9350.0,0.10392049185177478
9355.0,0.127240778965979
9360.0,0.01937583780499308
9365.0,0.12018006327872315
9370.0,0.06232492316854128
9375.0,0.03244808990213778
9380.0,0.05777023670964303
9385.0,0.057556149450928254
9390.0,0.03196638751373549
9395.0,0.07820678585891683
9400.0,0.017497011297797703
9405.0,0.019120024431265877
9410.0,-0.02199509507473092
9415.0,0.047162374928453266
9420.0,-0.020249890432795167
9425.0,-0.02959920110342362
9430.0,0.0432466314294453
9435.0,0.014004476914125898
9440.0,0.003652422703421015
9445.0,-0.05139397086660848
9450.0,-0.020233917471936664
9455.0,-0.024690215345718587
9460.0,-0.12902798674429594
9465.0,-0.08474560570192058
9470.0,-0.07005722463265142
9475.0,-0.14836999669016782
9480.0,-0.09067515128778277
9485.0,-0.07871936633265753
9490.0,-0.1684167424321905
9495.0,-0.011322145608115675
9500.0,-0.14625339632772374
9505.0,-0.09145037422931397
9510.0,-0.13902468990807593
9515.0,-0.15129524820322257
9520.0,-0.1548134980199003
9525.0,-0.11125988366385303
9530.0,-0.18408243949787623
9535.0,-0.18431118559763982
9540.0,-0.1853718299891366
9545.0,-0.21884176482700182
9550.0,-0.16817300409566746
9555.0,-0.214302166101421
9560.0,-0.10867645352436335
9565.0,-0.22184869440401309
9570.0,-0.20035046744653684
9575.0,-0.10315338216832114
9580.0,-0.1514422403815473
9585.0,-0.18332714824733196
9590.0,-0.2089620636569521
9595.0,-0.2648478091053526
9600.0,-0.23223603270577753
9605.0,-0.1613689710739092
9610.0,-0.1032061283277214
9615.0,-0.2092345736407602
9620.0,-0.20434723289459816
9625.0,-0.13167659172315205
9630.0,-0.22267694337110508
9635.0,-0.2453775190204518
9640.0,-0.25069288078691987
9645.0,-0.23454690866978442
9650.0,-0.12337419555198492
9655.0,-0.17262935011841213
9660.0,-0.23630545625465146
9665.0,-0.11553680152908698
9670.0,-0.19298145556389862
9675.0,-0.14249798585615336
9680.0,-0.22434462403189323
9685.0,-0.16336138585797086
9690.0,-0.12372498175529212
9695.0,-0.14758701519121753
9700.0,-0.1559583464298996
9705.0,-0.042932081333506344
9710.0,-0.1547237890529213
9715.0,-0.11018248733193188
9720.0,-0.20092002293708844
9725.0,-0.09550228884193564
9730.0,-0.07471337453866056
9735.0,-0.08583407957144677
9740.0,-0.11220451383504638
9745.0,-0.012331417002457754
9750.0,-0.1459898230757835
9755.0,-0.10941889635539168
9760.0,-0.11482754473729129
9765.0,-0.1196274638014185
9770.0,-0.04946180372966005
9775.0,0.04009563892505835
9780.0,-0.022850827885525563
9785.0,-0.08300010276836381
9790.0,0.031290503899189984
9795.0,-0.011001634460243367
9800.0,0.027265139482303573
9805.0,0.09137050208614413
9810.0,0.07342164134975321
9815.0,0.11223132884492501
9820.0,0.07141097731266674
9825.0,0.0023673671343368285
9830.0,-0.02599915759211501
9835.0,0.03281168563764644
9840.0,0.09987686762646092
9845.0,0.10657805423618133
9850.0,0.09166786733221802
9855.0,0.09858515940177304
9860.0,0.011122098391199264
9865.0,0.12185876744575824
9870.0,0.16395334460059335
9875.0,0.12378448585778173
9880.0,0.10842950031621806
9885.0,0.08251057567934919
9890.0,0.11439871834061277
9895.0,0.11847472588813665
9900.0,0.16549515409618248
9905.0,0.13216978837086926
9910.0,0.19216404717177157
9915.0,0.2390427554213857
9920.0,0.16715671726548828
9925.0,0.19080481899217075
9930.0,0.14436268616573725
9935.0,0.1600056159108847
9940.0,0.1502899716751476
9945.0,0.16031684856754938
9950.0,0.1324804020596844
9955.0,0.2188591777619462
9960.0,0.22400851822163192
9965.0,0.27628878254941447
9970.0,0.27168210492555744
9975.0,0.1312173445430216
9980.0,0.25879877516004374
9985.0,0.1816096109736586
9990.0,0.23327232740572051
9995.0,0.2047576190990898
10000.0,0.24086079483225278
10005.0,0.2517291549065162
10010.0,0.17104694667549697
10015.0,0.215920080696635
10020.0,0.27907997383525585
10025.0,0.1272473883685693
10030.0,0.17030806235179985
10035.0,0.10676676325320238
10040.0,0.213364572842145
10045.0,0.12844360433345953
10050.0,0.1799639124205925
10055.0,0.1335421294227945
10060.0,0.15080596190753315
10065.0,0.15414759893081903
10070.0,0.18630204059176073
10075.0,0.13315426238186678
10080.0,0.13955807848281368
10085.0,0.1676553353541302
10090.0,0.1321380532274119
10095.0,0.10228455317222594
10100.0,0.06472455004988384
10105.0,0.13974885867087516
10110.0,0.1413495641996809
10115.0,0.13246277470784815
10120.0,0.12831693533130795
10125.0,0.160497580975858
10130.0,0.09957552781561411
10135.0,0.09369777863381712
10140.0,-0.012493183218760834
10145.0,-0.016231961950142773
10150.0,0.059571117584558554
10155.0,0.11250548008694763
10160.0,0.14578141333241346
10165.0,0.04805262391302138
10170.0,-0.026040441644373295
10175.0,-0.02422501128021043
10180.0,-0.11177013786307814
10185.0,0.013414071180487482
10190.0,0.004297940944305256
10195.0,0.0008190733107683278
10200.0,0.009105973499881327
10205.0,0.10084150296805217
10210.0,0.4681282429985526
10215.0,1.2685441214613062
10220.0,2.294553290765083
10225.0,2.4139287989154203
10230.0,1.4123921582228236
10235.0,0.41779651028814496
10240.0,0.011494556801862628
10245.0,-0.18340053831808276
10250.0,-0.0401251621945629
10255.0,-0.14333176182472143
10260.0,-0.11625312358336552
10265.0,-0.19793156175308244
10270.0,-0.13780049331523767
10275.0,-0.14190095071817202
10280.0,-0.18724140891886612
10285.0,-0.07684777094733233
10290.0,-0.11235356300795488
10295.0,-0.18480376657710118
10300.0,-0.07558187612065866
10305.0,-0.20529460498748628
10310.0,-0.19211725808181587
10315.0,-0.26121917059131466
10320.0,-0.14002357763185322
10325.0,-0.1908196593454113
10330.0,-0.06102918079008221
10335.0,-0.08417404963302166
10340.0,-0.08970430220082384
10345.0,-0.1822889131815865
10350.0,-0.13132647708889494
10355.0,-0.31256419578934064
10360.0,-0.13003126701431034
10365.0,-0.19184785158367285
10370.0,-0.19657274479813067
10375.0,-0.26029403197076445
10380.0,-0.14653514054814287
10385.0,-0.30193924941839234
10390.0,-0.15407133745117615
10395.0,-0.2632406921749019
10400.0,-0.18729261809570052
10405.0,-0.1426606569582202
10410.0,-0.10771263175375938
10415.0,-0.22033487151937062
10420.0,-0.17992156559091957
10425.0,-0.1414639415271
10430.0,-0.08123424713360478
10435.0,-0.19631330729532984
10440.0,-0.20058915815588108
10445.0,-0.09060664459963758
10450.0,-0.12904617056861106
10455.0,-0.108767300355566
10460.0,-0.11690148104069543
10465.0,-0.0009088052287360981
10470.0,-0.28751205877996033
10475.0,-0.09751933294453388
10480.0,-0.09220255950934048
10485.0,-0.052889873174202184
10490.0,-0.047305705203012444
10495.0,-0.04751325023790316
10500.0,-0.03898920317873302
10505.0,-0.13200330806222516
10510.0,-0.028156052970202017
10515.0,-0.04692150186983339
10520.0,-0.0675264437772663
10525.0,-0.11369136711812859
10530.0,-0.017351838972480393
10535.0,-0.04369929419358366
10540.0,-0.018275295735452415
10545.0,-0.09009052091558334
10550.0,-0.028770408792929403
10555.0,0.006275406907781979
10560.0,0.027573445102902883
10565.0,0.008655371823860919
10570.0,0.018299453073697312
10575.0,-0.04316807607596059
10580.0,0.0419927430649814
10585.0,0.068527306074987
10590.0,0.006878600440696096
10595.0,0.0030900504483422284
10600.0,0.07344844904887843
10605.0,0.11708740143918324
10610.0,0.08990698990620638
10615.0,0.08458894494181714
10620.0,0.0738635160713848
10625.0,0.11632919144995667
10630.0,0.1142020515531204
10635.0,0.16801799216321484
10640.0,0.13230711234592352
10645.0,0.12171927017207128
10650.0,0.09117006431424846
10655.0,0.10542280915260682
10660.0,0.19832601450470033
10665.0,0.20115118982643526
10670.0,0.16599828702814567
10675.0,0.15460507298978615
10680.0,0.22845168573255367
10685.0,0.1663221735676894
10690.0,0.17941042136846178
10695.0,0.19962149877391785
10700.0,0.11491408114628707
10705.0,0.14041013845414163
10710.0,0.1807032574858259
10715.0,0.1501833978311171
10720.0,0.14467341136698486
10725.0,0.18519155381102306
10730.0,0.16755241743204285
10735.0,0.22445501018218383
10740.0,0.19001649690292308
10745.0,0.18774032275384678
10750.0,0.2774867562768922
10755.0,0.1946184048919278
10760.0,0.20246426534868348
10765.0,0.1676287060362378
10770.0,0.1929500677853399
10775.0,0.3287608928846614
10780.0,0.16403577057389546
10785.0,0.13084007882947946
10790.0,0.1956862958811031
10795.0,0.15784243868033188
10800.0,0.1704804803233375
10805.0,0.21956134458870707
10810.0,0.14080035281896763
10815.0,0.19548672631583353
10820.0,0.21006745195641813
10825.0,0.2258568431827861
10830.0,0.1492365222493228
10835.0,0.057800024743853054
10840.0,0.24470197800893517
10845.0,0.1657212561691015
10850.0,0.14131796502984711
10855.0,0.08613266912991949
10860.0,0.15630912318453774
10865.0,0.12433374102679694
10870.0,0.12277544922997995
10875.0,0.15234945044419876
10880.0,0.22243617905812985
10885.0,-0.07639240182520095
10890.0,0.06643604192452415
10895.0,0.03392595141505181
10900.0,-0.030699836850678792
10905.0,-0.015079210701478524
10910.0,0.020483278651639333
10915.0,0.0847876240837866
10920.0,0.12918180983653751
10925.0,-0.04785213828424664
10930.0,0.046440603881493514
10935.0,0.03657880208712714
10940.0,-0.011911678766244995
10945.0,-0.03807819218039353
10950.0,-0.19290473751433007
10955.0,0.050083795786401174
10960.0,-0.0029253636142297923
10965.0,-0.08153028309544333
10970.0,-0.09825354930491782
10975.0,-0.08564519409511676
10980.0,0.02226409904232457
10985.0,-0.07174942901343848
10990.0,-0.11415630873538868
10995.0,-0.15464051223798528
11000.0,-0.09305513592880818
11005.0,-0.1212336677895673
11010.0,-0.0825685987259277
11015.0,-0.16096863850745272
11020.0,-0.14399649976924506
11025.0,-0.20912742393400124
11030.0,-0.16609981375023905
11035.0,-0.08906602717063208
11040.0,-0.16196615314002483
11045.0,-0.19281223317675336
11050.0,-0.22109169913858667
11055.0,-0.13031598858966492
11060.0,-0.19048217485357724
11065.0,-0.1996916479223082
11070.0,-0.16082004319646417
11075.0,-0.21108026883020084
11080.0,-0.2246718952458666
11085.0,-0.17215975118986282
11090.0,-0.13169445848680017
11095.0,-0.18685027840875298
11100.0,-0.18575641715645527
11105.0,-0.22466277858516692
11110.0,-0.2549760373747165
11115.0,0.11773651335380894
11120.0,0.8330452749706693
11125.0,1.9258012844086034
11130.0,2.309444368274681
11135.0,1.5061611639585533
11140.0,0.5143487911791808
11145.0,0.0697479729236971
11150.0,-0.2308403301113091
11155.0,-0.16997565361262215
11160.0,-0.17186548778424493
11165.0,-0.1739752752252953
11170.0,-0.13572698013143003
11175.0,-0.1138916414326128
11180.0,-0.12846467695996436
11185.0,-0.257785674098699
11190.0,-0.19042096022175642
11195.0,-0.1979252430495047
11200.0,-0.2662837246906407
11205.0,-0.145612278436153
11210.0,-0.2144952707424988
11215.0,-0.05442846537949081
11220.0,-0.13796392018635667
11225.0,-0.013997556688319007
11230.0,-0.10558627675985487
11235.0,-0.06280364284741863
11240.0,-0.15022620437151454
11245.0,-0.1350620965349293
11250.0,-0.18647367226830355
11255.0,-0.056121637706769784
11260.0,0.04347580686712174
11265.0,-0.12257531480960271
11270.0,-0.05280480241243387
11275.0,-0.08824598161021255
11280.0,-0.08785525597447447
11285.0,-0.051417271934422096
11290.0,-0.006083817952873327
11295.0,0.025923420795701677
11300.0,-0.04544410227141369
11305.0,-0.07018675210810668
11310.0,-0.05021355530674303
11315.0,0.017143714191465487
11320.0,-0.0102009055459787
11325.0,0.02218481210092079
11330.0,0.031451808763325435
11335.0,0.024730430506577642
11340.0,-0.028058486962794477
11345.0,0.07423567069709715
11350.0,0.08557128833523452
11355.0,0.10708307645478221
11360.0,0.02246056116255664
11365.0,0.15014986633211713
11370.0,0.12483544339178414
11375.0,0.15541602428326998
11380.0,0.2360097237051368
11385.0,0.08774189139936751
11390.0,0.16584369639591207
11395.0,0.20064664186886208
11400.0,0.0935240252073562
11405.0,0.22606427152319636
11410.0,0.14850163490210316
11415.0,0.22638101912470338
11420.0,0.17508272620443888
11425.0,0.22391521628512712
11430.0,0.19247720451050837
11435.0,0.04497030388516857
11440.0,0.17525424150699973
11445.0,0.2061999350049385
11450.0,0.20696746314382553
11455.0,0.18735810413876175
11460.0,0.21455460658442493
11465.0,0.16617978573414416
11470.0,0.07569051070327634
11475.0,0.19923640097907627
11480.0,0.35624215452715635
11485.0,0.19974375147519313
11490.0,0.2116134206380318
11495.0,0.19694035539536844
11500.0,0.22336967209429223
11505.0,0.23610255296153193
11510.0,0.2110327198578664
11515.0,0.277613357532424
11520.0,0.2346127205674648
11525.0,0.2913867602530845
11530.0,0.1961538138753818
11535.0,0.15618726757398332
11540.0,0.23138252847155477
11545.0,0.15699456071389076
11550.0,0.21174548238031748
11555.0,0.19486282297773605
11560.0,0.27619983485653876
11565.0,0.17842228871708166
11570.0,0.10315395465313554
11575.0,0.23207259923376855
11580.0,0.1875004571749574
11585.0,0.14599411712395072
11590.0,0.1570273346153176
11595.0,0.1096402390071144
11600.0,0.1115660987053087
11605.0,0.12373351586631423
11610.0,0.09531903176141135
11615.0,0.1330336051132041
11620.0,0.04287352408834039
11625.0,0.12831143630883163
11630.0,0.11319745479016133
11635.0,0.05923235090688689
11640.0,-0.00303968835069561
11645.0,0.17715123153022488
11650.0,0.011658651480948232
11655.0,0.1372965165947849
11660.0,-0.0005941560942070712
11665.0,-0.0105266568567383
11670.0,-0.011621728055814622
11675.0,-0.02409094082030047
11680.0,-0.010815380358075041
11685.0,-0.08396325067560666
11690.0,-0.07027788930766467
11695.0,-0.08042475526678093
11700.0,0.009801210682595315
11705.0,-0.019004095485827918
11710.0,-0.040549227289521234
11715.0,-0.03579813614346827
11720.0,0.00604763291852628
11725.0,-0.07878494056289002
11730.0,-0.06842933941641684
11735.0,-0.108740810585244
11740.0,-0.11282548277627708
11745.0,-0.06165091724740915
11750.0,-0.13687532284786166
11755.0,-0.11914394404638083
11760.0,-0.106906446688587
11765.0,-0.03965334768802822
11770.0,-0.17524226504892843
11775.0,-0.18064841202273613
11780.0,-0.12050952083317577
11785.0,-0.11873016672251145
11790.0,-0.18645920587119919
11795.0,-0.13545357168978703
11800.0,-0.19116990016095026
11805.0,-0.1704206552031261
11810.0,-0.10579083630592798
11815.0,-0.13932290590369656
11820.0,-0.1034300285210315
11825.0,-0.23234134602870643
11830.0,-0.19053122801800074
11835.0,-0.10662495106420834
11840.0,-0.18882300060393725
11845.0,-0.1516923550285537
11850.0,-0.18908700673323414
11855.0,-0.2628681486456487
11860.0,-0.03095444739890396
11865.0,-0.16225038916438844
11870.0,-0.3104048386550063
11875.0,-0.20415247877244452
11880.0,-0.20822601087871231
11885.0,-0.20531744229437635
11890.0,-0.21433976617509204
11895.0,-0.1772789178904938
11900.0,-0.2077826840047817
11905.0,-0.12405300245754959
11910.0,-0.22141431252618257
11915.0,-0.17572439773875087
11920.0,-0.16458928820159344
11925.0,-0.1672844695736913
11930.0,-0.26002375712102344
11935.0,-0.16897180064801073
11940.0,-0.20540852878069768
11945.0,-0.18389501991511142
11950.0,-0.17756188393747557
11955.0,-0.16204128764974238
11960.0,-0.10150562343864802
11965.0,-0.13587627037371924
11970.0,-0.04224497849750024
11975.0,-0.1193285923225759
11980.0,-0.1799447769488383
11985.0,-0.12557431129258084
11990.0,-0.06731403928207941
11995.0,-0.04433328923685548
12000.0,-0.06469846830863457
12005.0,0.04702591038277544
12010.0,0.40599298534416983
12015.0,1.2277906981536832
12020.0,2.211460214204939
12025.0,2.2573409076883895
12030.0,1.391944517743551
12035.0,0.4937195543172009
12040.0,0.08978807255928128
12045.0,-0.0437744982762166
12050.0,-0.02163293559421688
12055.0,0.03471735726742999
12060.0,-0.03800962222858893
12065.0,-0.05636518847049867
12070.0,-0.013208936491717813
12075.0,0.11024664584874233
12080.0,0.022845673419363176
12085.0,0.05387365890077504
12090.0,0.016912553157300236
12095.0,-0.0035157986230568775
12100.0,0.06434966145645946
12105.0,0.06694335982924826
12110.0,0.03154319593904742
12115.0,0.11345815833944395
12120.0,0.2023800764072299
12125.0,0.045091589725894964
12130.0,0.037826642427596896
12135.0,0.1736057525620204
12140.0,0.025482946652818916
12145.0,0.07992151040909734
12150.0,0.13294925475943936
12155.0,0.13499400786876542
12160.0,0.19498478087325974
12165.0,0.08901096144551493
12170.0,0.17316808844936815
12175.0,0.17571705832444112
12180.0,0.23138578635984625
12185.0,0.14255580851029695
12190.0,0.154222186726566
12195.0,0.19716627136133189
12200.0,0.13848828773443272
12205.0,0.20698272913182206
12210.0,0.22030574855415014
12215.0,0.16159527762871384
12220.0,0.21697993643702515
12225.0,0.2562380112857529
12230.0,0.15889706801469197
12235.0,0.1872045825875602
12240.0,0.2350419806620019
12245.0,0.16539878108570766
12250.0,0.24228676128836854
12255.0,0.22042927102568383
12260.0,0.14747630020416475
12265.0,0.14320599522474275
12270.0,0.24769054976125424
12275.0,0.24497822721387008
12280.0,0.15139005867257
12285.0,0.18601837730437815
12290.0,0.17158671591909774
12295.0,0.12939529052939847
12300.0,0.09694263924724295
12305.0,0.18734809153831944
12310.0,0.16526301935207804
12315.0,0.19617170663040417
12320.0,0.25270376967159575
12325.0,0.29317974715529205
12330.0,0.13999013715931033
12335.0,0.04433867602576265
12340.0,0.25828994882273076
12345.0,0.1841889687521671
12350.0,0.15666737754512897
12355.0,0.12883169083844528
12360.0,0.16235307537375684
12365.0,0.09748503146085052
12370.0,0.06407197808392823
12375.0,0.08273983721630031
12380.0,0.15376377179037276
12385.0,0.09810064160290291
12390.0,0.11303052256118566
12395.0,0.11829805105917907
12400.0,0.025813034913214815
12405.0,0.0163154777802609
12410.0,0.02147063826177345
12415.0,0.022231626528505723
12420.0,0.03715738668378575
12425.0,0.017066257699449167
12430.0,0.003270886132431516
12435.0,0.02816650712946341
12440.0,0.04854919718792362
12445.0,0.047748296175227
12450.0,-0.05375694757188932
12455.0,-0.002694781782812756
12460.0,-0.06316496076821554
12465.0,-0.07693655980529582
12470.0,-0.1465552216013428
12475.0,-0.029005614754423557
12480.0,-0.056124083756469365
12485.0,-0.059693942123967995
12490.0,-0.028898247419646916
12495.0,-0.1682162869860353
12500.0,-0.15357837122432766
12505.0,-0.12716429536806356
12510.0,-0.07393313951998175
12515.0,-0.09973076743795624
12520.0,-0.19234864884894384
12525.0,-0.11264919982417584
12530.0,-0.09091688706530579
12535.0,-0.20705827558009454
12540.0,-0.17988772004355796
12545.0,-0.19482596246675352
12550.0,-0.09450571033773404
12555.0,-0.25383870177624973
12560.0,-0.11138999930599855
12565.0,-0.11016996233278037
12570.0,-0.125998203259375
12575.0,-0.19570612867425824
12580.0,-0.12833413979847266
12585.0,-0.09145360573606427
12590.0,-0.19512950846696298
12595.0,-0.19421884672741588
12600.0,-0.2764638150722414
12605.0,-0.1355049178377395
12610.0,-0.19674448635066383
12615.0,-0.14803339822074998
12620.0,-0.2842685811032388
12625.0,-0.249500468301238
12630.0,-0.20251674793297472
12635.0,-0.1424437975571699
12640.0,-0.1849127372667638
12645.0,-0.20664927237492628
12650.0,-0.17335310281142707
12655.0,-0.20506437715924283
12660.0,-0.1381905886850851
12665.0,-0.14288376249387252
12670.0,-0.16364448131316228
12675.0,-0.19107557790591306
12680.0,-0.24296733136887388
12685.0,-0.10937561368941712
12690.0,-0.18051586708026235
12695.0,-0.19592013939712724
12700.0,-0.12009263137417445
12705.0,-0.20200964143426547
12710.0,-0.06902518443050008
12715.0,-0.08710069337150983
12720.0,-0.24450048014185388
12725.0,-0.2242654960938316
12730.0,-0.1113186928459427
12735.0,-0.09228762735799388
12740.0,-0.09938594955828728
12745.0,-0.10311723359670591
12750.0,-0.15016588663331903
12755.0,-0.08345096242289914
12760.0,-0.09076975411404108
12765.0,-0.03788723877498944
12770.0,-0.0016167024199670033
12775.0,-0.01769954672583169
12780.0,-0.06863829759153486
12785.0,-0.023461191300602445
12790.0,-0.030087447711781113
12795.0,-0.12174939798933138
12800.0,0.07591887957241203
12805.0,-0.00556139539506279
12810.0,-0.09143911704995783
12815.0,0.009176546788878175
12820.0,-0.012971496246463182
12825.0,0.11267988586157474
12830.0,0.006641774030216423
12835.0,0.13538609629619022
12840.0,0.027123457362258928
12845.0,0.06324517957395005
12850.0,0.04730468314226722
12855.0,0.015361667455009505
12860.0,0.032651896879252594
12865.0,0.0959536413159946
12870.0,0.05218438743060776
12875.0,0.12396304979293832
12880.0,0.10449301118658073
12885.0,0.2401387042227675
12890.0,0.40247449553606146
12895.0,1.0940612212281684
12900.0,2.135531831333684
12905.0,2.656148964530082
12910.0,2.13619372794768
12915.0,1.005532669223098
12920.0,0.3040300327975496
12925.0,0.13658388949120803
12930.0,0.16095612095166073
12935.0,0.16682074883342107
12940.0,0.19339489343150823
12945.0,0.10948966625032917
12950.0,0.2136415086955028
12955.0,0.17902972774370043
12960.0,0.13992003949600457
12965.0,0.07566481420983766
12970.0,0.11749825534815951
12975.0,0.24508189632486216
12980.0,0.21978356485823475
12985.0,0.1924410437442292
12990.0,0.2663079767656606
12995.0,0.20897104424853094
13000.0,0.2403637486478719
13005.0,0.16477863614141652
13010.0,0.2211706952002748
13015.0,0.13616610283948138
13020.0,0.21605882977031346
13025.0,0.22025717959256783
13030.0,0.21230928146184486
13035.0,0.3154789015432083
13040.0,0.19647292171844583
13045.0,0.16539966115787727
13050.0,0.1671191696710802
13055.0,0.11707541160335001
13060.0,0.13265342233567642
13065.0,0.17374895091388978
13070.0,0.13394565400569408
13075.0,0.197997660757174
13080.0,0.2055412473346597
13085.0,0.2475545359679494
13090.0,0.24968249501346462
13095.0,0.12796834976900254
13100.0,0.13883703281251344
13105.0,0.11176076309592807
13110.0,0.05693332016098954
13115.0,0.05195431799207921
13120.0,0.14292706537554126
13125.0,0.08617193275519773
13130.0,0.19100304921993927
13135.0,0.09533081750236373
13140.0,0.00012982901243341338
13145.0,0.08560651597779
13150.0,0.047386402379496706
13155.0,-0.002454238144984938
13160.0,0.0623957465131582
13165.0,0.11089154439101664
13170.0,-0.011231420195103564
13175.0,-0.017647356192727892
13180.0,0.03015341746725332
13185.0,-0.007247328627684107
13190.0,0.016506678981168352
13195.0,0.013513291418329635
13200.0,0.03575614185213183
13205.0,-0.11781970851780123
13210.0,-0.06287721137409102
13215.0,0.059097198574026406
13220.0,0.027088913397141923
13225.0,-0.044124625852735085
13230.0,-0.05793581238937213
13235.0,-0.12436230252303557
13240.0,-0.09866354668830185
13245.0,-0.012191662676447126
13250.0,-0.13729363947124348
13255.0,-0.147170370671633
13260.0,-0.08886020582573423
13265.0,-0.09068423036955517
13270.0,-0.08054298499956407
13275.0,-0.05017265681161723
13280.0,-0.13816133433690642
13285.0,-0.1473402281994673
13290.0,-0.12235820917768989
13295.0,-0.15288193080107018
13300.0,-0.22759546267571856
13305.0,-0.10124829052436594
13310.0,-0.23472742894806442
13315.0,-0.19184843436560328
13320.0,-0.2124007863904589
13325.0,-0.1552853296889586
13330.0,-0.22195812607081955
13335.0,-0.26534610862100655
13340.0,-0.17237034616998162
13345.0,-0.21240480968421901
13350.0,-0.21790197564700062
13355.0,-0.27728398753396766
13360.0,-0.23576034796577786
13365.0,-0.22964921054853746
13370.0,-0.2119534690649701
13375.0,-0.1608440299233943
13380.0,-0.2693499277075321
13385.0,-0.20397154520479333
13390.0,-0.18129698175836095
13395.0,-0.12441050284661072
13400.0,-0.21589152212035456
13405.0,-0.21452468771153482
13410.0,-0.1958295962691192
13415.0,-0.26568050995327996
13420.0,-0.277692826978608
13425.0,-0.20088186357007573
13430.0,-0.14347359906883272
13435.0,-0.13517878090646482
13440.0,-0.2598171801736347
13445.0,-0.16347898106641193
13450.0,-0.16431011790677866
13455.0,-0.22363864295305458
13460.0,-0.18325717372887437
13465.0,-0.19742130306992692
13470.0,-0.09428585277825222
13475.0,-0.21237336589840217
13480.0,-0.0988122306069725
13485.0,-0.17505647481484407
13490.0,-0.20151508756716108
13495.0,-0.009406344973454384
13500.0,-0.16690146258718264
13505.0,-0.14835723063872092
13510.0,-0.08844373744636959
13515.0,-0.06030442533539296
13520.0,-0.08635472424624657
13525.0,-0.07261654290961485
13530.0,-0.016688741113096386
13535.0,-0.097794291195922
13540.0,-0.08062020730056828
13545.0,0.03322134682891745
13550.0,-0.012549320932166715
13555.0,-0.13436894471787192
13560.0,-0.12529052480083355
13565.0,-0.03381891845323081
13570.0,0.07799216637576807
13575.0,0.0580338061919885
13580.0,0.037803487078270456
13585.0,0.11843997624085868
13590.0,0.057881790812567155
13595.0,0.10452320212538299
13600.0,0.07922397083880528
13605.0,0.09209814793073814
13610.0,0.0594669953244745
13615.0,-0.02216141399084505
13620.0,0.052230137011013505
13625.0,0.07877731139942058
13630.0,0.1717269923569223
13635.0,0.05461576347882881
13640.0,0.09675518084801167
13645.0,0.133417009615502
13650.0,0.1579123418692714
13655.0,0.23939022340386912
13660.0,0.13589738018165873
13665.0,0.17551473595464617
13670.0,0.10031784134158214
13675.0,0.16107107509066548
13680.0,0.1686606481471891
13685.0,0.14627380278908544
13690.0,0.1950650389296246
13695.0,0.07225896605614796
13700.0,0.1619660815137205
13705.0,0.182137355794646
13710.0,0.1614541536766674
13715.0,0.22197503569151925
13720.0,0.24299300122470738
13725.0,0.14251477530379864
13730.0,0.20005473433503668
13735.0,0.2024965036343609
13740.0,0.16807404555860733
13745.0,0.09717959952904981
13750.0,0.29245921659023755
13755.0,0.25235852559298194
13760.0,0.36057073139393486
13765.0,0.8814008142538674
13770.0,1.8253072171762779
13775.0,2.7067203164554434
13780.0,2.449703660440694
13785.0,1.505255583592647
13790.0,0.6647172486079804
13795.0,0.29897803484273733
13800.0,0.13152064856529433
13805.0,0.21337884049163885
13810.0,0.11426991732219662
13815.0,0.19203221144583696
13820.0,0.17841818646827204
13825.0,0.16497416543806429
13830.0,0.24057668116982311
13835.0,0.13536197448391604
13840.0,0.18615390905626597
13845.0,0.15838576512375827
13850.0,0.07103068573768417
13855.0,0.10471022907436861
13860.0,0.1518379739289773
13865.0,0.18738788746743681
13870.0,0.043601085687067775
13875.0,0.09195129442204256
13880.0,0.05759502060802613
13885.0,0.07202520326763746
13890.0,0.05249813613065511
13895.0,0.11632265536675672
13900.0,0.011807107112066659
13905.0,0.0767374492055291
13910.0,0.01546416994678327
13915.0,0.05903774297496929
13920.0,0.05847607259964048
13925.0,0.03414339605610843
13930.0,0.019058119505085312
13935.0,0.021612082596283146
13940.0,0.004886491364520653
13945.0,-0.0004322074560224329
13950.0,0.03314523895595882
13955.0,-0.004644844361501338
13960.0,-0.10222750756169555
13965.0,-0.0567459781225923
13970.0,-0.10034100708526461
13975.0,-0.01138199372404479
13980.0,-0.045538841001618535
13985.0,0.008183842536484076
13990.0,-0.045735607950458945
13995.0,-0.18005418571053522
14000.0,-0.13351575736510352
14005.0,-0.047135483395621014
14010.0,-0.03546276287091254
14015.0,-0.2057867686146766
14020.0,-0.11063312916073782
14025.0,-0.0913874039528399
14030.0,-0.14731257370670556
14035.0,-0.12706301840763662
14040.0,-0.14258117022208616
14045.0,-0.14582534088417973
14050.0,-0.16932265259755333
14055.0,-0.07323167866575223
14060.0,-0.0908571056306964
14065.0,-0.17052918597707628
14070.0,-0.1206186037056024
14075.0,-0.17403272008566031
14080.0,-0.18180668821177487
14085.0,-0.2142714109744566
14090.0,-0.17155226139415045
14095.0,-0.21727215224948013
14100.0,-0.1274294976165397
14105.0,-0.14777588846910483
14110.0,-0.21553559590695998
14115.0,-0.19357024864348385
14120.0,-0.15893037355005124
14125.0,-0.18845824301044137
14130.0,-0.24345656339183552
14135.0,-0.16493374572142033
14140.0,-0.21045227868348818
14145.0,-0.13063944043191106
14150.0,-0.12441104501696411
14155.0,-0.20569865645698623
14160.0,-0.14744119937422642
14165.0,-0.2645610412531352
14170.0,-0.18871743387245285
14175.0,-0.21126815744389765
14180.0,-0.13518371365327733
14185.0,-0.17016681429057323
14190.0,-0.2119595604556213
14195.0,-0.21591450041256416
14200.0,-0.23825974112093862
14205.0,-0.1631825172373516
14210.0,-0.1087804845073667
14215.0,-0.16560835003062407
14220.0,-0.14081063437014804
14225.0,-0.2289000484323388
14230.0,-0.10384936673979858
14235.0,-0.19017397997002694
14240.0,-0.1203092571337713
14245.0,-0.17177680263370398
14250.0,-0.1407481791487546
14255.0,-0.12527322825891324
14260.0,-0.04169426580774655
14265.0,-0.11050710601041987
14270.0,-0.07382401720495778
14275.0,-0.07546520414264399
14280.0,-0.11271030000468207
14285.0,-0.09448204215091786
14290.0,-0.16538666892539677
14295.0,-0.00813902731100808
14300.0,0.03302112732372964
14305.0,-0.053548099500378754
14310.0,-0.06742910442740772
14315.0,-0.04493659557327074
14320.0,-0.0818706084142744
14325.0,-0.052026656385068905
14330.0,0.052977647197787595
14335.0,0.04707071087392383
14340.0,0.07097176824085932
14345.0,-0.01437531148406402
14350.0,-0.004596082540485685
14355.0,0.0005583736746177792
14360.0,0.07218199215976114
14365.0,0.010760281205160517
14370.0,0.03690676116371664
14375.0,0.038421033067387214
14380.0,0.0763215240957537
14385.0,-0.012261226819795287
14390.0,0.04036610150856027
14395.0,0.11800625206119221
14400.0,0.04981940792047013
14405.0,0.0946271623512184
14410.0,0.11979496040164528
14415.0,0.10383041818492045
14420.0,0.1800732375907272
14425.0,0.12803606196537323
14430.0,0.06675569946200169
14435.0,0.12273846236297113
14440.0,0.14955769983813463
14445.0,0.13473521755304851
14450.0,0.2517844811092944
14455.0,0.1975444573370514
14460.0,0.19802941831957835
14465.0,0.2501788115473077
14470.0,0.2232050500653503
14475.0,0.18739282806462257
14480.0,0.2205749687467576
14485.0,0.28234596205870593
14490.0,0.18570042117615443
14495.0,0.21401165664002908
14500.0,0.24803120950428142
14505.0,0.14659643986704984
14510.0,0.1449662162104523
14515.0,0.19472132738771503
14520.0,0.152126154033474
14525.0,0.21147107153475733
14530.0,0.17447548144227354
14535.0,0.20211372629113358
14540.0,0.21492605535540432
14545.0,0.15234568745787044
14550.0,0.21703391849110532
14555.0,0.2666695495533469
14560.0,0.1920953321363112
14565.0,0.13865127583381637
14570.0,0.16622687723859778
14575.0,0.18105878623212962
14580.0,0.1763409829231653
14585.0,0.1678131264831528
14590.0,0.11905650692827124
14595.0,0.2342455260439197
14600.0,0.24436930252542688
14605.0,0.15443774371401023
14610.0,0.13058002830260776
14615.0,0.12693417274501234
14620.0,0.2808953246530072
14625.0,0.42832185907851117
14630.0,1.1207289566711713
14635.0,2.128220039656355
14640.0,2.6571877973545264
14645.0,1.971817618634041
14650.0,0.9124539192392651
14655.0,0.25715261932700395
14660.0,-0.026559800428863814
14665.0,0.09063485857947348
14670.0,-0.0010606551481995435
14675.0,0.02914836195570589
14680.0,-0.0021523486844259726
14685.0,0.16407736358412056
14690.0,-0.10759212681917771
14695.0,0.009441478190594578
14700.0,0.04142742915048775
14705.0,-0.0956946443163509
14710.0,-0.030918213654766248
14715.0,0.0071025419546573675
14720.0,-0.06309927873998857
14725.0,0.05419129480727381
14730.0,0.05059751080457892
14735.0,-0.006186340373752736
14740.0,-0.06745476246165075
14745.0,-0.08000089397106294
14750.0,-0.06994989348696037
14755.0,-0.1135363769400049
14760.0,-0.024283478186979915
14765.0,-0.10053383208704503
14770.0,-0.20786246939331843
14775.0,-0.17086056475154898
14780.0,-0.09141872118284343
14785.0,-0.09714468577927748
14790.0,-0.12980852372747664
14795.0,-0.20184218447317753
14800.0,-0.225468367485403
14805.0,-0.1816095641473095
14810.0,-0.11113941885543137
14815.0,-0.12124040678331816
14820.0,-0.12678982109866851
14825.0,-0.19557335077628302
14830.0,-0.18523834707142764
14835.0,-0.14739507560484177
14840.0,-0.19225025066180132
14845.0,-0.20932620071063535
14850.0,-0.2759918237765353
14855.0,-0.14743771242213735
14860.0,-0.1686808709357579
14865.0,-0.2601382909835257
14870.0,-0.17349852128389173
14875.0,-0.17860813439375225
14880.0,-0.23026917990701562
14885.0,-0.18541491287306505
14890.0,-0.13802195784940324
14895.0,-0.17284613851677244
14900.0,-0.2401720939594698
14905.0,-0.2096587174961698
14910.0,-0.24993011227793344
14915.0,-0.24828180710686695
14920.0,-0.16940950620825884
14925.0,-0.23005251865285758
14930.0,-0.2414133106565921
14935.0,-0.21404614491952303
14940.0,-0.27277060936185715
14945.0,-0.1647332190698927
14950.0,-0.17402768326550708
14955.0,-0.23152276235639146
14960.0,-0.12249808803490048
14965.0,-0.1308752485333469
14970.0,-0.14190193265137874
14975.0,-0.08650933073136902
14980.0,-0.09310706459832263
14985.0,-0.06842398839790213
14990.0,-0.143614984929966
14995.0,-0.10700369501055661
15000.0,-0.12600863764535242
15005.0,-0.06047281493083637
15010.0,-0.1381479560298001
15015.0,-0.027908614473051763
15020.0,0.01825015009174251
15025.0,-0.15359467001527832
15030.0,-0.031934671259181154
15035.0,-0.07761249150358199
15040.0,0.0667016463588025
15045.0,-0.04975717791303816
15050.0,-0.012468091209688122
15055.0,-0.0059998480882439
15060.0,-0.1002927606341036
15065.0,-0.015943433308086518
15070.0,-0.05878301657652218
15075.0,-0.06453129603050267
15080.0,-0.001194137579394278
15085.0,0.002142584449857858
15090.0,0.0939398980320349
15095.0,0.02230268212420912
15100.0,0.023849212317908666
15105.0,0.07038904148589786
15110.0,0.03310033365848458
15115.0,0.06994828982970323
15120.0,0.10703781343040517
15125.0,0.030713391743198495
15130.0,0.1978134058335913
15135.0,0.0556427938168667
15140.0,0.1384510444958322
15145.0,0.04666946616489222
15150.0,0.08827335917566784
15155.0,0.02910707189522249
15160.0,0.04391064172247419
15165.0,0.15904886452197833
15170.0,0.014413283402113952
15175.0,0.14141155570299294
15180.0,0.010696889399097104
15185.0,0.1929416149523815
15190.0,0.14579554387723914
15195.0,0.1444838418254185
15200.0,0.22114357436730317
15205.0,0.1560558272073905
15210.0,0.18434561029449986
15215.0,0.13544332442653967
15220.0,0.19718047987969445
15225.0,0.22823430565216332
15230.0,0.12810194533244318
15235.0,0.2746134345414425
15240.0,0.25004589797782223
15245.0,0.14917196850415768
15250.0,0.21635770859781647
15255.0,0.3554153096190864
15260.0,0.10540828213368172
15265.0,0.13614009836942914
15270.0,0.15560931373882972
15275.0,0.29612697136239263
15280.0,0.211197883461926
15285.0,0.11457836265262585
15290.0,0.25066031386005916
15295.0,0.20912943182714386
15300.0,0.21867105136053133
15305.0,0.211938968047527
15310.0,0.1954582761521085
15315.0,0.14193964888169636
15320.0,0.16446561737511783
15325.0,0.19500895896504428
15330.0,0.21555178652198564
15335.0,0.2068373558156753
15340.0,0.10114198287058125
15345.0,0.08551552318508562
15350.0,0.20815078844682033
15355.0,0.1524547437968288
15360.0,0.1662881621385668
15365.0,0.15519126435717875
15370.0,0.13414855710081505
15375.0,0.08107736550770288
15380.0,0.028475960797107888
15385.0,0.12134602260562681
15390.0,0.11401713698863208
15395.0,0.06208453261114555
15400.0,0.07414354039208636
15405.0,0.07441480196347781
15410.0,0.06753255348605502
15415.0,0.05948394218695662
15420.0,0.03564112640261204
15425.0,0.06140871572750415
15430.0,-0.0262092306832788
15435.0,0.09931300973288044
15440.0,-0.013475196795449007
15445.0,0.04104673177456977
15450.0,-0.12402255024053978
15455.0,-0.002195093057885734
15460.0,-0.061400357333916196
15465.0,-0.1178551952935886
15470.0,-0.002165643172043881
15475.0,-0.0035970866252446818
15480.0,0.060464165651269455
15485.0,0.5262739817690976
15490.0,1.4499937394960984
15495.0,2.2848508560609337
15500.0,2.140119452688737
15505.0,1.2362942660851168
15510.0,0.38695464569743554
15515.0,0.02552952134855259
15520.0,-0.18676098910949987
15525.0,-0.14249575262917072
15530.0,-0.16964624957207589
15535.0,-0.1393915174266374
15540.0,-0.16557545098945156
15545.0,-0.1396965660330727
15550.0,-0.05825831210881066
15555.0,-0.14545726669579426
15560.0,-0.27481478341389803
15565.0,-0.17272093757346252
15570.0,-0.1759559391733651
15575.0,-0.19506155477642334
15580.0,-0.2137816352707425
15585.0,-0.24793611769172175
15590.0,-0.2133364650413036
15595.0,-0.12522846923546907
15600.0,-0.15485014349446471
15605.0,-0.16354681637795282
15610.0,-0.22900257186463813
15615.0,-0.253831579402587
15620.0,-0.17351856786052297
15625.0,-0.19029606189178655
15630.0,-0.11426305392667832
15635.0,-0.20703291083261777
15640.0,-0.22942577060327063
15645.0,-0.18347443955321868
15650.0,-0.28632831338094544
15655.0,-0.19417461745841455
15660.0,-0.1828803996616755
15665.0,-0.14281633274423977
15670.0,-0.30253136684692783
15675.0,-0.12985217440037466
15680.0,-0.19465415654923326
15685.0,-0.19538332479149245
15690.0,-0.15534006204767023
15695.0,-0.23642805114715357
15700.0,-0.10187190665772139
15705.0,-0.17436503063727368
15710.0,-0.21065702322173888
15715.0,-0.17439033978423285
15720.0,-0.17175864171204092
15725.0,-0.11053909669599062
15730.0,-0.1268549505788512
15735.0,-0.15519729906868304
15740.0,-0.06430174289189326
15745.0,-0.1856134125180145
15750.0,-0.20507312249409776
15755.0,-0.1891673416010332
15760.0,-0.08634207559975572
15765.0,-0.2140215096762912
15770.0,-0.050189662975454324
15775.0,-0.10942092127613443
15780.0,-0.02349103820960753
15785.0,-0.12822437769448453
15790.0,-0.0586830064406329
15795.0,-0.0795281431188497
15800.0,-0.021181386908164103
15805.0,-0.09613629330148223
15810.0,-0.013880540491204414
15815.0,-0.14349831901034035
15820.0,-0.0032486058530315186
15825.0,-0.012826262774832016
15830.0,0.04465813447360943
15835.0,-0.05668820944992081
15840.0,0.013215584863449545
15845.0,0.05597154533606809
15850.0,0.004508424901355803
15855.0,0.15055693833261108
15860.0,0.07384952761699937
15865.0,0.003959142012209212
15870.0,0.00027501695723484293
15875.0,0.12800418981209027
15880.0,0.13184516960232892
15885.0,0.1311000658309503
15890.0,-0.015901867854267893
15895.0,0.11560723993972628
15900.0,0.09676895844393038
15905.0,0.24057471808781686
15910.0,0.07808037017102211
15915.0,0.13759811026973248
15920.0,0.06850155867974592
15925.0,0.07367639456136381
15930.0,0.11638379227382036
15935.0,0.13920917191637028
15940.0,0.1503380047539983
15945.0,0.10641038556451335
15950.0,0.1395281463258172
15955.0,0.23641028153078075
15960.0,0.20354935077791772
15965.0,0.29178614685774756
15970.0,0.14425956372368348
15975.0,0.15390764808321974
15980.0,0.37342568699259504
15985.0,0.22248162993277945
15990.0,0.20840446325947412
15995.0,0.20219916928708606
16000.0,0.1807469184000104
16005.0,0.11940692829341762
16010.0,0.15044251392862243
16015.0,0.18330285841692637
16020.0,0.15291519944545137
16025.0,0.1409978297856321
16030.0,0.24145766586858156
16035.0,0.1738616735530208
16040.0,0.2508049103192993
16045.0,0.19291890883221097
16050.0,0.14638171505113115
16055.0,0.26678290334415544
16060.0,0.24401408100159763
16065.0,0.23221835558275017
16070.0,0.1406521256694327
16075.0,0.17892306405177716
16080.0,0.1783484975525488
16085.0,0.14799995452332057
16090.0,0.15219346553574864
16095.0,0.17770091538748353
16100.0,0.2519064322778445
16105.0,0.08869940366880334
16110.0,0.1093255149113819
16115.0,0.18461725558740216
16120.0,0.09255813195008594
16125.0,0.20479761932179874
16130.0,0.19699998458790957
16135.0,0.019526579444710007
16140.0,0.10646828268093955
16145.0,0.15271163522000916
16150.0,0.12738256206330992
16155.0,0.1085436336659937
16160.0,0.06056972956240737
16165.0,0.06186252116216111
16170.0,0.11813029680496305
16175.0,0.05345423318334222
16180.0,0.09634046408384372
16185.0,0.0028870606012278074
16190.0,0.06378519559018606
16195.0,0.08232386916705947
16200.0,-0.019634412228046565
16205.0,-0.03580881320792485
16210.0,0.02533750710152125
16215.0,0.0903928991359554
16220.0,0.030465817807173994
16225.0,0.03969738463718517
16230.0,0.012283048751862757
16235.0,-0.07858472022788462
16240.0,-0.022304238669539077
16245.0,-0.09206004653643524
16250.0,-0.047961827388161474
16255.0,-0.03304825712180283
16260.0,-0.15180697537680157
16265.0,-0.08193646131894516
16270.0,-0.10669108362471884
16275.0,-0.12631955050458266
16280.0,-0.08223623643739986
16285.0,-0.16020061167831443
16290.0,-0.21426346830448545
16295.0,-0.14074737677149762
16300.0,-0.12013418243421678
16305.0,-0.11293320558793761
16310.0,-0.11977339519260446
16315.0,-0.22945599542365577
16320.0,-0.17381575943135147
16325.0,-0.17699807708638712
16330.0,-0.22357012908799898
16335.0,-0.08128463556111308
16340.0,0.36713299787192977
16345.0,1.318785675768743
16350.0,2.1032751763056536
16355.0,2.1269615019603547
16360.0,1.2297132246616813
16365.0,0.38748611381177667
16370.0,-0.23147664141398377
16375.0,-0.1420176740189966
16380.0,-0.21155956298907466
16385.0,-0.23008422431634568
16390.0,-0.16714105624475184
16395.0,-0.1789639159468106
16400.0,-0.1686749239772575
16405.0,-0.15969276716790562
16410.0,-0.2142206756051552
16415.0,-0.2265012006861854
16420.0,-0.1810195773335591
16425.0,-0.21898583356120624
16430.0,-0.1896628241020109
16435.0,-0.20099195948598367
16440.0,-0.21248265005896738
16445.0,-0.1707865691178433
16450.0,-0.11062309395962475
16455.0,-0.22539279274101126
16460.0,-0.16282832696199878
16465.0,-0.18427265360126494
16470.0,-0.11695365755256149
16475.0,-0.18879923538830354
16480.0,-0.1056403423178589
16485.0,-0.1801508770219339
16490.0,-0.23817058916073663
16495.0,-0.05531486032170428
16500.0,-0.07688216790195146
16505.0,-0.0693283548509836
16510.0,-0.14083088688689516
16515.0,-0.15729287971751138
16520.0,-0.12144048280444714
16525.0,-0.0693073835261662
16530.0,-0.08993999407070197
16535.0,0.007883444978933715
16540.0,-0.12870498543844777
16545.0,0.042089721036534744
16550.0,-0.0995813849893759
16555.0,-0.12887844395043463
16560.0,-0.13254725491999814
16565.0,-0.05206246239889603
16570.0,0.009758537323065457
16575.0,0.024718328522727585
16580.0,-0.07663953672828037
16585.0,-0.053891715805503344
16590.0,-0.04012551182527137
16595.0,0.021449515120988354
16600.0,0.03371513220443618
16605.0,-0.06554077185563376
16610.0,0.03362482358767617
16615.0,0.04576554463053784
16620.0,0.026299456815833365
16625.0,0.01867865895757337
16630.0,0.012211487943938212
16635.0,0.06150921830749527
16640.0,0.004226618150226569
16645.0,0.05696017463308914
16650.0,0.017679785317105345
16655.0,0.1136401024044145
16660.0,0.10484586182582616
16665.0,0.20312715807137524
16670.0,0.21974428093118953
16675.0,0.1910745213436954
16680.0,0.10704285086568284
16685.0,0.1048068008331032
16690.0,0.08672749444944301
16695.0,0.20281305608189493
16700.0,0.09972029572623059
16705.0,0.15073871120946952
16710.0,0.15091944844162486
16715.0,0.18063346662195695
16720.0,0.21601447915873873
16725.0,0.1496431344500011
16730.0,0.21530627024187368
16735.0,0.09975605397145276
16740.0,0.21434439732463478
16745.0,0.22026234198243727
16750.0,0.220097928174449
16755.0,0.21510703440459789
16760.0,0.29661882654625377
16765.0,0.1904038069846232
16770.0,0.2651905127089894
16775.0,0.23636981781653743
16780.0,0.23484356100614429
16785.0,0.13332724137930074
16790.0,0.19558068865249445
16795.0,0.17336847043932058
16800.0,0.21691992854604653
16805.0,0.23793467815905597
16810.0,0.19874007138403266
16815.0,0.19443950010603592
16820.0,0.18895215390549638
16825.0,0.1941606959502104
16830.0,0.21865243018126962
16835.0,0.20020783429249597
16840.0,0.19784701465220297
16845.0,0.18791965193586016
16850.0,0.16468138108592692
16855.0,0.11298639029460755
16860.0,0.09717077046896695
16865.0,0.12090667467950303
16870.0,0.10783117200956706
16875.0,0.1058708754541505
16880.0,0.05899571304823016
16885.0,0.24907758193904428
16890.0,0.11110582395897844
16895.0,0.12936014215556965
16900.0,0.06014423519417127
16905.0,0.09358564151613447
16910.0,0.14845163735666353
16915.0,0.07930835751328964
16920.0,0.07540858653858322
16925.0,0.039282566093162864
16930.0,0.02548728789342472
16935.0,0.015305356758501018
16940.0,0.056262544254234034
16945.0,0.012199610197537153
16950.0,0.08120754588922638
16955.0,0.006330156475874489
16960.0,-0.08011256332120041
16965.0,0.060162658301329296
16970.0,-0.0019626279471238487
16975.0,-0.03400421457647767
16980.0,-0.08291974927167065
16985.0,-0.04418462610151091
16990.0,-0.055915537100837846
16995.0,0.04010494681171294
17000.0,-0.05593592897269835
17005.0,-0.1253497308528575
17010.0,-0.12835207995321957
17015.0,-0.17256324325973135
17020.0,-0.09405277057232296
17025.0,-0.01212549928738707
17030.0,-0.034328197782737824
17035.0,-0.1235642522089723
17040.0,-0.1793956936862844
17045.0,-0.16299277267619108
17050.0,-0.20527748562915527
17055.0,-0.11487705628752652
17060.0,-0.11410021341721434
17065.0,-0.19315912129454751
17070.0,-0.12821841159246342
17075.0,-0.18700455958060758
17080.0,-0.21795141558702974
17085.0,-0.14698226933888517
17090.0,-0.15858023450790273
17095.0,-0.19621414754233926
17100.0,-0.22826186261173942
17105.0,-0.22834824638802223
17110.0,-0.166888200595252
17115.0,-0.11816238776220672
17120.0,-0.187467653052727
17125.0,-0.18095280517498452
17130.0,-0.051441650798866784
17135.0,-0.1754210382368499
17140.0,-0.27480460246320637
17145.0,-0.15218803165629202
17150.0,-0.21847091247541733
17155.0,-0.1917494798562844
17160.0,-0.1776271372541052
17165.0,-0.13225954284915908
17170.0,-0.1571060918800862
17175.0,-0.1244596513785897
17180.0,-0.1806664638819137
17185.0,-0.21809968098533444
17190.0,-0.1305361622367314
17195.0,0.2206284106804629
17200.0,1.0264474073991596
17205.0,2.0141864382057766
17210.0,2.3521911405812372
17215.0,1.3315596476587697
17220.0,0.4298642070196834
17225.0,0.015611012189671685
17230.0,-0.18660503239851223
17235.0,-0.19605641842860336
17240.0,-0.13055465068145897
17245.0,-0.1386477510551313
17250.0,-0.10550421006974872
17255.0,-0.12972097020795878
17260.0,-0.1298514495312298
17265.0,-0.14454353278421642
17270.0,-0.11963044773811778
17275.0,-0.16490867398549952
17280.0,-0.033044792882565774
17285.0,-0.04033324901933927
17290.0,-0.06744880047476211
17295.0,0.023824459249674704
17300.0,-0.10932856401161868
17305.0,0.029770292461734682
17310.0,-0.09839534356626993
17315.0,-0.1502209615216005
17320.0,-0.06024714588744924
17325.0,-0.034640503573021446
17330.0,-0.08603174964066546
17335.0,-0.01868106904412011
17340.0,0.0008068265144077079
17345.0,0.011801685828877972
17350.0,-0.03842289810897512
17355.0,-0.018039815135681106
17360.0,-0.08564958649038723
17365.0,-0.03104524974879485
17370.0,0.0875443581865651
17375.0,0.05689106064059969
17380.0,-0.08434540873143226
17385.0,0.029151519396828834
17390.0,0.0028315051600673463
17395.0,0.06914372984947038
17400.0,0.08781388657494409
17405.0,0.1317926929531467
17410.0,0.14821364059923087
17415.0,0.02943935206717642
17420.0,0.12789954566331682
17425.0,0.12346466244559676
17430.0,0.15263175164929227
17435.0,0.07392051234462639
17440.0,0.20002401229565483
17445.0,0.1460279363284836
17450.0,0.19155062115262916
17455.0,0.15892603551387327
17460.0,0.13931212178453264
17465.0,0.1702721628596085
17470.0,0.24596380797061376
17475.0,0.17084934834302423
17480.0,0.18969529791874498
17485.0,0.17599711024901027
17490.0,0.13772361012068424
17495.0,0.2364280543671387
17500.0,0.1431484710476883
17505.0,0.14963064271630674
17510.0,0.24044948483344034
17515.0,0.3191134626346534
17520.0,0.21206243159674415
17525.0,0.1936216960869142
17530.0,0.18681618811973927
17535.0,0.24907080182625568
17540.0,0.2665188544944365
17545.0,0.19328406393723138
17550.0,0.1782429473825754
17555.0,0.15991585695088023
17560.0,0.1299626575954011
17565.0,0.10507590552848442
17570.0,0.2959206843299645
17575.0,0.13489885015372866
17580.0,0.22361915254122813
17585.0,0.17475303731879133
17590.0,0.1846346140624059
17595.0,0.24351040900423382
17600.0,0.14144950664744663
17605.0,0.14273217275311642
17610.0,0.10781466139697697
17615.0,0.17486705134516103
17620.0,0.19658937961816675
17625.0,0.11986662713570805
17630.0,0.1470557337879344
17635.0,0.15167277117729489
17640.0,0.1414575878064407
17645.0,0.12690407468359513
17650.0,0.1318485511899963
17655.0,0.12944648539786552
17660.0,0.1053471128224745
17665.0,0.0843799046126289
17670.0,0.03237058244528634
17675.0,-0.009618265672308973
17680.0,-0.0032345149957194452
17685.0,0.04575805442888197
17690.0,0.0583478736251379
17695.0,0.05595434447888386
17700.0,0.0835030080999232
17705.0,0.05784349488270188
17710.0,0.11701656172514784
17715.0,0.06234216237801763
17720.0,0.040939138960197054
17725.0,-0.0170952476511476
17730.0,0.05186562721073232
17735.0,-0.02402960121278026
17740.0,-0.022119907460358718
17745.0,0.060215438587177726
17750.0,-0.09382416723746892
17755.0,0.0030584607238784284
17760.0,-0.028279644358544825
17765.0,-0.12261460804912176
17770.0,-0.03211847246416042
17775.0,-0.0674816607825148
17780.0,-0.1732568418426304
17785.0,-0.09861995177716648
17790.0,-0.09366609209102321
17795.0,-0.19101610641133543
17800.0,-0.2196921994212347
17805.0,-0.09165910131752347
17810.0,-0.09681505491822094
17815.0,-0.13921333226525248
17820.0,-0.18290256714293326
17825.0,-0.15050015660598431
17830.0,-0.15194644995147288
17835.0,-0.0665684549157271
17840.0,-0.2508932611960441
17845.0,-0.0763179353878781
17850.0,-0.219866205355971
17855.0,-0.14181762603378087
17860.0,-0.15922483913923102
17865.0,-0.1935331035273219
17870.0,-0.1607426037695955
17875.0,-0.23248026448889492
17880.0,-0.18792283665201404
17885.0,-0.18451603774101094
17890.0,-0.13725622796778625
17895.0,-0.17347727626553977
17900.0,-0.25594069078912696
17905.0,-0.13209896608771426
17910.0,-0.22844538091773056
17915.0,-0.21156559479133621
17920.0,-0.2746964478523937
17925.0,-0.1096628783099788
17930.0,-0.15281173056208075
17935.0,-0.18073816852527438
17940.0,-0.23484328284628128
17945.0,-0.12265386233412492
17950.0,-0.18127301544597285
17955.0,-0.18274694474660372
17960.0,-0.1477112087013034
17965.0,-0.16224106011740927
17970.0,-0.10753538813066149
17975.0,-0.19353503406155648
17980.0,-0.20344316505278243
17985.0,-0.13659132129603144
17990.0,-0.10340863855308402
17995.0,-0.12533622387259633
18000.0,-0.1067079711515068
18005.0,-0.060145608611039056
18010.0,-0.14654579274479712
18015.0,-0.11860753843737085
18020.0,-0.21336652850316606
18025.0,-0.06033972294233232
18030.0,-0.15769934857331935
18035.0,-0.09416303314558012
18040.0,-0.17363037213428056
18045.0,-0.06614327886428634
18050.0,-0.008878078463702293
18055.0,0.4457386767685492
18060.0,1.2242114708422114
18065.0,2.0981876671458104
18070.0,2.485693337013122
18075.0,1.6036790278694408
18080.0,0.5718570279363133
18085.0,0.1185938106998535
18090.0,0.10990628097385517
18095.0,0.023273964164847963
18100.0,-0.04257952566961347
18105.0,0.006310225805670923
18110.0,-0.013376137745177898
18115.0,-0.04963484393728993
18120.0,0.05667959037365314
18125.0,0.1688828833383204
18130.0,0.06713062316933995
18135.0,0.2536983094164734
18140.0,0.07153820827554036
18145.0,0.12575550108749872
18150.0,0.03869636372129306
18155.0,0.10552811859404716
18160.0,0.13249514877488897
18165.0,0.12536601903630978
18170.0,0.14273774027231287
18175.0,0.19689060133131936
18180.0,0.09518459644641941
18185.0,0.10125191009138398
18190.0,0.1299496948474744
18195.0,0.16644912785011093
18200.0,0.11247852007467632
18205.0,0.07462630765856837
18210.0,0.16310513154508538
18215.0,0.16431046030409732
18220.0,0.09971064895706276
18225.0,0.1591391574253748
18230.0,0.16869995278693178
18235.0,0.2763441182136455
18240.0,0.2099441211604866
18245.0,0.18160173819303926
18250.0,0.21988837048141066
18255.0,0.24816108016928412
18260.0,0.1722285072925051
18265.0,0.20031682264954143
18270.0,0.2297761473315282
18275.0,0.25506248524467084
18280.0,0.13227136402438133
18285.0,0.12306982687322242
18290.0,0.14488649752392407
18295.0,0.18174593015166735
18300.0,0.16009079511088042
18305.0,0.3197442726713893
18310.0,0.223563022831349
18315.0,0.1146727297323448
18320.0,0.20617766040784738
18325.0,0.19170241028464705
18330.0,0.1935435192466468
18335.0,0.16990430514653881
18340.0,0.15697449386505435
18345.0,0.169607544723872
18350.0,0.20024595089225827
18355.0,0.20238037897816952
18360.0,0.19196332284342196
18365.0,0.15271435519223608
18370.0,0.1909924338374879
18375.0,0.11650187260663379
18380.0,0.18899303734516
18385.0,0.12946095782423864
18390.0,0.1865774618546097
18395.0,0.0935998131556633
18400.0,0.04351413198149674
18405.0,0.19677596072822356
18410.0,0.0946090139021152
18415.0,0.0957971871318058
18420.0,0.08997342117326676
18425.0,0.09955998401890935
18430.0,0.048738171700453206
18435.0,-0.042118445562259535
18440.0,0.10575012921878776
18445.0,-0.05608807637146974
18450.0,0.07896808365338574
18455.0,0.0017309601112706213
18460.0,-0.07213683366544252
18465.0,-0.0571730009464304
18470.0,-0.03058636677210836
18475.0,0.04582886535027741
18480.0,-0.03428590395764426
18485.0,-0.04885947492334784
18490.0,-0.004494949284591602
18495.0,-0.006212199632322751
18500.0,-0.04452051232881365
18505.0,0.04202682085151828
18510.0,-0.16215961948252577
18515.0,-0.14425188889658175
18520.0,-0.05661682274384211
18525.0,-0.021493639173189263
18530.0,-0.09922814238363503
18535.0,-0.1268224192829913
18540.0,-0.057612319633713334
18545.0,-0.11513384771989371
18550.0,0.0019023066824006979
18555.0,-0.14720385665403177
18560.0,-0.0947671415437388
18565.0,-0.15759365523912974
18570.0,-0.09742343266349626
18575.0,-0.046694255763229275
18580.0,-0.19590703637247767
18585.0,-0.27770068814330545
18590.0,-0.11468581711624982
18595.0,-0.23559842547228452
18600.0,-0.1147933932827305
18605.0,-0.08967576680100141
18610.0,-0.19363514918149238
18615.0,-0.11215923663138583
18620.0,-0.12830669694089825
18625.0,-0.16827700537493884
18630.0,-0.2809399480753645
18635.0,-0.17824257496538143
18640.0,-0.14210860256123983
18645.0,-0.1982321015212223
18650.0,-0.17906419309165175
18655.0,-0.25724088796294925
18660.0,-0.22699115285002208
18665.0,-0.2573471254134979
18670.0,-0.1232174610354621
18675.0,-0.14246775144936752
18680.0,-0.201315719549125
18685.0,-0.20744194119088463
18690.0,-0.1402866624735797
18695.0,-0.1704442881798331
18700.0,-0.24914549567116148
18705.0,-0.11664558345233221
18710.0,-0.1928597242190199
18715.0,-0.2996057821314879
18720.0,-0.18329532011912333
18725.0,-0.19417291950055512
18730.0,-0.2426331582376204
18735.0,-0.16153938552153244
18740.0,-0.24434250619930384
18745.0,-0.12593234835157915
18750.0,-0.19497672518316284
18755.0,-0.17925226352984477
18760.0,-0.12682759105533908
18765.0,-0.06722336089703002
18770.0,-0.14937037538266257
18775.0,-0.15081832142590276
18780.0,-0.12926141808049663
18785.0,-0.09443968824415475
18790.0,-0.12853697878730078
18795.0,-0.13244208304660554
18800.0,-0.104801138524535
18805.0,-0.09952762090245408
18810.0,-0.09514253194583465
18815.0,-0.005536044689738943
18820.0,0.08574475592390562
18825.0,0.017086820788683635
18830.0,-0.10173304096103951
18835.0,-0.04562284310774989
18840.0,-0.0035027448597977438
18845.0,-0.018990691822213013
18850.0,0.04929257720939687
18855.0,0.018475098364414255
18860.0,0.0526136580836177
18865.0,0.07663018764400462
18870.0,-0.008170824307216912
18875.0,0.02803453159222647
18880.0,0.03057273842908935
18885.0,-0.03491889411169806
18890.0,0.12175601228377408
18895.0,0.08617519422129546
18900.0,0.11061365636740281
18905.0,0.06059416141836334
18910.0,0.11473777336368192
18915.0,0.11170763024782503
18920.0,0.28509576976724516
18925.0,0.9804962712413133
18930.0,1.9781360191391544
18935.0,2.5856979745074216
18940.0,2.159268034257779
18945.0,1.2378104836488149
18950.0,0.48080411133111295
18955.0,0.19717913656757236
18960.0,0.20477115229878898
18965.0,0.230566656497049
18970.0,0.21506795756370392
18975.0,0.11415466790103929
18980.0,0.10188115928662535
18985.0,0.21024676175343934
18990.0,0.15843226805665256
18995.0,0.1093089012326299
19000.0,0.20709365814325598
19005.0,0.18687015577220822
19010.0,0.1912667260172934
19015.0,0.27202829212278595
19020.0,0.23834346493884206
19025.0,0.13033187308107966
19030.0,0.22093460645332993
19035.0,0.1315974351593932
19040.0,0.26456681468846716
19045.0,0.2791260383967884
19050.0,0.2746663201503712
19055.0,0.20084936402375075
19060.0,0.09671496360088344
19065.0,0.20928209509757115
19070.0,0.17133194551049025
19075.0,0.22760376798921272
19080.0,0.1913065859947616
19085.0,0.15508295851740292
19090.0,0.19077190429183694
19095.0,0.17423917293386093
19100.0,0.16976633620830658
19105.0,0.08766414766563131
19110.0,0.1206454025880457
19115.0,0.14659962986986122
19120.0,0.10396118742685273
19125.0,0.112800951555736
19130.0,0.15344830016273206
19135.0,0.12885203276081764
19140.0,0.10037792754245392
19145.0,0.1936289192703585
19150.0,0.0906746043319856
19155.0,0.039354016270910175
19160.0,0.13675510961587217
19165.0,0.049760704371653204
19170.0,-0.01248779565929492
19175.0,0.07067877627174583
19180.0,0.030228631479245177
19185.0,0.019265618363561735
19190.0,0.062777643788832
19195.0,0.029939884685699605
19200.0,0.12476258722628228
19205.0,0.03860634302879598
19210.0,-0.008629290927438832
19215.0,0.0508695267242606
19220.0,0.021508551945256568
19225.0,-0.08974430421909105
19230.0,-0.048369352445897774
19235.0,0.017348961013198813
19240.0,-0.025800542115140733
19245.0,-0.03881603045108289
19250.0,-0.0888993525480505
19255.0,-0.010872112975900239
19260.0,-0.07905752135097044
19265.0,-0.08936612698400338
19270.0,-0.09714178714255964
19275.0,-0.04376170674653062
19280.0,-0.04396567199947178
19285.0,-0.11690001481839818
19290.0,-0.028975923069156903
19295.0,-0.10458926680496253
19300.0,-0.08640453752491202
19305.0,-0.1280675382484647
19310.0,-0.11538629190481373
19315.0,-0.1470749375137315
19320.0,-0.13009261704317465
19325.0,-0.1320504117123286
19330.0,-0.19099250345426907
19335.0,-0.1413393738186838
19340.0,-0.10043042503836325
19345.0,-0.22198862816833648
19350.0,-0.25994147085660146
19355.0,-0.25850730435877983
19360.0,-0.15790250374842563
19365.0,-0.11110071408281681
19370.0,-0.2055005270444388
19375.0,-0.1877852479839516
19380.0,-0.25749163958629284
19385.0,-0.18509182259077392
19390.0,-0.2740642567395626
19395.0,-0.29142537301501514
19400.0,-0.2515689864288486
19405.0,-0.15728015119408378
19410.0,-0.31145368791112016
19415.0,-0.18788312252645512
19420.0,-0.2268585948348554
19425.0,-0.13248270157941985
19430.0,-0.2295152633914504
19435.0,-0.0938915882719902
19440.0,-0.23661652613251455
19445.0,-0.19649735002126606
19450.0,-0.15728650405962158
19455.0,-0.11206228267462964
19460.0,-0.21218729737975664
19465.0,-0.24353994188405156
19470.0,-0.16351733447951838
19475.0,-0.1365341340684607
19480.0,-0.11647754178324536
19485.0,-0.153177177671778
19490.0,-0.11513270091716715
19495.0,-0.140796843901791
19500.0,-0.2228848826240594
19505.0,-0.18779338444616522
19510.0,-0.1664708098066853
19515.0,-0.10164795907155581
19520.0,-0.11670231733839997
19525.0,-0.1266447312580885
19530.0,-0.23066783798943824
19535.0,-0.13860060454661652
19540.0,-0.06441614589193512
19545.0,-0.0398364812586179
19550.0,-0.04922096527855849
19555.0,-0.03415749445297543
19560.0,-0.14294379588740044
19565.0,-0.11655014952356162
19570.0,-0.0647922677406809
19575.0,0.009669269908132869
19580.0,0.0026033635594290144
19585.0,-0.032126002173687565
19590.0,-0.06620576478258638
19595.0,-0.011069430414002374
19600.0,-0.04650488898060417
19605.0,-0.04565035193069983
19610.0,0.07688712493951522
19615.0,-0.03130632540816297
19620.0,0.05888906265323532
19625.0,-0.007767142981461882
19630.0,0.12917318689411272
19635.0,-0.0793668164209223
19640.0,0.08654724681351127
19645.0,0.07724897852874268
19650.0,0.038431718260414395
19655.0,0.1723970098860732
19660.0,0.11821408947715609
19665.0,0.08518491415354422
19670.0,0.09298799542838977
19675.0,0.14432786008494236
19680.0,0.05647503951190727
19685.0,0.04738209857618518
19690.0,0.09037394210259389
19695.0,0.1898519090800066
19700.0,0.11797293446406928
19705.0,0.19680778186390732
19710.0,0.20978275023249338
19715.0,0.1293001307153048
19720.0,0.18322638880628983
19725.0,0.16112731244447134
19730.0,0.1338038136620399
19735.0,0.18320505869097234
19740.0,0.17417006268117627
19745.0,0.18524167031548983
19750.0,0.231326159431948
19755.0,0.20102331996290498
19760.0,0.10459764938004855
19765.0,0.1841959070149219
19770.0,0.26096408652273806
19775.0,0.19831786409374266
19780.0,0.1843772902823961
19785.0,0.21801025174724725
19790.0,0.25800248451085783
19795.0,0.2318191954456999
19800.0,0.862912857909329
19805.0,1.7073739954392249
19810.0,2.496961075514707
19815.0,2.568063754250629
19820.0,1.662272391069857
19825.0,0.7289685319797853
19830.0,0.33916477855367166
19835.0,0.21546087733152333
19840.0,0.21227587278435683
19845.0,0.19900271142033593
19850.0,0.2526809993319703
19855.0,0.1980549040489592
19860.0,0.13531733840992316
19865.0,0.1823081657949966
19870.0,0.18477372225813143
19875.0,0.03846705160223489
19880.0,0.15897260346574266
19885.0,0.017441203883819145
19890.0,0.1440219393814424
19895.0,0.06625519464496069
19900.0,0.027354267598567877
19905.0,0.06767135344156935
19910.0,0.14702215603124813
19915.0,0.15588663818491041
19920.0,0.056169808450630805
19925.0,0.1333984092286476
19930.0,0.10447745573049155
19935.0,0.13317485197539108
19940.0,0.11999264131969892
19945.0,0.0907869888122115
19950.0,-0.06430290613405654
19955.0,0.0751904858428472
19960.0,0.02342053895304798
19965.0,-0.06920917608452401
19970.0,-0.046530268195955043
19975.0,0.028311208983475437
19980.0,-0.010281562418472416
19985.0,-0.03605174462178888
19990.0,-0.016820332346531647
19995.0,-0.014875534969374911
20000.0,-0.07010655527843271
20005.0,-0.016733370254156443
20010.0,-0.01938453221786882
20015.0,-0.02038378108495087
20020.0,0.017183102981315618
20025.0,-0.005743915409963468
20030.0,0.015065047992292732
20035.0,-0.06490626703647868
20040.0,-0.025977404546485422
20045.0,-0.13707962920268962
20050.0,-0.071236493989138
20055.0,-0.17578715401838482
20060.0,-0.14410554186783922
20065.0,-0.09162375153461491
20070.0,-0.11844846630113526
20075.0,-0.25061237544581605
20080.0,-0.11301799615187257
20085.0,-0.20530814999260216
20090.0,-0.19507679939035485
20095.0,-0.13081278461541093
20100.0,-0.19423252857753212
20105.0,-0.17854764880149412
20110.0,-0.2503168474544526
20115.0,-0.17521114674774246
20120.0,-0.2220065692416044
20125.0,-0.22038864283922655
20130.0,-0.14962966469058483
20135.0,-0.21870026126983338
20140.0,-0.26443454975598946
20145.0,-0.2008848105881329
20150.0,-0.15945822926839218
20155.0,-0.18403442492562416
20160.0,-0.34710861463455317
20165.0,-0.23189168324430998
20170.0,-0.22177307320479683
20175.0,-0.30310197641506764
20180.0,-0.20009920337686174
20185.0,-0.1894373732363787
20190.0,-0.2563388439126154
20195.0,-0.17246042147840937
20200.0,-0.246118378227244
20205.0,-0.17702134712868473
20210.0,-0.07614033755549443
20215.0,-0.21414315944311324
20220.0,-0.154257105122353
20225.0,-0.15324266460361058
20230.0,-0.17437888114801153
20235.0,-0.10583308923866155
20240.0,-0.15345384883894037
20245.0,-0.037695727185355715
20250.0,-0.1616443231598465
20255.0,-0.1318675173905266
20260.0,-0.18998425518190526
20265.0,-0.11030525203233967
20270.0,-0.1384857786304145
20275.0,-0.08464845515076067
20280.0,-0.1727372193536127
20285.0,-0.08211723544214578
20290.0,-0.16352059367523775
20295.0,-0.11720345685420647
20300.0,0.010833665782817942
20305.0,-0.06932330865539833
20310.0,-0.0580412057900163
20315.0,0.03659035296158854
20320.0,-0.0370080772360246
20325.0,-0.08487094209315832
20330.0,-0.01527750061234763
20335.0,0.03201400062308899
20340.0,-0.05862722585426141
20345.0,-0.00934713524211969
20350.0,0.03334686933846846
20355.0,-0.02684066051472952
20360.0,0.01961845352306029
20365.0,-0.04521707969485091
20370.0,0.018376015107814343
20375.0,-0.043746560248245525
20380.0,0.038116916452252875
20385.0,0.161958623076275
20390.0,0.07801462365907862
20395.0,0.02774989397956374
20400.0,0.03387187370914918
20405.0,0.0668812065410472
20410.0,0.034673913891633684
20415.0,0.09095460847394989
20420.0,0.05356870052187879
20425.0,0.13883178018142178
20430.0,0.1132541741054651
20435.0,0.10084184750628904
20440.0,0.15545425506045712
20445.0,0.1479233199275123
20450.0,0.23676834560602572
20455.0,0.10625115878837169
20460.0,0.22487788307886555
20465.0,0.11428193109490643
20470.0,0.1944821039518542
20475.0,0.06399958791598555
20480.0,0.23173445918407762
20485.0,0.17653227349202444
20490.0,0.23682939990628638
20495.0,0.2161022885718465
20500.0,0.108033701441327
20505.0,0.1923623384698931
20510.0,0.1615479989885077
20515.0,0.13137409794414684
20520.0,0.16035213929558734
20525.0,0.15871246544353623
20530.0,0.12176159213001873
20535.0,0.11233149289941824
20540.0,0.21635313878644616
20545.0,0.19668685632223218
20550.0,0.1423987394293949
20555.0,0.22107723759213163
20560.0,0.2168543884611839
20565.0,0.19861729777693127
20570.0,0.16309940699843453
20575.0,0.1375834284800808
20580.0,0.1398427714671201
20585.0,0.273275745698658
20590.0,0.13182891921683654
20595.0,0.12409965296138059
20600.0,0.24187721398682155
20605.0,0.14439242246339679
20610.0,0.20181689370933223
20615.0,0.1447731995089644
20620.0,0.266990711767022
20625.0,0.11728748779403472
20630.0,0.08700078520567418
20635.0,0.12192617412123243
20640.0,0.24323146037813778
20645.0,0.11837560308684644
20650.0,0.11019811884867423
20655.0,0.11198643336837645
20660.0,0.10688089291190608
20665.0,0.1322989456792968
20670.0,0.15916328554959241
20675.0,0.17982837480862304
20680.0,0.12094507097793647
20685.0,0.40250817482249157
20690.0,0.9399044543578621
20695.0,1.9845804643041765
20700.0,2.6187862218517752
20705.0,1.9557488556848823
20710.0,1.0011399567136194
20715.0,0.2738822328080343
20720.0,-0.031548284684074335
20725.0,-0.01936609920213706
20730.0,0.09425594642800886
20735.0,-0.020503665218337814
20740.0,0.032878217750354925
20745.0,-0.03857945126812637
20750.0,-0.0700807962065565
20755.0,-0.041260295380156305
20760.0,0.00864893072137627
20765.0,-0.024141550407947722
20770.0,-0.07834421744913223
20775.0,0.027534157843317128
20780.0,-0.06527147443314854
20785.0,-0.011815262502041679
20790.0,-0.09587074104822262
20795.0,-0.04621194079344779
20800.0,-0.09472221999833841
20805.0,-0.14719074367133775
20810.0,-0.12320083078208616
20815.0,-0.07840948263494124
20820.0,-0.1230684966393342
20825.0,-0.15699918004718033
20830.0,-0.15857036274940683
20835.0,-0.15139423849540876
20840.0,-0.07866341176062235
20845.0,-0.22667271506111591
20850.0,-0.23265589533677278
20855.0,-0.2894414459402077
20860.0,-0.11988453458102002
20865.0,-0.20216313048800016
20870.0,-0.17769529160930703
20875.0,-0.2551135355122008
20880.0,-0.22104900283653162
20885.0,-0.27710851127752073
20890.0,-0.23097813549398244
20895.0,-0.2263344284552631
20900.0,-0.1278780330507248
20905.0,-0.24011823019780684
20910.0,-0.17252099872763904
20915.0,-0.21627652359324934
20920.0,-0.20170064256899412
20925.0,-0.15197107413682862
20930.0,-0.1869485562337778
20935.0,-0.22139686740356784
20940.0,-0.15897516334904457
20945.0,-0.1623062634221476
20950.0,-0.14817131270368453
20955.0,-0.17971627774490792
20960.0,-0.21372002865042236
20965.0,-0.1789010243290225
20970.0,-0.19062674208065716
20975.0,-0.12064473130572426
20980.0,-0.13619794279778832
20985.0,-0.08585875740589999
20990.0,-0.13304796300836996
20995.0,-0.1761762809507488
21000.0,-0.16875783934347305
21005.0,-0.26160743749759124
21010.0,-0.16965164564090116
21015.0,-0.17826598859935555
21020.0,-0.0813609844057755
21025.0,-0.20831820581433505
21030.0,-0.08899713378134873
21035.0,-0.08070159607421187
21040.0,-0.21624420894861004
21045.0,-0.2574332240473822
21050.0,-0.15174352274413327
21055.0,-0.033216039665991806
21060.0,-0.05669658179377059
21065.0,-0.023546319030584115
21070.0,-0.07808636017498798
21075.0,-0.006013022347991628
21080.0,-0.07114276766279443
21085.0,-0.16386989084680306
21090.0,0.010585053022146927
21095.0,-0.07897500402313701
21100.0,-0.03221913676992313
21105.0,0.019460475890644875
21110.0,-0.11151283066399129
21115.0,0.026074797147903506
21120.0,0.06941132558501721
21125.0,-0.03774642362888162
21130.0,0.014560897071685616
21135.0,0.018145310025220303
21140.0,0.015050185333211126
21145.0,-0.04326755043373138
21150.0,0.11409038521954082
21155.0,0.13725104087102946
21160.0,0.031451090906673404
21165.0,0.04145329150192552
21170.0,0.0659589218220862
21175.0,0.14566704296665156
21180.0,0.0668045925897123
21185.0,0.0809172720074724
21190.0,0.13414016825405436
21195.0,0.22898050843847556
21200.0,0.13459511287193363
21205.0,0.26131466541423176
21210.0,0.1606541762548697
21215.0,0.12308185536302522
21220.0,0.20198032498297794
21225.0,0.10543004761348546
21230.0,0.18803768179350272
21235.0,0.16341358970055214
21240.0,0.15445051978023233
21245.0,0.25217997915465895
21250.0,0.23393083802575043
21255.0,0.14364258642263691
21260.0,0.21758083603128336
21265.0,0.14578159529941248
21270.0,0.12042608918719334
21275.0,0.19777322159842167
21280.0,0.14594503818917284
21285.0,0.2163798895859789
21290.0,0.17348456207880347
21295.0,0.18741161840510484
21300.0,0.19888412551484494
21305.0,0.18787790498082582
21310.0,0.19835507086038887
21315.0,0.18854260358472152
21320.0,0.21159127744807738
21325.0,0.2006369902409389
21330.0,0.15669326737104325
21335.0,0.18863774482797055
21340.0,0.22934340059003527
21345.0,0.14627955165349824
21350.0,0.19949263349414628
21355.0,0.1756924140817375
21360.0,0.1766632487748311
21365.0,0.1549821378672337
21370.0,0.13525363838207782
21375.0,0.1676061780388961
21380.0,0.1599393879226763
21385.0,0.141711848230022
21390.0,0.12392371957868054
21395.0,0.19612883866315634
21400.0,0.12311413165842952
21405.0,0.226120328867583
21410.0,0.15741365371356164
21415.0,0.0889231683233003
21420.0,0.13093760043305888
21425.0,0.06607402761248957
21430.0,0.1622980034831266
21435.0,0.1028445879197746
21440.0,0.027915703742884206
21445.0,0.018032416648549654
21450.0,0.09224003070639306
21455.0,0.05647171756316033
21460.0,0.03276333471972822
21465.0,0.049247328911324495
21470.0,0.02966441074417021
21475.0,0.07884553604107182
21480.0,0.05834359763677758
21485.0,0.004688643949499266
21490.0,0.03911341789849768
21495.0,-0.05980088404361417
21500.0,0.021947639081714113
21505.0,0.0785638286068826
21510.0,0.0032706579041218292
21515.0,-0.08054646818017751
21520.0,-0.113191228375788
21525.0,-0.09915406868893206
21530.0,-0.08749235371458278
21535.0,-0.12049292763345064
21540.0,-0.09385409881975093
21545.0,-0.060521284020149224
21550.0,-0.16474725033463075
21555.0,-0.09038000501231885
21560.0,-0.0470560345481969
21565.0,-0.1479630657926791
21570.0,-0.12159207505265118
21575.0,-0.10345503707939582
21580.0,-0.14838897900853507
21585.0,-0.17150323880075827
21590.0,-0.22714464442149973
21595.0,-0.20275462533733662
21600.0,-0.08787701115300414
21605.0,-0.18044542023279375
21610.0,-0.16341140590785166
21615.0,-0.143168859574428
21620.0,-0.158949827675675
21625.0,-0.11904269776615989
21630.0,-0.15793501706366705
21635.0,-0.1557225711692636
21640.0,-0.17734386132158012
21645.0,-0.1584817268158759
21650.0,-0.24542878189212375
21655.0,-0.30334805596408976
21660.0,-0.23860230355553513
21665.0,-0.24983948706868772
21670.0,-0.2078619360066772
21675.0,-0.18787440365955257
21680.0,-0.2604456414354035
21685.0,-0.2113571391808067
21690.0,-0.2473527991395652
21695.0,-0.16185073464357627
21700.0,-0.23137653995967
21705.0,-0.2002997696130574
21710.0,-0.24427430865235078
21715.0,-0.14040245986874345
21720.0,-0.18835899092608985
21725.0,-0.23701108648409377
21730.0,-0.17347794009347617
21735.0,-0.15955459687217585
21740.0,-0.20215791585707846
21745.0,-0.16747978230574126
21750.0,-0.21419146917219684
21755.0,-0.2086044125152673
21760.0,-0.15300149410597605
21765.0,-0.01441467534726526
21770.0,-0.0998421788014777
21775.0,-0.15594978300089546
21780.0,-0.1511426316672762
21785.0,-0.1906195726161125
21790.0,-0.06417711681023297
21795.0,-0.05985611443398325
21800.0,-0.16973243484143796
21805.0,-0.05689930641983272
21810.0,-0.15941873518977479
21815.0,-0.16769939485168556
21820.0,-0.17632078643927196
21825.0,-0.11478639122107437
21830.0,-0.03149406809083056
21835.0,0.031049566768855
21840.0,-0.011960360048621756
21845.0,-0.09061992582350607
21850.0,-0.06431179954463835
21855.0,-0.02829014275031963
21860.0,0.0540802581179733
21865.0,-0.012989562086399708
21870.0,-0.09781282731329691
21875.0,-0.019480860923257754
21880.0,0.014430039264636832
21885.0,0.0012001994777761094
21890.0,-0.01407682237002135
21895.0,0.035706604601522245
21900.0,0.02686266436351665
21905.0,0.11087896559738418
21910.0,0.05673716644945271
21915.0,-0.004152947742570259
21920.0,0.06435178599897909
21925.0,0.1424680942468623
21930.0,-0.0021658025601188208
21935.0,0.14419398878719958
21940.0,0.1266404817765557
21945.0,0.18950915362688026
21950.0,0.15018160401547367
21955.0,0.13073930349538232
21960.0,0.16011833539534165
21965.0,0.1827711482566349
21970.0,0.183019390531915
21975.0,0.09890117785645272
21980.0,0.1979730726950009
21985.0,0.10979902851387377
21990.0,0.19000371230490137
21995.0,0.06878390168422771
22000.0,0.15625228312493777
22005.0,0.2183157286115706
22010.0,0.13631812172639995
22015.0,0.23264062477169478
22020.0,0.18250698551511024
22025.0,0.14294885598056395
22030.0,0.178357196126428
22035.0,0.24894081558995007
22040.0,0.24060302612715423
22045.0,0.2054874121207554
22050.0,0.2244207714921477
22055.0,0.16821663958017063
22060.0,0.31658981557771854
22065.0,0.23471501672206346
22070.0,0.204145182451905
22075.0,0.16099147482131415
22080.0,0.20850929978331723
22085.0,0.18168585726889822
22090.0,0.1383907608929505
22095.0,0.18509105598209233
22100.0,0.13662233182183783
22105.0,0.08718653334367371
22110.0,0.2769372609727482
22115.0,0.233081471504368
22120.0,0.1992856211501459
22125.0,0.15180004462124108
22130.0,0.1307808318864823
22135.0,0.1255909871926163
22140.0,0.1177602750244765
22145.0,0.1297369288747688
22150.0,0.12869647709088566
22155.0,0.15290646836881058
22160.0,0.19283814655982956
22165.0,0.037586076511115854
22170.0,0.057722228557227084
22175.0,0.249101562038393
22180.0,0.035206875794517686
22185.0,0.09374420138255328
22190.0,0.14337903446896477
22195.0,0.17799261519194326
22200.0,0.13876704502608878
22205.0,0.08445046298185557
22210.0,0.04494551159325204
22215.0,-0.11706619213218361
22220.0,0.03560730978370931
22225.0,-0.02332102537032784
22230.0,0.05612882935243703
22235.0,0.008644223139867778
22240.0,-0.06467223380785592
22245.0,-0.007238805466215711
22250.0,0.04531691500424879
22255.0,0.0566231089235741
22260.0,0.05946205292436148
22265.0,-0.034817426314399796
22270.0,-0.03922863187852716
22275.0,-0.023066360123163702
22280.0,-0.13746227948771617
22285.0,-0.013011862832314085
22290.0,-0.09220819714546769
22295.0,-0.06256654552581521
22300.0,-0.04961577331842003
22305.0,-0.037820801342936625
22310.0,-0.107802904161059
22315.0,-0.0616053813874503
22320.0,-0.0561855375879079
22325.0,-0.13056896289878708
22330.0,-0.26547598023949803
22335.0,-0.06444307392025779
22340.0,-0.16356292384726387
22345.0,-0.010280909272676914
22350.0,-0.14573259529220997
22355.0,-0.25089422291644786
22360.0,-0.2709487107917802
22365.0,-0.14093210283150218
22370.0,-0.09848754183275472
22375.0,-0.16800362014666925
22380.0,-0.16456108340164166
22385.0,-0.19093885694574106
22390.0,-0.17792662010256974
22395.0,-0.20505604263748248
22400.0,-0.22520597445680562
22405.0,-0.1568396560792454
22410.0,-0.16546100767686878
22415.0,-0.12481816720650256
22420.0,-0.2624603579176233
22425.0,-0.16250580587466804
22430.0,-0.14328667352187285
22435.0,-0.2169849286439921
22440.0,-0.13072912111722196
22445.0,-0.17255045421810086
22450.0,-0.1465991387706598
22455.0,-0.24034290690930574
22460.0,-0.17456598507911564
22465.0,-0.19973868119423263
22470.0,-0.20590069995161617
22475.0,-0.2404919985703338
22480.0,-0.19638549230866276
22485.0,-0.29439754884516356
22490.0,-0.16745250022553837
22495.0,-0.1250611180066598
22500.0,-0.16602354164848934
22505.0,-0.16556675664502865
22510.0,-0.10867377214619807
22515.0,-0.10246498119383479
22520.0,-0.15055313800313463
22525.0,-0.1758600356971048
22530.0,-0.1727172180825587
22535.0,-0.06052858135941663
22540.0,-0.15598191158175076
22545.0,-0.1547997612630992
22550.0,-0.14630879629287502
22555.0,-0.17444041318498274
22560.0,-0.06115749596338221
22565.0,-0.1403664511837617
22570.0,-0.019996743674933357
22575.0,-0.0986889613021703
22580.0,-0.04827542770751708
22585.0,-0.01168697881441054
22590.0,-0.0209480850718815
22595.0,-0.02252567388635218
