t_s,hb
0,0.00250773959152584
0.0116666666666667,-0.0705011471983004
0.0233333333333333,-0.142336758894328
0.035,-0.212219044940315
0.0466666666666667,-0.279399815439164
0.0583333333333333,-0.343173229904556
0.07,-0.402885455985266
0.0816666666666667,-0.457943531253254
0.0933333333333333,-0.507823160707016
0.105,-0.55207531734891
0.116666666666667,-0.590331683207987
0.128333333333333,-0.622308694280014
0.14,-0.647810172879943
0.151666666666667,-0.666728566165114
0.163333333333333,-0.679044755122198
0.175,-0.684826483638517
0.186666666666667,-0.68422536508419
0.198333333333333,-0.677472629117088
0.21,-0.664873695049619
0.221666666666667,-0.64680161670409
0.233333333333333,-0.623689573101578
0.245,-0.596022516339201
0.256666666666667,-0.564328214191919
0.268333333333333,-0.529167794392448
0.28,-0.491125893968472
0.291666666666667,-0.450800716900205
0.303333333333333,-0.408794140391143
0.315,-0.365701970211667
0.326666666666667,-0.322104631089047
0.338333333333333,-0.278558398427086
0.35,-0.235587232988651
0.361666666666667,-0.193675474010853
0.373333333333333,-0.153261439604904
0.385,-0.114732054645367
0.396666666666667,-0.0784185693181942
0.408333333333333,-0.0445933993930858
0.42,-0.0134681609630371
0.431666666666667,0.0148071240828089
0.443333333333333,0.0401436367628584
0.455,0.062512298868948
0.466666666666667,0.0819411676300059
0.478333333333333,0.0985118232998261
0.49,0.112354961105127
0.501666666666667,0.123645107462975
0.513333333333333,0.132594684524456
0.525,0.139447541929305
0.536666666666667,0.144472077790712
0.548333333333333,0.147954138123329
0.56,0.150189780603364
0.571666666666667,0.151478105516989
0.583333333333333,0.152114268788613
0.595,0.152382789334843
0.606666666666667,0.152551342924012
0.618333333333333,0.152865105382367
0.63,0.153541742371298
0.641666666666667,0.154767171589004
0.653333333333333,0.156692132369364
0.665,0.159429630434581
0.676666666666667,0.163053295695382
0.688333333333333,0.167596641077913
0.7,0.173053248495003
0.711666666666667,0.179377840317676
0.723333333333333,0.186488182551328
0.735,0.194267812096748
0.746666666666667,0.202569443434137
0.758333333333333,0.211219001664698
0.77,0.220020237831495
0.781666666666667,0.228759715056682
0.793333333333333,0.237212124897909
0.805,0.245145817411274
0.816666666666667,0.252328342125973
0.828333333333333,0.258531993175335
0.84,0.263539187944332
0.851666666666667,0.267147524998708
0.863333333333333,0.26917451075319
0.875,0.269461797837942
0.886666666666667,0.267878848940936
0.898333333333333,0.264325986062411
0.91,0.258736763810525
0.921666666666667,0.251079615926446
0.933333333333333,0.241358743800147
0.945,0.229614271378278
0.956666666666667,0.215921623830612
0.968333333333333,0.200390193735569
0.98,0.183161340367764
0.991666666666667,0.164405706851068
1.00333333333333,0.144319998287182
1.015,0.123123246736592
1.02666666666667,0.101052678305894
1.03833333333333,0.0783592558325944
1.05,0.055302955691999
1.06166666666667,0.0321479678492988
1.07333333333333,0.00915783980428046
1.085,-0.013409288957559
1.09666666666667,-0.0353052952508529
1.10833333333333,-0.056296411793808
1.12,-0.0761671938985542
1.13166666666667,-0.0947241053575519
1.14333333333333,-0.111798564908416
1.155,-0.127249499377119
1.16666666666667,-0.140965275267362
1.17833333333333,-0.152864992127231
1.19,-0.162899194832444
1.20166666666667,-0.171049901129648
1.21333333333333,-0.177330040143446
1.225,-0.181782258611696
1.23666666666667,-0.184477169895227
1.24833333333333,-0.185511110380147
1.26,-0.185003365484882
1.27166666666667,-0.183093061276429
1.28333333333333,-0.179935712515668
1.295,-0.175699510654319
1.30666666666667,-0.170561487506743
1.31833333333333,-0.164703537906985
1.33,-0.15830850409221
1.34166666666667,-0.151556348608064
1.35333333333333,-0.144620445217979
1.365,-0.137664171170785
1.37666666666667,-0.130837775548954
1.38833333333333,-0.12427561884809
1.4,-0.118093865761504
1.41166666666667,-0.112388604340198
1.42333333333333,-0.107234473530309
1.435,-0.102683807683461
1.44666666666667,-0.0987662999484234
1.45833333333333,-0.0954891829210829
1.47,-0.0928378942873121
1.48166666666667,-0.0907772477990324
1.49333333333333,-0.0892530285958799
1.505,-0.0881939666063224
1.51666666666667,-0.0875141026782872
1.52833333333333,-0.0871154037118959
1.54,-0.0868906020884077
1.55166666666667,-0.0867262172083206
1.56333333333333,-0.0865056144383241
1.575,-0.0861121175172179
1.58666666666667,-0.0854320552835745
1.59833333333333,-0.0843576694796797
1.61,-0.0827898585374639
1.62166666666667,-0.0806406592214732
1.63333333333333,-0.0778354501058608
1.645,-0.0743147879838775
1.65666666666667,-0.0700358921365789
1.66833333333333,-0.0649737099813387
1.68,-0.0591215549393237
1.69166666666667,-0.052491329373959
1.70333333333333,-0.0451132916410564
1.715,-0.0370354893701136
1.72666666666667,-0.0283226623932725
1.73833333333333,-0.0190547894216101
1.75,-0.00932543476305596
1.76166666666667,0.000760286999228746
1.77333333333333,0.011087991538315
1.785,0.0215364495725762
1.79666666666667,0.0319801994729549
1.80833333333333,0.0422922037291264
1.82,0.0523464777773321
1.83166666666667,0.0620207262428939
1.84333333333333,0.0711988369603131
1.855,0.0797732085832379
1.86666666666667,0.0876469103238038
1.87833333333333,0.0947355432108364
1.89,0.100968819295992
1.90166666666667,0.106291821398102
1.91333333333333,0.110665887811176
1.925,0.114069166310014
1.93666666666667,0.116496781241883
1.94833333333333,0.117960619669395
1.96,0.118488776255942
1.97166666666667,0.118124628209416
1.98333333333333,0.116925611129962
1.995,0.114961715431962
2.00666666666667,0.112313695277708
2.01833333333333,0.10907109675308
2.03,0.105330127980147
2.04166666666667,0.101191408711254
2.05333333333333,0.0967576777890753
2.065,0.0921314627498561
2.07666666666667,0.0874128223338534
2.08833333333333,0.082697203846535
2.1,0.0780733747526651
2.11166666666667,0.0736216059221135
2.12333333333333,0.0694120841874238
2.135,0.0655035103577905
2.14666666666667,0.061942071530472
2.15833333333333,0.0587606810995258
2.17,0.0559785200725655
2.18166666666667,0.0536009546678501
2.19333333333333,0.0516197235383285
2.205,0.0500134964286244
2.21666666666667,0.0487486934200188
2.22833333333333,0.0477805642258332
2.24,0.0470545844860838
2.25166666666667,0.0465080149304977
2.26333333333333,0.0460716600871395
2.275,0.0456717456503224
2.28666666666667,0.0452319036826478
2.29833333333333,0.0446752108693427
2.31,0.0439261858735231
2.32166666666667,0.0429127806813094
2.33333333333333,0.0415682499882914
2.345,0.0398329040004882
2.35666666666667,0.0376556895555661
2.36833333333333,0.0349955412968555
2.38,0.0318225251610231
2.39166666666667,0.028118682399937
2.40333333333333,0.0238786259965827
2.415,0.0191098562432068
2.42666666666667,0.0138327293637803
2.43833333333333,0.00808018253571992
2.45,0.00189715191613797
2.46166666666667,-0.00466027639809064
2.47333333333333,-0.0115259492825452
2.485,-0.0186250116876491
2.49666666666667,-0.0258753928331749
2.50833333333333,-0.0331894758957438
2.52,-0.0404759156694307
2.53166666666667,-0.0476414909481483
2.54333333333333,-0.0545930337146926
2.555,-0.0612393216041841
2.56666666666667,-0.0674929522997888
2.57833333333333,-0.0732721387059591
2.59,-0.0785023313794381
2.60166666666667,-0.0831177120945041
2.61333333333333,-0.0870624953148048
2.625,-0.0902919939760713
2.63666666666667,-0.0927734573533181
2.64833333333333,-0.0944866901534642
2.66,-0.0954243192927497
2.67166666666667,-0.0955918323700216
2.68333333333333,-0.0950073862299306
2.695,-0.0937011956807618
2.70666666666667,-0.0917148967319588
2.71833333333333,-0.0891006524238972
2.73,-0.0859198036631608
2.74166666666667,-0.0822415494128931
2.75333333333333,-0.0781414531970029
2.765,-0.0736997796243251
2.77666666666667,-0.0689998020061303
2.78833333333333,-0.0641260127796948
2.8,-0.0591624142345038
2.81166666666667,-0.0541907754302093
2.82333333333333,-0.0492889742632222
2.835,-0.0445295505994034
2.84666666666667,-0.0399781938509883
2.85833333333333,-0.0356925243708248
2.87,-0.0317210964941257
2.88166666666667,-0.028102569902637
2.89333333333333,-0.0248651993132189
2.905,-0.0220262669396147
2.91666666666667,-0.0195921758637372
2.92833333333333,-0.0175586934919997
2.94,-0.0159110924219001
2.95166666666667,-0.0146248617887305
2.96333333333333,-0.0136665047338154
2.975,-0.0129945688248727
2.98666666666667,-0.0125607849306145
2.99833333333333,-0.0123113422206567
3.01,-0.0121883661045274
3.02166666666667,-0.0121313713470844
3.03333333333333,-0.0120788231189473
3.045,-0.0119696031853097
3.05666666666667,-0.0117445843473335
3.06833333333333,-0.0113481268528296
3.08,-0.0107293251115673
3.09166666666667,-0.00984328022181468
3.10333333333333,-0.00865218053986481
3.115,-0.0071261971488242
3.12666666666667,-0.00524422088120169
3.13833333333333,-0.00299435932095915
3.15,-0.000374264395639787
3.16166666666667,0.00260881158226885
3.17333333333333,0.00593813976416234
3.185,0.0095878222682489
3.19666666666667,0.0135233905614345
3.20833333333333,0.0177025496298766
3.22,0.0220760419217013
3.23166666666667,0.0265887343329715
3.24333333333333,0.0311808091377129
3.255,0.0357889563499103
3.26666666666667,0.0403478082536365
3.27833333333333,0.0447913986764164
3.29,0.049054415252472
3.30166666666667,0.053073613939552
3.31333333333333,0.0567891453446298
3.325,0.060145752648628
3.33666666666667,0.0630939456761111
3.34833333333333,0.0655909758693828
3.36,0.0676016646814154
3.37166666666667,0.0690990868620807
3.38333333333333,0.0700650603540178
3.395,0.0704904458645432
3.40666666666667,0.0703752525742065
3.41833333333333,0.0697285703912149
3.43,0.0685682643377849
3.44166666666667,0.0669205261419241
3.45333333333333,0.0648192569642176
3.465,0.0623052422046227
3.47666666666667,0.0594252709342645
3.48833333333333,0.0562310685643305
3.5,0.0527781785836798
3.51166666666667,0.0491247923063836
3.52333333333333,0.0453304760014798
3.535,0.0414550139862294
3.54666666666667,0.0375571188514575
3.55833333333333,0.033693190794549
3.57,0.0299163115071015
3.58166666666667,0.026275187367374
3.59333333333333,0.0228132323942665
3.605,0.0195678284758478
3.61666666666667,0.0165696661207233
3.62833333333333,0.0138422260592212
3.64,0.0114015334666194
3.65166666666667,0.00925601232665105
3.66333333333333,0.00740647441388776
3.675,0.00584641808158628
3.68666666666667,0.00456229419088171
3.69833333333333,0.00353397225776948
3.71,0.00273548950808446
3.72166666666667,0.0021357658362596
3.73333333333333,0.00169949030113465
3.745,0.00138805428986329
3.75666666666667,0.00116056693496166
3.76833333333333,0.000974920269767256
3.78,0.000788794192132275
3.79166666666667,0.000560722924042288
3.80333333333333,0.000251096548776039
3.815,-0.000176914297884953
3.82666666666667,-0.000756438110260288
3.83833333333333,-0.00151613657902688
3.85,-0.00247957998289074
3.86166666666667,-0.00366468028539604
3.87333333333333,-0.00508329275373101
3.885,-0.00674092533962593
3.89666666666667,-0.00863665285809571
3.90833333333333,-0.0107632147532566
3.92,-0.0131071028814687
3.93166666666667,-0.015648881144722
3.94333333333333,-0.0183636552710288
3.955,-0.0212216006591579
3.96666666666667,-0.0241886484528508
3.97833333333333,-0.0272272261974225
3.99,-0.030297088281994
4.00166666666667,-0.0333561726271647
4.01333333333333,-0.0363614800959246
4.025,-0.0392700470303422
4.03666666666667,-0.0420397738306909
4.04833333333333,-0.0446302839820373
4.06,-0.0470038030400997
4.07166666666667,-0.0491258677101415
4.08333333333333,-0.0509660233300134
4.095,-0.0524983747582974
4.10666666666667,-0.0537020721897164
4.11833333333333,-0.0545617035694268
4.13,-0.0550674608934034
4.14166666666667,-0.0552152735416496
4.15333333333333,-0.055006806594611
4.165,-0.054449297380126
4.17666666666667,-0.0535553074278015
4.18833333333333,-0.0523423672974755
4.2,-0.0508325074348398
4.21166666666667,-0.0490516929413543
4.22333333333333,-0.0470292101872567
4.235,-0.0447969916908055
4.24666666666667,-0.0423888707236322
4.25833333333333,-0.0398398359171152
4.27,-0.0371852866859756
4.28166666666667,-0.0344602756355713
4.29333333333333,-0.0316987927346879
4.305,-0.0289330720922243
4.31666666666667,-0.0261929807178146
4.32833333333333,-0.0235054638223845
4.34,-0.0208940578021075
4.35166666666667,-0.0183785297657995
4.36333333333333,-0.0159745515433702
4.375,-0.0136935550827561
4.38666666666667,-0.0115426396041511
4.39833333333333,-0.009524550401057
4.41,-0.0076378430980624
4.42166666666667,-0.00587708241435116
4.43333333333333,-0.00423316714971162
4.445,-0.00269367512684484
4.45666666666667,-0.00124335390388382
4.46833333333333,0.000135309978365305
4.48,0.00146161605193856
4.49166666666667,0.00275601400018373
4.50333333333333,0.00403950010316802
4.515,0.00533300914838738
4.52666666666667,0.00665679811299702
4.53833333333333,0.00802991187180946
4.55,0.00946959884598413
4.56166666666667,0.0109908320799125
4.57333333333333,0.0126058984203832
4.585,0.0143240009514999
4.59666666666667,0.0161510132325866
4.60833333333333,0.0180892610480278
4.62,0.0201373926042663
4.63166666666667,0.022290375931613
4.64333333333333,0.0245395052781802
4.655,0.0268725944102192
4.66666666666667,0.0292741545349165
4.67833333333333,0.0317256171540798
4.69,0.03420578560378
4.70166666666667,0.0366911891553791
4.71333333333333,0.0391565246938257
4.725,0.0415751683451797
4.73666666666667,0.0439196519335774
4.74833333333333,0.0461622208883447
4.76,0.048275316472966
4.77166666666667,0.0502320954245928
4.78333333333333,0.0520069309136257
4.795,0.0535758001990756
4.80666666666667,0.0549167483646959
4.81833333333333,0.0560102598779387
4.83,0.0568395200366931
4.84166666666667,0.057390674602483
4.85333333333333,0.0576530032113903
4.865,0.0576190341718555
4.87666666666667,0.0572845808054598
4.88833333333333,0.0566487106683859
4.9,0.0557136658262592
4.91166666666667,0.0544847336338183
4.92333333333333,0.0529700431818733
4.935,0.0511803107710785
4.94666666666667,0.0491285963612176
4.95833333333333,0.0468299775179932
4.97,0.0443012213662325
4.98166666666667,0.0415604464690556
4.99333333333333,0.0386267549651667
5.005,0.0355199240725659
5.01666666666667,0.032260068831555
5.02833333333333,0.0288673265886556
5.04,0.0253615936067516
5.05166666666667,0.021762279173662
5.06333333333333,0.0180881116015507
5.075,0.0143569887970229
5.08666666666667,0.0105858351607724
5.09833333333333,0.00679054754527064
5.11,0.00298596626465692
5.12166666666667,-0.000814101928899282
5.13333333333333,-0.00459680301401
5.145,-0.00835023840281743
5.15666666666667,-0.0120632192769539
5.16833333333333,-0.0157250994995875
5.18,-0.0193257137852348
5.19166666666667,-0.0228551403068388
5.20333333333333,-0.02630353869807
5.215,-0.0296609391599013
5.22666666666667,-0.032917109515698
5.23833333333333,-0.0360614666045804
5.25,-0.0390828643926897
5.26166666666667,-0.0419695394006626
5.27333333333333,-0.0447090594572321
5.285,-0.0472883135952043
5.29666666666667,-0.0496935424144035
5.30833333333333,-0.0519103808009696
5.32,-0.0539240296730359
5.33166666666667,-0.0557193834568365
5.34333333333333,-0.0572812195354276
5.355,-0.0585944871645324
5.36666666666667,-0.0596445417183657
5.37833333333333,-0.0604174379556565
5.39,-0.0609002638784834
5.40166666666667,-0.0610814713905684
5.41333333333333,-0.0609512081250782
5.425,-0.0605016146393921
5.43666666666667,-0.0597271754811965
5.44833333333333,-0.0586250154833348
5.46,-0.057195129213171
5.47166666666667,-0.0554406305955282
5.48333333333333,-0.0533679003580327
5.495,-0.050986725184851
5.50666666666667,-0.0483103725460397
5.51833333333333,-0.0453555554453814
5.53,-0.04214240728741
5.54166666666667,-0.0386943518692919
5.55333333333333,-0.0350378883610999
5.565,-0.0312023530784448
5.57666666666667,-0.0272195986220188
5.58833333333333,-0.0231236165753621
5.6,-0.0189501078121706
5.61166666666667,-0.0147360062027596
5.62333333333333,-0.0105189828409774
5.635,-0.00633689997344327
5.64666666666667,-0.00222727325453137
5.65833333333333,0.00177326874391398
5.67,0.00562956205461077
5.68166666666667,0.0093084447857953
5.69333333333333,0.0127792627932932
5.705,0.0160143223714185
5.71666666666667,0.0189893381314813
5.72833333333333,0.0216838295549867
5.74,0.0240813970874441
5.75166666666667,0.0261699734758921
5.76333333333333,0.0279419975054092
5.775,0.0293944949498811
5.78666666666667,0.0305290889641392
5.79833333333333,0.0313518987653031
5.81,0.0318734219079201
5.82166666666667,0.0321082910233275
5.83333333333333,0.0320749346539389
5.845,0.0317952707502019
5.85666666666667,0.0312942103577557
5.86833333333333,0.0305991485121617
5.88,0.0297394828846379
5.89166666666667,0.0287460269128935
5.90333333333333,0.0276504418262657
5.915,0.0264846000142705
5.92666666666667,0.0252800213254825
5.93833333333333,0.0240673195404302
5.95,0.0228755788972016
5.96166666666667,0.0217318628835696
5.97333333333333,0.0206607343087623
5.985,0.0196838232311883
5.99666666666667,0.0188194673006572
6.00833333333333,0.0180823984754794
6.02,0.0174835432851585
6.03166666666667,0.0170298667952387
6.04333333333333,0.0167243266170848
6.055,0.0165658766327698
6.06666666666667,0.0165495509721694
6.07833333333333,0.0166666820654323
6.09,0.0169051084009437
6.10166666666667,0.01724949609943
6.11333333333333,0.0176817295514098
6.125,0.0181812991321015
6.13666666666667,0.0187258074358643
6.14833333333333,0.0192914674990201
6.16,0.0198536067014975
6.17166666666667,0.0203872038512224
6.18333333333333,0.0208674213713315
6.195,0.0212701621883404
6.20666666666667,0.0215725318680865
6.21833333333333,0.0217532989127446
6.23,0.021793374917672
6.24166666666667,0.0216761749931117
6.25333333333333,0.0213879501972448
6.265,0.0209180508965101
6.27666666666667,0.0202591419614491
6.28833333333333,0.0194073558282931
6.3,0.0183623168320623
6.31166666666667,0.0171271555449681
6.32333333333333,0.0157084390029953
6.335,0.0141159923592299
6.34666666666667,0.0123627297424077
6.35833333333333,0.0104643970531148
6.37,0.00843923843507583
6.38166666666667,0.00630763195351949
6.39333333333333,0.00409169579276718
6.405,0.00181488486944871
6.41666666666667,-0.000498482018302569
6.42833333333333,-0.00282366133673984
6.44,-0.00513592787276697
6.45166666666667,-0.00741102077921546
6.46333333333333,-0.00962555130076555
6.475,-0.0117574230977264
6.48666666666667,-0.0137861685634965
6.49833333333333,-0.0156932690035828
6.51,-0.0174624404303105
6.52166666666667,-0.0190798533631404
6.53333333333333,-0.0205343083979407
6.545,-0.0218173257531515
6.55666666666667,-0.0229232202722582
6.56833333333333,-0.0238491163827614
6.58,-0.0245948563856432
6.59166666666667,-0.0251629054646216
6.60333333333333,-0.0255582033990369
6.615,-0.0257879171644878
6.62666666666667,-0.0258612408256862
6.63833333333333,-0.0257891242466326
6.65,-0.0255839544570949
6.66166666666667,-0.0252592447572317
6.67333333333333,-0.0248292748539567
6.685,-0.0243088181368088
6.69666666666667,-0.0237127495946273
6.70833333333333,-0.0230557058189393
6.72,-0.0223518498153066
6.73166666666667,-0.02161455485224
6.74333333333333,-0.020856165560614
6.755,-0.0200877585076941
6.76666666666667,-0.0193189862818419
6.77833333333333,-0.0185579627794081
6.79,-0.0178111188645835
6.80166666666667,-0.0170831699064253
6.81333333333333,-0.01637710676962
6.825,-0.015694227932729
6.83666666666667,-0.015034206858944
6.84833333333333,-0.0143951979837699
6.86,-0.0137739958663938
6.87166666666667,-0.0131661941709144
6.88333333333333,-0.0125663884516323
6.895,-0.0119684020260051
6.90666666666667,-0.0113655037459808
6.91833333333333,-0.0107506436374259
6.93,-0.0101166988939846
6.94166666666667,-0.00945672515106784
6.95333333333333,-0.00876417526560042
6.965,-0.00803309272561271
6.97666666666667,-0.00725834725562453
6.98833333333333,-0.00643580978313549
7,-0.00556247267868355
7.01166666666667,-0.00463658085807331
7.02333333333333,-0.0036577109267127
7.035,-0.00262682958468364
7.04666666666667,-0.00154630907638011
7.05833333333333,-0.00041991625363627
7.07,0.000747223194605714
7.08166666666667,0.00194872693308751
7.09333333333333,0.00317704873827562
7.105,0.00442360059757468
7.11666666666667,0.0056789244403301
7.12833333333333,0.00693285026016709
7.14,0.00817470024956623
7.15166666666667,0.00939346797645086
7.16333333333333,0.0105780148564597
7.175,0.0117173277744037
7.18666666666667,0.0128006586483759
7.19833333333333,0.0138177157934602
7.21,0.0147588863777268
7.22166666666667,0.0156153832886421
7.23333333333333,0.0163794044502128
7.245,0.0170442367292782
7.25666666666667,0.0176043872845381
7.26833333333333,0.0180556799827397
7.28,0.0183952830093561
7.29166666666667,0.0186217460074971
7.30333333333333,0.0187350114966949
7.315,0.0187364026515539
7.32666666666667,0.0186285600050728
7.33833333333333,0.018415374046888
7.35,0.0181019172168662
7.36166666666667,0.0176943318457707
7.37333333333333,0.0171997042045796
7.385,0.016625953849349
7.39666666666667,0.015981669935477
7.40833333333333,0.0152759599975318
7.42,0.0145183256652722
7.43166666666667,0.0137184901902879
7.44333333333333,0.0128862706320804
7.455,0.0120314031323821
7.46666666666667,0.0111634415522542
7.47833333333333,0.0102916503636979
7.49,0.00942484128751013
7.50166666666667,0.00857131291490816
7.51333333333333,0.0077387350990833
7.525,0.00693410402218156
7.53666666666667,0.0061636725016747
7.54833333333333,0.00543284884295649
7.56,0.00474624541622326
7.57166666666667,0.0041076427383129
7.58333333333333,0.00351995866476483
7.595,0.00298529575546395
7.60666666666667,0.00250493615356003
7.61833333333333,0.00207937444286976
7.63,0.00170836193601792
7.64166666666667,0.00139092911908511
7.65333333333333,0.00112544816689669
7.665,0.000909659392238297
7.67666666666667,0.000740750863185726
7.68833333333333,0.000615437125053632
7.7,0.000529955845285443
7.71166666666667,0.000480139416262336
7.72333333333333,0.000461474289782139
7.735,0.000469158430851457
7.74666666666667,0.000498136691695109
7.75833333333333,0.000543129836754302
7.77,0.000598715074292403
7.78166666666667,0.000659343277532029
7.79333333333333,0.000719401641286194
7.805,0.000773273934284288
7.81666666666667,0.00081534336348009
7.82833333333333,0.000840069472064847
7.84,0.0008420391474631
7.85166666666667,0.0008160004824412
7.86333333333333,0.000756937433705591
7.875,0.000660108645109633
7.88666666666667,0.000521105790245888
7.89833333333333,0.000335911734252128
7.91,0.000100969440246082
7.92166666666667,-0.000186751080741478
7.93333333333333,-0.000529711699552896
7.945,-0.000929702048688088
7.95666666666667,-0.00138781771243717
7.96833333333333,-0.00190441712855138
7.98,-0.00247902516847481
7.99166666666667,-0.00311032554822178
8.00333333333333,-0.0037960961053661
8.015,-0.00453320328763415
8.02666666666667,-0.00531758054963731
8.03833333333333,-0.00614418170839897
8.05,-0.00700704340069773
8.06166666666667,-0.00789928802075434
8.07333333333333,-0.00881317214719299
8.085,-0.00974014439569822
8.09666666666667,-0.0106708985358888
8.10833333333333,-0.011595509303478
8.12,-0.0125035142117978
8.13166666666667,-0.0133840327102302
8.14333333333333,-0.0142259126049206
8.155,-0.0150178595658832
8.16666666666667,-0.0157486203629744
8.17833333333333,-0.0164071394451388
8.19,-0.0169827392915053
8.20166666666667,-0.017465296224012
8.21333333333333,-0.0178453886246718
8.225,-0.0181145022274398
8.23666666666667,-0.0182651687844452
8.24833333333333,-0.018291119433612
8.26,-0.0181874379881156
8.27166666666667,-0.0179506616508674
8.28333333333333,-0.0175789057849192
8.295,-0.0170719073599858
8.30666666666667,-0.016431102397963
8.31833333333333,-0.0156596784078829
8.33,-0.0147625199717128
8.34166666666667,-0.013746204115734
8.35333333333333,-0.0126189530690488
8.365,-0.0113905243014095
8.37666666666667,-0.0100720941703656
8.38833333333333,-0.00867611863701878
8.4,-0.00721617266289959
8.41166666666667,-0.00570675365607033
8.42333333333333,-0.00416306990012182
8.435,-0.00260084396845713
8.44666666666667,-0.00103604515350226
8.45833333333333,0.000515369340534697
8.47,0.00203766054728914
8.48166666666667,0.00351556887942733
8.49333333333333,0.00493455557932866
8.505,0.00628103328557533
8.51666666666667,0.00754256786230468
8.52833333333333,0.00870805238033289
8.54,0.00976790546068192
8.55166666666667,0.0107142066434774
8.56333333333333,0.0115408078123917
8.575,0.0122434158824617
8.58666666666667,0.0128196424305465
8.59833333333333,0.0132690319941553
8.61,0.0135930247057997
8.62166666666667,0.013794902143004
8.63333333333333,0.0138797065629494
8.645,0.0138541087213919
8.65666666666667,0.0137262683566254
8.66833333333333,0.0135056593121689
8.68,0.013202867528158
8.69166666666667,0.0128293674164492
8.70333333333333,0.012397283367533
8.715,0.0119191724035716
8.72666666666667,0.011407754822911
8.73833333333333,0.0108756438653418
8.75,0.0103351316799909
8.76166666666667,0.00979796272005889
8.77333333333333,0.0092750997433672
8.785,0.00877650997694751
8.79666666666667,0.00831100715340194
8.80833333333333,0.00788611538564622
8.82,0.00750792284678802
8.83166666666667,0.00718099461777831
8.84333333333333,0.00690832024950666
8.855,0.00669129370358281
8.86666666666667,0.00652972708181486
8.87833333333333,0.00642187172625872
8.89,0.0063645150631477
8.90166666666667,0.00635308421742554
8.91333333333333,0.00638177987226631
8.925,0.00644375690414229
8.93666666666667,0.00653126361764068
8.94833333333333,0.00663585235913365
8.96,0.00674859505088051
8.97166666666667,0.00686029620302864
8.98333333333333,0.00696172466640888
8.995,0.0070437973564381
9.00666666666667,0.0070978249305621
9.01833333333333,0.00711570621856873
9.03,0.00709008838922917
9.04166666666667,0.0070145541232099
9.05333333333333,0.00688374104813454
9.065,0.00669347003598577
9.07666666666667,0.00644082478699956
9.08833333333333,0.00612419154213851
9.1,0.00574331095897457
9.11166666666667,0.00529925844185422
9.12333333333333,0.00479440327132508
9.135,0.00423235226746914
9.14666666666667,0.00361785657425501
9.15833333333333,0.00295669450299754
9.17,0.00225553026783861
9.18166666666667,0.00152175680659423
9.19333333333333,0.000763329316338218
9.205,-1.1422032453863e-05
9.21666666666667,-0.000793980043946171
9.22833333333333,-0.00157581758673253
9.24,-0.00234859268737102
9.25166666666667,-0.00310432087772418
9.26333333333333,-0.00383554260092323
9.275,-0.00453547133236813
9.28666666666667,-0.0051981160879368
9.29833333333333,-0.00581841754371522
9.31,-0.00639230747349505
9.32166666666667,-0.00691675726171906
9.33333333333333,-0.00738984347401719
9.345,-0.00781071622115287
9.35666666666667,-0.00817958760220927
9.36833333333333,-0.00849769714748266
9.38,-0.00876720581678806
9.39166666666667,-0.00899111364660048
9.40333333333333,-0.00917313945495961
9.415,-0.00931757946340117
9.42666666666667,-0.00942916075994997
9.43833333333333,-0.00951288406908079
9.45,-0.00957386086219572
9.46166666666667,-0.00961714139330191
9.47333333333333,-0.00964755460556192
9.485,-0.00966955507053532
9.49666666666667,-0.00968709266830192
9.50833333333333,-0.0097034713424921
9.52,-0.00972124564250252
9.53166666666667,-0.00974213969669575
9.54333333333333,-0.00976696614275427
9.555,-0.00979561610141184
9.56666666666667,-0.00982702971677818
9.57833333333333,-0.00985920311042633
9.59,-0.00988925078649277
9.60166666666667,-0.00991347108976805
9.61333333333333,-0.00992744567042488
9.625,-0.0099261209153546
9.63666666666667,-0.00990398622156134
9.64833333333333,-0.00985524736117823
9.66,-0.00977393007395778
9.67166666666667,-0.00965407762606229
9.68333333333333,-0.00948993977403868
9.695,-0.00927612047774045
9.70666666666667,-0.00900776571038389
9.71833333333333,-0.00868073267003237
9.73,-0.00829171768288546
9.74166666666667,-0.00783839648959081
9.75333333333333,-0.00731953267926191
9.765,-0.00673506896180273
9.77666666666667,-0.00608618252398483
9.78833333333333,-0.00537529253390396
9.8,-0.00460608425799862
9.81166666666667,-0.00378347780016842
9.82333333333333,-0.00291355160489372
9.835,-0.00200345610553504
9.84666666666667,-0.00106131884362855
9.85833333333333,-9.61099157860031e-05
9.87,0.000882549072210805
9.88166666666667,0.00186455391577514
9.89333333333333,0.00283951345015589
9.905,0.00379695864593538
9.91666666666667,0.00472654487089764
9.92833333333333,0.00561827425116176
9.94,0.00646270500414144
9.95166666666667,0.00725112669414407
9.96333333333333,0.00797575739866881
9.975,0.00862992850579935
9.98666666666667,0.00920818810188353
9.99833333333333,0.00970642014334961
10.01,0.0101219545095214
10.0216666666667,0.0104535998235705
10.0333333333333,0.0107016709330599
10.045,0.0108679803544485
10.0566666666667,0.0109557818063163
10.0683333333333,0.0109696942859198
10.08,0.010915587767808
10.0916666666667,0.0108004532159386
10.1033333333333,0.0106322136261991
10.115,0.010419533282203
10.1266666666667,0.0101716284278644
10.1383333333333,0.00989802487859183
10.15,0.00960834154390679
10.1616666666667,0.00931204254480275
10.1733333333333,0.00901819981347498
10.185,0.00873528837122739
10.1966666666667,0.00847095593269577
10.2083333333333,0.00823183499040882
10.22,0.00802336099612991
10.2316666666667,0.00784964338672578
10.2433333333333,0.00771336500777597
10.255,0.00761566147065057
10.2666666666667,0.00755610753789455
10.2783333333333,0.00753273286827529
10.29,0.00754202965876205
10.3016666666667,0.00757902580978398
10.3133333333333,0.00763739883935258
10.325,0.00770963093312635
10.3366666666667,0.00778718127514926
10.3483333333333,0.00786066858884972
10.36,0.00792012230153767
10.3716666666667,0.00795523011213587
10.3833333333333,0.00795558804759596
10.395,0.00791099609418312
10.4066666666667,0.00781169288474785
10.4183333333333,0.00764861647238542
10.43,0.00741368328057118
10.4416666666667,0.00710001840249933
10.4533333333333,0.006702168235967
10.465,0.00621627430538785
10.4766666666667,0.00564024444509747
10.4883333333333,0.00497386300408774
10.5,0.00421885834584713
10.5116666666667,0.0033789505427113
10.5233333333333,0.0024598278069124
10.535,0.00146908504162098
10.5466666666667,0.000416139101521014
10.5583333333333,-0.000687909950709229
10.57,-0.00183048376416192
10.5816666666667,-0.00299773334382709
10.5933333333333,-0.0041747772559173
10.605,-0.00534599952437035
10.6166666666667,-0.00649534848728395
10.6283333333333,-0.00760664940359202
10.64,-0.00866392810092534
10.6516666666667,-0.009651734724047
10.6633333333333,-0.0105554639841031
10.675,-0.0113616647360373
10.6866666666667,-0.0120583397679727
10.6983333333333,-0.0126352032652221
10.71,-0.0130839056838867
10.7216666666667,-0.0133982305886717
10.7333333333333,-0.0135742429554723
10.745,-0.0136104028708013
10.7566666666667,-0.013507625104104
10.7683333333333,-0.01326927704202
10.78,-0.0129011364557202
10.7916666666667,-0.0124113029547678
10.8033333333333,-0.0118100553473694
10.815,-0.0111096521882405
10.8266666666667,-0.0103240997815256
10.8383333333333,-0.00946888358119961
10.85,-0.00856065971278676
10.8616666666667,-0.00761692815241661
10.8733333333333,-0.00665567069914865
10.885,-0.00569499998205118
10.8966666666667,-0.00475278446058261
10.9083333333333,-0.00384626917116052
10.92,-0.00299173336657988
10.9316666666667,-0.00220415171577954
10.9433333333333,-0.00149688052310226
10.955,-0.00088135674268095
10.9666666666667,-0.000366884002469445
10.9783333333333,3.95510616688833e-05
10.99,0.000333458879597122
11.0016666666667,0.000512928889280927
11.0133333333333,0.000578677761864964
11.025,0.000534027477264461
11.0366666666667,0.000384833705738131
11.0483333333333,0.00013938327380599
11.06,-0.000191805561423962
11.0716666666667,-0.000596202385491057
11.0833333333333,-0.00105952841770709
11.095,-0.00156607807052647
11.1066666666667,-0.00209904304523313
11.1183333333333,-0.00264088704470595
11.13,-0.0031737263019099
11.1416666666667,-0.00367972595108132
11.1533333333333,-0.00414150307372266
11.165,-0.00454247393427479
11.1766666666667,-0.00486726650148885
11.1883333333333,-0.0051020851357254
11.2,-0.00523497885286604
11.2116666666667,-0.00525615117619354
11.2233333333333,-0.00515817538627437
11.235,-0.00493618033764141
11.2466666666667,-0.00458799843640937
11.2583333333333,-0.00411420971092321
11.27,-0.00351817207569724
11.2816666666667,-0.0028059800651182
11.2933333333333,-0.00198635796663272
11.305,-0.00107048535246666
11.3166666666667,-7.18008318457294e-05
11.3283333333333,0.000994238270404223
11.34,0.00211050148105481
11.3516666666667,0.00325851747452815
11.3633333333333,0.00441884054979823
11.375,0.00557146692252152
11.3866666666667,0.00669622692227689
11.3983333333333,0.00777321325421438
11.41,0.00878319263604356
11.4216666666667,0.00970800967587592
11.4333333333333,0.0105309721988425
11.445,0.0112371890547401
11.4566666666667,0.0118139044935297
11.4683333333333,0.0122507789044154
11.48,0.0125401144404604
11.4916666666667,0.0126770089704204
11.5033333333333,0.0126594762567078
11.515,0.0124885117777206
11.5266666666667,0.0121680709433539
11.5383333333333,0.0117049968093439
11.55,0.01110889062884
11.5616666666667,0.0103919398817274
11.5733333333333,0.00956866534827016
11.585,0.00865563638289124
11.5966666666667,0.00767113545794214
11.6083333333333,0.00663476490083668
11.62,0.00556707817828132
11.6316666666667,0.0044891553811898
11.6433333333333,0.00342216049054045
11.655,0.00238691776011813
11.6666666666667,0.00140348802617963
11.6783333333333,0.000490762377892253
11.69,-0.000333936853806833
11.7016666666667,-0.00105520868745764
11.7133333333333,-0.00165987971759694
11.725,-0.00213727139798883
11.7366666666667,-0.00247943192198685
11.7483333333333,-0.00268129892249379
11.76,-0.00274078703266426
11.7716666666667,-0.00265883128717048
11.7833333333333,-0.00243937249030675
11.795,-0.00208927328076455
11.8066666666667,-0.00161815692058312
11.8183333333333,-0.00103821213933894
11.83,-0.000363936158085028
11.8416666666667,0.000388159044508807
11.8533333333333,0.00119988061761933
11.865,0.00205176548805503
11.8766666666667,0.00292345799610995
11.8883333333333,0.00379411377774155
11.9,0.00464286264850909
11.9116666666667,0.00544921283895252
11.9233333333333,0.00619347631299454
11.935,0.00685719412947393
11.9466666666667,0.00742347413000353
11.9583333333333,0.00787734335994896
11.97,0.00820606271862919
11.9816666666667,0.00839936331325566
11.9933333333333,0.00844965446785119
12.005,0.00835216756948153
12.0166666666667,0.00810504038729352
12.0283333333333,0.00770933585863755
12.04,0.00716900657128824
12.0516666666667,0.00649080951676411
12.0633333333333,0.0056841436314724
12.075,0.00476084044970002
12.0866666666667,0.00373491835407663
12.0983333333333,0.00262227396750818
12.11,0.00144034997440267
12.1216666666667,0.000207764624637044
12.1333333333333,-0.00105608326085172
12.145,-0.00233139066918369
12.1566666666667,-0.00359839256761448
12.1683333333333,-0.00483776056468552
12.18,-0.00603097113013806
12.1916666666667,-0.00716070224893161
12.2033333333333,-0.00821115442695514
12.215,-0.00916837600503741
12.2266666666667,-0.0100205089974345
12.2383333333333,-0.0107579978552229
12.25,-0.0113737860610048
12.2616666666667,-0.0118633929441115
12.2733333333333,-0.0122249827450555
12.285,-0.012459362422788
12.2966666666667,-0.0125699055697848
12.3083333333333,-0.0125624556141108
12.32,-0.0124451397170965
12.3316666666667,-0.0122281459843069
12.3433333333333,-0.0119234657555447
12.355,-0.0115445795626088
12.3666666666667,-0.0111061326517639
12.3783333333333,-0.0106235793983505
12.39,-0.0101128082191327
12.4016666666667,-0.00958976010781205
12.4133333333333,-0.00907003596340704
12.425,-0.00856853313653042
12.4366666666667,-0.00809909057830926
12.4483333333333,-0.00767415876638705
12.46,-0.00730449556444364
12.4716666666667,-0.0069989065763564
12.4833333333333,-0.00676403920822819
12.495,-0.00660419747390435
12.5066666666667,-0.00652124095269212
12.5183333333333,-0.00651453258708838
12.53,-0.00658091988168699
12.5416666666667,-0.00671479591535978
12.5533333333333,-0.00690821376516689
12.565,-0.00715104039612134
12.5766666666667,-0.00743116311718728
12.5883333333333,-0.00773476335870708
12.6,-0.00804660572791339
12.6116666666667,-0.00835036587372661
12.6233333333333,-0.00862900205728369
12.635,-0.00886511607487453
12.6466666666667,-0.00904134793123084
12.6583333333333,-0.00914077868758374
12.67,-0.00914731133272362
12.6816666666667,-0.00904604502444592
12.6933333333333,-0.00882362713421558
12.705,-0.00846857656681718
12.7166666666667,-0.00797158387607659
12.7283333333333,-0.00732576528830773
12.74,-0.00652685656612103
12.7516666666667,-0.00557336700020055
12.7633333333333,-0.00446667230783229
12.775,-0.00321105935783444
12.7866666666667,-0.00181372633744983
12.7983333333333,-0.000284689723150166
12.81,0.00136334370951541
12.8216666666667,0.00311513714096485
12.8333333333333,0.00495317186475679
12.845,0.0068579187002158
12.8566666666667,0.00880814755980063
12.8683333333333,0.0107812904068815
12.88,0.0127538091651468
12.8916666666667,0.0147015950949511
12.9033333333333,0.0166003790716137
12.915,0.0184261306075845
12.9266666666667,0.0201554749324072
12.9383333333333,0.0217660948915102
12.95,0.023237099540914
12.9616666666667,0.0245493802469001
12.9733333333333,0.025685931533105
12.985,0.026632129103453
12.9966666666667,0.0273759660115693
13.0083333333333,0.0279082384536036
13.02,0.0282226794098503
13.0316666666667,0.0283160450536286
13.0433333333333,0.0281881588053363
13.055,0.0278418660776905
13.0666666666667,0.0272829547638116
13.0783333333333,0.0265200473252275
13.09,0.0255644053704467
13.1016666666667,0.024429701418729
13.1133333333333,0.0231317718775023
13.125,0.0216883244428791
13.1366666666667,0.0201185906163756
13.1483333333333,0.0184429711371135
13.16,0.0166826967038057
13.1716666666667,0.0148594543821848
13.1833333333333,0.012995004110097
13.195,0.0111108227610909
13.2066666666667,0.00922774324408733
13.2183333333333,0.00736561874105426
13.23,0.00554302244474251
13.2416666666667,0.0037769597613974
13.2533333333333,0.00208262869410672
13.265,0.000473210439814659
13.2766666666667,-0.00104028967331348
13.2883333333333,-0.00244914781270624
13.3,-0.00374701329615263
13.3116666666667,-0.00492992619482987
13.3233333333333,-0.00599629382026454
13.335,-0.00694682428189024
13.3466666666667,-0.00778441747517147
13.3583333333333,-0.00851403844296357
13.37,-0.0091425088343279
13.3816666666667,-0.00967829985541982
13.3933333333333,-0.0101313044613466
13.405,-0.0105125647018998
13.4166666666667,-0.0108339900330008
13.4283333333333,-0.0111080601059024
13.44,-0.0113475425286691
13.4516666666667,-0.0115651970185857
13.4633333333333,-0.0117734853692883
13.475,-0.011984269063809
13.4866666666667,-0.0122085778989369
13.4983333333333,-0.0124564022463376
13.51,-0.0127364304319099
13.5216666666667,-0.0130558825456381
13.5333333333333,-0.0134203576815038
13.545,-0.0138337133267718
13.5566666666667,-0.0142979927954995
13.5683333333333,-0.0148133679919546
13.58,-0.0153781401224922
13.5916666666667,-0.0159887556104685
13.6033333333333,-0.0166398728593493
13.615,-0.0173244599683474
13.6266666666667,-0.0180339182125636
13.6383333333333,-0.0187582357756345
13.65,-0.0194861704028226
13.6616666666667,-0.0202054536480639
13.6733333333333,-0.0209029919759009
13.685,-0.0215651041316204
13.6966666666667,-0.0221777629319309
13.7083333333333,-0.0227268404887971
13.72,-0.0231983439145944
13.7316666666667,-0.0235786510323141
13.7433333333333,-0.0238547595654154
13.755,-0.0240145115972633
13.7666666666667,-0.0240467815005202
13.7783333333333,-0.0239416645204668
13.79,-0.0236906473461386
13.8016666666667,-0.0232867653390332
13.8133333333333,-0.0227247261999349
13.825,-0.0220009554706678
13.8366666666667,-0.021113716780807
13.8483333333333,-0.0200631818828373
13.86,-0.0188513958005514
13.8716666666667,-0.0174822651400549
13.8833333333333,-0.015961524334687
13.895,-0.0142966984403945
13.9066666666667,-0.0124969838388005
13.9183333333333,-0.010573129443937
13.93,-0.00853733535319119
13.9416666666667,-0.00640309964130837
13.9533333333333,-0.00418507218501472
13.965,-0.00189885224878344
13.9766666666667,0.000439181530454604
13.9883333333333,0.00281203221395967
14,0.00520231434809105
14.0116666666667,0.00759244030742227
14.0233333333333,0.00996480572390504
14.035,0.0123020141207346
14.0466666666667,0.0145870287888666
14.0583333333333,0.0168033438845633
14.07,0.0189351865762032
14.0816666666667,0.0209676500832755
14.0933333333333,0.0228868603074844
14.105,0.0246800950681342
14.1166666666667,0.0263358921119109
14.1283333333333,0.027844179121604
14.14,0.029196323671318
14.1516666666667,0.0303852011389906
14.1633333333333,0.0314052438840407
14.175,0.0322524598967672
14.1866666666667,0.0329244493328175
14.1983333333333,0.0334203821892642
14.21,0.0337409629097956
14.2216666666667,0.0338883897927875
14.2333333333333,0.0338662888948572
14.245,0.0336796246971506
14.2566666666667,0.033334604372466
14.2683333333333,0.0328385594757667
14.28,0.032199836686937
14.2916666666667,0.0314276520790686
14.3033333333333,0.0305319456647023
14.315,0.0295232682592025
14.3266666666667,0.0284125786755975
14.3383333333333,0.0272110771590072
14.35,0.0259300820298035
14.3616666666667,0.0245808635797696
14.3733333333333,0.0231744883160807
14.385,0.0217216577205122
14.3966666666667,0.0202325899186016
14.4083333333333,0.0187169040274259
14.42,0.0171834806592944
14.4316666666667,0.0156403660556343
14.4433333333333,0.0140946832659535
14.455,0.012551619467354
14.4666666666667,0.011018421577653
14.4783333333333,0.00949943595013978
14.49,0.00799774235945529
14.5016666666667,0.00651540438082174
14.5133333333333,0.00505351101976124
14.525,0.00361192251901769
14.5366666666667,0.002189746870725
14.5483333333333,0.000785323183565536
14.56,-0.000603764625759884
14.5716666666667,-0.00198045108908467
14.5833333333333,-0.00334801558861016
14.595,-0.00471016584712407
14.6066666666667,-0.00607062870983363
14.6183333333333,-0.00743281857229622
14.63,-0.00880005637149454
14.6416666666667,-0.0101750882032702
14.6533333333333,-0.011560054810714
14.665,-0.0129565200935696
14.6766666666667,-0.0143648637952292
14.6883333333333,-0.0157844059716122
14.7,-0.0172134272705215
14.7116666666667,-0.0186488237056536
14.7233333333333,-0.020086089359111
14.735,-0.0215195002006831
14.7466666666667,-0.0229420164047338
14.7583333333333,-0.0243450048469982
14.77,-0.0257186629220723
14.7816666666667,-0.0270521282976523
14.7933333333333,-0.0283332938617494
14.805,-0.0295492661876291
14.8166666666667,-0.030686493473051
14.8283333333333,-0.0317307680315594
14.84,-0.0326677463930256
14.8516666666667,-0.0334830564874489
14.8633333333333,-0.034162515216208
14.875,-0.0346926444023973
14.8866666666667,-0.0350606608041522
14.8983333333333,-0.0352547861257987
14.91,-0.0352646572427182
14.9216666666667,-0.035081569525321
14.9333333333333,-0.0346987404707913
14.945,-0.0341113898632692
14.9566666666667,-0.0333170130170557
14.9683333333333,-0.032315511569963
14.98,-0.0311092829822691
14.9916666666667,-0.0297033590531275
15.0033333333333,-0.0281053363828144
15.015,-0.0263254476738115
15.0266666666667,-0.0243764747619689
15.0383333333333,-0.022273549959119
15.05,-0.0200340479333813
15.0616666666667,-0.0176773370063994
15.0733333333333,-0.0152245114990995
15.085,-0.0126981668255263
15.0966666666667,-0.0101220410508291
15.1083333333333,-0.00752055452921407
15.12,-0.00491846588134341
15.1316666666667,-0.00234048004166304
15.1433333333333,0.000189205507583167
15.155,0.00264724610220931
15.1666666666667,0.00501157307641333
15.1783333333333,0.00726186870986974
15.19,0.00937987766189463
15.2016666666667,0.0113497450686779
15.2133333333333,0.0131583873995642
15.225,0.0147956080052086
15.2366666666667,0.0162543138080397
15.2483333333333,0.0175308000428537
15.26,0.0186247371045298
15.2716666666667,0.0195391743338578
15.2833333333333,0.0202805415089416
15.295,0.0208584141545941
15.3066666666667,0.0212853615340178
15.3183333333333,0.0215767737629485
15.33,0.0217504609092504
15.3416666666667,0.0218262867185206
15.3533333333333,0.0218257413702756
15.365,0.0217714503671294
15.3766666666667,0.0216867150276318
15.3883333333333,0.0215949298548031
15.4,0.0215190173104175
15.4116666666667,0.0214809223229689
15.4233333333333,0.0215010292411865
15.435,0.0215976731595955
15.4466666666667,0.0217866373020734
15.4583333333333,0.0220806491825801
15.47,0.0224890245864602
15.4816666666667,0.0230172973360174
15.4933333333333,0.0236669597629471
15.505,0.0244352809176071
15.5166666666667,0.0253151738385545
15.5283333333333,0.0262952052647252
15.54,0.0273596505638505
15.5516666666667,0.028488660547845
15.5633333333333,0.0296585257136996
15.575,0.0308420072963253
15.5866666666667,0.0320087809842752
15.5983333333333,0.0331259676696498
15.61,0.0341587123235392
15.6216666666667,0.0350708249498978
15.6333333333333,0.035825508566679
15.645,0.0363860434101235
15.6566666666667,0.0367165552843872
15.6683333333333,0.0367828642893423
15.68,0.0365531982908513
15.6916666666667,0.0359989401577516
15.7033333333333,0.0350953574189243
15.715,0.033822269482042
15.7266666666667,0.0321646695956443
15.7383333333333,0.0301131863777821
15.75,0.0276645652585076
15.7616666666667,0.0248219919551903
15.7733333333333,0.0215952760291402
15.785,0.0180010275339742
15.7966666666667,0.014062580840474
15.8083333333333,0.00980987036245117
15.82,0.00527917957747636
15.8316666666667,0.000512712281127372
15.8433333333333,-0.00444186433098074
15.855,-0.00953212123611279
15.8666666666667,-0.014701557917062
15.8783333333333,-0.0198903617598429
15.89,-0.0250363702323331
15.9016666666667,-0.0300760228032396
15.9133333333333,-0.0349453751346354
15.925,-0.0395811089122692
15.9366666666667,-0.0439216226806747
15.9483333333333,-0.047908089056358
15.96,-0.0514854488518276
15.9716666666667,-0.0546034109449243
15.9833333333333,-0.0572173341207545
15.995,-0.0592890800349387
16.0066666666667,-0.060787745654095
16.0183333333333,-0.0616902781550538
16.03,-0.0619819675268157
16.0416666666667,-0.0616567993296487
16.0533333333333,-0.0607176847785953
16.065,-0.0591765036994694
16.0766666666667,-0.0570540228625913
16.0883333333333,-0.0543796465100109
16.1,-0.0511910082279198
16.1116666666667,-0.0475334374242107
16.1233333333333,-0.0434592755764303
16.135,-0.0390270642368912
16.1466666666667,-0.0343006179523648
16.1583333333333,-0.0293480172936713
16.17,-0.0242405062209799
16.1816666666667,-0.0190513162831722
16.1933333333333,-0.0138544706112743
16.205,-0.00872356478449837
16.2166666666667,-0.00373054826314693
16.2283333333333,0.00105547016970761
16.24,0.00556937447114773
16.2516666666667,0.0097511334175275
16.2633333333333,0.0135467607783542
16.275,0.0169092314939975
16.2866666666667,0.0197992861622627
16.2983333333333,0.0221859824286841
16.31,0.0240472081789262
16.3216666666667,0.0253700144437286
16.3333333333333,0.0261507456268761
16.345,0.0263950990863528
16.3566666666667,0.0261178965836703
16.3683333333333,0.0253427423706456
16.38,0.0241015775515394
16.3916666666667,0.0224340065348982
16.4033333333333,0.0203865590019947
16.415,0.0180117710740824
16.4266666666667,0.0153671799274409
16.4383333333333,0.0125142853342955
16.45,0.00951738649402848
16.4616666666667,0.00644239851075291
16.4733333333333,0.00335562616039864
16.485,0.000322580413154886
16.4966666666667,-0.00259317822876737
16.5083333333333,-0.00533121939002213
16.52,-0.00783528386341501
16.5316666666667,-0.0100542417217848
16.5433333333333,-0.0119429823189824
16.555,-0.0134631277140292
16.5666666666667,-0.0145836665295648
16.5783333333333,-0.0152814326784516
16.59,-0.015541378695523
16.6016666666667,-0.0153567508721354
16.6133333333333,-0.0147290491600915
16.625,-0.0136678823486336
16.6366666666667,-0.0121906680135048
16.6483333333333,-0.0103221044827682
16.66,-0.00809360920861507
16.6716666666667,-0.00554258671105661
16.6833333333333,-0.00271160305842037
16.695,0.00035252378204301
16.7066666666667,0.00359973824658398
16.7183333333333,0.00697772492772035
16.73,0.0104329980717762
16.7416666666667,0.0139119681297186
16.7533333333333,0.0173619429577984
16.765,0.0207321690779347
16.7766666666667,0.02397473844759
16.7883333333333,0.0270454437544152
16.8,0.0299045630099423
16.8116666666667,0.0325174943010014
16.8233333333333,0.0348552995090229
16.835,0.0368950733992721
16.8466666666667,0.0386202074756478
16.8583333333333,0.0400204900500861
16.87,0.0410920620251895
16.8816666666667,0.0418372394776357
16.8933333333333,0.0422641456607253
16.905,0.0423863403912508
16.9166666666667,0.042222219229975
16.9283333333333,0.0417942827813424
16.94,0.0411284210942932
16.9516666666667,0.0402530612701005
16.9633333333333,0.0391983334039421
16.975,0.0379951121264909
16.9866666666667,0.0366740914432042
16.9983333333333,0.0352649603410496
17.01,0.0337954790864922
17.0216666666667,0.032290695331579
17.0333333333333,0.0307722266502812
17.045,0.0292575884500197
17.0566666666667,0.0277597310078973
17.0683333333333,0.0262866124508369
17.08,0.0248409266739225
17.0916666666667,0.0234200152984548
17.1033333333333,0.0220158564128553
17.115,0.0206152970628414
17.1266666666667,0.0192003649404577
17.1383333333333,0.0177486931072087
17.15,0.0162341528200332
17.1616666666667,0.0146275776991691
17.1733333333333,0.0128976220528143
17.185,0.0110116296094264
17.1966666666667,0.00893663153856795
17.2083333333333,0.00664043563026072
17.22,0.00409266159017709
17.2316666666667,0.00126581811529307
17.2433333333333,-0.00186366188964284
17.255,-0.00531441575282331
17.2666666666667,-0.00909920541532716
17.2783333333333,-0.0132241018732119
17.29,-0.0176877551230895
17.3016666666667,-0.022480821191463
17.3133333333333,-0.0275855221748218
17.325,-0.0329753428470374
17.3366666666667,-0.0386149760201322
17.3483333333333,-0.0444604174752863
17.36,-0.0504592110730995
17.3716666666667,-0.0565509209690178
17.3833333333333,-0.0626677779091305
17.395,-0.0687355190114047
17.4066666666667,-0.0746743569951004
17.4183333333333,-0.0804001150779434
17.43,-0.0858255138221388
17.4416666666667,-0.0908615371643096
17.4533333333333,-0.0954189210762621
17.465,-0.0994096651658065
17.4766666666667,-0.102748594369366
17.4883333333333,-0.105354960774204
17.5,-0.107153983488437
17.5116666666667,-0.108078353282278
17.5233333333333,-0.108069636357776
17.535,-0.107079573460614
17.5466666666667,-0.105071288278315
17.5583333333333,-0.102020276620645
17.57,-0.0979152322606808
17.5816666666667,-0.0927586843040223
17.5933333333333,-0.0865673994418456
17.605,-0.0793726050583812
17.6166666666667,-0.0712198984553632
17.6283333333333,-0.0621689748327445
17.64,-0.0522931395057174
17.6516666666667,-0.0416785138119964
17.6633333333333,-0.0304231139599369
17.675,-0.0186356268886434
17.6866666666667,-0.00643403186258524
17.6983333333333,0.00605587384033491
17.71,0.0187022067092814
17.7216666666667,0.0313687931100214
17.7333333333333,0.0439170652718751
17.745,0.0562080072964094
17.7566666666667,0.0681041174789621
17.7683333333333,0.0794714025624975
17.78,0.0901812926506995
17.7916666666667,0.100112510075941
17.8033333333333,0.109152831246375
17.815,0.117200696911411
17.8266666666667,0.124166693886098
17.8383333333333,0.129974835914085
17.85,0.134563624376603
17.8616666666667,0.13788691132584
17.8733333333333,0.13991451345112
17.885,0.140632600525432
17.8966666666667,0.140043819908131
17.9083333333333,0.138167114373525
17.92,0.135037365112427
17.9316666666667,0.130704795887765
17.9433333333333,0.125234089250174
17.955,0.118703321829747
17.9666666666667,0.111202707130086
17.9783333333333,0.102833170538685
17.99,0.0937047639598312
18.0016666666667,0.0839349401629643
18.0133333333333,0.0736467796158528
18.025,0.062967151621668
18.0366666666667,0.0520248223456735
18.0483333333333,0.0409485676619323
18.06,0.02986531200517
18.0716666666667,0.0188983637699686
18.0833333333333,0.00816574228220474
18.095,-0.0022214106424595
18.1066666666667,-0.0121602581082517
18.1183333333333,-0.0215575191052971
18.13,-0.0303305525308391
18.1416666666667,-0.038408234270306
18.1533333333333,-0.0457316210813649
18.165,-0.0522544432821361
18.1766666666667,-0.0579433267287517
18.1883333333333,-0.0627778054478633
18.2,-0.0667501541761534
18.2116666666667,-0.0698649752402583
18.2233333333333,-0.072138640269856
18.235,-0.0735985282320723
18.2466666666667,-0.0742820799085488
18.2583333333333,-0.0742357637461846
18.27,-0.0735139278107864
18.2816666666667,-0.0721775165863037
18.2933333333333,-0.0702927421487302
18.305,-0.0679297247629634
18.3166666666667,-0.0651611002136437
18.3283333333333,-0.0620606677663196
18.34,-0.0587020331015085
18.3516666666667,-0.0551573262798932
18.3633333333333,-0.0514960097850202
18.375,-0.0477837884292306
18.3866666666667,-0.0440816324853178
18.3983333333333,-0.0404448955858955
18.41,-0.0369226340613748
18.4216666666667,-0.0335570440446964
18.4333333333333,-0.03038306358555
18.445,-0.027428128790827
18.4566666666667,-0.0247120709403193
18.4683333333333,-0.0222472408109798
18.48,-0.0200387040433615
18.4916666666667,-0.0180845875655923
18.5033333333333,-0.0163765681199549
18.515,-0.0149004595357565
18.5266666666667,-0.0136369363006451
18.5383333333333,-0.0125622579378305
18.55,-0.0116491067656253
18.5616666666667,-0.0108674739365063
18.5733333333333,-0.0101855288054965
18.585,-0.00957051056929554
18.5966666666667,-0.00898959734960729
18.6083333333333,-0.00841078816898957
18.62,-0.00780366387623057
18.6316666666667,-0.00714010216241009
18.6433333333333,-0.00639497115092897
18.655,-0.00554663766240439
18.6666666666667,-0.00457743279551681
18.6783333333333,-0.00347404476731018
18.69,-0.00222774051410668
18.7016666666667,-0.000834502886202528
18.7133333333333,0.000704962359212978
18.725,0.0023852959776898
18.7366666666667,0.00419664850409476
18.7483333333333,0.00612499723771547
18.76,0.00815251562989593
18.7716666666667,0.0102580156163407
18.7833333333333,0.0124174437753268
18.795,0.0146044669768505
18.8066666666667,0.0167910889892707
18.8183333333333,0.0189482268050277
18.83,0.0210463665531863
18.8416666666667,0.0230562049169028
18.8533333333333,0.0249492413913647
18.865,0.0266983797890031
18.8766666666667,0.0282784642761513
18.8883333333333,0.0296667504618901
18.9,0.0308433498654078
18.9116666666667,0.0317916040340282
18.9233333333333,0.0324983654913348
18.935,0.0329541850448516
18.9466666666667,0.0331534494993236
18.9583333333333,0.0330944291542259
18.97,0.0327792395864252
18.9816666666667,0.0322137528918753
18.9933333333333,0.0314073725908215
19.005,0.0303728177169663
19.0166666666667,0.0291258407464302
19.0283333333333,0.0276848129417912
19.04,0.0260703526924909
19.0516666666667,0.0243048996920268
19.0633333333333,0.0224122538331893
19.075,0.0204171186236561
19.0866666666667,0.0183446336102374
19.0983333333333,0.0162199382364786
19.11,0.0140677327124384
19.1216666666667,0.0119118647665873
19.1333333333333,0.00977496777371737
19.145,0.00767812379273835
19.1566666666667,0.00564058476851403
19.1683333333333,0.00367955329624077
19.18,0.00180999640326452
19.1916666666667,4.45079736821423e-05
19.2033333333333,-0.00160674338790973
19.215,-0.00313599758390629
19.2266666666667,-0.0045378901785553
19.2383333333333,-0.00580937224422599
19.25,-0.00694955687130934
19.2616666666667,-0.00795954960374824
19.2733333333333,-0.0088422395088766
19.285,-0.00960206125368061
19.2966666666667,-0.0102447316962194
19.3083333333333,-0.0107770104884744
19.32,-0.0112064166366634
19.3316666666667,-0.0115409426174249
19.3433333333333,-0.01178883599296
19.355,-0.0119583022791947
19.3666666666667,-0.0120572930460994
19.3783333333333,-0.012093366759169
19.39,-0.0120734704662274
19.4016666666667,-0.0120038124090772
19.4133333333333,-0.0118897794583781
19.425,-0.011735865884027
19.4366666666667,-0.0115456593678344
19.4483333333333,-0.0113218322723572
19.46,-0.0110662035687693
19.4716666666667,-0.0107798208230736
19.4833333333333,-0.0104630299011228
19.495,-0.0101156546788072
19.5066666666667,-0.00973711606434063
19.5183333333333,-0.00932656003037526
19.53,-0.00888307741135559
19.5416666666667,-0.00840582816471277
19.5533333333333,-0.00789424420241877
19.565,-0.0073481565867844
19.5766666666667,-0.00676788394044241
19.5883333333333,-0.00615448864326192
19.6,-0.00550981067017024
19.6116666666667,-0.0048365255754636
19.6233333333333,-0.00413824532576134
19.635,-0.00341945024100285
19.6466666666667,-0.00268553101155619
19.6583333333333,-0.00194276503638384
19.67,-0.00119821099065552
19.6816666666667,-0.000459603846676116
19.6933333333333,0.000264781907150531
19.705,0.000966267073942576
19.7166666666667,0.00163598612526874
19.7283333333333,0.00226503133934944
19.74,0.00284466948790309
19.7516666666667,0.00336657151851082
19.7633333333333,0.00382294071721105
19.775,0.00420680630580255
19.7866666666667,0.00451219484880218
19.7983333333333,0.00473422420342832
19.81,0.00486930895715811
19.8216666666667,0.00491525743809342
19.8333333333333,0.00487138759365778
19.845,0.00473857498153842
19.8566666666667,0.00451927491462556
19.8683333333333,0.00421753641944156
19.88,0.00383893693077299
19.8916666666667,0.00339052881255803
19.9033333333333,0.00288069404062648
19.915,0.00231901716935172
19.9266666666667,0.00171612712745777
19.9383333333333,0.001083456218821
19.95,0.00043304834779203
19.9616666666667,-0.000222702074593189
19.9733333333333,-0.00087129570971126
19.985,-0.00150034884444707
19.9966666666667,-0.00209789876300593
20.0083333333333,-0.00265263515093593
20.02,-0.00315412297733545
20.0316666666667,-0.00359304554237045
20.0433333333333,-0.00396136550392668
20.055,-0.00425254521109868
20.0666666666667,-0.00446166733217104
20.0783333333333,-0.00458550428493587
20.09,-0.00462261221692683
20.1016666666667,-0.00457333420706869
20.1133333333333,-0.00443982802667999
20.125,-0.00422597869487393
20.1366666666667,-0.00393728988356684
20.1483333333333,-0.00358080680044162
20.16,-0.00316492823759589
20.1716666666667,-0.00269922765597582
20.1833333333333,-0.00219422084999321
20.195,-0.00166112077494986
20.2066666666667,-0.00111159225610875
20.2183333333333,-0.000557478391305823
20.23,-1.05559812157472e-05
20.2416666666667,0.000517758437654804
20.2533333333333,0.00101668389812012
20.265,0.00147626868932743
20.2766666666667,0.00188764146110325
20.2883333333333,0.00224324314848646
20.3,0.00253696605401255
20.3116666666667,0.0027642911826096
20.3233333333333,0.00292239065782059
20.335,0.00301018772189309
20.3466666666667,0.00302840512661688
20.3583333333333,0.00297951819976442
20.37,0.00286767056952141
20.3816666666667,0.00269861373628181
20.3933333333333,0.00247954850318004
20.405,0.00221893985960378
20.4166666666667,0.00192634235953005
20.4283333333333,0.00161212861840953
20.44,0.00128725869072831
20.4516666666667,0.000963054563040794
20.4633333333333,0.000650878390160811
20.475,0.000361885278372194
20.4866666666667,0.000106747410075964
20.4983333333333,-0.000104637921049811
20.51,-0.000263347329187625
20.5216666666667,-0.000361678741900912
20.5333333333333,-0.000393349888745589
20.545,-0.000353638755255605
20.5566666666667,-0.000239521554820934
20.5683333333333,-4.97772047468634e-05
20.58,0.000214963293596426
20.5916666666667,0.000552225942848361
20.6033333333333,0.000957720302036483
20.615,0.00142542165807855
20.6266666666667,0.00194767159929761
20.6383333333333,0.00251533127209122
20.65,0.00311799647830575
20.6616666666667,0.00374419993883846
20.6733333333333,0.00438166578222762
20.685,0.00501754765868455
20.6966666666667,0.00563871459752769
20.7083333333333,0.00623207943570149
20.72,0.00678483612072943
20.7316666666667,0.00728475610635581
20.7433333333333,0.00772046972793532
20.755,0.00808170480724694
20.7666666666667,0.00835953611580127
20.7783333333333,0.00854656032390527
20.79,0.00863707386143446
20.8016666666667,0.00862720467204928
20.8133333333333,0.00851500782899161
20.825,0.00830050906420131
20.8366666666667,0.00798569711449946
20.8483333333333,0.00757453490713134
20.86,0.00707284216551112
20.8716666666667,0.00648817173420207
20.8833333333333,0.00582968783456054
20.895,0.0051079340085234
20.9066666666667,0.00433462696092961
20.9183333333333,0.00352240884566558
20.93,0.00268457684316942
20.9416666666667,0.0018347974067562
20.9533333333333,0.000986813304424403
20.965,0.000154183146066966
20.9766666666667,-0.000650043028465443
20.9883333333333,-0.00141358136237893
21,-0.00212516471096126
21.0116666666667,-0.00277480098933555
21.0233333333333,-0.00335393446186124
21.035,-0.00385565170126258
21.0466666666667,-0.00427481537971972
21.0583333333333,-0.00460814132616182
21.07,-0.00485425823521149
21.0816666666667,-0.0050137097815708
21.0933333333333,-0.00508895044198982
21.105,-0.00508421448295052
21.1166666666667,-0.00500541293351314
21.1283333333333,-0.00486003438731491
21.14,-0.0046569080059824
21.1516666666667,-0.00440599924951739
21.1633333333333,-0.00411816650632351
21.175,-0.00380489430167205
21.1866666666667,-0.0034780323543421
21.1983333333333,-0.0031494913837198
21.21,-0.00283097661039424
21.2216666666667,-0.00253368517933643
21.2333333333333,-0.00226804656955413
21.245,-0.00204351936973282
21.2566666666667,-0.00186832003639608
21.2683333333333,-0.00174921861864732
21.28,-0.00169138087035696
21.2916666666667,-0.00169825356682383
21.3033333333333,-0.00177149855196046
21.315,-0.00191088376581422
21.3266666666667,-0.00211431408390506
21.3383333333333,-0.00237791875868279
21.35,-0.00269608812109805
21.3616666666667,-0.00306160493430018
21.3733333333333,-0.00346579624242369
21.385,-0.00389873459974006
21.3966666666667,-0.0043494652641834
21.4083333333333,-0.00480624143647128
21.42,-0.00525681383099993
21.4316666666667,-0.00568867688868609
21.4433333333333,-0.00608937191317743
21.455,-0.00644679620577263
21.4666666666667,-0.00674944459674433
21.4783333333333,-0.00698669894280939
21.49,-0.00714907597266839
21.5016666666667,-0.0072284456424831
21.5133333333333,-0.00721824348733817
21.525,-0.00711361078466378
21.5366666666667,-0.00691152558662999
21.5483333333333,-0.00661091252255845
21.56,-0.00621266992067712
21.5716666666667,-0.0057196726291333
21.5833333333333,-0.00513673177144052
21.595,-0.00447051700382299
21.6066666666667,-0.003729436947063
21.6183333333333,-0.00292345247379034
21.63,-0.00206389484641153
21.6416666666667,-0.00116323246701935
21.6533333333333,-0.000234828575819322
21.665,0.000707327939232324
21.6766666666667,0.00164894362575984
21.6883333333333,0.00257566151375952
21.7,0.00347337062810946
21.7116666666667,0.00432850862704711
21.7233333333333,0.00512830212374174
21.735,0.00586108906051997
21.7466666666667,0.00651651380791258
21.7583333333333,0.0070857077880986
21.77,0.00756151902723274
21.7816666666667,0.00793860459546034
21.7933333333333,0.00821356887139288
21.805,0.00838500353189915
21.8166666666667,0.00845347418284405
21.8283333333333,0.00842155397966413
21.84,0.00829370801739982
21.8516666666667,0.00807620878669137
21.8633333333333,0.00777699529191528
21.875,0.00740547908238122
21.8866666666667,0.00697235798666321
21.8983333333333,0.00648933492394606
21.91,0.00596889154353355
21.9216666666667,0.00542399897191622
21.9333333333333,0.00486783523812248
21.945,0.004313537299329
21.9566666666667,0.00377386359758962
21.9683333333333,0.00326095266641697
21.98,0.00278608318426352
21.9916666666667,0.00235940692809306
22.0033333333333,0.00198976232767464
22.015,0.00168447106109583
22.0266666666667,0.00144920461494776
22.0383333333333,0.00128789677039544
22.05,0.00120264911420529
22.0616666666667,0.0011936960330676
22.0733333333333,0.00125942695205158
22.085,0.00139645296846411
22.0966666666667,0.0015996769151614
22.1083333333333,0.00186240462022362
22.12,0.00217650817247884
22.1316666666667,0.00253261851237008
22.1433333333333,0.00292033931494765
22.155,0.00332848207412082
22.1666666666667,0.00374531594934304
22.1783333333333,0.00415882563414011
22.19,0.00455696847400983
22.2016666666667,0.00492792049970995
22.2133333333333,0.00526037048198486
22.225,0.00554373106946247
22.2366666666667,0.0057683490664611
22.2483333333333,0.00592574093637731
22.26,0.00600874315479309
22.2716666666667,0.00601166904295199
22.2833333333333,0.00593039315944473
22.295,0.00576245956987896
22.3066666666667,0.00550713850289247
22.3183333333333,0.00516535818922439
22.33,0.00473971878506781
22.3416666666667,0.00423442572650087
22.3533333333333,0.00365517562709595
22.365,0.00300903657756503
22.3766666666667,0.00230426421312478
22.3883333333333,0.00155014148657005
22.4,0.000756776156800959
22.4116666666667,-6.51051093196089e-05
22.4233333333333,-0.00090438648373273
22.435,-0.00174980415445746
22.4466666666667,-0.0025901539972653
22.4583333333333,-0.0034145269536529
22.47,-0.0042125038616069
22.4816666666667,-0.00497434422691526
22.4933333333333,-0.00569118246493307
22.505,-0.00635515853555139
22.5166666666667,-0.00695953385716875
22.5283333333333,-0.00749880581193931
22.54,-0.00796876861339653
22.5516666666667,-0.00836653926623018
22.5633333333333,-0.00869056737381844
22.575,-0.00894059740841771
22.5866666666667,-0.00911760863229818
22.5983333333333,-0.00922376041396493
22.61,-0.00926227329033472
22.6216666666667,-0.0092372735645527
22.6333333333333,-0.00915366917360968
22.645,-0.00901696121028737
22.6566666666667,-0.00883306201342253
22.6683333333333,-0.00860817037259413
22.68,-0.00834856761452986
22.6916666666667,-0.00806043426113565
22.7033333333333,-0.00774969486839201
22.715,-0.00742185640384599
22.7266666666667,-0.00708189460001121
22.7383333333333,-0.00673412173151832
22.75,-0.00638208796224529
22.7616666666667,-0.00602850479842165
22.7733333333333,-0.00567521235074634
22.785,-0.00532318869072488
22.7966666666667,-0.00497251753239767
22.8083333333333,-0.00462244193012019
22.82,-0.00427143245311697
22.8316666666667,-0.00391727913225073
22.8433333333333,-0.00355720355539723
22.855,-0.00318795319963195
22.8666666666667,-0.00280599042153199
22.8783333333333,-0.00240764097680389
22.89,-0.00198924071463275
22.9016666666667,-0.00154731881198478
22.9133333333333,-0.00107874561590252
22.925,-0.000580891229537479
22.9366666666667,-5.17753782154475e-05
22.9483333333333,0.000509793738354314
22.96,0.00110411274729831
22.9716666666667,0.00173049428766864
22.9833333333333,0.00238719395755644
22.995,0.00307135328102509
23.0066666666667,0.00377900332689939
23.0183333333333,0.00450509193662221
23.03,0.00524350887719013
23.0416666666667,0.00598716800540911
23.0533333333333,0.00672809822064498
23.065,0.00745760042667108
23.0766666666667,0.00816639130332862
23.0883333333333,0.00884473563776999
23.1,0.00948266474451736
23.1116666666667,0.0100701785088104
23.1233333333333,0.0105974433183355
23.135,0.01105500370648
23.1466666666667,0.0114340084955189
23.1583333333333,0.0117264042081077
23.17,0.0119251193384672
23.1816666666667,0.0120242657294285
23.1933333333333,0.0120192701407772
23.205,0.0119070325896133
23.2166666666667,0.0116860397811272
23.2283333333333,0.0113563982213704
23.24,0.0109199227122017
23.2516666666667,0.010380139593633
23.2633333333333,0.00974223786645411
23.275,0.00901303074272329
23.2866666666667,0.00820085639452192
23.2983333333333,0.00731546286966918
23.31,0.00636785318119355
23.3216666666667,0.00537009879000447
23.3333333333333,0.00433514025897198
23.345,0.00327657312878774
23.3566666666667,0.00220839478563483
23.3683333333333,0.0011447392310367
23.38,9.96567247643832e-05
23.3916666666667,-0.000913151538820281
23.4033333333333,-0.00188060330024542
23.415,-0.00279044060316885
23.4266666666667,-0.0036314506940097
23.4383333333333,-0.00439369349037555
23.45,-0.00506866369015689
23.4616666666667,-0.00564942597737831
23.4733333333333,-0.00613074388485364
23.485,-0.006509162847853
23.4966666666667,-0.00678304869609036
23.5083333333333,-0.00695259416841573
23.52,-0.00701980465341326
23.5316666666667,-0.00698842383962558
23.5433333333333,-0.00686382489315167
23.555,-0.00665290927506851
23.5666666666667,-0.00636392411146267
23.5783333333333,-0.00600627450679628
23.59,-0.00559031287656546
23.6016666666667,-0.00512709149893889
23.6133333333333,-0.00462817933443444
23.625,-0.00410536866216832
23.6366666666667,-0.00357040450815608
23.6483333333333,-0.00303477546356175
23.66,-0.0025094701511767
23.6716666666667,-0.0020047651465413
23.6833333333333,-0.00152999164177919
23.695,-0.00109340803198233
23.7066666666667,-0.000702013584334886
23.7183333333333,-0.000361345465193577
23.73,-7.54808935867487e-05
23.7416666666667,0.000153036325541006
23.7533333333333,0.000323245212386198
23.765,0.000435716955193459
23.7766666666667,0.000492521838500992
23.7883333333333,0.000497163419240293
23.8,0.000454455542923509
23.8116666666667,0.00037036111974653
23.8233333333333,0.000251821237297097
23.835,0.000106607036687914
23.8466666666667,-5.69238316119194e-05
23.8583333333333,-0.000230088505572239
23.87,-0.000404059317701571
23.8816666666667,-0.000570109969867267
23.8933333333333,-0.000719854997733742
23.905,-0.000845447492337781
23.9166666666667,-0.000939798042577227
23.9283333333333,-0.000996771057366887
23.94,-0.00101133271759284
23.9516666666667,-0.000979690002170047
23.9633333333333,-0.000899404395182521
23.975,-0.000769444412150017
23.9866666666667,-0.000590256886317507
23.9983333333333,-0.000363781641368905
24.01,-9.33781911734261e-05
24.0216666666667,0.000216219954261753
24.0333333333333,0.000558996766428119
24.045,0.000927812928139347
24.0566666666667,0.00131454343289577
24.0683333333333,0.00171025664060149
24.08,0.00210542652747369
24.0916666666667,0.00249016680549272
24.1033333333333,0.00285446694126317
24.115,0.00318840504969702
24.1266666666667,0.00348242300598109
24.1383333333333,0.00372755256679768
24.15,0.00391563182507913
24.1616666666667,0.00403952867931183
24.1733333333333,0.00409330383506935
24.185,0.00407242827178149
24.1966666666667,0.00397390378916406
24.2083333333333,0.00379632949415451
24.22,0.00354001138800064
24.2316666666667,0.00320696578178623
24.2433333333333,0.0028009298519038
24.255,0.0023273318651208
24.2666666666667,0.00179318415393234
24.2783333333333,0.00120697566417349
24.29,0.000578525727495213
24.3016666666667,-8.11878604106503e-05
24.3133333333333,-0.000760245735273137
24.325,-0.00144603271865345
24.3366666666667,-0.0021254744874322
24.3483333333333,-0.00278529350997906
24.36,-0.00341229222059951
24.3716666666667,-0.00399362120858324
24.3833333333333,-0.00451704542759576
24.395,-0.0049712107248179
24.4066666666667,-0.005345881133865
24.4183333333333,-0.00563216133861783
24.43,-0.00582269355031998
24.4416666666667,-0.00591183731745098
24.4533333333333,-0.00589579552676136
24.465,-0.00577269650603441
24.4766666666667,-0.00554268351709512
24.4883333333333,-0.005207921546065
24.5,-0.00477256970857458
24.5116666666667,-0.00424274288668072
24.5233333333333,-0.00362636013051831
24.535,-0.00293305173824019
24.5466666666667,-0.0021739972957929
24.5583333333333,-0.00136164881761417
24.57,-0.000509553620086865
24.5816666666667,0.00036791194887391
24.5933333333333,0.00125581492867496
24.605,0.00213896305513681
24.6166666666667,0.0030022213713754
24.6283333333333,0.00383072955763556
24.64,0.00461023317603683
24.6516666666667,0.00532737156108835
24.6633333333333,0.00596990867744051
24.675,0.00652698160560795
24.6866666666667,0.00698928960033404
24.6983333333333,0.0073492911099268
24.71,0.00760135154400277
24.7216666666667,0.00774183247497454
24.7333333333333,0.00776916122859581
24.745,0.00768385891919871
24.7566666666667,0.00748850913764539
24.7683333333333,0.00718770263062479
24.78,0.00678794928487791
24.7916666666667,0.00629753451029181
24.8033333333333,0.00572636182564606
24.815,0.00508573439391115
24.8266666666667,0.00438811939023576
24.8383333333333,0.00364693257103934
24.85,0.00287624809556318
24.8616666666667,0.00209051631717032
24.8733333333333,0.00130430073760857
24.885,0.000531961483120924
24.8966666666667,-0.000212599484794477
24.9083333333333,-0.000916209191969801
24.92,-0.0015666933786102
24.9316666666667,-0.00215307431359302
24.9433333333333,-0.00266580358732866
24.955,-0.00309690321766688
24.9666666666667,-0.00344010207220515
24.9783333333333,-0.00369099096177388
24.99,-0.00384704569320339
25.0016666666667,-0.00390766449282761
25.0133333333333,-0.00387416915960526
25.025,-0.00374972367812308
25.0366666666667,-0.00353926492641305
25.0483333333333,-0.00324939592664894
25.06,-0.00288820599310255
25.0716666666667,-0.00246509784336179
25.0833333333333,-0.00199059231085443
25.095,-0.00147607601687255
25.1066666666667,-0.000933571262802539
25.1183333333333,-0.000375497655009587
25.13,0.000185599827504193
25.1416666666667,0.000737312757071849
25.1533333333333,0.00126760350192214
25.165,0.00176505322298432
25.1766666666667,0.00221907942134568
25.1883333333333,0.00262014389556358
25.2,0.0029599443434403
25.2116666666667,0.00323153551649694
25.2233333333333,0.003429482854968
25.235,0.00354992862927318
25.2466666666667,0.00359063832263336
25.2583333333333,0.00355106434183225
25.27,0.0034322941189739
25.2816666666667,0.00323702674960348
25.2933333333333,0.00296948012964578
25.305,0.00263527582818765
25.3166666666667,0.00224132898759475
25.3283333333333,0.00179565247763272
25.34,0.00130719551907253
25.3516666666667,0.000785651138402006
25.3633333333333,0.000241233769673542
25.375,-0.000315530753326715
25.3866666666667,-0.000874027909828995
25.3983333333333,-0.00142377279003898
25.41,-0.00195461878106779
25.4216666666667,-0.00245696192817489
25.4333333333333,-0.00292191170195809
25.445,-0.00334146270269742
25.4566666666667,-0.00370866015360772
25.4683333333333,-0.00401769662976555
25.48,-0.00426401313324118
25.4916666666667,-0.00444436302157589
25.5033333333333,-0.00455684473626673
25.515,-0.00460092217896708
25.5266666666667,-0.00457737802815772
25.5383333333333,-0.00448828447935771
25.55,-0.00433692383593997
25.5616666666667,-0.00412767801688435
25.5733333333333,-0.00386593700077495
25.585,-0.00355790721404695
25.5966666666667,-0.00321047426756319
25.6083333333333,-0.00283108017161171
25.62,-0.00242752105546181
25.6316666666667,-0.00200775409071693
25.6433333333333,-0.00157972941640641
25.655,-0.00115126107077464
25.6666666666667,-0.000729801617399637
25.6783333333333,-0.000322303178569553
25.69,6.48830157875879e-05
25.7016666666667,0.000426182913538834
25.7133333333333,0.000756857759751648
25.725,0.00105309152131866
25.7366666666667,0.00131205485728037
25.7483333333333,0.00153192195791203
25.76,0.00171189698848373
25.7716666666667,0.00185216739620199
25.7833333333333,0.00195388339382312
25.795,0.00201910110387202
25.8066666666667,0.00205067827474516
25.8183333333333,0.00205219064398518
25.83,0.0020278084436833
25.8416666666667,0.00198218259987286
25.8533333333333,0.00192031796406054
25.865,0.00184740742422993
25.8766666666667,0.00176870272069513
25.8883333333333,0.00168936831252472
25.9,0.00161434198494721
25.9116666666667,0.00154821842476672
25.9233333333333,0.00149513002998965
25.935,0.00145863066738718
25.9466666666667,0.00144159876565765
25.9583333333333,0.00144619658684113
25.97,0.00147380238165531
25.9816666666667,0.00152495564507041
25.9933333333333,0.00159937633109262
26.005,0.00169596813902862
26.0166666666667,0.00181283356888071
26.0283333333333,0.00194731376591021
26.04,0.00209608016284052
26.0516666666667,0.00225522667840179
26.0633333333333,0.00242033793705813
26.075,0.00258662706848261
26.0866666666667,0.00274904218095575
26.0983333333333,0.00290238570217129
26.11,0.00304145906509281
26.1216666666667,0.00316117992159367
26.1333333333333,0.00325671242555909
26.145,0.00332360407562895
26.1566666666667,0.00335790118945584
26.1683333333333,0.0033562123654873
26.18,0.00331580840463279
26.1916666666667,0.00323472038165327
26.2033333333333,0.0031117918258744
26.215,0.00294672483345
26.2266666666667,0.00274006805499616
26.2383333333333,0.00249323547637949
26.25,0.0022085093684512
26.2616666666667,0.00188897656770522
26.2733333333333,0.00153848885945045
26.285,0.00116158193928676
26.2966666666667,0.000763393877104473
26.3083333333333,0.000349581866449176
26.32,-7.38064202180906e-05
26.3316666666667,-0.00050044770041994
26.3433333333333,-0.000923858539537521
26.355,-0.00133752580184932
26.3666666666667,-0.00173504967448713
26.3783333333333,-0.00211025749649116
26.39,-0.00245730799335455
26.4016666666667,-0.00277081570419674
26.4133333333333,-0.00304595540942592
26.425,-0.00327854466846523
26.4366666666667,-0.0034651076981971
26.4483333333333,-0.00360294819050377
26.46,-0.00369020563810631
26.4716666666667,-0.0037258585760772
26.4833333333333,-0.00370974657640514
26.495,-0.00364256674143133
26.5066666666667,-0.00352583128763003
26.5183333333333,-0.00336182867006544
26.53,-0.00315357447090146
26.5416666666667,-0.00290474699120727
26.5533333333333,-0.00261959548579047
26.565,-0.00230285872154187
26.5766666666667,-0.00195964960273383
26.5883333333333,-0.00159535066048885
26.6,-0.00121552449170117
26.6116666666667,-0.00082579196548716
26.6233333333333,-0.000431739883480662
26.635,-3.87993327266833e-05
26.6466666666667,0.000347834731367454
26.6583333333333,0.000723291009371364
26.67,0.00108312405128894
26.6816666666667,0.00142333588482234
26.6933333333333,0.00174046289712938
26.705,0.00203162498059234
26.7166666666667,0.00229452153024137
26.7283333333333,0.00252744286119127
26.74,0.00272927422943929
26.7516666666667,0.00289949739567049
26.7633333333333,0.00303814168564034
26.775,0.00314573993080929
26.7866666666667,0.00322329749537247
26.7983333333333,0.00327222020800405
26.81,0.00329424972266636
26.8216666666667,0.00329139761289929
26.8333333333333,0.00326585806694139
26.845,0.00321993834951473
26.8566666666667,0.00315597244672377
26.8683333333333,0.00307625380383397
26.88,0.00298298817235292
26.8916666666667,0.0028782085966027
26.9033333333333,0.00276371145657989
26.915,0.00264104963148784
26.9266666666667,0.00251148530930447
26.9383333333333,0.00237594600074712
26.95,0.00223502077502176
26.9616666666667,0.00208895916256268
26.9733333333333,0.00193771182715567
26.985,0.00178090609842206
26.9966666666667,0.00161788137368404
27.0083333333333,0.00144777520666087
27.02,0.00126954783054792
27.0316666666667,0.0010820510700346
27.0433333333333,0.000884082882019036
27.055,0.00067447726605859
27.0666666666667,0.000452165341348636
27.0783333333333,0.00021619994820502
27.09,-3.41363561219048e-05
27.1016666666667,-0.000299272389210933
27.1133333333333,-0.000579303814997117
27.125,-0.000873906097961621
27.1366666666667,-0.00118232983985428
27.1483333333333,-0.00150338851819067
27.16,-0.00183538883204613
27.1716666666667,-0.00217615442454887
27.1833333333333,-0.0025230307107793
27.195,-0.00287288426727047
27.2066666666667,-0.00322215144761096
27.2183333333333,-0.00356685507169756
27.23,-0.00390267595448104
27.2416666666667,-0.00422502111570038
27.2533333333333,-0.00452907093743492
27.265,-0.00480989047736299
27.2766666666667,-0.00506251246668819
27.2883333333333,-0.00528199651516096
27.3,-0.00546355294629711
27.3116666666667,-0.00560261917853932
27.3233333333333,-0.00569496248951301
27.335,-0.00573680093880049
27.3466666666667,-0.00572482953372668
27.3583333333333,-0.00565633237327641
27.37,-0.00552925091699948
27.3816666666667,-0.00534222374236782
27.3933333333333,-0.00509467153380521
27.405,-0.00478679097354336
27.4166666666667,-0.00441960260678242
27.4283333333333,-0.00399495674057891
27.44,-0.0035155012689383
27.4516666666667,-0.00298470301014277
27.4633333333333,-0.002406772842009
27.475,-0.00178662640273363
27.4866666666667,-0.00112985868646757
27.4983333333333,-0.000442637093606205
27.51,0.000268362656874664
27.5216666666667,0.000996056983388979
27.5333333333333,0.00173305061926531
27.545,0.00247173899961517
27.5566666666667,0.00320441294465892
27.5683333333333,0.00392335319189033
27.58,0.00462096749172757
27.5916666666667,0.00528985290945224
27.6033333333333,0.00592292336707015
27.615,0.0065134931902657
27.6266666666667,0.00705535690409416
27.6383333333333,0.00754291079944074
27.65,0.00797115286099712
27.6616666666667,0.0083357841239861
27.6733333333333,0.0086332581156181
27.685,0.00886080280625354
27.6966666666667,0.00901644861837175
27.7083333333333,0.00909900082347808
27.72,0.00910807873630087
27.7316666666667,0.00904408535159486
27.7433333333333,0.00890819326871728
27.755,0.00870229926897073
27.7666666666667,0.00842897775062161
27.7783333333333,0.00809146815036126
27.79,0.00769357499169641
27.8016666666667,0.00723962484227578
27.8133333333333,0.00673440078481057
27.825,0.00618306501893252
27.8366666666667,0.0055911134348354
27.8483333333333,0.00496426322929685
27.86,0.00430839788776314
27.8716666666667,0.00362953886027397
27.8833333333333,0.00293374045185665
27.895,0.00222703552387475
27.9066666666667,0.00151540950195885
27.9183333333333,0.000804728240838067
27.93,0.000100707789511761
27.9416666666667,-0.000591132518800507
27.9533333333333,-0.00126550858819809
27.965,-0.00191737111707964
27.9766666666667,-0.00254196080516106
27.9883333333333,-0.00313482715079046
28,-0.00369183401025451
28.0116666666667,-0.0042091601470099
28.0233333333333,-0.00468331594317218
28.035,-0.0051111841563902
28.0466666666667,-0.00548997719763281
28.0583333333333,-0.00581725414105546
28.07,-0.00609095505657087
28.0816666666667,-0.00630937441724806
28.0933333333333,-0.00647117019137061
28.105,-0.00657539910245537
28.1166666666667,-0.00662152803733876
28.1283333333333,-0.0066094112679187
28.14,-0.00653931004916815
28.1516666666667,-0.00641191993001376
28.1633333333333,-0.00622836786371761
28.175,-0.00599023421762316
28.1866666666667,-0.00569956437269723
28.1983333333333,-0.00535887669304762
28.21,-0.0049711561850567
28.2216666666667,-0.00453985561034333
28.2333333333333,-0.00406891783853789
28.245,-0.00356275482808865
28.2566666666667,-0.00302621010139389
28.2683333333333,-0.00246456760455437
28.28,-0.00188351201054053
28.2916666666667,-0.00128908459086052
28.3033333333333,-0.000687669914344211
28.315,-8.58808772222841e-05
28.3266666666667,0.000509460401450256
28.3383333333333,0.00109133848937181
28.35,0.00165271340389786
28.3616666666667,0.00218655752404965
28.3733333333333,0.0026859492747433
28.385,0.00314420295540369
28.3966666666667,0.00355490781764788
28.4083333333333,0.00391208512494764
28.42,0.00421027104990155
28.4316666666667,0.00444460709545238
28.4433333333333,0.00461097204195877
28.455,0.00470599021859206
28.4666666666667,0.00472715953979673
28.4783333333333,0.00467296712684007
28.49,0.00454290842073925
28.5016666666667,0.0043375496283248
28.5133333333333,0.0040585651402248
28.525,0.00370873076748785
28.5366666666667,0.00329193446102563
28.5483333333333,0.00281316732384359
28.56,0.00227851450315828
28.5716666666667,0.00169507423379538
28.5833333333333,0.00107084068284562
28.595,0.000414750373862015
28.6066666666667,-0.000263538456169462
28.6183333333333,-0.000953847605758768
28.63,-0.00164547154919417
28.6416666666667,-0.00232740892322313
28.6533333333333,-0.00298851186392885
28.665,-0.00361762954377152
28.6766666666667,-0.00420383722757041
28.6883333333333,-0.0047365658227421
28.7,-0.00520581052747861
28.7116666666667,-0.00560229477448592
28.7233333333333,-0.00591762346518875
28.735,-0.00614447590333381
28.7466666666667,-0.00627670761983081
28.7583333333333,-0.00630948882681475
28.77,-0.00623943592806689
28.7816666666667,-0.00606467762777202
28.7933333333333,-0.00578494464806003
28.805,-0.00540156979128076
28.8166666666667,-0.00491750855077445
28.8283333333333,-0.00433737501319269
28.84,-0.00366734689312625
28.8516666666667,-0.00291512000640672
28.8633333333333,-0.002089817575529
28.875,-0.00120184298577337
28.8866666666667,-0.000262772139498096
28.8983333333333,0.000714837890715864
28.91,0.00171762008480955
28.9216666666667,0.00273160396414005
28.9333333333333,0.00374243992656324
28.945,0.00473559048514056
28.9566666666667,0.00569663465962722
28.9683333333333,0.00661144856470743
28.98,0.00746643275433496
28.9916666666667,0.00824876062795145
29.0033333333333,0.00894654033254354
29.015,0.00954911742325363
29.0266666666667,0.0100471914582055
29.0383333333333,0.0104329136505518
29.05,0.0107001068937456
29.0616666666667,0.0108443521024664
29.0733333333333,0.0108630753702206
29.085,0.010755579875633
29.0966666666667,0.0105230879803868
29.1083333333333,0.0101687387772887
29.12,0.00969752808493438
29.1316666666667,0.0091162426117508
29.1433333333333,0.00843332592698709
29.155,0.00765878565274142
29.1666666666667,0.00680403307875477
29.1783333333333,0.00588164465371355
29.19,0.00490517944816395
29.2016666666667,0.00388897402065023
29.2133333333333,0.00284787838630782
29.225,0.00179703797309029
29.2366666666667,0.000751649574885687
29.2483333333333,-0.000273333993374655
29.26,-0.00126342532314144
29.2716666666667,-0.00220485412477464
29.2833333333333,-0.00308478150638843
29.295,-0.0038915041785188
29.3066666666667,-0.00461466928953621
29.3183333333333,-0.00524541102677444
29.33,-0.00577650328956537
29.3416666666667,-0.00620246470000284
29.3533333333333,-0.00651965376879532
29.365,-0.00672629107508921
29.3766666666667,-0.00682246017973791
29.3883333333333,-0.00681015140340994
29.4,-0.00669317700500408
29.4116666666667,-0.00647707788731834
29.4233333333333,-0.00616901833242675
29.435,-0.0057776464143809
29.4466666666667,-0.00531292891246879
29.4583333333333,-0.00478595056995
29.47,-0.0042087193856688
29.4816666666667,-0.00359394142006043
29.4933333333333,-0.00295476495225945
29.505,-0.0023045625573847
29.5166666666667,-0.00165669249067285
29.5283333333333,-0.0010242368573021
29.54,-0.000419777776590011
29.5516666666667,0.000144840427745064
29.5633333333333,0.000658707058515523
29.575,0.00111204279277225
29.5866666666667,0.00149638005818469
29.5983333333333,0.00180468915697833
29.61,0.00203151548466428
29.6216666666667,0.00217305545623573
29.6333333333333,0.00222720795181974
29.645,0.00219363049377679
29.6566666666667,0.00207372050980265
29.6683333333333,0.00187056921956332
29.68,0.00158891340845712
29.6916666666667,0.0012350224166831
29.7033333333333,0.000816575130205264
29.715,0.000342540809764838
29.7266666666667,-0.000177009542928716
29.7383333333333,-0.000731099773618327
29.75,-0.00130803617069858
29.7616666666667,-0.00189564278786596
29.7733333333333,-0.00248148387257472
29.785,-0.00305306556894119
29.7966666666667,-0.00359809298139642
29.8083333333333,-0.0041046865020858
29.82,-0.00456158315794186
29.8316666666667,-0.00495835758256879
29.8433333333333,-0.00528558113958398
29.855,-0.00553502671104411
29.8666666666667,-0.0056998011869648
29.8783333333333,-0.00577441608978247
29.89,-0.00575493967196756
29.9016666666667,-0.00563905235466597
29.9133333333333,-0.00542607299393866
29.925,-0.0051170301622454
29.9366666666667,-0.0047145864995208
29.9483333333333,-0.0042229483005637
29.96,-0.00364787092780588
29.9716666666667,-0.00299653422001908
29.9833333333333,-0.00227740403618755
29.995,-0.00150010707018012
30.0066666666667,-0.000675255951886566
30.0183333333333,0.000185707783391789
30.03,0.00107071601841511
30.0416666666667,0.00196727359108747
30.0533333333333,0.00286268069527442
30.065,0.00374423205505492
30.0766666666667,0.0045993949478426
30.0883333333333,0.00541602855560492
30.1,0.0061825846819195
30.1116666666667,0.00688827924992816
30.1233333333333,0.00752324975088235
30.135,0.00807875444142228
30.1466666666667,0.00854725137313226
30.1583333333333,0.00892245658862923
30.17,0.00919950739233557
30.1816666666667,0.00937500556180595
30.1933333333333,0.00944704078943355
30.205,0.00941524824915049
30.2166666666667,0.00928072727832726
30.2283333333333,0.00904601838677013
30.24,0.00871509118270124
30.2516666666667,0.00829322132634818
30.2633333333333,0.00778690976898692
30.275,0.0072037771834654
30.2866666666667,0.00655240637933996
30.2983333333333,0.00584219886158962
30.31,0.00508323097170233
30.3216666666667,0.00428608793143352
30.3333333333333,0.00346169248151417
30.345,0.00262116440351479
30.3566666666667,0.00177562395615604
30.3683333333333,0.000936016928874538
30.38,0.000113003363116983
30.3916666666667,-0.000683229457239849
30.4033333333333,-0.00144311181707257
30.415,-0.00215777658564933
30.4266666666667,-0.00281919176692918
30.4383333333333,-0.00342026612069563
30.45,-0.00395491865056094
30.4616666666667,-0.00441813327690161
30.4733333333333,-0.00480600337660844
30.485,-0.00511576260047129
30.4966666666667,-0.00534578383697642
30.5083333333333,-0.00549557219179048
30.52,-0.00556573427278328
30.5316666666667,-0.00555793382926902
30.5433333333333,-0.00547483799061989
30.555,-0.00532003705257998
30.5666666666667,-0.00509797595225432
30.5783333333333,-0.00481385275894943
30.59,-0.00447353248000308
30.6016666666667,-0.00408343707757959
30.6133333333333,-0.00365038673100311
30.625,-0.00318157841398606
30.6366666666667,-0.00268447102264231
30.6483333333333,-0.00216659414523542
30.66,-0.00163546810200135
30.6716666666667,-0.00109851934588061
30.6833333333333,-0.000562961542814013
30.695,-3.57434881363725e-05
30.7066666666667,0.000476539170092991
30.7183333333333,0.000967753156495918
30.73,0.00143225792240866
30.7416666666667,0.00186497108135055
30.7533333333333,0.0022614056966242
30.765,0.00261768878806325
30.7766666666667,0.00293059260401494
30.7883333333333,0.00319754226661103
30.8,0.00341662852634887
30.8116666666667,0.00358659009587294
30.8233333333333,0.00370678871748555
30.835,0.0037772046009163
30.8466666666667,0.00379839409276511
30.8583333333333,0.00377143268816134
30.87,0.00369791073665248
30.8816666666667,0.00357987496513502
30.8933333333333,0.00341976420560412
30.905,0.00322041094861826
30.9166666666667,0.00298495489511397
30.9283333333333,0.00271678178464097
30.94,0.00241950365480281
30.9516666666667,0.00209689110723652
30.9633333333333,0.00175284885874324
30.975,0.0013913459416055
30.9866666666667,0.00101637296954729
30.9983333333333,0.000631955254292049
31.01,0.000242066398314596
31.0216666666667,-0.000149396142796867
31.0333333333333,-0.000538603195278812
31.045,-0.000921879635689198
31.0566666666667,-0.00129568900933529
31.0683333333333,-0.00165662766853673
31.08,-0.00200148862604334
31.0916666666667,-0.00232725473697844
31.1033333333333,-0.00263112714704543
31.115,-0.00291050977486682
31.1266666666667,-0.00316302206227561
31.1383333333333,-0.00338655518426116
31.15,-0.00357923404717042
31.1616666666667,-0.00373944845614382
31.1733333333333,-0.00386585476646862
31.185,-0.00395738110061676
31.1966666666667,-0.00401325795395394
31.2083333333333,-0.00403296193958368
31.22,-0.00401627503549951
31.2316666666667,-0.00396327209318313
31.2433333333333,-0.00387430064431285
31.255,-0.00375008758731709
31.2666666666667,-0.00359161509165433
31.2783333333333,-0.0034001268597435
31.29,-0.00317716898962257
31.3016666666667,-0.00292457452030221
31.3133333333333,-0.00264452185693489
31.325,-0.00233927559986877
31.3366666666667,-0.00201142042394413
31.3483333333333,-0.00166398571566512
31.36,-0.00130011109203325
31.3716666666667,-0.000923168440381814
31.3833333333333,-0.000536694041999306
31.395,-0.000144309069748814
31.4066666666667,0.000250202581243665
31.4183333333333,0.000642989797049248
31.43,0.00103017421381654
31.4416666666667,0.00140790943485953
31.4533333333333,0.00177241698158227
31.465,0.00211999640570148
31.4766666666667,0.00244714751100393
31.4883333333333,0.002750605945393
31.5,0.00302734802554874
31.5116666666667,0.00327466616668409
31.5233333333333,0.00349019101453271
31.535,0.00367194233600719
31.5466666666667,0.00381839351941719
31.5583333333333,0.0039284406095704
31.57,0.0040014590320295
31.5816666666667,0.00403733894677112
31.5933333333333,0.00403642407296458
31.605,0.00399963206608853
31.6166666666667,0.00392845378796732
31.6283333333333,0.00382479329593081
31.64,0.00369102367446102
31.6516666666667,0.00352998394004826
31.6633333333333,0.00334491030343487
31.675,0.00313941313799436
31.6866666666667,0.00291739522119908
31.6983333333333,0.00268302777495314
31.71,0.00244067725405778
31.7216666666667,0.0021948153047728
31.7333333333333,0.00195001274668417
31.745,0.00171078167364251
31.7566666666667,0.00148150288322352
31.7683333333333,0.0012663846456594
31.78,0.00106940204277393
31.7916666666667,0.000894263960702592
31.8033333333333,0.000744165322493581
31.815,0.000621929065843876
31.8266666666667,0.00052996808532854
31.8383333333333,0.000470020400277605
31.85,0.000443217064828653
31.8616666666667,0.000450042568909458
31.8733333333333,0.000490334582596364
31.885,0.000563199783009281
31.8966666666667,0.000667060453391031
31.9083333333333,0.000799708980600196
31.92,0.000958271830343032
31.9316666666667,0.00113929487305193
31.9433333333333,0.00133870997268926
31.955,0.00155203036412161
31.9666666666667,0.00177435136137711
31.9783333333333,0.002000292046196
31.99,0.00222423811868827
32.0016666666667,0.00244037940721563
32.0133333333333,0.0026428153750794
32.025,0.00282568897897628
32.0366666666667,0.00298323524592073
32.0483333333333,0.00310991672327536
32.06,0.00320051030318517
32.0716666666667,0.00325023113928131
32.0833333333333,0.0032548431517636
32.095,0.00321072259729123
32.1066666666667,0.00311492332429441
32.1183333333333,0.00296527109955487
32.13,0.00276042580542245
32.1416666666667,0.00249992038378265
32.1533333333333,0.00218425535161535
32.165,0.00181482625972345
32.1766666666667,0.00139391042918978
32.1883333333333,0.000924787413509128
32.2,0.000411649058925603
32.2116666666667,-0.00014044474888469
32.2233333333333,-0.00072561659750627
32.235,-0.00133726045402107
32.2466666666667,-0.00196810586289647
32.2583333333333,-0.00261033153534466
32.27,-0.00325565859733333
32.2816666666667,-0.0038954746548881
32.2933333333333,-0.00452097111144007
32.305,-0.00512325384123662
32.3166666666667,-0.00569350517592257
32.3283333333333,-0.00622310879792939
32.34,-0.00670379220226303
32.3516666666667,-0.00712776533258871
32.3633333333333,-0.00748781961436263
32.375,-0.00777747787507241
32.3866666666667,-0.00799108274360283
32.3983333333333,-0.0081239454807018
32.41,-0.00817240301942355
32.4216666666667,-0.00813386556116435
32.4333333333333,-0.00800695990068331
32.445,-0.00779137335332496
32.4566666666667,-0.00748798463119268
32.4683333333333,-0.0070990712937454
32.48,-0.00662803917614067
32.4916666666667,-0.00607945511424696
32.5033333333333,-0.00545904817126541
32.515,-0.00477343686594862
32.5266666666667,-0.0040302149795027
32.5383333333333,-0.00323798009369704
32.55,-0.00240599187778835
32.5616666666667,-0.00154407738694981
32.5733333333333,-0.000662590394900338
32.585,0.000227973859395785
32.5966666666667,0.00111697086315476
32.6083333333333,0.00199360524695855
32.62,0.00284732789410171
32.6316666666667,0.00366789514498253
32.6433333333333,0.00444554291539121
32.655,0.00517112287681225
32.6666666666667,0.00583622444269623
32.6783333333333,0.00643336973197411
32.69,0.00695604400300632
32.7016666666667,0.00739882084091002
32.7133333333333,0.00775745042867255
32.725,0.00802883065505124
32.7366666666667,0.00821113550216281
32.7483333333333,0.0083038622309559
32.76,0.00830774658798126
32.7716666666667,0.0082247728233706
32.7833333333333,0.00805810673192414
32.795,0.00781209087951196
32.8066666666667,0.00749215413084793
32.8183333333333,0.00710463178612211
32.83,0.00665669732647294
32.8416666666667,0.00615624302052258
32.8533333333333,0.00561176905473318
32.865,0.00503213330266141
32.8766666666667,0.00442652349881806
32.8883333333333,0.00380436319717369
32.9,0.00317500314259311
32.9116666666667,0.00254763378520691
32.9233333333333,0.00193115462066651
32.935,0.00133403520078103
32.9466666666667,0.0007641612008534
32.9583333333333,0.000228654630295569
32.97,-0.000266114145123507
32.9816666666667,-0.000714648355158177
32.9933333333333,-0.00111243710308408
33.005,-0.00145592699492166
33.0166666666667,-0.00174261029287998
33.0283333333333,-0.00197106531153177
33.04,-0.00214091953147938
33.0516666666667,-0.0022528181784727
33.0633333333333,-0.00230838985031923
33.075,-0.00231026955211797
33.0866666666667,-0.00226190285687929
33.0983333333333,-0.00216744923176763
33.11,-0.0020317840814683
33.1216666666667,-0.00186033554138352
33.1333333333333,-0.00165897954591827
33.145,-0.00143385359684422
33.1566666666667,-0.00119131044454308
33.1683333333333,-0.000937855429838296
33.18,-0.000679891352808119
33.1916666666667,-0.000423643359396378
33.2033333333333,-0.000175050409643603
33.215,6.03765287364346e-05
33.2266666666667,0.000277617029684728
33.2383333333333,0.000472210798040289
33.25,0.00064038460500698
33.2616666666667,0.00077907047788876
33.2733333333333,0.000885950503656491
33.285,0.000959564118380888
33.2966666666667,0.000999193660349311
33.3083333333333,0.00100485469499092
33.32,0.000977365508557911
33.3316666666667,0.000918278774525367
33.3433333333333,0.000829802525507931
33.355,0.000714739045776713
33.3666666666667,0.000576479978051771
33.3783333333333,0.000418887722157356
33.39,0.000246150102486602
33.4016666666667,6.27344667531519e-05
33.4133333333333,-0.000126721263259735
33.425,-0.000317594219468917
33.4366666666667,-0.000505290696093928
33.4483333333333,-0.000685291085266735
33.46,-0.000853349078946565
33.4716666666667,-0.00100555841158245
33.4833333333333,-0.00113839988984958
33.495,-0.0012488412581463
33.5066666666667,-0.00133440019104734
33.5183333333333,-0.00139316520039588
33.53,-0.00142384360684876
33.5416666666667,-0.00142577162699888
33.5533333333333,-0.0013989261726798
33.565,-0.00134395286675763
33.5766666666667,-0.00126203430084699
33.5883333333333,-0.00115490175332566
33.6,-0.00102483502912233
33.6116666666667,-0.00087455453657761
33.6233333333333,-0.000707191454648707
33.635,-0.000526196448547117
33.6466666666667,-0.000335263902678239
33.6583333333333,-0.000138231049435927
33.67,6.10034627098441e-05
33.6816666666667,0.000258550475707142
33.6933333333333,0.000450663356122365
33.705,0.000633731104868587
33.7166666666667,0.000804399459879373
33.7283333333333,0.000959724638983839
33.74,0.00109712913075994
33.7516666666667,0.00121449374245663
33.7633333333333,0.0013102108057195
33.775,0.0013831362320128
33.7866666666667,0.00143270579993695
33.7983333333333,0.00145893796336299
33.81,0.00146234213113857
33.8216666666667,0.00144395451202426
33.8333333333333,0.00140529735648187
33.845,0.00134832662565841
33.8566666666667,0.00127538211411582
33.8683333333333,0.00118910007289425
33.88,0.00109239426960315
33.8916666666667,0.000988367100119375
33.9033333333333,0.000880214661239649
33.915,0.000771159861942682
33.9266666666667,0.00066437784397574
33.9383333333333,0.000562928847856411
33.95,0.000469655763241751
33.9616666666667,0.000387125635192124
33.9733333333333,0.000317558605621665
33.985,0.000262792100320176
33.9966666666667,0.000224237497978623
34.0083333333333,0.000202831550777733
34.02,0.000198998855903706
34.0316666666667,0.00021264736092082
34.0433333333333,0.000243236525542512
34.055,0.000289638874373306
34.0666666666667,0.000350231819773567
34.0783333333333,0.000423039283981757
34.09,0.000505660944389918
34.1016666666667,0.000595368038685249
34.1133333333333,0.000689148356369261
34.125,0.000783788695350534
34.1366666666667,0.000875991768403878
34.1483333333333,0.000962369910229592
34.16,0.00103956947277394
34.1716666666667,0.00110435632303433
34.1833333333333,0.00115367894921584
34.195,0.00118474751414467
34.2066666666667,0.00119510587389661
34.2183333333333,0.00118272920578015
34.23,0.00114603993673897
34.2416666666667,0.00108395263100936
34.2533333333333,0.000995952186382969
34.265,0.000882097914681224
34.2766666666667,0.000743004300087444
34.2883333333333,0.000579873938849266
34.3,0.000394488798882794
34.3116666666667,0.000189165692063695
34.3233333333333,-3.32649759257318e-05
34.335,-0.000269536767208854
34.3466666666667,-0.000515941098194006
34.3583333333333,-0.0007683871155555
34.37,-0.00102254379712572
34.3816666666667,-0.00127388528747663
34.3933333333333,-0.00151776976003639
34.405,-0.00174955726315956
34.4166666666667,-0.00196467575928643
34.4283333333333,-0.00215867541306455
34.44,-0.00232734834115292
34.4516666666667,-0.00246682813984304
34.4633333333333,-0.00257362808608971
34.475,-0.00264469700697001
34.4866666666667,-0.00267752317497178
34.4983333333333,-0.00267020565884346
34.51,-0.00262143761380162
34.5216666666667,-0.00253053846918648
34.5333333333333,-0.00239750598859143
34.545,-0.00222296293104126
34.5566666666667,-0.00200817752065498
34.5683333333333,-0.00175509505276362
34.58,-0.00146625889297932
34.5916666666667,-0.00114476243028233
34.6033333333333,-0.000794190766517134
34.615,-0.00041862151747604
34.6266666666667,-2.25098430312352e-05
34.6383333333333,0.000389421621918024
34.65,0.000812207285079667
34.6616666666667,0.00124073988384119
34.6733333333333,0.00166982695845257
34.685,0.00209437634131667
34.6966666666667,0.00250938455841524
34.7083333333333,0.00290990084213298
34.72,0.00329126840294109
34.7316666666667,0.00364916311646689
34.7433333333333,0.00397959637129507
34.755,0.00427900622321851
34.7666666666667,0.00454431475250123
34.7783333333333,0.00477293912786281
34.79,0.00496280640843057
34.8016666666667,0.00511237031636125
34.8133333333333,0.00522061449739061
34.825,0.00528709627310443
34.8366666666667,0.00531184191690044
34.8483333333333,0.00529533580438151
34.86,0.00523854561052785
34.8716666666667,0.00514285153833096
34.8833333333333,0.00501002700319416
34.895,0.00484216672422382
34.9066666666667,0.00464168566421581
34.9183333333333,0.00441118081778586
34.93,0.00415344905192387
34.9416666666667,0.00387142560610257
34.9533333333333,0.00356805275689938
34.965,0.00324662814147226
34.9766666666667,0.00291029012485823
34.9883333333333,0.00256179223712017
35,0.00220399843004014
35.0116666666667,0.00183964137564517
35.0233333333333,0.00147123617196076
35.035,0.00110161299998009
35.0466666666667,0.000733396113809262
35.0583333333333,0.000368232915685908
35.07,8.01637403805081e-06
35.0816666666667,-0.00034553738066267
35.0933333333333,-0.000691045056692929
35.105,-0.00102665468087296
35.1166666666667,-0.0013510428080839
35.1283333333333,-0.00166319704884429
35.14,-0.00196203759470281
35.1516666666667,-0.00224651561407478
35.1633333333333,-0.00251575581095054
35.175,-0.00276839124134856
35.1866666666667,-0.00300326867528394
35.1983333333333,-0.00321977089146045
35.21,-0.00341696737486422
35.2216666666667,-0.00359393949889115
35.2333333333333,-0.00374983371248587
35.245,-0.0038834393947359
35.2566666666667,-0.00399352804287985
35.2683333333333,-0.00407961405465809
35.28,-0.00414085550695976
35.2916666666667,-0.00417651465905756
35.3033333333333,-0.00418602918788742
35.315,-0.00416867332573906
35.3266666666667,-0.00412386923980613
35.3383333333333,-0.00405167971998762
35.35,-0.00395216717149837
35.3616666666667,-0.00382563361229508
35.3733333333333,-0.00367267349349471
35.385,-0.00349420636645768
35.3966666666667,-0.00329140417733547
35.4083333333333,-0.00306565738164516
35.42,-0.00281871069402387
35.4316666666667,-0.00255263776322977
35.4433333333333,-0.00226975081441443
35.455,-0.00197298129995634
35.4666666666667,-0.00166570069670451
35.4783333333333,-0.00135055587960261
35.49,-0.00103086493871238
35.5016666666667,-0.000709965575162897
35.5133333333333,-0.000391389949138189
35.525,-7.83194924318608e-05
35.5366666666667,0.000225872750084975
35.5483333333333,0.000517621456825331
35.56,0.000793669675538307
35.5716666666667,0.00105094408727601
35.5833333333333,0.00128662845429887
35.595,0.00149838917172306
35.6066666666667,0.00168417896153017
35.6183333333333,0.00184228011210045
35.63,0.00197155067264883
35.6416666666667,0.00207134954818554
35.6533333333333,0.00214163912794624
35.665,0.00218277029117621
35.6766666666667,0.00219581226713563
35.6883333333333,0.00218255272629682
35.7,0.0021452436118397
35.7116666666667,0.00208668793725459
35.7233333333333,0.0020101735986576
35.735,0.00191949949122395
35.7466666666667,0.0018189952756996
35.7583333333333,0.00171271887611897
35.77,0.0016052845711237
35.7816666666667,0.00150135926000297
35.7933333333333,0.0014056584976972
35.805,0.0013227157998157
35.8166666666667,0.00125698501130754
35.8283333333333,0.00121278413360359
35.84,0.00119398389783506
35.8516666666667,0.00120397562058905
35.8633333333333,0.00124569136149159
35.875,0.00132117744362857
35.8866666666667,0.00143172464733336
35.8983333333333,0.00157846562487281
35.91,0.00176142047359721
35.9216666666667,0.00197986341212811
35.9333333333333,0.00223225753883119
35.945,0.00251824656242736
35.9566666666667,0.00283407150305188
35.9683333333333,0.00317529492801998
35.98,0.00353697164949259
35.9916666666667,0.00391358497311656
36.0033333333333,0.00429896193085864
36.015,0.00468732640869069
36.0266666666667,0.00507240500223429
36.0383333333333,0.00544635514942825
36.05,0.00580190426725359
36.0616666666667,0.00613182558571614
36.0733333333333,0.006429000882466
36.085,0.00668694869005182
36.0966666666667,0.00689958652248241
36.1083333333333,0.0070612768539781
36.12,0.00716723470535599
36.1316666666667,0.00721354222315235
36.1433333333333,0.00719720621485259
36.155,0.00711645889303047
36.1666666666667,0.00697201494008041
36.1783333333333,0.00676291582950264
36.19,0.00649045983648511
36.2016666666667,0.00615697729478809
36.2133333333333,0.00576567461217502
36.225,0.00532145993960976
36.2366666666667,0.00483025126071185
36.2483333333333,0.00429740907026976
36.26,0.00372986845305804
36.2716666666667,0.00313531441111441
36.2833333333333,0.00252109991524536
36.295,0.00189697322917389
36.3066666666667,0.00127101278800949
36.3183333333333,0.000651461830380161
36.33,4.65588915373904e-05
36.3416666666667,-0.000535834783245294
36.3533333333333,-0.00108818766897408
36.365,-0.00160431219702524
36.3766666666667,-0.00207961596901922
36.3883333333333,-0.00250764407386939
36.4,-0.00288391140536021
36.4116666666667,-0.0032050530788315
36.4233333333333,-0.00346817022789698
36.435,-0.0036733891572763
36.4466666666667,-0.00382022802430398
36.4583333333333,-0.00390931544831361
36.47,-0.00394265303994426
36.4816666666667,-0.00392328572544788
36.4933333333333,-0.00385512950722882
36.505,-0.00374364706688801
36.5166666666667,-0.00359496128675481
36.5283333333333,-0.00341484473807728
36.54,-0.00321011292594374
36.5516666666667,-0.0029878633489786
36.5633333333333,-0.00275535404712889
36.575,-0.00251992482118504
36.5866666666667,-0.00228869235487823
36.5983333333333,-0.00206866341698241
36.61,-0.00186627330787065
36.6216666666667,-0.0016873897310804
36.6333333333333,-0.00153717760749099
36.645,-0.00141982570942235
36.6566666666667,-0.0013386591741273
36.6683333333333,-0.00129595956713165
36.68,-0.0012929028154116
36.6916666666667,-0.00132955551104865
36.7033333333333,-0.0014047910386083
36.715,-0.00151658605368579
36.7266666666667,-0.00166173123959259
36.7383333333333,-0.0018357720114795
36.75,-0.00203344523181472
36.7616666666667,-0.00224865833784564
36.7733333333333,-0.00247471408209992
36.785,-0.00270399137515648
36.7966666666667,-0.00292866764621739
36.8083333333333,-0.00314117080606349
36.82,-0.00333368352815814
36.8316666666667,-0.00349856545227754
36.8433333333333,-0.00362862895448335
36.855,-0.00371695975771524
36.8666666666667,-0.00375744799900637
36.8783333333333,-0.00374496008458026
36.89,-0.00367527029984377
36.9016666666667,-0.00354525691992577
36.9133333333333,-0.00335289870856383
36.925,-0.0030976509891025
36.9366666666667,-0.00278024177249581
36.9483333333333,-0.00240231236083365
36.96,-0.00196693247218921
36.9716666666667,-0.00147838726803055
36.9833333333333,-0.000941957209972812
36.995,-0.000364817228765013
37.0066666666667,0.000244887076656779
37.0183333333333,0.000880027603331758
37.03,0.00153219164270952
37.0416666666667,0.00219259849678986
37.0533333333333,0.0028523376758722
37.065,0.00350241706631123
37.0766666666667,0.00413415705669766
37.0883333333333,0.00473913389844793
37.1,0.0053095855154473
37.1116666666667,0.00583852814632823
37.1233333333333,0.00631979384571777
37.135,0.00674874486075655
37.1466666666667,0.00712177273698301
37.1583333333333,0.00743602946292887
37.17,0.00769027479664105
37.1816666666667,0.00788464185071642
37.1933333333333,0.00802057323469142
37.205,0.00810109104805169
37.2166666666667,0.00813045640273887
37.2283333333333,0.00811389618438485
37.24,0.00805782416542678
37.2516666666667,0.00796961469417529
37.2633333333333,0.00785728010758078
37.275,0.00772970160597027
37.2866666666667,0.00759596429851233
37.2983333333333,0.00746492896857176
37.31,0.00734548798328357
37.3216666666667,0.00724613626766346
37.3333333333333,0.00717470661998516
37.345,0.00713826171022637
37.3566666666667,0.00714268973520273
37.3683333333333,0.0071925581896487
37.38,0.00729098961928736
37.3916666666667,0.0074394996303594
37.4033333333333,0.00763788396332385
37.415,0.00788397584961993
37.4266666666667,0.00817376333528941
37.4383333333333,0.00850163326442781
37.45,0.00885997719752296
37.4616666666667,0.0092394189430441
37.4733333333333,0.00962910229513773
37.485,0.0100159636683529
37.4966666666667,0.0103858933867723
37.5083333333333,0.010724561746481
37.52,0.0110164736127615
37.5316666666667,0.01124570028994
37.5433333333333,0.0113962223442957
37.555,0.011451947936732
37.5666666666667,0.0113971423494153
37.5783333333333,0.0112177306455151
37.59,0.0109004247677507
37.6016666666667,0.0104335721054426
37.6133333333333,0.00980744737896586
37.625,0.00901394955189259
37.6366666666667,0.00804739721617822
37.6483333333333,0.00690572298775931
37.66,0.00558932895509793
37.6716666666667,0.00410159239089101
37.6833333333333,0.00244872628046294
37.695,0.000641578687329949
37.7066666666667,-0.00130757361296089
37.7183333333333,-0.00338329218671942
37.73,-0.00556711008485415
37.7416666666667,-0.00783788839202823
37.7533333333333,-0.0101721795465704
37.765,-0.012543910874155
37.7766666666667,-0.0149254859840413
37.7883333333333,-0.0172880757374323
37.8,-0.0196016804693764
37.8116666666667,-0.0218357045664539
37.8233333333333,-0.0239594543437907
37.835,-0.0259424678994339
37.8466666666667,-0.0277551219962559
37.8583333333333,-0.0293690739212387
37.87,-0.0307577657532213
37.8816666666667,-0.0318968334497677
37.8933333333333,-0.0327643933468405
37.905,-0.0333419464493498
37.9166666666667,-0.0336140617177918
37.9283333333333,-0.0335687557069483
37.94,-0.0331980217610852
37.9516666666667,-0.0324978740370645
37.9633333333333,-0.0314685031885193
37.975,-0.0301142806308915
37.9866666666667,-0.0284438086319986
37.9983333333333,-0.0264698851482702
38.01,-0.0242092814677316
38.0216666666667,-0.0216825902095036
38.0333333333333,-0.0189139194224174
38.045,-0.015930692124665
38.0566666666667,-0.0127631728207154
38.0683333333333,-0.00944395734259046
38.08,-0.00600769816718506
38.0916666666667,-0.00249055630836533
38.1033333333333,0.00107029897607137
38.115,0.00463722522515601
38.1266666666667,0.00817260598519404
38.1383333333333,0.0116393154330179
38.15,0.0150013237567142
38.1616666666667,0.0182241321412954
38.1733333333333,0.0212752417486233
38.185,0.0241246147154197
38.1966666666667,0.0267450063281084
38.2083333333333,0.0291123384577713
38.22,0.0312059388093994
38.2316666666667,0.0330088108088678
38.2433333333333,0.0345078124904264
38.255,0.0356935716875047
38.2666666666667,0.0365607776112865
38.2783333333333,0.0371082152068628
38.29,0.0373384521230203
38.3016666666667,0.0372577853683798
38.3133333333333,0.0368761076267268
38.325,0.0362063187133207
38.3366666666667,0.0352644316639385
38.3483333333333,0.0340694201164492
38.36,0.032642396790702
38.3716666666667,0.031006397340421
38.3833333333333,0.029186021778597
38.395,0.0272068090800094
38.4066666666667,0.0250950266170634
38.4183333333333,0.0228773515671568
38.43,0.0205802364412634
38.4416666666667,0.0182296115568366
38.4533333333333,0.0158505254428168
38.465,0.0134668665225064
38.4766666666667,0.0111010010278224
38.4883333333333,0.0087734486629388
38.5,0.00650282971898213
38.5116666666667,0.00430565207650793
38.5233333333333,0.00219617133846202
38.535,0.000186373823776362
38.5466666666667,-0.00171404712099966
38.5583333333333,-0.00349767458845378
38.57,-0.00515931341515483
38.5816666666667,-0.00669585058215695
38.5933333333333,-0.00810612245208571
38.605,-0.00939078362757146
38.6166666666667,-0.0105520295731138
38.6283333333333,-0.0115933305405967
38.64,-0.0125192913335339
38.6516666666667,-0.013335386112935
38.6633333333333,-0.0140476503947061
38.675,-0.0146626446996661
38.6866666666667,-0.0151870123540643
38.6983333333333,-0.015627154482235
38.71,-0.0159892790740901
38.7216666666667,-0.0162791448841439
38.7333333333333,-0.0165018871017043
38.745,-0.0166619682366949
38.7566666666667,-0.0167630213788085
38.7683333333333,-0.0168078403743913
38.78,-0.0167983689057262
38.7916666666667,-0.0167357198866397
38.8033333333333,-0.0166202353236252
38.815,-0.0164515281685221
38.8266666666667,-0.0162286402325288
38.8383333333333,-0.0159501691781605
38.85,-0.0156143779042303
38.8616666666667,-0.0152193951572777
38.8733333333333,-0.014763382776746
38.885,-0.0142446922528239
38.8966666666667,-0.0136620398573841
38.9083333333333,-0.0130147123104547
38.92,-0.0123027002470725
38.9316666666667,-0.0115268391381841
38.9433333333333,-0.0106889589401456
38.955,-0.00979187425400862
38.9666666666667,-0.00883956199013639
38.9783333333333,-0.00783729682887695
38.99,-0.00679149009337282
39.0016666666667,-0.00570970366375531
39.0133333333333,-0.00460062027293741
39.025,-0.00347385949624288
39.0366666666667,-0.00233995385858157
39.0483333333333,-0.00121025032261731
39.06,-9.65923986869527e-05
39.0716666666667,0.000988828245828637
39.0833333333333,0.00203368328987664
39.095,0.00302578866434784
39.1066666666667,0.0039533034075001
39.1183333333333,0.00480498569400874
39.13,0.00557044094948776
39.1416666666667,0.00624035093777919
39.1533333333333,0.00680671848855606
39.165,0.00726305538593981
39.1766666666667,0.00760453920661877
39.1883333333333,0.00782817319937241
39.2,0.0079329156143427
39.2116666666667,0.00791974356988082
39.2233333333333,0.00779168403621433
39.235,0.00755380223501893
39.2466666666667,0.00721318298013001
39.2583333333333,0.00677886274697406
39.27,0.00626164664873764
39.2816666666667,0.00567395903165968
39.2933333333333,0.00502965554026512
39.305,0.00434370659169083
39.3166666666667,0.00363203358524324
39.3283333333333,0.00291125710015103
39.34,0.00219825737223283
39.3516666666667,0.00150990615814177
39.3633333333333,0.000862760137715852
39.375,0.000272685840943947
39.3866666666667,-0.000245411693749114
39.3983333333333,-0.000677916894459902
39.41,-0.00101277765400399
39.4216666666667,-0.00123975347328724
39.4333333333333,-0.00135065422075333
39.445,-0.0013394721008929
39.4566666666667,-0.00120259067429807
39.4683333333333,-0.000938932513669922
39.48,-0.000549901110730718
39.4916666666667,-3.94374946760216e-05
39.5033333333333,0.000586001323448153
39.515,0.0013177942501032
39.5266666666667,0.00214498074108291
39.5383333333333,0.00305433052983341
39.55,0.0040309066337935
39.5616666666667,0.00505822683482827
39.5733333333333,0.006118498881655
39.585,0.00719323044033782
39.5966666666667,0.00826328475329499
39.6083333333333,0.00930904886726476
39.62,0.010311199533226
39.6316666666667,0.0112509134248013
39.6433333333333,0.0121102400837022
39.655,0.0128724937424165
39.6666666666667,0.0135225121900309
39.6783333333333,0.014046902524038
39.69,0.0144343870360352
39.7016666666667,0.0146760189720767
39.7133333333333,0.0147652401858006
39.725,0.0146983560703158
39.7366666666667,0.0144742498430893
39.7483333333333,0.0140941925018197
39.76,0.0135622614160204
39.7716666666667,0.0128850703063165
39.7833333333333,0.0120716998959475
39.795,0.0111333191689194
39.8066666666667,0.0100830549395462
39.8183333333333,0.00893627790015789
39.83,0.00770959026143103
39.8416666666667,0.00642075899063652
39.8533333333333,0.00508845861081701
39.865,0.00373148946808025
39.8766666666667,0.00236897168659553
39.8883333333333,0.00101991837570358
39.9,-0.000297375983180008
39.9116666666667,-0.00156554787295014
39.9233333333333,-0.0027685611194351
39.935,-0.00389163869365553
39.9466666666667,-0.00492189891072694
39.9583333333333,-0.00584886002636442
39.97,-0.00666399873909028
39.9816666666667,-0.0073611263717101
39.9933333333333,-0.00793639496098898
40.005,-0.00838840875299272
40.0166666666667,-0.00871812447987538
40.0283333333333,-0.0089286408667729
40.04,-0.00902527154377242
40.0516666666667,-0.00901520895190032
40.0633333333333,-0.00890760396040638
40.075,-0.00871245664014533
40.0866666666667,-0.00844135075425922
40.0983333333333,-0.00810722275840828
40.11,-0.00772339376122922
40.1216666666667,-0.00730358075574961
40.1333333333333,-0.00686139726911231
40.145,-0.00641048197846666
40.1566666666667,-0.00596387545706456
40.1683333333333,-0.00553309037462237
40.18,-0.00512879014387803
40.1916666666667,-0.00476013890713956
40.2033333333333,-0.00443477614851925
40.215,-0.00415800727960138
40.2266666666667,-0.00393306150363308
40.2383333333333,-0.00376273247602972
40.25,-0.00364730028648277
40.2616666666667,-0.00358556295025745
40.2733333333333,-0.00357345710813156
40.285,-0.00360805537747378
40.2966666666667,-0.00368235438275847
40.3083333333333,-0.00378845519473318
40.32,-0.00391754611400378
40.3316666666667,-0.00406001545943336
40.3433333333333,-0.00420563756450888
40.355,-0.00434410732887041
40.3666666666667,-0.0044676810981879
40.3783333333333,-0.00456476890174033
40.39,-0.0046256864343401
40.4016666666667,-0.0046416479993303
40.4133333333333,-0.00460491700385163
40.425,-0.00450946123312814
40.4366666666667,-0.00435195742928987
40.4483333333333,-0.00412785366240908
40.46,-0.00383621282611175
40.4716666666667,-0.00347741647580878
40.4833333333333,-0.00305423476023827
40.495,-0.00256945546604795
40.5066666666667,-0.00203000000156495
40.5183333333333,-0.00144414029162776
40.53,-0.000821597039403608
40.5416666666667,-0.000173428399776844
40.5533333333333,0.00048824867430221
40.565,0.00115038812880724
40.5766666666667,0.00179951338247131
40.5883333333333,0.0024219808944845
40.6,0.00300428463320329
40.6116666666667,0.00353342708753189
40.6233333333333,0.00399713006154274
40.635,0.00438461593770761
40.6466666666667,0.0046864101390409
40.6583333333333,0.00489436805862175
40.67,0.00500249046634748
40.6816666666667,0.00500690274742436
40.6933333333333,0.00490604582661801
40.705,0.00470066438457145
40.7166666666667,0.00439395177821676
40.7283333333333,0.00399175369651871
40.74,0.00350221172037602
40.7516666666667,0.00293580457418816
40.7633333333333,0.00230503457949622
40.775,0.00162457648479889
40.7866666666667,0.000910579297436501
40.7983333333333,0.000180359938116438
40.81,-0.000547698746457484
40.8216666666667,-0.00125462573387972
40.8333333333333,-0.00192125123811994
40.845,-0.00252862081676984
40.8566666666667,-0.00305838868451713
40.8683333333333,-0.00349317037200989
40.88,-0.0038170240810005
40.8916666666667,-0.00401576990637885
40.9033333333333,-0.00407735252611564
40.915,-0.00399211885699067
40.9266666666667,-0.00375308492170441
40.9383333333333,-0.00335618728026895
40.95,-0.00280037796309753
40.9616666666667,-0.00208773587552182
40.9733333333333,-0.00122348629292657
40.985,-0.000215987743381347
40.9966666666667,0.000923388465919045
41.0083333333333,0.00218044819143369
41.02,0.00353835993712401
41.0316666666667,0.00497795052369842
41.0433333333333,0.00647801690388561
41.055,0.00801571459437687
41.0666666666667,0.00956696622607657
41.0783333333333,0.011106908008883
41.09,0.0126103338590316
41.1016666666667,0.0140521505921323
41.1133333333333,0.0154078917095732
41.125,0.0166540848741342
41.1366666666667,0.0177687723634105
41.1483333333333,0.0187319956420729
41.16,0.0195260478246871
41.1716666666667,0.0201358726217615
41.1833333333333,0.0205493433914587
41.195,0.0207574847321008
41.2066666666667,0.020754659353806
41.2183333333333,0.0205386215124553
41.23,0.0201105992311367
41.2416666666667,0.0194752471829462
41.2533333333333,0.0186405392124139
41.265,0.0176176750819545
41.2766666666667,0.0164207666880042
41.2883333333333,0.0150665487917667
41.3,0.0135741147780586
41.3116666666667,0.0119644988036699
41.3233333333333,0.0102602794885063
41.335,0.0084851502134415
41.3466666666667,0.00666345571094991
41.3583333333333,0.00481972600799889
41.37,0.00297820819610404
41.3816666666667,0.00116244037962901
41.3933333333333,-0.000605210277064142
41.405,-0.00230395316751163
41.4166666666667,-0.00391489754895906
41.4283333333333,-0.005421383252503
41.44,-0.0068092679890085
41.4516666666667,-0.00806712067161675
41.4633333333333,-0.0091863794535421
41.475,-0.0101614457114309
41.4866666666667,-0.0109896852101761
41.4983333333333,-0.0116714125013767
41.51,-0.0122097781656311
41.5216666666667,-0.0126105907899863
41.5333333333333,-0.0128821200168119
41.545,-0.0130348015702969
41.5566666666667,-0.0130809455099164
41.5683333333333,-0.0130343797232129
41.58,-0.0129100731615172
41.5916666666667,-0.0127237478920751
41.6033333333333,-0.0124914496551692
41.615,-0.012229181630224
41.6266666666667,-0.0119524572096425
41.6383333333333,-0.0116759450563961
41.65,-0.0114131351903417
41.6616666666667,-0.0111759876631881
41.6733333333333,-0.0109746900004622
41.685,-0.0108173575486715
41.6966666666667,-0.0107099447497659
41.7083333333333,-0.0106560930692882
41.72,-0.0106570311189902
41.7316666666667,-0.0107116308382192
41.7433333333333,-0.0108163804456612
41.755,-0.0109656589344669
41.7666666666667,-0.0111517677481984
41.7783333333333,-0.0113650297476687
41.79,-0.011594270113779
41.8016666666667,-0.0118270084848957
41.8133333333333,-0.0120498516916316
41.825,-0.0122486934253335
41.8366666666667,-0.0124092348736178
41.8483333333333,-0.0125175418392522
41.86,-0.0125601047392041
41.8716666666667,-0.0125243599574725
41.8833333333333,-0.0123989141481773
41.895,-0.0121742687902526
41.9066666666667,-0.0118426784736231
41.9183333333333,-0.0113979746038643
41.93,-0.0108364704717141
41.9416666666667,-0.0101568590876097
41.9533333333333,-0.00936018448962446
41.965,-0.0084501882502761
41.9766666666667,-0.00743298318590925
41.9883333333333,-0.0063168072472815
42,-0.00511218046326238
42.0116666666667,-0.00383161231122071
42.0233333333333,-0.00248933631158406
42.035,-0.00110105234217257
42.0466666666667,0.000313955326932087
42.0583333333333,0.00173988467773662
42.07,0.00315897489948738
42.0816666666667,0.00455341832875813
42.0933333333333,0.00590601299613577
42.105,0.00719825720793599
42.1166666666667,0.00841502772015792
42.1283333333333,0.00954277274514384
42.14,0.0105693277508907
42.1516666666667,0.011484482779789
42.1633333333333,0.0122802855884015
42.175,0.012950931687554
42.1866666666667,0.0134921664989618
42.1983333333333,0.0139039838010423
42.21,0.0141878534264044
42.2216666666667,0.0143481951128895
42.2333333333333,0.0143918768102516
42.245,0.0143258972951689
42.2566666666667,0.0141616354113217
42.2683333333333,0.0139120886901329
42.28,0.0135913165454867
42.2916666666667,0.0132145115298978
42.3033333333333,0.012797469667879
42.315,0.0123567854260712
42.3266666666667,0.0119087668488078
42.3383333333333,0.0114687353344161
42.35,0.0110515732867265
42.3616666666667,0.010670910085042
42.3733333333333,0.0103391933851414
42.385,0.0100664765080393
42.3966666666667,0.00986148464116786
42.4083333333333,0.00973096551055461
42.42,0.00967928380745512
42.4316666666667,0.00970852575607884
42.4433333333333,0.0098184113581619
42.455,0.0100064808594036
42.4666666666667,0.0102681300557839
42.4783333333333,0.0105962431480414
42.49,0.0109820060831753
42.5016666666667,0.0114148099763461
42.5133333333333,0.0118826149731517
42.525,0.0123720750258485
42.5366666666667,0.0128690153225298
42.5483333333333,0.0133588934182916
42.56,0.0138268549751344
42.5716666666667,0.0142581524674917
42.5833333333333,0.0146385012213942
42.595,0.0149542397938931
42.6066666666667,0.0151927837908703
42.6183333333333,0.015342846597597
42.63,0.0153945944182889
42.6416666666667,0.0153398328436041
42.6533333333333,0.0151721456665043
42.665,0.0148869608992925
42.6766666666667,0.0144815718960777
42.6883333333333,0.0139551703321953
42.7,0.0133087576890661
42.7116666666667,0.0125450469800615
42.7233333333333,0.0116683226359312
42.735,0.0106841580770234
42.7466666666667,0.00959942088860714
42.7583333333333,0.00842201739335859
42.77,0.0071605009477311
42.7816666666667,0.00582389111930042
42.7933333333333,0.0044214662025533
42.805,0.00296235562915859
42.8166666666667,0.00145546782297585
42.8283333333333,-9.06687575297745e-05
42.84,-0.00166822173955766
42.8516666666667,-0.00327014886443086
42.8633333333333,-0.00489033014003714
42.875,-0.00652361843376735
42.8866666666667,-0.0081658556847003
42.8983333333333,-0.0098138980136884
42.91,-0.0114655100716852
42.9216666666667,-0.0131192698501062
42.9333333333333,-0.0147744246685521
42.945,-0.0164307066224706
42.9566666666667,-0.018088093935272
42.9683333333333,-0.0197465734689462
42.98,-0.021405912123419
42.9916666666667,-0.0230653885427042
43.0033333333333,-0.0247235127836941
43.015,-0.026377763782702
43.0266666666667,-0.0280243788653221
43.0383333333333,-0.0296581370358242
43.05,-0.0312721517145305
43.0616666666667,-0.0328577402925722
43.0733333333333,-0.034404338872762
43.085,-0.0358994456751934
43.0966666666667,-0.0373286611873009
43.1083333333333,-0.0386757560627874
43.12,-0.0399228194946074
43.1316666666667,-0.0410504644646022
43.1433333333333,-0.0420380555261027
43.155,-0.0428640953819858
43.1666666666667,-0.0435065331777567
43.1783333333333,-0.0439431783714747
43.19,-0.0441521803909017
43.2016666666667,-0.0441124917021657
43.2133333333333,-0.0438044083444791
43.225,-0.0432099423992179
43.2366666666667,-0.042313427872873
43.2483333333333,-0.0411020622246529
43.26,-0.0395662451755919
43.2716666666667,-0.0377000274731481
43.2833333333333,-0.0355014180723602
43.295,-0.0329728062776969
43.3066666666667,-0.0301210621975306
43.3183333333333,-0.0269576095128287
43.33,-0.0234986175366942
43.3416666666667,-0.0197648993357043
43.3533333333333,-0.0157818159910005
43.365,-0.0115789962618741
43.3766666666667,-0.00719005633789192
43.3883333333333,-0.00265230246075191
43.4,0.00199389041573651
43.4116666666667,0.00670559205034765
43.4233333333333,0.011437937224904
43.435,0.0161448501673899
43.4466666666667,0.0207796924156772
43.4583333333333,0.0252960161386018
43.47,0.0296483506869569
43.4816666666667,0.0337929323263547
43.4933333333333,0.0376884486529136
43.505,0.0412967217060006
43.5166666666667,0.0445833481599001
43.5283333333333,0.047518292175159
43.54,0.0500763775838561
43.5516666666667,0.0522376936867606
43.5633333333333,0.0539879005983978
43.575,0.0553184772119219
43.5866666666667,0.0562267743161053
43.5983333333333,0.05671596140037
43.61,0.0567949402279884
43.6216666666667,0.0564780566573976
43.6333333333333,0.0557847404837727
43.645,0.0547390420243546
43.6566666666667,0.0533690757051825
43.6683333333333,0.0517063915236982
43.68,0.0497852419188691
43.6916666666667,0.0476418513991885
43.7033333333333,0.0453136152197674
43.715,0.0428383007911271
43.7266666666667,0.0402532431177298
43.7383333333333,0.0375945329326597
43.75,0.0348962844047442
43.7616666666667,0.0321899497228416
43.7733333333333,0.0295037121524475
43.785,0.0268619241927582
43.7966666666667,0.0242847495942288
43.8083333333333,0.0217877685914845
43.82,0.0193818370133863
43.8316666666667,0.0170730239694021
43.8433333333333,0.0148625622216038
43.855,0.0127474211163501
43.8666666666667,0.0107202130595982
43.8783333333333,0.00876940394673314
43.89,0.00688036775003351
43.9016666666667,0.00503575464025251
43.9133333333333,0.00321634574238319
43.925,0.00140136212875005
43.9366666666667,-0.000430671176149126
43.9483333333333,-0.00229938283593117
43.96,-0.00422366837378414
43.9716666666667,-0.00622015224262356
43.9833333333333,-0.00830255686743632
43.995,-0.0104805785463685
44.0066666666667,-0.0127596469831841
44.0183333333333,-0.0151410835213247
44.03,-0.0176205903775891
44.0416666666667,-0.0201884246796029
44.0533333333333,-0.0228292105059948
44.065,-0.0255218469286383
44.0766666666667,-0.0282398546912614
44.0883333333333,-0.030951553035463
44.1,-0.033620657069009
44.1116666666667,-0.0362068465659999
44.1233333333333,-0.0386665811694104
44.135,-0.0409539474399478
44.1466666666667,-0.0430217076904641
44.1583333333333,-0.0448223179766364
44.17,-0.0463090899608415
44.1816666666667,-0.0474374425519328
44.1933333333333,-0.0481658272600266
44.205,-0.0484577415045461
44.2166666666667,-0.0482816943394471
44.2283333333333,-0.0476126842585775
44.24,-0.0464333718603537
44.2516666666667,-0.0447347770075521
44.2633333333333,-0.042517015641809
44.275,-0.0397895532452943
44.2866666666667,-0.0365717651879831
44.2983333333333,-0.032893394004821
44.31,-0.0287939236262281
44.3216666666667,-0.0243224578812666
44.3333333333333,-0.0195372139712477
44.345,-0.0145047343461331
44.3566666666667,-0.00929955412496788
44.3683333333333,-0.00400083334760593
44.38,0.00130659603235017
44.3916666666667,0.00653525126934274
44.4033333333333,0.0115934084961866
44.415,0.0163924956111479
44.4266666666667,0.0208423552508972
44.4383333333333,0.0248567771369445
44.45,0.028354791679593
44.4616666666667,0.0312622419541888
44.4733333333333,0.033513422512266
44.485,0.0350528283446198
44.4966666666667,0.0358362894582902
44.5083333333333,0.0358319399535666
44.52,0.03502160846166
44.5316666666667,0.0334014148110867
44.5433333333333,0.0309821056065884
44.555,0.0277898201260586
44.5666666666667,0.0238652798304922
44.5783333333333,0.0192633889540793
44.59,0.0140530132572486
44.6016666666667,0.00831582076159501
44.6133333333333,0.00214503910228413
44.625,-0.00435589473443001
44.6366666666667,-0.0110751927297309
44.6483333333333,-0.017894686283691
44.66,-0.0246917480656544
44.6716666666667,-0.0313415286159217
44.6833333333333,-0.0377192843886352
44.695,-0.0437026448269363
44.7066666666667,-0.0491739349334601
44.7183333333333,-0.0540224717541773
44.73,-0.0581467099797466
44.7416666666667,-0.0614562767826983
44.7533333333333,-0.0638738002914963
44.765,-0.0653365235798762
44.7766666666667,-0.0657977141530018
44.7883333333333,-0.0652277045400408
44.8,-0.0636146265441827
44.8116666666667,-0.0609648676612274
44.8233333333333,-0.0573031454009733
44.835,-0.0526722044035316
44.8466666666667,-0.0471322388557923
44.8583333333333,-0.0407599331715123
44.87,-0.0336471628264165
44.8816666666667,-0.0258994246275937
44.8933333333333,-0.0176339436818196
44.905,-0.00897762319200192
44.9166666666667,-6.47147008480261e-05
44.9283333333333,0.00896567526058306
44.94,0.0179720972914306
44.9516666666667,0.0268134095835395
44.9633333333333,0.035351402816116
44.975,0.0434534135678578
44.9866666666667,0.050994784976064
44.9983333333333,0.0578612008406491
45.01,0.0639508876081222
45.0216666666667,0.0691764941353482
45.0333333333333,0.0734667495365025
45.045,0.0767677844653788
45.0566666666667,0.0790441408581837
45.0683333333333,0.0802794150987213
45.08,0.0804764786183879
45.0916666666667,0.079657403912471
45.1033333333333,0.0778629435252185
45.115,0.0751517035285483
45.1266666666667,0.0715988986284884
45.1383333333333,0.0672947674592413
45.15,0.0623427940630237
45.1616666666667,0.0568575935067022
45.1733333333333,0.0509625757353327
45.185,0.0447874494361387
45.1966666666667,0.0384656228595537
45.2083333333333,0.0321314875277502
45.22,0.0259177428063576
45.2316666666667,0.0199527242327307
45.2433333333333,0.0143577871342176
45.255,0.00924501824608717
45.2666666666667,0.00471484800622925
45.2783333333333,0.000853977563219373
45.29,-0.00226617737607933
45.3016666666667,-0.00459095244710803
45.3133333333333,-0.00608352396251663
45.325,-0.00672555171421967
45.3366666666667,-0.00651758301587258
45.3483333333333,-0.00547899637874729
45.36,-0.00364753716344548
45.3716666666667,-0.00107856185213406
45.3833333333333,0.00215614464188696
45.395,0.0059698006360156
45.4066666666667,0.0102624137499481
45.4183333333333,0.0149228647413562
45.43,0.019831096489687
45.4416666666667,0.0248605594454664
45.4533333333333,0.02988073401471
45.465,0.0347597773976937
45.4766666666667,0.0393671322293385
45.4883333333333,0.0435760621153883
45.5,0.0472662233185977
45.5116666666667,0.0503259926577238
45.5233333333333,0.0526546629760834
45.535,0.054164358581255
45.5466666666667,0.0547817364167715
45.5583333333333,0.0544494672069741
45.57,0.0531271877421693
45.5816666666667,0.0507922698139443
45.5933333333333,0.047440211188447
45.605,0.0430845800100113
45.6166666666667,0.0377567864124801
45.6283333333333,0.0315053965784661
45.64,0.0243951041959454
45.6516666666667,0.0165054604130756
45.6633333333333,0.00792929014043351
45.675,-0.00122905246594768
45.6866666666667,-0.0108556953996686
45.6983333333333,-0.0208293834221641
45.71,-0.031023703636472
45.7216666666667,-0.0413093923080871
45.7333333333333,-0.0515566016874313
45.745,-0.0616372064241416
45.7566666666667,-0.0714269503096169
45.7683333333333,-0.0808074898422633
45.78,-0.0896683051928975
45.7916666666667,-0.0979083563032874
45.8033333333333,-0.105437578485614
45.815,-0.112178057848085
45.8266666666667,-0.11806494938074
45.8383333333333,-0.123047130899621
45.85,-0.127087563208989
45.8616666666667,-0.130163374809149
45.8733333333333,-0.132265606284316
45.885,-0.133398749683463
45.8966666666667,-0.133580026750831
45.9083333333333,-0.132838412265942
45.92,-0.131213506229333
45.9316666666667,-0.128754218299182
45.9433333333333,-0.12551731661843
45.955,-0.12156593394473
45.9666666666667,-0.116967983697567
45.9783333333333,-0.111794520608246
45.99,-0.106118212067686
46.0016666666667,-0.100011846606058
46.0133333333333,-0.0935468987056936
46.025,-0.0867922495180084
46.0366666666667,-0.0798130435173854
46.0483333333333,-0.0726697512325192
46.06,-0.0654173827725118
46.0716666666667,-0.0581049054195923
46.0833333333333,-0.0507748849116964
46.095,-0.0434632695712806
46.1066666666667,-0.0361994876177702
46.1183333333333,-0.0290066228997254
46.13,-0.0219018192543629
46.1416666666667,-0.0148968461113969
46.1533333333333,-0.00799869902412263
46.165,-0.00121063660431074
46.1766666666667,0.00546724850739795
46.1883333333333,0.0120372055413324
46.2,0.0185026496301096
46.2116666666667,0.0248673841291359
46.2233333333333,0.0311347143041294
46.235,0.0373066409145482
46.2466666666667,0.0433831929524271
46.2583333333333,0.0493619748318945
46.27,0.0552375752764832
46.2816666666667,0.0610013147420564
46.2933333333333,0.0666412617734491
46.305,0.0721417118310499
46.3166666666667,0.0774840069694022
46.3283333333333,0.0826471001052825
46.34,0.0876074227630894
46.3516666666667,0.0923397289166013
46.3633333333333,0.0968177624103155
46.375,0.101015277444784
46.3866666666667,0.10490685991415
46.3983333333333,0.108467725343586
46.41,0.111675875629927
46.4216666666667,0.114512443632381
46.4333333333333,0.116962327049631
46.445,0.119015379148866
46.4566666666667,0.12066635812342
46.4683333333333,0.121915287771862
46.48,0.122768062709491
46.4916666666667,0.123236278133896
46.5033333333333,0.123337289574213
46.515,0.123093280156131
46.5266666666667,0.122530262122938
46.5383333333333,0.121680484616891
46.55,0.120578508712838
46.5616666666667,0.119260851053361
46.5733333333333,0.117766440159227
46.585,0.116131336919315
46.5966666666667,0.114392342541074
46.6083333333333,0.112582787289305
46.62,0.110731590839461
46.6316666666667,0.108862008957374
46.6433333333333,0.106990385540355
46.655,0.105124974888468
46.6666666666667,0.103264683603058
46.6783333333333,0.101399833039171
46.69,0.0995099205018226
46.7016666666667,0.0975641580400788
46.7133333333333,0.0955214189026787
46.725,0.0933306570281361
46.7366666666667,0.0909314734111312
46.7483333333333,0.0882548158399013
46.76,0.0852246630405774
46.7716666666667,0.0817594203910231
46.7833333333333,0.0777737659267327
46.795,0.0731805847406961
46.8066666666667,0.0678933878259397
46.8183333333333,0.0618288467804657
46.83,0.0549089783416827
46.8416666666667,0.0470638420956139
46.8533333333333,0.0382341309633728
46.865,0.0283731650911977
46.8766666666667,0.0174498652881305
46.8883333333333,0.00545077709670324
46.9,-0.00761836667942229
46.9116666666667,-0.0217310129042785
46.9233333333333,-0.0368384500610505
46.935,-0.0528697058595763
46.9466666666667,-0.0697304855341415
46.9583333333333,-0.0873029737594407
46.97,-0.10544731810459
46.9816666666667,-0.124002492338644
46.9933333333333,-0.142787801609018
47.005,-0.161605600146499
47.0166666666667,-0.180243203201727
47.0283333333333,-0.198475780611966
47.04,-0.21607033692119
47.0516666666667,-0.232789211365373
47.0633333333333,-0.248394045486857
47.075,-0.262650095762527
47.0866666666667,-0.275330354596989
47.0983333333333,-0.286219865643948
47.11,-0.295120035969891
47.1216666666667,-0.301852717777142
47.1333333333333,-0.30626402225487
47.145,-0.308227887448435
47.1566666666667,-0.307649189479853
47.1683333333333,-0.304466325371241
47.18,-0.298653366397397
47.1916666666667,-0.29022151796138
47.2033333333333,-0.279219957870642
47.215,-0.265736046969873
47.2266666666667,-0.24989468554766
47.2383333333333,-0.231857056220993
47.25,-0.211818733867525
47.2616666666667,-0.190007008145492
47.2733333333333,-0.166677590740229
47.285,-0.142110789832251
47.2966666666667,-0.116607073602588
47.3083333333333,-0.0904821876878279
47.32,-0.0640619984776375
47.3316666666667,-0.0376770078611893
47.3433333333333,-0.0116567130965366
47.355,0.0136761054946956
47.3666666666667,0.0380110083118666
47.3783333333333,0.0610553241937955
47.39,0.0825393757774174
47.4016666666667,0.102221281874777
47.4133333333333,0.119891260537314
47.425,0.135375377623474
47.4366666666667,0.148538641740841
47.4483333333333,0.159287387689211
47.46,0.167570823862153
47.4716666666667,0.173381794679544
47.4833333333333,0.176756741735179
47.495,0.177774750999493
47.5066666666667,0.176555828963392
47.5183333333333,0.173258357911849
47.53,0.168075755799958
47.5416666666667,0.161232505002258
47.5533333333333,0.152979515363109
47.565,0.143588992861886
47.5766666666667,0.133348877741926
47.5883333333333,0.122556934796821
47.6,0.111514705542308
47.6116666666667,0.100521366196094
47.6233333333333,0.0898676497134538
47.635,0.0798299576844961
47.6466666666667,0.070664764960241
47.6583333333333,0.0626034764705586
47.67,0.0558477732393783
47.6816666666667,0.0505656174511729
47.6933333333333,0.0468879919661734
47.705,0.0449063639085885
47.7166666666667,0.0446710558270753
47.7283333333333,0.0461904731502609
47.74,0.0494311998411921
47.7516666666667,0.0543190028052972
47.7633333333333,0.0607406775959104
47.775,0.0685468024218639
47.7866666666667,0.0775551725466828
47.7983333333333,0.0875549185865619
47.81,0.0983113308414176
47.8216666666667,0.109571113591698
47.8333333333333,0.121068042456921
47.845,0.132528876219824
47.8566666666667,0.143679415357626
47.8683333333333,0.154250572073484
47.88,0.163984233480982
47.8916666666667,0.172638931399071
47.9033333333333,0.179995103000703
47.915,0.185859807364754
47.9266666666667,0.190070873922784
47.9383333333333,0.192500303354126
47.95,0.193056921487092
47.9616666666667,0.191688156327935
47.9733333333333,0.188380924309544
47.985,0.183161687841544
47.9966666666667,0.176095475196316
48.0083333333333,0.167284092201015
48.02,0.156863527464681
48.0316666666667,0.145000493145922
48.0433333333333,0.131888322275237
48.055,0.117742191085906
48.0666666666667,0.102793907360018
48.0783333333333,0.0872863279393149
48.09,0.0714674499400942
48.1016666666667,0.0555844354167944
48.1133333333333,0.0398776682964193
48.125,0.0245750046476853
48.1366666666667,0.00988627746753405
48.1483333333333,-0.00400172695033471
48.16,-0.0169297072935608
48.1716666666667,-0.028769655865015
48.1833333333333,-0.0394278630317649
48.195,-0.04884708388449
48.2066666666667,-0.0570078160355221
48.2183333333333,-0.0639286490217325
48.23,-0.0696656145051476
48.2416666666667,-0.0743106008728466
48.2533333333333,-0.0779888900922012
48.265,-0.0808557510271731
48.2766666666667,-0.0830922881360106
48.2883333333333,-0.0849006048796673
48.3,-0.0864983146405849
48.3116666666667,-0.0881126221583465
48.3233333333333,-0.0899740620466221
48.335,-0.0923100505673415
48.3466666666667,-0.0953384378396275
48.3583333333333,-0.0992611786095706
48.37,-0.10425823946191
48.3816666666667,-0.110481992407897
48.3933333333333,-0.118052170022191
48.405,-0.127051448222847
48.4166666666667,-0.137522049743221
48.4283333333333,-0.14946315573784
48.44,-0.162829231379917
48.4516666666667,-0.177529540855756
48.4633333333333,-0.193428675470035
48.475,-0.2103482102061
48.4866666666667,-0.228069450982813
48.4983333333333,-0.246337233066076
48.51,-0.264864594784654
48.5216666666667,-0.283338366007772
48.5333333333333,-0.301425595086624
48.545,-0.318780301347762
48.5566666666667,-0.335051110808461
48.5683333333333,-0.349889180250327
48.58,-0.362955751049103
48.5916666666667,-0.373930070087421
48.6033333333333,-0.382517026768806
48.615,-0.388454046793726
48.6266666666667,-0.39151794556046
48.6383333333333,-0.3915308194704
48.65,-0.388364659193086
48.6616666666667,-0.381945331711065
48.6733333333333,-0.37225521931892
48.685,-0.35933480748083
48.6966666666667,-0.34328273967503
48.7083333333333,-0.324254592365741
48.72,-0.302460526095586
48.7316666666667,-0.278161438909607
48.7433333333333,-0.251664096591634
48.755,-0.223314426401031
48.7666666666667,-0.193490752427975
48.7783333333333,-0.162596715506041
48.79,-0.131051138662445
48.8016666666667,-0.0992792404415356
48.8133333333333,-0.0677030825129749
48.825,-0.0367315917663803
48.8366666666667,-0.00675131335216379
48.8483333333333,0.0218829360840749
48.86,0.0488567816016481
48.8716666666667,0.0739041905897974
48.8833333333333,0.0968144350447258
48.895,0.117437493357403
48.9066666666667,0.135689007209673
48.9183333333333,0.151552946918949
48.93,0.16508299624466
48.9416666666667,0.176402329212146
48.9533333333333,0.185701635468563
48.965,0.193235794454085
48.9766666666667,0.199318468473713
48.9883333333333,0.204314787529439
49,0.208633874981151
49.0116666666667,0.212719021679385
49.0233333333333,0.217037023635069
49.035,0.222066715814078
49.0466666666667,0.228286606186053
49.0583333333333,0.23616235307104
49.07,0.246133822076265
49.0816666666667,0.258602425551133
49.0933333333333,0.27391888537882
49.105,0.292371534482731
49.1166666666667,0.314175830005864
49.1283333333333,0.339464823947467
49.14,0.368281366362236
49.1516666666667,0.400571844207206
49.1633333333333,0.436181604569314
49.175,0.474853585608626
49.1866666666667,0.516226980542084
49.1983333333333,0.559838843679509
49.21,0.605129295871209
49.2216666666667,0.651447615706983
49.2333333333333,0.69806049267265
49.245,0.744165107948521
49.2566666666667,0.788896075988026
49.2683333333333,0.831343456323201
49.28,0.870567404755899
49.2916666666667,0.905614679458457
49.3033333333333,0.93553625849708
49.315,0.959404661898516
49.3266666666667,0.976332797016091
49.3383333333333,0.985491778862403
49.35,0.986127922221174
49.3616666666667,0.977579395150187
49.3733333333333,0.959291281826482
49.385,0.930829646584464
49.3966666666667,0.891893021307814
49.4083333333333,0.842321245368621
49.42,0.782103919915853
49.4316666666667,0.711384691575209
49.4433333333333,0.630463488435473
49.455,0.539795630601366
49.4666666666667,0.439988670732259
49.4783333333333,0.331796330048925
49.49,0.216109275293714
49.5016666666667,0.0939438784568773
49.5133333333333,-0.0335716554932168
49.525,-0.165212948169741
49.5366666666667,-0.29967744562352
49.5483333333333,-0.435603827435779
49.56,-0.571592142934533
49.5716666666667,-0.706225178431855
49.5833333333333,-0.838090096515002
49.595,-0.965799987476548
49.6066666666667,-1.08801518220939
49.6183333333333,-1.20346359001724
49.63,-1.31095984862199
49.6416666666667,-1.40942288610292
49.6533333333333,-1.49789159260302
49.665,-1.57553819485347
49.6766666666667,-1.64167920629712
49.6883333333333,-1.69578372099679
49.7,-1.73747872049786
49.7116666666667,-1.76655155849125
49.7233333333333,-1.78294942699648
49.735,-1.78677584666574
49.7466666666667,-1.77828432749733
49.7583333333333,-1.75786923208345
49.77,-1.72605423869428
49.7816666666667,-1.68347846879952
49.7933333333333,-1.63088064599952
49.805,-1.56908176223478
49.8166666666667,-1.49896635030086
49.8283333333333,-1.42146300161257
49.84,-1.3375246033872
49.8516666666667,-1.24810852679072
49.8633333333333,-1.15415733446553
49.875,-1.05658040969151
49.8866666666667,-0.956236891846274
49.8983333333333,-0.853920338499962
49.91,-0.750345451827168
49.9216666666667,-0.646137160301895
49.9333333333333,-0.541822299458453
49.945,-0.437824073911194
49.9566666666667,-0.334459499857468
49.9683333333333,-0.231939845460034
49.98,-0.130373999064085
49.9916666666667,-0.0297748163722992
50.0033333333333,0.0699317369023465
50.015,0.168894925700873
50.0266666666667,0.267325178956057
50.0383333333333,0.365478058108339
50.05,0.463636661299055
50.0616666666667,0.562092768586704
50.0733333333333,0.661127253859272
50.085,0.760990236887597
50.0966666666667,0.861881460249874
50.1083333333333,0.963931257975448
50.12,1.06718293349695
50.1316666666667,1.17157675888701
50.1433333333333,1.27693596419111
50.155,1.38295569611927
50.1666666666667,1.48919427081661
50.1783333333333,1.59506776688238
50.19,1.69984869050121
50.2016666666667,1.80266766545343
50.2133333333333,1.90251908614075
50.225,1.99827035864272
50.2366666666667,2.08867508878044
50.2483333333333,2.17238989382595
50.26,2.24799401232117
50.2716666666667,2.31401239826442
50.2833333333333,2.36894122986006
50.295,2.4112761391658
50.3066666666667,2.43954121656301
50.3183333333333,2.45231974465152
50.33,2.44828577079951
50.3416666666667,2.42623523388346
50.3533333333333,2.38511651028002
50.365,2.32405979937365
50.3766666666667,2.24240429493912
50.3883333333333,2.13972286707322
50.4,2.01584385841686
50.4116666666667,1.87086901914836
50.4233333333333,1.70518731640309
50.435,1.51948436172536
50.4466666666667,1.31474677102662
50.4583333333333,1.09226144401934
50.47,0.853609829910683
50.4816666666667,0.600656679136203
50.4933333333333,0.335533567157722
50.505,0.0606174211583317
50.5166666666667,-0.221496012420255
50.5283333333333,-0.508023132431526
50.54,-0.796027480959121
50.5516666666667,-1.08245839766205
50.5633333333333,-1.36419264144404
50.575,-1.63807837021189
50.5866666666667,-1.90098066458527
50.5983333333333,-2.14982794573807
50.61,-2.38165849653703
50.6216666666667,-2.59366620047294
50.6333333333333,-2.78324479042786
50.645,-2.94802971938534
50.6566666666667,-3.08593704268327
50.6683333333333,-3.19519845833756
50.68,-3.27439188879328
50.6916666666667,-3.32246707839244
50.7033333333333,-3.33876559963893
50.715,-3.3230351228281
50.7266666666667,-3.2754370729306
50.7383333333333,-3.19654786625207
50.75,-3.08735403027504
50.7616666666667,-2.94924040227212
50.7733333333333,-2.78397195466363
50.785,-2.59366988459688
50.7966666666667,-2.38078130187634
50.8083333333333,-2.14804351786782
50.82,-1.898444526023
50.8316666666667,-1.63517858945217
50.8433333333333,-1.36159854377051
50.855,-1.08116592465626
50.8666666666667,-0.797398619454059
50.8783333333333,-0.513817878899038
50.89,-0.233895720911863
50.9016666666667,0.0389971970169732
50.9133333333333,0.30164179749961
50.925,0.551018559728311
50.9366666666667,0.784352254475804
50.9483333333333,0.999149362028377
50.96,1.19323617721098
50.9716666666667,1.36478761907293
50.9833333333333,1.51235126277609
50.995,1.6348651762689
51.0066666666667,1.73166873213049
51.0183333333333,1.80250728149722
51.03,1.84752945839004
51.0416666666667,1.86727816534254
51.0533333333333,1.86267489287784
51.065,1.83499763042224
51.0766666666667,1.78585163997135
51.0883333333333,1.71714155565948
51.1,1.63102980174735
51.1116666666667,1.52989594823344
51.1233333333333,1.4162919288088
51.135,1.29289471225303
51.1466666666667,1.16245757927642
51.1583333333333,1.02776171729546
51.17,0.891565623371689
51.1816666666667,0.756557416826798
51.1933333333333,0.625308773268945
51.205,0.500230304520614
51.2166666666667,0.383532766598291
51.2283333333333,0.277190641353342
51.24,0.182910489698045
51.2516666666667,0.102105058464296
51.2633333333333,0.0358727860872441
51.275,-0.0150162561193077
51.2866666666667,-0.0501290640004935
51.2983333333333,-0.0693720934549924
51.31,-0.0729864265863499
51.3216666666667,-0.0615377982536693
51.3333333333333,-0.0359004716436957
51.345,0.00276418924768832
51.3566666666667,0.0530343616263918
51.3683333333333,0.113259006867727
51.38,0.181592454224038
51.3916666666667,0.256032665720814
51.4033333333333,0.334461796942923
51.415,0.414688255301134
51.4266666666667,0.494490132757132
51.4383333333333,0.571658590998814
51.45,0.644040192671699
51.4616666666667,0.709578104284319
51.4733333333333,0.766351224531378
51.485,0.812609710336815
51.4966666666667,0.846808280661458
51.5083333333333,0.867634645817699
51.52,0.874033127917851
51.5316666666667,0.865223859624967
51.5433333333333,0.840716602626758
51.555,0.800319089089162
51.5666666666667,0.744139982460649
51.5783333333333,0.67258622318456
51.59,0.586354986949014
51.6016666666667,0.486420468806542
51.6133333333333,0.374015751465286
51.625,0.250610083328491
51.6366666666667,0.117882274403404
51.6483333333333,-0.0223094610239664
51.66,-0.16796087696265
51.6716666666667,-0.316957141524166
51.6833333333333,-0.467109960172171
51.695,-0.616195853345048
51.7066666666667,-0.761994438021576
51.7183333333333,-0.902326355517651
51.73,-1.03509033359619
51.7416666666667,-1.15829833003872
51.7533333333333,-1.27010841509936
51.765,-1.36885468121884
51.7766666666667,-1.45307393911977
51.7883333333333,-1.52152854667774
51.8,-1.57322505478496
51.8116666666667,-1.60742852422196
51.8233333333333,-1.62367212921541
51.835,-1.62176240244803
51.8466666666667,-1.60177923824122
51.8583333333333,-1.5640715036587
51.87,-1.50924846193781
51.8816666666667,-1.43816660507668
51.8933333333333,-1.35191260386222
51.905,-1.25178290014557
51.9166666666667,-1.13925973200718
51.9283333333333,-1.01598467124837
51.94,-0.883730155822097
51.9516666666667,-0.744369183227369
51.9633333333333,-0.599844005455464
51.975,-0.452134141184164
51.9866666666667,-0.303224717162599
51.9983333333333,-0.15507534307211
52.01,-0.00958981912315711
52.0216666666667,0.131412299760627
52.0333333333333,0.266222145387603
52.045,0.393265379196875
52.0566666666667,0.511123475480608
52.0683333333333,0.618551860897489
52.08,0.714494376467813
52.0916666666667,0.798094537230761
52.1033333333333,0.868703113993277
52.115,0.925881959678819
52.1266666666667,0.969404454821049
52.1383333333333,0.999252284856662
52.15,1.01560885671355
52.1616666666667,1.01884962324241
52.1733333333333,1.00952946967694
52.185,0.988367719301515
52.1966666666667,0.956230578365252
52.2083333333333,0.914111831836219
52.22,0.863112303269557
52.2316666666667,0.8044180189985
52.2433333333333,0.739277813730214
52.255,0.668980528216407
52.2666666666667,0.59483268941449
52.2783333333333,0.518136709383291
52.29,0.440169588953891
52.3016666666667,0.362163257469066
52.3133333333333,0.285286369089125
52.325,0.210627779546561
52.3366666666667,0.13918232904431
52.3483333333333,0.0718386372551355
52.36,0.00936922940432025
52.3716666666667,-0.0475768412501235
52.3833333333333,-0.0984789831484789
52.395,-0.142947441685259
52.4066666666667,-0.180723584472604
52.4183333333333,-0.211677754436108
52.43,-0.235804775278285
52.4416666666667,-0.253217704780223
52.4533333333333,-0.264139677015797
52.465,-0.268894267423967
52.4766666666667,-0.267894395948861
52.4883333333333,-0.261630128837822
52.5,-0.250655920026175
52.5116666666667,-0.235577078227097
52.5233333333333,-0.217036014671586
52.535,-0.195698594657956
52.5466666666667,-0.172240546129019
52.5583333333333,-0.147334418060581
52.57,-0.12163726100514
52.5816666666667,-0.0957791581269102
52.5933333333333,-0.0703528100782372
52.605,-0.045904240851297
52.6166666666667,-0.0229250374893504
52.6283333333333,-0.00184579017405808
52.64,0.0169690834626272
52.6516666666667,0.0332248847707986
52.6633333333333,0.0466988174313841
52.675,0.0572405843033413
52.6866666666667,0.0647717909940256
52.6983333333333,0.0692840235694256
52.71,0.0708355252187496
52.7216666666667,0.0695469370694435
52.7333333333333,0.0655959955522469
52.745,0.0592115228553444
52.7566666666667,0.0506665901385841
52.7683333333333,0.0402711153746992
52.78,0.0283643404724769
52.7916666666667,0.0153068755048255
52.8033333333333,0.00147272761760772
52.815,-0.0127584063239448
52.8266666666667,-0.027008986037307
52.8383333333333,-0.0409110860454177
52.85,-0.0541130009123824
52.8616666666667,-0.0662856301164816
52.8733333333333,-0.0771282296914741
52.885,-0.0863731847797532
52.8966666666667,-0.0937904101248412
52.9083333333333,-0.0991908665438103
52.92,-0.102428948631707
52.9316666666667,-0.103404308167339
52.9433333333333,-0.102062806597374
52.955,-0.0983966178694098
52.9666666666667,-0.0924435867426557
52.9783333333333,-0.0842857928004689
52.99,-0.0740475255322369
53.0016666666667,-0.061892531562673
53.0133333333333,-0.0480207448419338
53.025,-0.0326644409616832
53.0366666666667,-0.0160840959714398
53.0483333333333,0.00143612296249295
53.06,0.0195933018128658
53.0716666666667,0.0380707995654802
53.0833333333333,0.0565433406233713
53.095,0.0746825765194385
53.1066666666667,0.0921621210833438
53.1183333333333,0.108661749939979
53.13,0.123873575462325
53.1416666666667,0.137506294514886
53.1533333333333,0.149289633635585
53.165,0.158978895384386
53.1766666666667,0.166358435345662
53.1883333333333,0.171244548905093
53.2,0.173489059632441
53.2116666666667,0.172981625589066
53.2233333333333,0.169651541420442
53.235,0.163469289870449
53.2466666666667,0.154447285860918
53.2583333333333,0.142640283132013
53.27,0.128145042787835
53.2816666666667,0.111099461657761
53.2933333333333,0.0916813474838015
53.305,0.0701061440816809
53.3166666666667,0.0466248899002009
53.3283333333333,0.0215210366216215
53.34,-0.00489307158289481
53.3516666666667,-0.0322800554903969
53.3633333333333,-0.0602818925888303
53.375,-0.0885244215434721
53.3866666666667,-0.116622492341609
53.3983333333333,-0.144185441383775
53.41,-0.170822145920308
53.4216666666667,-0.196146803906504
53.4333333333333,-0.219784448247323
53.445,-0.241376496815632
53.4566666666667,-0.260586180939603
53.4683333333333,-0.277104496861286
53.48,-0.290654372250526
53.4916666666667,-0.300995468738161
53.5033333333333,-0.307929064259108
53.515,-0.311299799271133
53.5266666666667,-0.311001659254449
53.5383333333333,-0.306979314967132
53.55,-0.299229705995492
53.5616666666667,-0.287803317655172
53.5733333333333,-0.272804269691368
53.585,-0.254391432282796
53.5966666666667,-0.232774288437407
53.6083333333333,-0.208211060279515
53.62,-0.181007148898408
53.6316666666667,-0.151510668167377
53.6433333333333,-0.120107730852058
53.655,-0.0872177743366791
53.6666666666667,-0.0532867337623513
53.6783333333333,-0.0187806734571533
53.69,0.0158209948923987
53.7016666666667,0.050033019777202
53.7133333333333,0.0833719081246241
53.725,0.115363991395806
53.7366666666667,0.14555281642186
53.7483333333333,0.1735068745074
53.76,0.198827181796081
53.7716666666667,0.221154208655948
53.7833333333333,0.240174346467318
53.795,0.255625900911947
53.8066666666667,0.2673039299935
53.8183333333333,0.275064363281598
53.83,0.278827382249139
53.8416666666667,0.278579502293261
53.8533333333333,0.27437450317333
53.865,0.266333620225438
53.8766666666667,0.254643860776886
53.8883333333333,0.23955523085942
53.9,0.221377517513472
53.9116666666667,0.200475281370102
53.9233333333333,0.177261850063027
53.935,0.152192871260583
53.9466666666667,0.125758356299232
53.9583333333333,0.0984730180097614
53.97,0.0708685025438231
53.9816666666667,0.0434832337795733
53.9933333333333,0.0168526283477397
54.005,-0.00850152302459945
54.0166666666667,-0.032080471444782
54.0283333333333,-0.053417364548812
54.04,-0.0720879307386635
54.0516666666667,-0.0877186459300084
54.0633333333333,-0.0999946225553592
54.075,-0.108666703040202
54.0866666666667,-0.113557123125541
54.0983333333333,-0.114564329621601
54.11,-0.111666060628265
54.1216666666667,-0.104921243367099
54.1333333333333,-0.0944703817008493
54.145,-0.0805340629437872
54.1566666666667,-0.0634105688985783
54.1683333333333,-0.043471658747176
54.18,-0.0211565479461876
54.1916666666667,0.00303515806616918
54.2033333333333,0.028551871846916
54.215,0.0547997560654569
54.2266666666667,0.0811532019723148
54.2383333333333,0.106966294037801
54.25,0.131584969816193
54.2616666666667,0.154359516645388
54.2733333333333,0.174657330406668
54.285,0.191875415855481
54.2966666666667,0.205453032740943
54.3083333333333,0.214883839913251
54.32,0.219726745790509
54.3316666666667,0.219616318281392
54.3433333333333,0.214271921455907
54.355,0.203505409772423
54.3666666666667,0.187227491874992
54.3783333333333,0.165452272278045
54.39,0.138300101805968
54.4016666666667,0.105998569820876
54.4133333333333,0.0688815237500029
54.425,0.0273862890116061
54.4366666666667,-0.0179512185318742
54.4483333333333,-0.066503194673915
54.46,-0.117558297711936
54.4716666666667,-0.170331822247251
54.4833333333333,-0.223977369416319
54.495,-0.277599820962349
54.5066666666667,-0.330269509806917
54.5183333333333,-0.381037296746801
54.53,-0.42895034527226
54.5416666666667,-0.47306827474269
54.5533333333333,-0.512479452394703
54.565,-0.54631718405931
54.5766666666667,-0.57377547045657
54.5883333333333,-0.594124098781327
54.6,-0.606722715173221
54.6116666666667,-0.61103368306179
54.6233333333333,-0.606633564082873
54.635,-0.593222840701764
54.6466666666667,-0.570633861896168
54.6583333333333,-0.538836741539275
54.67,-0.497943064997856
54.6816666666667,-0.448207440732402
54.6933333333333,-0.390026703129338
54.705,-0.323936906152171
54.7166666666667,-0.25060784761062
54.7283333333333,-0.170835418145205
54.74,-0.0855320290226377
54.7516666666667,0.00428519917455336
54.7633333333333,0.0975079382696387
54.775,0.192951831633312
54.7866666666667,0.289373085433709
54.7983333333333,0.385486210508784
54.81,0.479982588911754
54.8216666666667,0.571549601432865
54.8333333333333,0.658890177950167
54.845,0.740742033863324
54.8566666666667,0.815896947192286
54.8683333333333,0.883219208206693
54.88,0.941663025790896
54.8916666666667,0.990288925602967
54.9033333333333,1.02827827490746
54.915,1.05494764355709
54.9266666666667,1.06975803485934
54.9383333333333,1.0723244998035
54.95,1.06242342956952
54.9616666666667,1.03999667658935
54.9733333333333,1.00515366455707
54.985,0.958170044415802
54.9966666666667,0.899485711866858
55.0083333333333,0.829699174091814
55.02,0.749559126837399
55.0316666666667,0.659954516450675
55.0433333333333,0.561902439731631
55.055,0.456533474097562
55.0666666666667,0.345076421125581
55.0783333333333,0.228841219170189
55.09,0.109199897363932
55.1016666666667,-0.012432563803069
55.1133333333333,-0.134618128212119
55.125,-0.255916255903957
55.1366666666667,-0.374904030582894
55.1483333333333,-0.49019511727675
55.16,-0.600460195450142
55.1716666666667,-0.704444789836193
55.1833333333333,-0.800986514201913
55.195,-0.88903034356193
55.2066666666667,-0.96764284039866
55.2183333333333,-1.03602476285581
55.23,-1.09352008006803
55.2416666666667,-1.1396240797977
55.2533333333333,-1.17398840762324
55.265,-1.19642503585534
55.2766666666667,-1.20690535623523
55.2883333333333,-1.20555824119947
55.3,-1.19266659113136
55.3116666666667,-1.16866027941358
55.3233333333333,-1.13410750752885
55.335,-1.08970336396372
55.3466666666667,-1.03625739215203
55.3583333333333,-0.974680673666746
55.37,-0.905968105408429
55.3816666666667,-0.831182321432065
55.3933333333333,-0.751436074924957
55.405,-0.667872494073049
55.4166666666667,-0.581648462249554
55.4283333333333,-0.49391589382776
55.44,-0.405802446170914
55.4516666666667,-0.318394402945696
55.4633333333333,-0.232719735934685
55.475,-0.149733112549537
55.4866666666667,-0.0703011155614589
55.4983333333333,0.00480996296903321
55.51,0.0749445079064277
55.5216666666667,0.13956625461528
55.5333333333333,0.198264560646245
55.545,0.250758948284559
55.5566666666667,0.296900984478906
55.5683333333333,0.336671868585449
55.58,0.37018161710464
55.5916666666667,0.39766305812978
55.6033333333333,0.419464665611591
55.615,0.436040846872654
55.6266666666667,0.447940924423039
55.6383333333333,0.455796242930062
55.65,0.460305180005066
55.6616666666667,0.462217547042097
55.6733333333333,0.462317843554806
55.685,0.461407595182759
55.6966666666667,0.460287798659653
55.7083333333333,0.459741060975816
55.72,0.460513772306305
55.7316666666667,0.463299098116862
55.7433333333333,0.468720854199484
55.755,0.477317929756041
55.7666666666667,0.489531305372869
55.7783333333333,0.505692561739629
55.79,0.526013055791491
55.8016666666667,0.550576395734929
55.8133333333333,0.579333028426674
55.825,0.612096562262785
55.8366666666667,0.648543981914792
55.8483333333333,0.688217576686699
55.86,0.730529207201702
55.8716666666667,0.774767562124534
55.8833333333333,0.820107880261378
55.895,0.865623758674467
55.9066666666667,0.910301530868954
55.9183333333333,0.953056474743374
55.93,0.992750586976508
55.9416666666667,1.02821209383047
55.9533333333333,1.05825598688324
55.965,1.08170557453684
55.9766666666667,1.09741437486362
55.9883333333333,1.10428812986378
56,1.10130682772953
56.0116666666667,1.08754593213922
56.0233333333333,1.06219673457302
56.035,1.02458527809681
56.0466666666667,0.974189754244717
56.0583333333333,0.910655939443229
56.07,0.833810052339977
56.0816666666667,0.743669277471863
56.0933333333333,0.640449438822041
56.105,0.524569655880718
56.1166666666667,0.396653972655523
56.1283333333333,0.257529665284649
56.14,0.108222330845292
56.1516666666667,-0.0500522839252849
56.1633333333333,-0.215899669654676
56.175,-0.387760942242908
56.1866666666667,-0.563930297568469
56.1983333333333,-0.742575097636851
56.21,-0.921758327878071
56.2216666666667,-1.0994632704047
56.2333333333333,-1.27361992634958
56.245,-1.44213298079835
56.2566666666667,-1.60291055531312
56.2683333333333,-1.75389356673284
56.28,-1.89308545140785
56.2916666666667,-2.01858134123456
56.3033333333333,-2.12859652831414
56.315,-2.22149368617309
56.3266666666667,-2.29580843078089
56.3383333333333,-2.35027283864087
56.35,-2.38383637212205
56.3616666666667,-2.39568409117208
56.3733333333333,-2.38525169319308
56.385,-2.35223705647766
56.3966666666667,-2.29660831303197
56.4083333333333,-2.21860807488011
56.42,-2.11875370326059
56.4316666666667,-1.9978336905231
56.4433333333333,-1.85690012491573
56.455,-1.69725737147515
56.4666666666667,-1.52044692993197
56.4783333333333,-1.32822885616578
56.49,-1.12256004441131
56.5016666666667,-0.905569483020972
56.5133333333333,-0.679530972245392
56.525,-0.446833662568078
56.5366666666667,-0.209950892770827
56.5483333333333,0.0285922292522987
56.56,0.26625208092907
56.5716666666667,0.500500019422663
56.5833333333333,0.728855625733291
56.595,0.948919292100647
56.6066666666667,1.15840346479552
56.6183333333333,1.35516222967739
56.63,1.53721881913026
56.6416666666667,1.70279047664475
56.6533333333333,1.85031048044495
56.665,1.97844676378378
56.6766666666667,2.08611718789051
56.6883333333333,2.17250113212094
56.7,2.23704693800932
56.7116666666667,2.27947558180748
56.7233333333333,2.29978033478575
56.735,2.29822245630314
56.7466666666667,2.27532304983921
56.7583333333333,2.23185117146185
56.77,2.1688086093383
56.7816666666667,2.08741146217903
56.7933333333333,1.98906882873786
56.805,1.87535911821177
56.8166666666667,1.74800422280201
56.8283333333333,1.60884210131486
56.84,1.4597982863406
56.8516666666667,1.30285663195278
56.8633333333333,1.14002990499313
56.875,0.973330612425825
56.8866666666667,0.8047426772776
56.8983333333333,0.636194314021952
56.91,0.469532341607267
56.9216666666667,0.306498663735123
56.9333333333333,0.148709052258259
56.945,-0.00236545873129236
56.9566666666667,-0.145414259277255
56.9683333333333,-0.279299823615437
56.98,-0.403067054718532
56.9916666666667,-0.515949415712719
57.0033333333333,-0.617371759994773
57.015,-0.70694981544334
57.0266666666667,-0.784486644562231
57.0383333333333,-0.84996603209028
57.05,-0.903543032976214
57.0616666666667,-0.945532033093625
57.0733333333333,-0.976392531433221
57.085,-0.996713049246301
57.0966666666667,-1.00719336362705
57.1083333333333,-1.00862562579733
57.12,-1.00187471788503
57.1316666666667,-0.987858123592922
57.1433333333333,-0.967525850850328
57.155,-0.941840582391628
57.1666666666667,-0.91175879005862
57.1783333333333,-0.878212912862505
57.19,-0.84209460243983
57.2016666666667,-0.804239936410222
57.2133333333333,-0.765416520059645
57.225,-0.726312257847039
57.2366666666667,-0.687527001405435
57.2483333333333,-0.649566703956454
57.26,-0.61283879784498
57.2716666666667,-0.577650857557241
57.2833333333333,-0.544211512974968
57.295,-0.51263288470757
57.3066666666667,-0.482936277603032
57.3183333333333,-0.455059073827384
57.33,-0.428863040102008
57.3416666666667,-0.404144459831699
57.3533333333333,-0.380645347208735
57.365,-0.358065263191393
57.3766666666667,-0.336073653422245
57.3883333333333,-0.314324293001992
57.4,-0.292466124664801
57.4116666666667,-0.270156517358981
57.4233333333333,-0.247072688003381
57.435,-0.222923157920214
57.4466666666667,-0.197456429455673
57.4583333333333,-0.170469800953334
57.47,-0.141816417910785
57.4816666666667,-0.111410351084819
57.4933333333333,-0.0792301421730683
57.505,-0.0453202252545829
57.5166666666667,-0.00979096620120074
57.5283333333333,0.0271824700885993
57.54,0.0653645484360006
57.5516666666667,0.104464117800201
57.5633333333333,0.144140795580639
57.575,0.184013032711242
57.5866666666667,0.22366645654838
57.5983333333333,0.262663678175198
57.61,0.300554310050035
57.6216666666667,0.336885381191442
57.6333333333333,0.371211914329756
57.645,0.403106739095668
57.6566666666667,0.43217038823289
57.6683333333333,0.458041318529826
57.68,0.480402686315481
57.6916666666667,0.49899008152062
57.7033333333333,0.513596931551457
57.715,0.524079665030478
57.7266666666667,0.530359793549673
57.7383333333333,0.532425070036539
57.75,0.530329867860648
57.7616666666667,0.524193124041702
57.7733333333333,0.514195021008562
57.785,0.500572343698389
57.7966666666667,0.483614705079053
57.8083333333333,0.463650933729537
57.82,0.441046133924451
57.8316666666667,0.416191574185896
57.8433333333333,0.389495064118583
57.855,0.361371809110518
57.8666666666667,0.332233840403027
57.8783333333333,0.302480306839312
57.89,0.272488963298526
57.9016666666667,0.242607335508134
57.9133333333333,0.213145102098975
57.925,0.184367738559835
57.9366666666667,0.15649103936496
57.9483333333333,0.129676812302192
57.96,0.104030911636822
57.9716666666667,0.0796022481245141
57.9833333333333,0.0563832145882942
57.995,0.0343126855475906
58.0066666666667,0.0132788976048724
58.0183333333333,-0.00687507392949897
58.03,-0.0263444424995696
58.0416666666667,-0.0453550516922314
58.0533333333333,-0.0641546437912885
58.065,-0.0830031719200687
58.0766666666667,-0.102162822581597
58.0883333333333,-0.121887695414767
58.1,-0.142413152783453
58.1116666666667,-0.163945657751739
58.1233333333333,-0.186653038006523
58.135,-0.210655347871643
58.1466666666667,-0.236017017605555
58.1583333333333,-0.262740123518147
58.17,-0.290758817305734
58.1816666666667,-0.319935600071151
58.1933333333333,-0.350059329627326
58.205,-0.380844708751438
58.2166666666667,-0.411934232156937
58.2283333333333,-0.442901952220966
58.24,-0.473258536569383
58.2516666666667,-0.502458725507036
58.2633333333333,-0.529910341783606
58.275,-0.55498465903825
58.2866666666667,-0.577028573817745
58.2983333333333,-0.595377805733724
58.31,-0.609370648588171
58.3216666666667,-0.618362654182106
58.3333333333333,-0.621741597294431
58.345,-0.618942345351029
58.3566666666667,-0.609461603043441
58.3683333333333,-0.592871988844257
58.38,-0.568834991147801
58.3916666666667,-0.537112861923852
58.4033333333333,-0.497578951054002
58.415,-0.450226120922018
58.4266666666667,-0.395173413099735
58.4383333333333,-0.332670586019734
58.45,-0.263099846803751
58.4616666666667,-0.186975534378198
58.4733333333333,-0.104941233148356
58.485,-0.017764254037811
58.4966666666667,0.0736721260253131
58.5083333333333,0.168378950979243
58.52,0.265274060557545
58.5316666666667,0.363196582058764
58.5433333333333,0.46092333309975
58.555,0.557186308779822
58.5666666666667,0.650691751254171
58.5783333333333,0.740141828172432
58.59,0.824253338290778
58.6016666666667,0.90177926558409
58.6133333333333,0.971529343564534
58.625,1.03238987238595
58.6366666666667,1.08334329293241
58.6483333333333,1.12348582588211
58.66,1.15204384867467
58.6716666666667,1.16838819959919
58.6833333333333,1.17204643804702
58.695,1.16271251793656
58.7066666666667,1.14025399284862
58.7183333333333,1.10471649587928
58.73,1.05632511907263
58.7416666666667,0.995483100183157
58.7533333333333,0.92276757602978
58.765,0.838922460409995
58.7766666666667,0.744848585241526
58.7883333333333,0.641591334935463
58.8,0.530325956969192
58.8116666666667,0.412340686762223
58.8233333333333,0.289018141732198
58.835,0.161815117929147
58.8466666666667,0.0322413140528601
58.8583333333333,-0.0981626734528132
58.87,-0.227847874568368
58.8816666666667,-0.355279456069405
58.8933333333333,-0.478958862294883
58.905,-0.597445236876156
58.9166666666667,-0.709375760746318
58.9283333333333,-0.813484604519004
58.94,-0.908620141702257
58.9516666666667,-0.993760173313142
58.9633333333333,-1.06802492273843
58.975,-1.13068763625694
58.9866666666667,-1.18118260117685
58.9983333333333,-1.21911050407808
59.01,-1.24424117732664
59.0216666666667,-1.25651358818694
59.0333333333333,-1.25603315665606
59.045,-1.24306660069629
59.0566666666667,-1.21803416159701
59.0683333333333,-1.18150004221517
59.08,-1.13416029616052
59.0916666666667,-1.07682925699824
59.1033333333333,-1.01042476439755
59.115,-0.935950421841251
59.1266666666667,-0.854480499293457
59.1383333333333,-0.767141503505323
59.15,-0.675093690191928
59.1616666666667,-0.579513444843129
59.1733333333333,-0.481575409302351
59.185,-0.382436770389186
59.1966666666667,-0.283219738512103
59.2083333333333,-0.184997064810833
59.22,-0.088779427813914
59.2316666666667,0.00449665680398483
59.2433333333333,0.0939788801138188
59.255,0.178906939317473
59.2666666666667,0.258619115275831
59.2783333333333,0.332557305589841
59.29,0.400268401023389
59.3016666666667,0.461405160054859
59.3133333333333,0.515725028262749
59.325,0.563086543755252
59.3366666666667,0.603445483142123
59.3483333333333,0.636849008383417
59.36,0.663427991880824
59.3716666666667,0.683389042037418
59.3833333333333,0.697005528995109
59.395,0.704608324870003
59.4066666666667,0.70657592952251
59.4183333333333,0.703322909238155
59.43,0.695291751193198
59.4416666666667,0.682942586787673
59.4533333333333,0.666743561220465
59.465,0.647163747554886
59.4766666666667,0.624663360982841
59.4883333333333,0.599686620274224
59.5,0.572656982397955
59.5116666666667,0.54397160651801
59.5233333333333,0.513997470090489
59.535,0.483067760131764
59.5466666666667,0.451480652823927
59.5583333333333,0.419499838472393
59.57,0.387352771922024
59.5816666666667,0.355232355857973
59.5933333333333,0.323298203148262
59.605,0.291681552503961
59.6166666666667,0.260483738056051
59.6283333333333,0.229782089438101
59.64,0.199633748112085
59.6516666666667,0.170079171666202
59.6633333333333,0.141146056237059
59.675,0.112853047292986
59.6866666666667,0.0852132865038342
59.6983333333333,0.0582379705380275
59.71,0.0319387924050811
59.7216666666667,0.00633066162985952
59.7333333333333,-0.0185666282508209
59.745,-0.0427263915663513
59.7566666666667,-0.0661150947565197
59.7683333333333,-0.0886917890572762
59.78,-0.11040805038961
59.7916666666667,-0.131208851689207
59.8033333333333,-0.151033472834058
59.815,-0.169817636345254
59.8266666666667,-0.187494424515365
59.8383333333333,-0.203996366607521
59.85,-0.219257944306689
59.8616666666667,-0.233217559508098
59.8733333333333,-0.245819454318942
59.885,-0.257016577345433
59.8966666666667,-0.266771457067041
59.9083333333333,-0.275056470412272
59.92,-0.281856813163123
59.9316666666667,-0.28717052994085
59.9433333333333,-0.291008885014463
59.955,-0.293396279858151
59.9666666666667,-0.294369475507424
59.9783333333333,-0.293977256401857
59.99,-0.292278336647257
60.0016666666667,-0.289340049322696
60.0133333333333,-0.285236188405331
60.025,-0.280044885459414
60.0366666666667,-0.273846125589105
60.0483333333333,-0.266719088785269
60.06,-0.258740030172715
60.0716666666667,-0.249979795895814
60.0833333333333,-0.24050172386398
60.095,-0.230359815920054
60.1066666666667,-0.219597172626414
60.1183333333333,-0.208245001226709
60.13,-0.196321943351646
60.1416666666667,-0.183834081148668
60.1533333333333,-0.170775378837425
60.165,-0.157128643099392
60.1766666666667,-0.142867401449468
60.1883333333333,-0.127958022007634
60.2,-0.11236219288342
60.2116666666667,-0.0960400938317179
60.2233333333333,-0.078953941977378
60.235,-0.0610716726819155
60.2466666666667,-0.0423706566492759
60.2583333333333,-0.0228418950239065
60.27,-0.00249398448899245
60.2816666666667,0.0186432280582958
60.2933333333333,0.0405151097671921
60.305,0.0630394325563796
60.3166666666667,0.0861037793468595
60.3283333333333,0.109563510234373
60.34,0.133241011736314
60.3516666666667,0.156925346405783
60.3633333333333,0.18037297629902
60.375,0.203309349554902
60.3866666666667,0.225431431905873
60.3983333333333,0.246411502742811
60.41,0.265901495456369
60.4216666666667,0.283538442364409
60.4333333333333,0.298950788998168
60.445,0.31176512439203
60.4566666666667,0.321614026443031
60.4683333333333,0.328144029358053
60.48,0.331023864714716
60.4916666666667,0.329952992259641
60.5033333333333,0.32466993710889
60.515,0.314960706363745
60.5266666666667,0.300666268644897
60.5383333333333,0.281689514402129
60.55,0.258001868451415
60.5616666666667,0.229648457093021
60.5733333333333,0.196752266053082
60.585,0.159516848783587
60.5966666666667,0.118227819781573
60.6083333333333,0.0732528995219239
60.62,0.0250399244474881
60.6316666666667,-0.0258864306712184
60.6433333333333,-0.0789296181279333
60.655,-0.133427905826749
60.6666666666667,-0.188662379896703
60.6783333333333,-0.243866591474938
60.69,-0.298237487003323
60.7016666666667,-0.350947388731492
60.7133333333333,-0.4011570484035
60.725,-0.448029167904211
60.7366666666667,-0.490742891320451
60.7483333333333,-0.528508373429686
60.76,-0.560580899031078
60.7716666666667,-0.58627514990673
60.7833333333333,-0.604978718705773
60.795,-0.616164939938244
60.8066666666667,-0.619404351385911
60.8183333333333,-0.614374685528917
60.83,-0.600869774185733
60.8416666666667,-0.578806252459626
60.8533333333333,-0.548228419265315
60.865,-0.50931087160776
60.8766666666667,-0.462359052086575
60.8883333333333,-0.407807720284966
60.9,-0.346216676868011
60.9116666666667,-0.278264534559504
60.9233333333333,-0.204740302630479
60.935,-0.126532632984095
60.9466666666667,-0.0446175573977261
60.9583333333333,0.0399557083860072
60.97,0.126080568811433
60.9816666666667,0.21260991554947
60.9933333333333,0.298374062505298
61.005,0.382199079640169
61.0166666666667,0.462925799140453
61.0283333333333,0.539428668425957
61.04,0.610633914641271
61.0516666666667,0.675537329033312
61.0633333333333,0.733220944131868
61.075,0.782868413690039
61.0866666666667,0.823778636928314
61.0983333333333,0.855377358514084
61.11,0.877227079258283
61.1216666666667,0.889034380746443
61.1333333333333,0.890654752239081
61.145,0.882095057133535
61.1566666666667,0.863513216602737
61.1683333333333,0.835215386818148
61.18,0.797650529628468
61.1916666666667,0.751402549017969
61.2033333333333,0.69718012246336
61.215,0.635804172359724
61.2266666666667,0.56819383163134
61.2383333333333,0.495350532267992
61.25,0.418340567804726
61.2616666666667,0.33827687763898
61.2733333333333,0.256299967872306
61.285,0.173558697229611
61.2966666666667,0.0911908115919595
61.3083333333333,0.0103037639459311
61.32,-0.0680432842092844
61.3316666666667,-0.14285676678207
61.3433333333333,-0.213224622774704
61.355,-0.278330397241328
61.3666666666667,-0.337465504387934
61.3783333333333,-0.390039484230009
61.39,-0.435587926922218
61.4016666666667,-0.473777868432505
61.4133333333333,-0.504410842684431
61.425,-0.527423161184271
61.4366666666667,-0.542883808751283
61.4483333333333,-0.55099014972165
61.46,-0.552060910015708
61.4716666666667,-0.546527130753247
61.4833333333333,-0.534921272081809
61.495,-0.517864204063017
61.5066666666667,-0.496051106063901
61.5183333333333,-0.470236263489656
61.53,-0.441216620317325
61.5416666666667,-0.409815049476573
61.5533333333333,-0.376863374092466
61.565,-0.343185606080076
61.5766666666667,-0.309581559434568
61.5883333333333,-0.276811193600865
61.6,-0.24558031683685
61.6116666666667,-0.216527472285505
61.6233333333333,-0.19021243040477
61.635,-0.16710665240221
61.6466666666667,-0.147585536519293
61.6583333333333,-0.131922843084141
61.67,-0.120287396324699
61.6816666666667,-0.112741937948913
61.6933333333333,-0.109244253297884
61.705,-0.109650312223966
61.7166666666667,-0.113719715477796
61.7283333333333,-0.121122982941667
61.74,-0.131450416252878
61.7516666666667,-0.144222698198845
61.7633333333333,-0.158902587755428
61.775,-0.174908004197909
61.7866666666667,-0.1916254720149
61.7983333333333,-0.208423958205389
61.81,-0.224669313175693
61.8216666666667,-0.239738224743655
61.8333333333333,-0.253031863393017
61.845,-0.263988744542587
61.8566666666667,-0.272096550386607
61.8683333333333,-0.27690302803495
61.88,-0.278025174867714
61.8916666666667,-0.275156931010719
61.9033333333333,-0.268075221988688
61.915,-0.25664396423134
61.9266666666667,-0.240816456294561
61.9383333333333,-0.220635746560432
61.95,-0.196233022852257
61.9616666666667,-0.167824290835377
61.9733333333333,-0.135705236135347
61.985,-0.100244828433827
61.9966666666667,-0.0618770071611495
62.0083333333333,-0.021091271272726
62.02,0.021577414500785
62.0316666666667,0.0655597626609258
62.0433333333333,0.110263726692837
62.055,0.155086409736636
62.0666666666667,0.199426011356365
62.0783333333333,0.242693338964114
62.09,0.284322985844466
62.1016666666667,0.323783767487276
62.1133333333333,0.360588239286573
62.125,0.39430109553942
62.1366666666667,0.424546315648484
62.1483333333333,0.451012863722878
62.16,0.473458964180451
62.1716666666667,0.491714809104818
62.1833333333333,0.505683597927466
62.195,0.515341301671633
62.2066666666667,0.520734578968021
62.2183333333333,0.521977271305371
62.23,0.519245828685997
62.2416666666667,0.512773341777754
62.2533333333333,0.502842633663994
62.265,0.489778367434781
62.2766666666667,0.473938608536818
62.2883333333333,0.455706022084999
62.3,0.435478633244643
62.3116666666667,0.413660697654146
62.3233333333333,0.390653737315128
62.335,0.36684799628441
62.3466666666667,0.342614281411353
62.3583333333333,0.318296733853104
62.37,0.29420659112098
62.3816666666667,0.27061678939565
62.3933333333333,0.247757727147401
62.405,0.225814392773773
62.4166666666667,0.204924399519494
62.4283333333333,0.185177439937727
62.44,0.166616082666938
62.4516666666667,0.149237532161256
62.4633333333333,0.132996654489753
62.475,0.117809749968501
62.4866666666667,0.103559422029729
62.4983333333333,0.0901002157758835
62.51,0.0772645330067153
62.5216666666667,0.0648691579539321
62.5333333333333,0.0527218719875978
62.545,0.0406282748193019
62.5566666666667,0.0283981914463377
62.5683333333333,0.0158518427433236
62.58,0.00282577019097124
62.5916666666667,-0.0108221009327624
62.6033333333333,-0.0252080444642213
62.615,-0.0404191594420411
62.6266666666667,-0.0565106627777303
62.6383333333333,-0.0735040135156959
62.65,-0.0913866834560101
62.6616666666667,-0.110112471049703
62.6733333333333,-0.129602861342046
62.685,-0.149749524148343
62.6966666666667,-0.17041746529424
62.7083333333333,-0.191448970325626
62.72,-0.212668251343889
62.7316666666667,-0.233886559907851
62.7433333333333,-0.254907628925789
62.755,-0.275533357742106
62.7666666666667,-0.295569410856031
62.7783333333333,-0.314830660514325
62.79,-0.333146498911201
62.8016666666667,-0.350365495001885
62.8133333333333,-0.36635948021626
62.825,-0.381026981727383
62.8366666666667,-0.394295637160919
62.8483333333333,-0.406123734854344
62.86,-0.416500842630713
62.8716666666667,-0.425447324670382
62.8833333333333,-0.433012883511155
62.895,-0.4392739493464
62.9066666666667,-0.444330343381242
62.9183333333333,-0.448300960183074
62.93,-0.451318575391221
62.9416666666667,-0.453524146193478
62.9533333333333,-0.455060551017513
62.965,-0.456066106631641
62.9766666666667,-0.456667860331222
62.9883333333333,-0.456974894206688
63,-0.457072066880973
63.0116666666667,-0.457014037032913
63.0233333333333,-0.45681997384046
63.035,-0.456469113085848
63.0466666666667,-0.45589725938056
63.0583333333333,-0.45499444421092
63.07,-0.45360374125109
63.0816666666667,-0.451521481368874
63.0933333333333,-0.448498880139076
63.105,-0.444245027696894
63.1166666666667,-0.438431351367788
63.1283333333333,-0.430697425057161
63.14,-0.420658061913074
63.1516666666667,-0.407911636203694
63.1633333333333,-0.392049432572433
63.175,-0.372665848512341
63.1866666666667,-0.349369280987607
63.1983333333333,-0.321793440032077
63.21,-0.28960889549958
63.2216666666667,-0.252534533677433
63.2333333333333,-0.210348654917885
63.245,-0.162899575870839
63.2566666666667,-0.110115287287572
63.2683333333333,-0.0520119303309809
63.28,0.0112989583307289
63.2916666666667,0.0796048509925674
63.3033333333333,0.152588422119273
63.315,0.229825612186294
63.3266666666667,0.310785814492112
63.3383333333333,0.394834195853924
63.35,0.481236202426229
63.3616666666667,0.569164266612745
63.3733333333333,0.657706620051829
63.385,0.745878236587138
63.3966666666667,0.832633624272421
63.4083333333333,0.916881284715154
63.42,0.997499808065461
63.4316666666667,1.07335514068344
63.4433333333333,1.14331878446236
63.455,1.20628671108073
63.4666666666667,1.26119849606343
63.4783333333333,1.30705638468813
63.49,1.34294396112507
63.5016666666667,1.36804399271603
63.5133333333333,1.38165517033927
63.525,1.38320729255483
63.5366666666667,1.37227464444647
63.5483333333333,1.34858727689197
63.56,1.3120399261613
63.5716666666667,1.26269832682522
63.5833333333333,1.20080267339296
63.595,1.12676838641667
63.6066666666667,1.04118376432213
63.6183333333333,0.944804564815431
63.63,0.838545826429138
63.6416666666667,0.723470766064175
63.6533333333333,0.600777031237421
63.665,0.471780372365246
63.6766666666667,0.337896147618747
63.6883333333333,0.200618945472496
63.7,0.0615005327857255
63.7116666666667,-0.0778733648987544
63.7233333333333,-0.215907175618559
63.735,-0.351019787392314
63.7466666666667,-0.481668971311826
63.7583333333333,-0.606375396652687
63.77,-0.723745512734478
63.7816666666667,-0.832493244243377
63.7933333333333,-0.931459875191384
63.805,-1.01963187777048
63.8166666666667,-1.0961562700304
63.8283333333333,-1.16035333147248
63.84,-1.21172628093326
63.8516666666667,-1.24996778331126
63.8633333333333,-1.27496350094601
63.875,-1.28679156284672
63.8866666666667,-1.28571928266418
63.8983333333333,-1.27219705459158
63.91,-1.2468481891413
63.9216666666667,-1.21045615151371
63.9333333333333,-1.16394941644101
63.945,-1.10838288817032
63.9566666666667,-1.044917684792
63.9683333333333,-0.974800669959448
63.98,-0.899340658455209
63.9916666666667,-0.819884442554656
64.0033333333333,-0.737792953922041
64.015,-0.654415987619682
64.0266666666667,-0.571068975122404
64.0383333333333,-0.489010362003641
64.05,-0.409419864126045
64.0616666666667,-0.333378645993133
64.0733333333333,-0.261852183564947
64.085,-0.195674301528011
64.0966666666667,-0.135534932241669
64.1083333333333,-0.0819715471113626
64.12,-0.0353622172413802
64.1316666666667,0.00407749565365465
64.1433333333333,0.0362941314743191
64.155,0.0613934404559898
64.1666666666667,0.0796342569578468
64.1783333333333,0.0914179378227362
64.19,0.0972768303994679
64.2016666666667,0.0978595863848517
64.2133333333333,0.0939141070092793
64.225,0.0862692511353067
64.2366666666667,0.0758149229127706
64.2483333333333,0.0634802542103948
64.26,0.050212419952219
64.2716666666667,0.0369549044028664
64.2833333333333,0.0246260306439889
64.295,0.0140982854154107
64.3066666666667,0.0061789026335589
64.3183333333333,0.00159216900511818
64.33,0.000963422689535439
64.3416666666667,0.00480534389275518
64.3533333333333,0.0135071820404671
64.365,0.027326015868191
64.3766666666667,0.0463807347526717
64.3883333333333,0.070651248789391
64.4,0.0999781921712743
64.4116666666667,0.13406684260878
64.4233333333333,0.172493438107769
64.435,0.214715249867416
64.4466666666667,0.260082236861024
64.4583333333333,0.307850953037786
64.47,0.357201226494045
64.4816666666667,0.407254102282185
64.4933333333333,0.457090925840161
64.505,0.505773739544501
64.5166666666667,0.552365711116553
64.5283333333333,0.595951416177961
64.54,0.635657099159966
64.5516666666667,0.670669800475384
64.5633333333333,0.700255454483456
64.575,0.723774795647151
64.5866666666667,0.74069776892653
64.5983333333333,0.750615731545481
64.61,0.753250584137985
64.6216666666667,0.748461413439387
64.6333333333333,0.736248141042724
64.645,0.716752222569089
64.6566666666667,0.690254750696876
64.6683333333333,0.657170173771189
64.68,0.618038755628182
64.6916666666667,0.573515541889489
64.7033333333333,0.524357065403495
64.715,0.471405567100269
64.7266666666667,0.415571630559465
64.7383333333333,0.357815388860233
64.75,0.299126262829756
64.7616666666667,0.240502101169161
64.7733333333333,0.182928356327132
64.785,0.127356851442256
64.7966666666667,0.0746851926480546
64.8083333333333,0.0257384991269246
64.82,-0.0187489614576396
64.8316666666667,-0.0581495826473664
64.8433333333333,-0.0919571183157543
64.855,-0.119794081923075
64.8666666666667,-0.141424307531404
64.8783333333333,-0.156757929785008
64.89,-0.165853427983011
64.9016666666667,-0.168916846236199
64.9133333333333,-0.16629857974881
64.925,-0.158485296317206
64.9366666666667,-0.146089923172203
64.9483333333333,-0.129841095982252
64.96,-0.110566724519662
64.9716666666667,-0.0891766146053585
64.9833333333333,-0.0666433244838757
64.995,-0.0439809213504214
65.0066666666667,-0.0222231170082976
65.0183333333333,-0.00240082476109442
65.03,0.0144808324372359
65.0416666666667,0.0274651553292982
65.0533333333333,0.0356656009489863
65.065,0.0382861011284336
65.0766666666667,0.0346433059598278
65.0883333333333,0.0241790326796266
65.1,0.00647724447604335
65.1116666666667,-0.0187239823919688
65.1233333333333,-0.0515239650434573
65.135,-0.0918525044737428
65.1466666666667,-0.139466768145876
65.1583333333333,-0.193954401619918
65.17,-0.254736180454313
65.1816666666667,-0.321073145468621
65.1933333333333,-0.392079478374534
65.205,-0.466732579781938
65.2166666666667,-0.543892747140688
65.2283333333333,-0.622321803419247
65.24,-0.700704181398348
65.2516666666667,-0.777670171807529
65.2633333333333,-0.851819880006282
65.275,-0.921749155615931
65.2866666666667,-0.986077520250161
65.2983333333333,-1.04346957956351
65.31,-1.09266214745906
65.3216666666667,-1.13248876353017
65.3333333333333,-1.16190050602776
65.345,-1.17999011377978
65.3566666666667,-1.18600765231661
65.3683333333333,-1.17937632323521
65.38,-1.15970560456981
65.3916666666667,-1.12680074883445
65.4033333333333,-1.08066830330666
65.415,-1.02151957779089
65.4266666666667,-0.949769660031203
65.4383333333333,-0.86603109825941
65.45,-0.771106778756576
65.4616666666667,-0.665978222487899
65.4733333333333,-0.551790806529733
65.485,-0.429836240799177
65.4966666666667,-0.3015321810979
65.5083333333333,-0.168400246611799
65.52,-0.0320415499213949
65.5316666666667,0.105888758739889
65.5433333333333,0.24370780120151
65.555,0.379732104135106
65.5666666666667,0.512304093616907
65.5783333333333,0.639818322745156
65.59,0.76074678937884
65.6016666666667,0.873662591261429
65.6133333333333,0.977262009549878
65.625,1.07038369175613
65.6366666666667,1.15202579906505
65.6483333333333,1.22136056473879
65.66,1.27774498928845
65.6716666666667,1.32072874404452
65.6833333333333,1.35005826699071
65.695,1.36567831253027
65.7066666666667,1.36772946586431
65.7183333333333,1.35654166517826
65.73,1.33262578619542
65.7416666666667,1.29666177596479
65.7533333333333,1.24948381976711
65.765,1.1920637925491
65.7766666666667,1.12549193495518
65.7883333333333,1.05095599327644
65.8,0.969719323322597
65.8116666666667,0.883097972458193
65.8233333333333,0.792437635354409
65.835,0.699089869636893
65.8466666666667,0.604389394221466
65.8583333333333,0.509632715442969
65.87,0.41605689498042
65.8816666666667,0.324820471253758
65.8933333333333,0.236986889103303
65.905,0.153508443797363
65.9166666666667,0.0752130411824771
65.9283333333333,0.00279702759578117
65.94,-0.0631832591672206
65.9516666666667,-0.122315788269698
65.9633333333333,-0.174334126636278
65.975,-0.219116166050868
65.9866666666667,-0.256679852264501
65.9983333333333,-0.287176733947523
66.01,-0.310882735105157
66.0216666666667,-0.328186902395709
66.0333333333333,-0.339578717650877
66.045,-0.345632785770399
66.0566666666667,-0.346993022756456
66.0683333333333,-0.344356753907691
66.08,-0.338456962935715
66.0916666666667,-0.330044867162399
66.1033333333333,-0.319872951955721
66.115,-0.308677942288994
66.1266666666667,-0.297165138544601
66.1383333333333,-0.285994200276713
66.15,-0.27576576793199
66.1616666666667,-0.267010003779228
66.1733333333333,-0.260177339716712
66.185,-0.255630510515432
66.1966666666667,-0.253639316570039
66.2083333333333,-0.254377989626133
66.22,-0.257924007964589
66.2316666666667,-0.264259388211931
66.2433333333333,-0.273274242147512
66.255,-0.284772007039781
66.2666666666667,-0.298476756485391
66.2783333333333,-0.314042136689167
66.29,-0.33106159757511
66.3016666666667,-0.349079800211801
66.3133333333333,-0.36760475932355
66.325,-0.386120853605054
66.3366666666667,-0.40410209588151
66.3483333333333,-0.421024778698253
66.36,-0.43638047855767
66.3716666666667,-0.449688348496102
66.3833333333333,-0.460505875985075
66.395,-0.468440235566148
66.4066666666667,-0.473157111757253
66.4183333333333,-0.474386880693546
66.43,-0.471931263690024
66.4416666666667,-0.465667385673883
66.4533333333333,-0.455549885987633
66.465,-0.44161171338854
66.4766666666667,-0.423963289827933
66.4883333333333,-0.402788149730706
66.5,-0.378339104254747
66.5116666666667,-0.35093189265073
66.5233333333333,-0.320937276857835
66.535,-0.288772976378618
66.5466666666667,-0.25489435612283
66.5583333333333,-0.219782576801966
66.57,-0.183934393336751
66.5816666666667,-0.147850979519206
66.5933333333333,-0.112027929902154
66.605,-0.0769416278381443
66.6166666666667,-0.0430416633996627
66.6283333333333,-0.0107408866674815
66.64,0.0195933805598836
66.6516666666667,0.0476467603432281
66.6633333333333,0.0731634750210403
66.675,0.0959517291734267
66.6866666666667,0.11588639156563
66.6983333333333,0.132910259153144
66.71,0.147034218357593
66.7216666666667,0.158335587632249
66.7333333333333,0.166954861026294
66.745,0.173091209176422
66.7566666666667,0.17699647288692
66.7683333333333,0.178968079194531
66.78,0.179340899652865
66.7916666666667,0.178478292459277
66.8033333333333,0.176762922361597
66.815,0.174586260395723
66.8266666666667,0.172338941145817
66.8383333333333,0.170401067873386
66.85,0.169132431735395
66.8616666666667,0.16886351990136
66.8733333333333,0.169887199842978
66.885,0.172451454810138
66.8966666666667,0.176753129455475
66.9083333333333,0.182932869523519
66.92,0.191071570141022
66.9316666666667,0.201188110455172
66.9433333333333,0.213238717024874
66.955,0.227117640431197
66.9666666666667,0.242659348637421
66.9783333333333,0.259642324531263
66.99,0.277793955262539
67.0016666666667,0.296796693967431
67.0133333333333,0.31629527559176
67.025,0.335904880956093
67.0366666666667,0.355219922697069
67.0483333333333,0.37382326499503
67.06,0.391295884408196
67.0716666666667,0.407226479383439
67.0833333333333,0.421220909461469
67.095,0.432911304432771
67.1066666666667,0.44196454911787
67.1183333333333,0.448089997993196
67.13,0.451046153968633
67.1416666666667,0.450646293940548
67.1533333333333,0.446762925714867
67.165,0.439330545992745
67.1766666666667,0.428347284312213
67.1883333333333,0.413875274423407
67.2,0.396039195175322
67.2116666666667,0.3750234593929
67.2233333333333,0.351068340386932
67.235,0.324464173605222
67.2466666666667,0.295544882497235
67.2583333333333,0.264680958509064
67.27,0.232270814972397
67.2816666666667,0.198731837357096
67.2933333333333,0.16449119688974
67.305,0.129975967103339
67.3166666666667,0.095603743035511
67.3283333333333,0.0617735842864501
67.34,0.0288569916131549
67.3516666666667,-0.00281013279363865
67.3633333333333,-0.0329348102346774
67.375,-0.0612730344666097
67.3866666666667,-0.0876348221872665
67.3983333333333,-0.111888096741442
67.41,-0.133960759166528
67.4216666666667,-0.153841514837491
67.4333333333333,-0.171579128042402
67.445,-0.187280233709701
67.4566666666667,-0.201105665190874
67.4683333333333,-0.213265261827939
67.48,-0.22401163732894
67.4916666666667,-0.23363269016526
67.5033333333333,-0.242443086317858
67.515,-0.250775143626777
67.5266666666667,-0.258969022585578
67.5383333333333,-0.26736246696873
67.55,-0.276280605862178
67.5616666666667,-0.286025900290027
67.5733333333333,-0.296868282847969
67.585,-0.309036207711921
67.5966666666667,-0.322708353081135
67.6083333333333,-0.33800618552794
67.62,-0.354988061284113
67.6316666666667,-0.373644623123239
67.6433333333333,-0.393895648828805
67.655,-0.415588702277105
67.6666666666667,-0.438499342576367
67.6783333333333,-0.462333052418281
67.69,-0.486728971385709
67.7016666666667,-0.511265285597063
67.7133333333333,-0.535466193812631
67.725,-0.55881032232967
67.7366666666667,-0.580740498035243
67.7483333333333,-0.600674627069004
67.76,-0.618017516787852
67.7716666666667,-0.63217339330033
67.7833333333333,-0.642558794294118
67.795,-0.64861566941894
67.8066666666667,-0.64982435299982
67.8183333333333,-0.64571619381719
67.83,-0.635885443507071
67.8416666666667,-0.620000246826293
67.8533333333333,-0.597812553061958
67.865,-0.569166386078384
67.8766666666667,-0.534004675428188
67.8883333333333,-0.492374476662717
67.9,-0.44442999592506
67.9116666666667,-0.390433709330732
67.9233333333333,-0.330755464224206
67.935,-0.265869355489012
67.9466666666667,-0.196348622580785
67.9583333333333,-0.122858636708869
67.97,-0.0461478702240276
67.9816666666667,0.0329628470732109
67.9933333333333,0.113592621302672
68.005,0.19481420119222
68.0166666666667,0.275668651279879
68.0283333333333,0.355180854400368
68.04,0.432375719904941
68.0516666666667,0.506294494999808
68.0633333333333,0.576010966431677
68.075,0.640647351058273
68.0866666666667,0.699389480602853
68.0983333333333,0.7515009688041
68.11,0.796336089567361
68.1216666666667,0.83335114418814
68.1333333333333,0.862114094315609
68.145,0.882312221376898
68.1566666666667,0.893757666734424
68.1683333333333,0.896390838456094
68.18,0.890281480668123
68.1916666666667,0.875627367863556
68.2033333333333,0.852750806576124
68.215,0.822092765758135
68.2266666666667,0.784204916388717
68.2383333333333,0.739739859518437
68.25,0.68943934624822
68.2616666666667,0.634120984518719
68.2733333333333,0.574663684464382
68.285,0.511991906261651
68.2966666666667,0.447059402723441
68.3083333333333,0.380832411696192
68.32,0.314272660848193
68.3316666666667,0.248320756063127
68.3433333333333,0.183879974678637
68.355,0.121801078020757
68.3666666666667,0.0628681520768006
68.3783333333333,0.00778568463729555
68.39,-0.0428323643129006
68.4016666666667,-0.088471825981199
68.4133333333333,-0.128725718686781
68.425,-0.163298939118874
68.4366666666667,-0.192011258236387
68.4483333333333,-0.214798206512527
68.46,-0.231709155928172
68.4716666666667,-0.242903438932038
68.4833333333333,-0.24864451739661
68.495,-0.249291747813934
68.5066666666667,-0.245290588343174
68.5183333333333,-0.237161649797846
68.53,-0.225487852841454
68.5416666666667,-0.210900690337429
68.5533333333333,-0.194065793662959
68.565,-0.175667887454351
68.5766666666667,-0.156395698914332
68.5883333333333,-0.136927165740085
68.6,-0.117914866128439
68.6116666666667,-0.0999722771281349
68.6233333333333,-0.0836613519427071
68.635,-0.0694807649254164
68.6466666666667,-0.0578561924872573
68.6583333333333,-0.0491326390966657
68.67,-0.0435679658254652
68.6816666666667,-0.0413287353548307
68.6933333333333,-0.0424879673785636
68.705,-0.047025383546978
68.7166666666667,-0.0548296267732287
68.7283333333333,-0.065701595913636
68.74,-0.079360994901151
68.7516666666667,-0.0954541087005324
68.7633333333333,-0.113562886502472
68.775,-0.13321626668673
68.7866666666667,-0.153901881834622
68.7983333333333,-0.175078628330493
68.81,-0.196190202345779
68.8216666666667,-0.216678734771113
68.8333333333333,-0.235998667925348
68.845,-0.253629686192022
68.8566666666667,-0.269089437593711
68.8683333333333,-0.281945997019225
68.88,-0.291828157737932
68.8916666666667,-0.298434762769998
68.9033333333333,-0.301542343937622
68.915,-0.301011158925893
68.9266666666667,-0.296789185131441
68.9383333333333,-0.288913899296865
68.95,-0.277512451788802
68.9616666666667,-0.262799293969743
68.9733333333333,-0.245072600633011
68.985,-0.224707102912435
68.9966666666667,-0.202146635592031
69.0083333333333,-0.177895179289012
69.02,-0.152505257288278
69.0316666666667,-0.126565825157072
69.0433333333333,-0.100688755893309
69.055,-0.0754953528719328
69.0666666666667,-0.0516022384313846
69.0783333333333,-0.0296059450869279
69.09,-0.0100693739635243
69.1016666666667,0.00649201062914221
69.1133333333333,0.0196226878566885
69.125,0.0289394525913839
69.1366666666667,0.0341425212887563
69.1483333333333,0.0350220157407376
69.16,0.0314662436206876
69.1716666666667,0.0234655804963457
69.1833333333333,0.0111181545671559
69.195,-0.00537466422832755
69.2066666666667,-0.0257055642042054
69.2183333333333,-0.0494661066702399
69.23,-0.076152978831053
69.2416666666667,-0.105176099934725
69.2533333333333,-0.135868437165532
69.265,-0.167496813949481
69.2766666666667,-0.199280421069943
69.2883333333333,-0.23039859859713
69.3,-0.260009169904202
69.3116666666667,-0.287264830110598
69.3233333333333,-0.311329662791786
69.335,-0.331395840048147
69.3466666666667,-0.346703062160824
69.3583333333333,-0.356549575583039
69.37,-0.360310585464265
69.3816666666667,-0.357451051799177
69.3933333333333,-0.347539744853637
69.405,-0.330256277389011
69.4166666666667,-0.305403749909218
69.4283333333333,-0.272914480048825
69.44,-0.232854147489934
69.4516666666667,-0.185423891648101
69.4633333333333,-0.130959798215562
69.475,-0.0699303282377982
69.4866666666667,-0.00293088303129472
69.4983333333333,0.0693238218624577
69.51,0.146009388985078
69.5216666666667,0.226203680801127
69.5333333333333,0.308900190590582
69.545,0.393023812946845
69.5566666666667,0.47744737319352
69.5683333333333,0.561008656991407
69.58,0.642529172404391
69.5916666666667,0.720832888302632
69.6033333333333,0.794765125451433
69.615,0.863211078731546
69.6266666666667,0.925113685524296
69.6383333333333,0.979491079438144
69.65,1.02545234931113
69.6616666666667,1.06221207129301
69.6733333333333,1.08910288539031
69.685,1.10558672265457
69.6966666666667,1.11126335124255
69.7083333333333,1.1058767378553
69.72,1.08931930625425
69.7316666666667,1.06163370728327
69.7433333333333,1.02301221114145
69.755,0.973793697038014
69.7666666666667,0.9144582727168
69.7783333333333,0.845619826407545
69.79,0.768016524363765
69.8016666666667,0.682499378974999
69.8133333333333,0.590019180165552
69.825,0.491612147138316
69.8366666666667,0.388384236278666
69.8483333333333,0.281494643003188
69.86,0.172138833174635
69.8716666666667,0.0615311425140152
69.8833333333333,-0.0491125102529231
69.895,-0.158591762203339
69.9066666666667,-0.265738273405068
69.9183333333333,-0.369431329413391
69.93,-0.468612561858777
69.9416666666667,-0.562299282695097
69.9533333333333,-0.649596375772195
69.965,-0.729706583584939
69.9766666666667,-0.801939040122858
69.9883333333333,-0.865715954131856
70,-0.920577430188167
70.0116666666667,-0.966184354881644
70.0233333333333,-1.00231934275964
70.035,-1.02888595494082
70.0466666666667,-1.04590601848884
70.0583333333333,-1.05351519535028
70.07,-1.05195717416848
70.0816666666667,-1.04157635014141
70.0933333333333,-1.02280930385963
70.105,-0.99617531459062
70.1166666666667,-0.962265867306405
70.1283333333333,-0.921733620136274
70.14,-0.875280983305477
70.1516666666667,-0.823648417097036
70.1633333333333,-0.767602743760419
70.175,-0.707925449293073
70.1866666666667,-0.64540159535577
70.1983333333333,-0.580809238415661
70.21,-0.514909255867888
70.2216666666667,-0.448436164601178
70.2333333333333,-0.382089767249705
70.245,-0.316527819865439
70.2566666666667,-0.252359731881641
70.2683333333333,-0.19014127768882
70.28,-0.130370588199168
70.2916666666667,-0.073485107406169
70.3033333333333,-0.0198596415898944
70.315,0.0301944519893273
70.3266666666667,0.0764292199538804
70.3383333333333,0.118659097207915
70.35,0.156759064264733
70.3616666666667,0.190662095879735
70.3733333333333,0.220355935392973
70.385,0.245879448117607
70.3966666666667,0.267318399515008
70.4083333333333,0.284800937208018
70.42,0.298492992215926
70.4316666666667,0.308593431489139
70.4433333333333,0.315329204543856
70.455,0.318950528152694
70.4666666666667,0.319726203979464
70.4783333333333,0.317939153210197
70.49,0.313882058042129
70.5016666666667,0.307853326843108
70.5133333333333,0.300153385977425
70.525,0.29108118507169
70.5366666666667,0.280931081474155
70.5483333333333,0.269990029840198
70.56,0.258535008715189
70.5716666666667,0.246830799159107
70.5833333333333,0.235127970355717
70.595,0.223661170018019
70.6066666666667,0.212647559833829
70.6183333333333,0.202285473777987
70.63,0.192753242413617
70.6416666666667,0.184208104255882
70.6533333333333,0.176785412594414
70.665,0.170597627096609
70.6766666666667,0.16573370342118
70.6883333333333,0.162258745464241
70.7,0.160213304171506
70.7116666666667,0.159613136363521
70.7233333333333,0.160448872968652
70.735,0.162686121612134
70.7466666666667,0.166265698830143
70.7583333333333,0.17110361199723
70.77,0.177091839866152
70.7816666666667,0.184099085676558
70.7933333333333,0.191972158755484
70.805,0.200536929409296
70.8166666666667,0.209600043918773
70.8283333333333,0.218951811370195
70.84,0.228368222319492
70.8516666666667,0.237613748642675
70.8633333333333,0.246444756757087
70.875,0.25461262025545
70.8866666666667,0.261867582089703
70.8983333333333,0.267963104504094
70.91,0.272659888812488
70.9216666666667,0.27573023228704
70.9333333333333,0.276962491061032
70.945,0.276166673598035
70.9566666666667,0.273173464299058
70.9683333333333,0.267845313001482
70.98,0.260077314366091
70.9916666666667,0.249800519033351
71.0033333333333,0.236986221825611
71.015,0.221644709502184
71.0266666666667,0.20383036267399
71.0383333333333,0.18364254640984
71.05,0.161225317323271
71.0616666666667,0.136766714604709
71.0733333333333,0.110497528748984
71.085,0.0826890745060203
71.0966666666667,0.0536480498718984
71.1083333333333,0.023715505629932
71.12,-0.00674019316957359
71.1316666666667,-0.0373283158233355
71.1433333333333,-0.0676411911379182
71.155,-0.0972650460924251
71.1666666666667,-0.125783869480948
71.1783333333333,-0.152787764691172
71.19,-0.177881637895434
71.2016666666667,-0.200693273768159
71.2133333333333,-0.220881704660266
71.225,-0.238144336967856
71.2366666666667,-0.252224435937026
71.2483333333333,-0.262918719289451
71.26,-0.27008271487583
71.2716666666667,-0.273636093217829
71.2833333333333,-0.27356595501243
71.295,-0.269930896209598
71.3066666666667,-0.262861595607204
71.3183333333333,-0.252560729537882
71.33,-0.239301916804993
71.3416666666667,-0.223426819017879
71.3533333333333,-0.205340902424089
71.365,-0.185507498668971
71.3766666666667,-0.164440436563931
71.3883333333333,-0.142696251852122
71.4,-0.120864009620514
71.4116666666667,-0.099554809017138
71.4233333333333,-0.0793900967572267
71.435,-0.060989696426425
71.4466666666667,-0.0449591041572319
71.4583333333333,-0.0318762869234541
71.47,-0.0222791225589099
71.4816666666667,-0.0166528112603717
71.4933333333333,-0.0154177949133749
71.505,-0.0189187299880921
71.5166666666667,-0.0274142522040714
71.5283333333333,-0.0410680980876349
71.54,-0.0599417285722781
71.5516666666667,-0.0839887156913953
71.5633333333333,-0.113050925167294
71.575,-0.146856670862285
71.5866666666667,-0.185021093264593
71.5983333333333,-0.227048570396469
71.61,-0.272337377115834
71.6216666666667,-0.320186542146953
71.6333333333333,-0.369804652751545
71.645,-0.420321013691453
71.6566666666667,-0.470798375727591
71.6683333333333,-0.520247235705168
71.68,-0.567641897509352
71.6916666666667,-0.611937655872466
71.7033333333333,-0.652088764006201
71.715,-0.687067323185521
71.7266666666667,-0.715882164016341
71.7383333333333,-0.737597630728831
71.75,-0.751352264466029
71.7616666666667,-0.756376574465982
71.7733333333333,-0.75200972265162
71.785,-0.737714793683807
71.7966666666667,-0.713092357327152
71.8083333333333,-0.677892042482427
71.82,-0.632021746271889
71.8316666666667,-0.575554414745064
71.8433333333333,-0.508732124691315
71.855,-0.431967416079566
71.8666666666667,-0.345841683798319
71.8783333333333,-0.2511006065734
71.89,-0.148646797070349
71.9016666666667,-0.0395295420335084
71.9133333333333,0.0750681582009891
71.925,0.193845015583291
71.9366666666667,0.315399308263413
71.9483333333333,0.438248650201675
71.96,0.560851480219143
71.9716666666667,0.681630052350229
71.9833333333333,0.798994307282692
71.995,0.911366469322691
72.0066666666667,1.0172057343606
72.0183333333333,1.11503267935337
72.03,1.20345320854874
72.0416666666667,1.28118130488407
72.0533333333333,1.34706035493525
72.065,1.40008251069115
72.0766666666667,1.43940597945434
72.0883333333333,1.46436979625539
72.1,1.47450569063262
72.1116666666667,1.46954702126342
72.1233333333333,1.44943439110096
72.135,1.41431818280315
72.1466666666667,1.3645574781381
72.1583333333333,1.30071552453658
72.17,1.22355214975117
72.1816666666667,1.13401275063221
72.1933333333333,1.03321439218209
72.205,0.922428833192906
72.2166666666667,0.803063211717265
72.2283333333333,0.676638630363378
72.24,0.544766565427782
72.2516666666667,0.409124013298425
72.2633333333333,0.271427511282718
72.275,0.133406617314333
72.2866666666667,-0.0032226847999634
72.2983333333333,-0.136784503294297
72.31,-0.265668625374411
72.3216666666667,-0.388354901382422
72.3333333333333,-0.503436093838746
72.345,-0.609638613892861
72.3566666666667,-0.705841025223719
72.3683333333333,-0.791089895329911
72.38,-0.864612604540926
72.3916666666667,-0.925827150914638
72.4033333333333,-0.9743485999258
72.415,-1.00999218893224
72.4266666666667,-1.03277306058433
72.4383333333333,-1.04290252341735
72.45,-1.0407811388905
72.4616666666667,-1.02698860565347
72.4733333333333,-1.00227070992586
72.485,-0.967523594375617
72.4966666666667,-0.923775578025463
72.5083333333333,-0.872167035495661
72.52,-0.813928527910307
72.5316666666667,-0.750357708006235
72.5433333333333,-0.682795365288543
72.555,-0.612600985922712
72.5666666666667,-0.541128487754071
72.5783333333333,-0.469702334551181
72.59,-0.399594499863364
72.6016666666667,-0.332002780200727
72.6133333333333,-0.268030773451655
72.625,-0.208669850226422
72.6366666666667,-0.154783442433336
72.6483333333333,-0.107093908150554
72.66,-0.0661721952249138
72.6716666666667,-0.0324304629777392
72.6833333333333,-0.00611767590445932
72.695,0.0126815591785487
72.7066666666667,0.0240452917276422
72.7183333333333,0.028209361876443
72.73,0.0255596458235122
72.7416666666667,0.016621759303183
72.7533333333333,0.00204785188711318
72.765,-0.0173980316539946
72.7766666666667,-0.040857055228016
72.7883333333333,-0.0673948091087056
72.8,-0.0960206621089166
72.8116666666667,-0.125708617342308
72.8233333333333,-0.15541812676481
72.835,-0.184115574034097
72.8466666666667,-0.210796061085764
72.8583333333333,-0.234501315394953
72.87,-0.254339838809104
72.8816666666667,-0.269504194951001
72.8933333333333,-0.279287065299215
72.905,-0.283094315100983
72.9166666666667,-0.280456456143069
72.9283333333333,-0.271038875452218
72.94,-0.254647242053757
72.9516666666667,-0.231231441585603
72.9633333333333,-0.200886588294273
72.975,-0.163850978029393
72.9866666666667,-0.120501988655168
72.9983333333333,-0.0713488825345658
73.01,-0.0170234051776682
73.0216666666667,0.0417318922379977
73.0333333333333,0.104077282740901
73.045,0.1690912065076
73.0566666666667,0.235787046358856
73.0683333333333,0.303131130069498
73.08,0.370061340300284
73.0916666666667,0.435506091049873
73.1033333333333,0.498404086754732
73.115,0.557721988013766
73.1266666666667,0.612473686840345
73.1383333333333,0.661737826988817
73.15,0.704673553862177
73.1616666666667,0.740535276740218
73.1733333333333,0.768685404765281
73.185,0.788605545648187
73.1966666666667,0.799905417696428
73.2083333333333,0.802328804603227
73.22,0.795758056986396
73.2316666666667,0.78021584033401
73.2433333333333,0.755864436458184
73.255,0.723002999978799
73.2666666666667,0.682060705719662
73.2783333333333,0.633591946640142
73.29,0.578264961260776
73.3016666666667,0.516852766856854
73.3133333333333,0.450215333753576
73.325,0.379291645980598
73.3366666666667,0.305079268886755
73.3483333333333,0.228619507285162
73.36,0.150980711057627
73.3716666666667,0.0732412156958846
73.3833333333333,-0.00352782029835817
73.395,-0.0782788800103082
73.4066666666667,-0.150004240325619
73.4183333333333,-0.217751747672141
73.43,-0.280638683654212
73.4416666666667,-0.33786464226126
73.4533333333333,-0.388723345702973
73.465,-0.432611604102525
73.4766666666667,-0.469037707933763
73.4883333333333,-0.497627955884917
73.5,-0.518130427070493
73.5116666666667,-0.530417196780166
73.5233333333333,-0.534484650721314
73.535,-0.530451580049308
73.5466666666667,-0.518555639309498
73.5583333333333,-0.499148169116544
73.57,-0.472687064481108
73.5816666666667,-0.43972825382875
73.5933333333333,-0.400915859029143
73.605,-0.356971195597742
73.6166666666667,-0.308680803041742
73.6283333333333,-0.256883682710503
73.64,-0.202458092614014
73.6516666666667,-0.146307948714056
73.6633333333333,-0.0893491517393964
73.675,-0.0324960096694244
73.6866666666667,0.0233521047729996
73.6983333333333,0.0773235154492035
73.71,0.128586335762392
73.7216666666667,0.17635977040208
73.7333333333333,0.219924413836997
73.745,0.258631448185664
73.7566666666667,0.291910679583998
73.7683333333333,0.31927724507076
73.78,0.340336965340128
73.7916666666667,0.35479035117337
73.8033333333333,0.362435183509791
73.815,0.363167681474285
73.8266666666667,0.356982333172454
73.8383333333333,0.343970429560776
73.85,0.324317264367949
73.8616666666667,0.298298178425447
73.8733333333333,0.266273467092891
73.885,0.228682302609283
73.8966666666667,0.186035851116635
73.9083333333333,0.138909489214537
73.92,0.0879344138567617
73.9316666666667,0.0337887573232261
73.9433333333333,-0.0228117323623678
73.955,-0.0811232229813274
73.9666666666667,-0.140383538286526
73.9783333333333,-0.199821915633255
73.99,-0.258668538410305
74.0016666666667,-0.316163979028702
74.0133333333333,-0.371568334520581
74.025,-0.4241697504287
74.0366666666667,-0.47329272130451
74.0483333333333,-0.518305784277354
74.06,-0.558628298211876
74.0716666666667,-0.593736733578017
74.0833333333333,-0.623170187515705
74.095,-0.646535035373287
74.1066666666667,-0.66350877087203
74.1183333333333,-0.673843019943161
74.13,-0.677365689293106
74.1416666666667,-0.673982228717117
74.1533333333333,-0.663676109818612
74.165,-0.646508220194467
74.1766666666667,-0.622615661866108
74.1883333333333,-0.592209823794752
74.2,-0.555573403723713
74.2116666666667,-0.513056853380028
74.2233333333333,-0.465074136400426
74.235,-0.412097751910941
74.2466666666667,-0.354653271033648
74.2583333333333,-0.293313303520626
74.27,-0.228691024190837
74.2816666666667,-0.16143330417283
74.2933333333333,-0.0922134474026653
74.305,-0.0217238207379557
74.3166666666667,0.0493318295159296
74.3283333333333,0.120246175132695
74.34,0.190315973539115
74.3516666666667,0.258849812251165
74.3633333333333,0.325175609094633
74.375,0.388647961963552
74.3866666666667,0.448655178521033
74.3983333333333,0.504625844007269
74.41,0.556035059976279
74.4216666666667,0.602410047169877
74.4333333333333,0.643335236168088
74.445,0.678456603846963
74.4566666666667,0.707485292495577
74.4683333333333,0.730200654982778
74.48,0.746452290683202
74.4916666666667,0.756161303986141
74.5033333333333,0.759320752588802
74.515,0.755995107423529
74.5266666666667,0.746318969148552
74.5383333333333,0.730494922377224
74.55,0.708790480939118
74.5616666666667,0.6815342445249
74.5733333333333,0.649111316505485
74.585,0.61195805627755
74.5966666666667,0.570556082076423
74.6083333333333,0.525425770546649
74.62,0.477119354615708
74.6316666666667,0.426213535617277
74.6433333333333,0.373301869883318
74.655,0.318986951696891
74.6666666666667,0.263872553851328
74.6783333333333,0.20855579837991
74.69,0.153619467388316
74.7016666666667,0.0996246443397592
74.7133333333333,0.047103665287535
74.725,-0.00344643418395528
74.7366666666667,-0.0515698705860087
74.7483333333333,-0.0968574059148449
74.76,-0.138950894788138
74.7716666666667,-0.177547042714988
74.7833333333333,-0.212400285258725
74.795,-0.243324743240683
74.8066666666667,-0.270195257222721
74.8183333333333,-0.292947512638394
74.83,-0.311577160209267
74.8416666666667,-0.326138018986611
74.8533333333333,-0.336739480185707
74.865,-0.343542988572524
74.8766666666667,-0.346757773696252
74.8883333333333,-0.346635907051763
74.9,-0.343466693421387
74.9116666666667,-0.337570651849588
74.9233333333333,-0.329293045512207
74.935,-0.318997087579127
74.9466666666667,-0.307057071933411
74.9583333333333,-0.293851438127104
74.97,-0.279755848963397
74.9816666666667,-0.26513653993097
74.9933333333333,-0.250343996769648
75.005,-0.23570692274432
75.0166666666667,-0.221526952598029
75.0283333333333,-0.208073838033378
75.04,-0.195581334918073
75.0516666666667,-0.184243961924751
75.0633333333333,-0.174214282514909
75.075,-0.16560162982057
75.0866666666667,-0.158471205522361
75.0983333333333,-0.152843933574534
75.11,-0.148697652226375
75.1216666666667,-0.145968844631067
75.1333333333333,-0.144555246669878
75.145,-0.144319156624485
75.1566666666667,-0.145091542175893
75.1683333333333,-0.146676405047874
75.18,-0.148855834323557
75.1916666666667,-0.151395536977171
75.2033333333333,-0.154050102893858
75.215,-0.156569472983273
75.2266666666667,-0.158704598345169
75.2383333333333,-0.160212588520054
75.25,-0.160862627863561
75.2616666666667,-0.160441119742539
75.2733333333333,-0.158756650207222
75.285,-0.155644062712722
75.2966666666667,-0.150967553084247
75.3083333333333,-0.144625135710837
75.32,-0.136550138071557
75.3316666666667,-0.126712780766931
75.3433333333333,-0.11512131414828
75.355,-0.101821397127437
75.3666666666667,-0.0868955859449283
75.3783333333333,-0.0704620949128062
75.39,-0.0526722012068135
75.4016666666667,-0.0337074386163112
75.4133333333333,-0.013775641706613
75.425,0.00689296846044355
75.4366666666667,0.0280482135308323
75.4483333333333,0.0494284160671746
75.46,0.0707639475316919
75.4716666666667,0.0917815745241873
75.4833333333333,0.112212936505766
75.495,0.131794873949593
75.5066666666667,0.150278371988372
75.5183333333333,0.167432220644615
75.53,0.183047219788869
75.5416666666667,0.196940088480171
75.5533333333333,0.208956820147087
75.565,0.218975484057568
75.5766666666667,0.226907236143951
75.5883333333333,0.232699482231477
75.6,0.23633534925749
75.6116666666667,0.237833794896368
75.6233333333333,0.237248716011955
75.635,0.23466755907291
75.6466666666667,0.230209154876043
75.6583333333333,0.224020480248743
75.67,0.216273572710367
75.6816666666667,0.20716158677579
75.6933333333333,0.196894678443849
75.705,0.185695274171361
75.7166666666667,0.173793282550618
75.7283333333333,0.161421578751536
75.74,0.148810956067582
75.7516666666667,0.136185368623257
75.7633333333333,0.123757689706803
75.775,0.111724882134425
75.7866666666667,0.100264460677243
75.7983333333333,0.0895313557865265
75.81,0.079654884803676
75.8216666666667,0.0707364005561269
75.8333333333333,0.0628480944758209
75.845,0.0560311653481708
75.8566666666667,0.0502957456813563
75.8683333333333,0.0456221359274045
75.88,0.0419612692193976
75.8916666666667,0.0392364154375872
75.9033333333333,0.0373458709628939
75.915,0.0361650503650387
75.9266666666667,0.0355501281283867
75.9383333333333,0.0353423225051804
75.95,0.0353715693551985
75.9616666666667,0.0354608626719179
75.9733333333333,0.0354307923275919
75.985,0.0351039574908502
75.9966666666667,0.0343094315842893
76.0083333333333,0.0328871394013765
76.02,0.0306919736411913
76.0316666666667,0.0275974535013336
76.0433333333333,0.0234991428307207
76.055,0.0183174674072472
76.0666666666667,0.0120000725943198
76.0783333333333,0.0045236712101204
76.09,-0.00410497461552681
76.1016666666667,-0.0138485411445042
76.1133333333333,-0.0246393058116745
76.125,-0.0363800930531393
76.1366666666667,-0.0489457396967964
76.1483333333333,-0.0621851585967501
76.16,-0.0759240381383564
76.1716666666667,-0.0899680677252427
76.1833333333333,-0.104106563375409
76.195,-0.118116500632026
76.2066666666667,-0.131766898695615
76.2183333333333,-0.144823312013589
76.23,-0.157052479402317
76.2416666666667,-0.168227007025405
76.2533333333333,-0.178129981337031
76.265,-0.186559440393928
76.2766666666667,-0.193332508806121
76.2883333333333,-0.198289245345247
76.3,-0.201296152032311
76.3116666666667,-0.202249115336497
76.3233333333333,-0.201075799039186
76.335,-0.197737522052098
76.3466666666667,-0.192230446778471
76.3583333333333,-0.184586103013084
76.37,-0.174871308404615
76.3816666666667,-0.163187400772317
76.3933333333333,-0.14966883030141
76.405,-0.134481101359482
76.4166666666667,-0.117818219130702
76.4283333333333,-0.0998996018294187
76.44,-0.08096640174905
76.4516666666667,-0.0612775330710754
76.4633333333333,-0.0411053823127568
76.475,-0.0207312227765486
76.4866666666667,-0.000440485335012731
76.4983333333333,0.0194820174731897
76.51,0.03875682415084
76.5216666666667,0.0571144973387594
76.5333333333333,0.0743000869426513
76.545,0.0900773064658403
76.5566666666667,0.10423235433596
76.5683333333333,0.116577347964527
76.58,0.126953288928384
76.5916666666667,0.135232464658603
76.6033333333333,0.14132036264186
76.615,0.145156935965205
76.6266666666667,0.146717213083037
76.6383333333333,0.146011416049975
76.65,0.14308442800242
76.6616666666667,0.138014666002089
76.6733333333333,0.130912398935071
76.685,0.121917572524077
76.6966666666667,0.111197145355606
76.7083333333333,0.0989419549884632
76.72,0.0853633124667946
76.7316666666667,0.0706893118281578
76.7433333333333,0.0551608701771591
76.755,0.0390276210001594
76.7666666666667,0.0225438043121398
76.7783333333333,0.00596417414640677
76.79,-0.0104601149385193
76.8016666666667,-0.0264854141564495
76.8133333333333,-0.0418792115690776
76.825,-0.0564235724375591
76.8366666666667,-0.0699182411595565
76.8483333333333,-0.0821833179087133
76.86,-0.0930615525872185
76.8716666666667,-0.102420204614928
76.8833333333333,-0.110152437000236
76.895,-0.116178186907814
76.9066666666667,-0.12044463210431
76.9183333333333,-0.122926219811148
76.93,-0.12362413550124
76.9416666666667,-0.122565399130209
76.9533333333333,-0.119801570275006
76.965,-0.115407073657686
76.9766666666667,-0.109477271543387
76.9883333333333,-0.10212616502695
77,-0.0934838912133291
77.0116666666667,-0.0836941366360758
77.0233333333333,-0.0729113700432354
77.035,-0.0612979893653327
77.0466666666667,-0.0490215389950387
77.0583333333333,-0.036251945283593
77.07,-0.0231588115543859
77.0816666666667,-0.0099088904225925
77.0933333333333,0.00333629049028955
77.105,0.0164225964305498
77.1166666666667,0.0292051974594694
77.1283333333333,0.041550215340787
77.14,0.053336087347868
77.1516666666667,0.0644546611186746
77.1633333333333,0.0748119772292559
77.175,0.0843287356685321
77.1866666666667,0.0929405527631545
77.1983333333333,0.100597914022094
77.21,0.107265829989222
77.2216666666667,0.112923278178986
77.2333333333333,0.117562469110698
77.245,0.121187951660035
77.2566666666667,0.123815517785641
77.2683333333333,0.125470987192616
77.28,0.126188965306539
77.2916666666667,0.126011539768749
77.3033333333333,0.124986898473971
77.315,0.123168071520844
77.3266666666667,0.120611678847881
77.3383333333333,0.117376623251662
77.35,0.113522978128005
77.3616666666667,0.109110982696376
77.3733333333333,0.104200102265671
77.385,0.098848326054117
77.3966666666667,0.0931114902479658
77.4083333333333,0.0870426767240669
77.42,0.0806919658803173
77.4316666666667,0.074106179410201
77.4433333333333,0.067328650983154
77.455,0.0603995040583729
77.4666666666667,0.0533557222178256
77.4783333333333,0.0462310549830147
77.49,0.0390564783641091
77.5016666666667,0.0318605609941489
77.5133333333333,0.0246696446356977
77.525,0.0175085280529406
77.5366666666667,0.0104008041337737
77.5483333333333,0.00336892926038567
77.56,-0.0035652381924745
77.5716666666667,-0.0103801817023871
77.5833333333333,-0.0170543998293814
77.595,-0.0235662925851938
77.6066666666667,-0.0298941145613539
77.6183333333333,-0.0360158290890669
77.63,-0.0419091106232273
77.6416666666667,-0.0475514330077446
77.6533333333333,-0.0529205480829181
77.665,-0.0579941242026236
77.6766666666667,-0.0627496732870428
77.6883333333333,-0.0671662760316942
77.7,-0.0712241204952744
77.7116666666667,-0.0749048741774634
77.7233333333333,-0.078192272394652
77.735,-0.0810722140891359
77.7466666666667,-0.0835332535845145
77.7583333333333,-0.0855669154316992
77.77,-0.0871680014107294
77.7816666666667,-0.0883348475261223
77.7933333333333,-0.089069229838242
77.805,-0.0893769533294249
77.8166666666667,-0.0892674650508614
77.8283333333333,-0.0887538671632659
77.84,-0.0878528110499586
77.8516666666667,-0.0865842703377988
77.8633333333333,-0.084971465624844
77.875,-0.0830401563053111
77.8866666666667,-0.0808181060998515
77.8983333333333,-0.0783354586694278
77.91,-0.0756236296468101
77.9216666666667,-0.0727149109344076
77.9333333333333,-0.0696419493160575
77.945,-0.0664371250749136
77.9566666666667,-0.0631321440505547
77.9683333333333,-0.0597572908836249
77.98,-0.0563411311334624
77.9916666666667,-0.0529100144500953
78.0033333333333,-0.0494875937388703
78.015,-0.0460946665638428
78.0266666666667,-0.0427487372990033
78.0383333333333,-0.0394640364090331
78.05,-0.0362513036305528
78.0616666666667,-0.03311762852656
78.0733333333333,-0.0300671992468567
78.085,-0.0271002106311054
78.0966666666667,-0.024213341359304
78.1083333333333,-0.0214010847402405
78.12,-0.018655501080273
78.1316666666667,-0.0159664545311889
78.1433333333333,-0.0133235154816192
78.155,-0.0107118713020818
78.1666666666667,-0.00811795698345743
78.1783333333333,-0.00552819728608962
78.19,-0.00292939233632135
78.2016666666667,-0.000309338027063052
78.2133333333333,0.00234317333185272
78.225,0.00503718491387095
78.2366666666667,0.00777953806697344
78.2483333333333,0.0105749496932819
78.26,0.0134255168101566
78.2716666666667,0.0163306029497039
78.2833333333333,0.0192865308163713
78.295,0.0222869616654621
78.3066666666667,0.0253233371455973
78.3183333333333,0.0283838380078913
78.33,0.0314542708588822
78.3416666666667,0.034518220524997
78.3533333333333,0.0375575096618321
78.365,0.0405522889694166
78.3766666666667,0.0434815035804818
78.3883333333333,0.0463235894606734
78.4,0.0490567147067141
78.4116666666667,0.051659314831385
78.4233333333333,0.0541103616860369
78.435,0.0563900535102142
78.4466666666667,0.0584801426053485
78.4583333333333,0.0603640074250558
78.47,0.0620271621334326
78.4816666666667,0.0634574819063239
78.4933333333333,0.0646453451364124
78.505,0.0655838465055012
78.5166666666667,0.0662688038881344
78.5283333333333,0.0666987502766748
78.54,0.0668748437456893
78.5516666666667,0.0668007739263722
78.5633333333333,0.066482534607901
78.575,0.0659282318655198
78.5866666666667,0.0651478177649787
78.5983333333333,0.064152669032298
78.61,0.0629553146762589
78.6216666666667,0.0615690693866716
78.6333333333333,0.0600076673034769
78.645,0.0582849036706442
78.6566666666667,0.0564142300608921
78.6683333333333,0.0544085413656865
78.68,0.0522798410612543
78.6916666666667,0.0500389476445839
78.7033333333333,0.0476954003100153
78.715,0.0452571893121966
78.7266666666667,0.0427306972142067
78.7383333333333,0.0401207850790486
78.75,0.0374307491809368
78.7616666666667,0.0346624168015536
78.7733333333333,0.0318163051786406
78.785,0.0288918158031069
78.7966666666667,0.0258874682998433
78.8083333333333,0.0228012057955512
78.82,0.0196307282487349
78.8316666666667,0.0163738066590708
78.8433333333333,0.0130286684315427
78.855,0.00959434245877625
78.8666666666667,0.006070991931269
78.8783333333333,0.00246022409598542
78.89,-0.00123459323895955
78.9016666666667,-0.00500804719880782
78.9133333333333,-0.00885253749360975
78.925,-0.0127580413773202
78.9366666666667,-0.0167120330687157
78.9483333333333,-0.0206995018467652
78.96,-0.0247029443626709
78.9716666666667,-0.0287025105507414
78.9833333333333,-0.0326761456073408
78.995,-0.0365998464973546
79.0066666666667,-0.0404479062831823
79.0183333333333,-0.0441933668757063
79.03,-0.0478084167612266
79.0416666666667,-0.0512647301379424
79.0533333333333,-0.0545341996623333
79.065,-0.0575890765785047
79.0766666666667,-0.0604024691250399
79.0883333333333,-0.0629492777045416
79.1,-0.0652063910108697
79.1116666666667,-0.0671532077644968
79.1233333333333,-0.0687719689033964
79.135,-0.0700482773642379
79.1466666666667,-0.0709714817129353
79.1583333333333,-0.0715345568600337
79.17,-0.0717344777181654
79.1816666666667,-0.0715722276056964
79.1933333333333,-0.0710530582874128
79.205,-0.0701858846451092
79.2166666666667,-0.0689833899181
79.2283333333333,-0.0674620282353914
79.24,-0.0656415176708079
79.2516666666667,-0.0635444330941392
79.2633333333333,-0.0611958423177066
79.275,-0.05862267713704
79.2866666666667,-0.0558532042717745
79.2983333333333,-0.0529166379186696
79.31,-0.0498424824867343
79.3216666666667,-0.0466599224592092
79.3333333333333,-0.0433973274104832
79.345,-0.0400816045387239
79.3566666666667,-0.0367377309684009
79.3683333333333,-0.0333884556868859
79.38,-0.0300537895833349
79.3916666666667,-0.0267507217830388
79.4033333333333,-0.0234930645854704
79.415,-0.020291181486461
79.4266666666667,-0.017151975813707
79.4383333333333,-0.0140789912868315
79.45,-0.0110725014536095
79.4616666666667,-0.00812973642600625
79.4733333333333,-0.00524518433594122
79.485,-0.00241098002260067
79.4966666666667,0.000382649267988187
79.5083333333333,0.00314690323826406
79.52,0.00589384531377228
79.5316666666667,0.00863581842265197
79.5433333333333,0.0113848371545793
79.555,0.0141520348146331
79.5666666666667,0.0169470240737406
79.5783333333333,0.0197773471187386
79.59,0.0226479987485917
79.6016666666667,0.0255608954845977
79.6133333333333,0.0285146433758956
79.625,0.0315040474080196
79.6366666666667,0.0345198337218254
79.6483333333333,0.0375488516675428
79.66,0.040573900881548
79.6716666666667,0.0435738155160496
79.6833333333333,0.0465238722607699
79.695,0.0493957310428151
79.7066666666667,0.0521578260700392
79.7183333333333,0.0547764790397807
79.73,0.0572161174474884
79.7416666666667,0.0594399398027042
79.7533333333333,0.0614108991969905
79.765,0.0630920471164218
79.7766666666667,0.0644474686434896
79.7883333333333,0.065443441189171
79.8,0.0660490116052981
79.8116666666667,0.0662368449736223
79.8233333333333,0.0659837852476234
79.835,0.0652715195514926
79.8466666666667,0.0640890465809905
79.8583333333333,0.0624300121262655
79.87,0.0602948355395149
79.8816666666667,0.0576907542075578
79.8933333333333,0.0546318881691162
79.905,0.0511395093244498
79.9166666666667,0.0472415962664811
79.9283333333333,0.0429728997932211
79.94,0.0383744012791893
79.9516666666667,0.0334928361181489
79.9633333333333,0.0283801857608749
79.975,0.0230934882195575
79.9866666666667,0.0176901602341565
79.9983333333333,0.0122321930614747
80.01,0.00678320758948554
80.0216666666667,0.00140744361425834
80.0333333333333,-0.00383124516934287
80.045,-0.00887065955901887
80.0566666666667,-0.0136518712383188
80.0683333333333,-0.0181188436892185
80.08,-0.0222202984768899
80.0916666666667,-0.0259106943142201
80.1033333333333,-0.0291503315318997
80.115,-0.0319073602712549
80.1266666666667,-0.0341575337763604
80.1383333333333,-0.0358844480046588
80.15,-0.037080101111059
80.1616666666667,-0.0377449668548059
80.1733333333333,-0.0378882519587136
80.185,-0.0375272391133225
80.1966666666667,-0.0366869342580015
80.2083333333333,-0.0354002985477271
80.22,-0.0337071554303879
80.2316666666667,-0.0316535190102644
80.2433333333333,-0.0292906820059853
80.255,-0.0266743494851203
80.2666666666667,-0.0238636804853391
80.2783333333333,-0.0209198710994221
80.29,-0.0179052545944914
80.3016666666667,-0.014882077010106
80.3133333333333,-0.0119112603447049
80.325,-0.00905158104083532
80.3366666666667,-0.00635846589299218
80.3483333333333,-0.00388277358167644
80.36,-0.00167007373110371
80.3716666666667,0.000240083774886171
80.3833333333333,0.00181519583054015
80.395,0.00302964387956819
80.4066666666667,0.00386543543800464
80.4183333333333,0.00431271146727163
80.43,0.00436961042515349
80.4416666666667,0.00404217287488776
80.4533333333333,0.00334415344438282
80.465,0.00229653570743153
80.4766666666667,0.000927078162456661
80.4883333333333,-0.000730263044706411
80.5,-0.00263618968282518
80.5116666666667,-0.00474692615393023
80.5233333333333,-0.00701507604271413
80.535,-0.00939076174621601
80.5466666666667,-0.011822663333867
80.5583333333333,-0.014258897667245
80.57,-0.0166481804198401
80.5816666666667,-0.0189408458786281
80.5933333333333,-0.021089744633794
80.605,-0.023051281627496
80.6166666666667,-0.0247862419294419
80.6283333333333,-0.0262603703196256
80.64,-0.0274450516329533
80.6516666666667,-0.0283177917142998
80.6633333333333,-0.0288626061062888
80.675,-0.0290701623740379
80.6866666666667,-0.0289378714609797
80.6983333333333,-0.0284698751574909
80.71,-0.0276767831124853
80.7216666666667,-0.0265753634391185
80.7333333333333,-0.0251879626507553
80.745,-0.0235421896358805
80.7566666666667,-0.0216701465509049
80.7683333333333,-0.0196074660034341
80.78,-0.0173926415989285
80.7916666666667,-0.0150661950415507
80.8033333333333,-0.0126696340454594
80.815,-0.0102448215372678
80.8266666666667,-0.00783295666238978
80.8383333333333,-0.00547356829004337
80.85,-0.00320386477647135
80.8616666666667,-0.00105792502338768
80.8733333333333,0.00093385804525496
80.885,0.00274549982911163
80.8966666666667,0.00435588900180093
80.9083333333333,0.00574893765856722
80.92,0.00691393196814004
80.9316666666667,0.00784560243529799
80.9433333333333,0.00854419747141598
80.955,0.00901522252419855
80.9666666666667,0.00926913591730646
80.9783333333333,0.00932121431955444
80.99,0.00919098080506181
81.0016666666667,0.00890164021516176
81.0133333333333,0.0084795380989608
81.025,0.00795335358104556
81.0366666666667,0.00735344025693157
81.0483333333333,0.00671110721615402
81.06,0.00605784791538633
81.0716666666667,0.00542463607981681
81.0833333333333,0.00484105381250482
81.095,0.0043348040567908
81.1066666666667,0.00393106155359324
81.1183333333333,0.00365173678953051
81.13,0.00351510973316177
81.1416666666667,0.00353540212491026
81.1533333333333,0.00372259621732077
81.165,0.00408202901300627
81.1766666666667,0.00461433409209652
81.1883333333333,0.00531575808664805
81.2,0.00617807469715698
81.2116666666667,0.00718883515186467
81.2233333333333,0.0083317500214729
81.235,0.0095869791262981
81.2466666666667,0.0109316642916425
81.2583333333333,0.0123405016263455
81.27,0.0137863409961762
81.2816666666667,0.0152408042995714
81.2933333333333,0.0166748625637086
81.305,0.0180596499462575
81.3166666666667,0.0193670617390241
81.3283333333333,0.0205702471342284
81.34,0.0216442789040091
81.3516666666667,0.0225666755083714
81.3633333333333,0.0233179118083158
81.375,0.0238817311547791
81.3866666666667,0.024245472137118
81.3983333333333,0.0244004370916717
81.41,0.0243419313443384
81.4216666666667,0.0240693279397578
81.4333333333333,0.0235860632656599
81.445,0.0228994575827932
81.4566666666667,0.0220205033162247
81.4683333333333,0.0209635571601881
81.48,0.0197459949724518
81.4916666666667,0.0183877937600436
81.5033333333333,0.0169109641555508
81.515,0.0153391458738071
81.5266666666667,0.0136970579465502
81.5383333333333,0.0120097919414313
81.55,0.0103023263992411
81.5616666666667,0.00859897728278091
81.5733333333333,0.00692287441386047
81.585,0.00529543440930715
81.5966666666667,0.00373588814671443
81.6083333333333,0.002260984494331
81.62,0.000884635780685247
81.6316666666667,-0.000382318600479001
81.6433333333333,-0.00153230743397351
81.655,-0.00256106023012827
81.6666666666667,-0.00346758179192757
81.6783333333333,-0.00425421549007361
81.69,-0.00492640185970845
81.7016666666667,-0.00549241294936189
81.7133333333333,-0.00596318658711201
81.725,-0.00635180880363465
81.7366666666667,-0.0066730542002859
81.7483333333333,-0.0069431954491434
81.76,-0.00717941699312228
81.7716666666667,-0.00739927089492515
81.7833333333333,-0.0076203253497437
81.795,-0.0078594336829711
81.8066666666667,-0.00813235228501538
81.8183333333333,-0.00845349680544299
81.83,-0.00883536371148878
81.8416666666667,-0.0092882307471605
81.8533333333333,-0.00981984157897864
81.865,-0.0104351903332512
81.8766666666667,-0.0111364196467691
81.8883333333333,-0.0119225982579191
81.9,-0.0127898151147161
81.9116666666667,-0.0137312264362609
81.9233333333333,-0.014737199523328
81.935,-0.015795460274691
81.9466666666667,-0.016891344596384
81.9583333333333,-0.0180082572423463
81.97,-0.0191279812253694
81.9816666666667,-0.0202310631366203
81.9933333333333,-0.0212974766216728
82.005,-0.0223066981256005
82.0166666666667,-0.0232378261985345
82.0283333333333,-0.0240713464122068
82.04,-0.0247887186084058
82.0516666666667,-0.0253729249419934
82.0633333333333,-0.0258091133618824
82.075,-0.0260845587817833
82.0866666666667,-0.0261888018188146
82.0983333333333,-0.0261145940689965
82.11,-0.0258577714093955
82.1216666666667,-0.0254172305625975
82.1333333333333,-0.0247951128863278
82.145,-0.0239967172382922
82.1566666666667,-0.0230304017788228
82.1683333333333,-0.0219073266386266
82.18,-0.0206412613092853
82.1916666666667,-0.019248378228541
82.2033333333333,-0.0177466828983244
82.215,-0.0161559377733269
82.2266666666667,-0.0144970165924431
82.2383333333333,-0.0127915218587348
82.25,-0.0110612826586676
82.2616666666667,-0.00932788855423863
82.2733333333333,-0.00761235328311185
82.285,-0.00593450502568008
82.2966666666667,-0.00431251374437582
82.3083333333333,-0.00276285771856055
82.32,-0.0012997687335218
82.3316666666667,6.4943028842697e-05
82.3433333333333,0.0013221185091399
82.355,0.00246538293113024
82.3666666666667,0.00349165023812366
82.3783333333333,0.00440021366239683
82.39,0.00519312284287468
82.4016666666667,0.00587549107555468
82.4133333333333,0.00645392558377322
82.425,0.00693896757544612
82.4366666666667,0.00734272301502062
82.4483333333333,0.00767862325469745
82.46,0.0079613294656364
82.4716666666667,0.00820619215194563
82.4833333333333,0.00842984341572306
82.495,0.00864706599997014
82.5066666666667,0.00887202332906369
82.5183333333333,0.00911914351527019
82.53,0.00940152076194578
82.5416666666667,0.00973058475504666
82.5533333333333,0.0101162275333606
82.565,0.0105656599382312
82.5766666666667,0.0110836926343359
82.5883333333333,0.0116727558593239
82.6,0.0123326227537913
82.6116666666667,0.013060437645316
82.6233333333333,0.0138505629501943
82.635,0.0146950663100031
82.6466666666667,0.0155836622760466
82.6583333333333,0.016503786067381
82.67,0.0174409974588854
82.6816666666667,0.0183793089696343
82.6933333333333,0.0193013965802169
82.705,0.0201892217621714
82.7166666666667,0.0210243973291605
82.7283333333333,0.0217883873977616
82.74,0.022463079155785
82.7516666666667,0.0230312102123863
82.7633333333333,0.0234765472920639
82.775,0.0237847082077763
82.7866666666667,0.0239433875779664
82.7983333333333,0.0239421598029465
82.81,0.0237730868356756
82.8216666666667,0.0234309311206248
82.8333333333333,0.0229129993776642
82.845,0.022219593201569
82.8566666666667,0.0213546161563194
82.8683333333333,0.0203240374006946
82.88,0.0191366374145944
82.8916666666667,0.0178036606552645
82.9033333333333,0.0163389584890313
82.915,0.0147580103161512
82.9266666666667,0.0130773798126104
82.9383333333333,0.011315810235205
82.95,0.00949298623884689
82.9616666666667,0.00762924506615117
82.9733333333333,0.00574525434985213
82.985,0.00386146905595478
82.9966666666667,0.00199795055093669
83.0083333333333,0.000173785994416737
83.02,-0.00159315041215288
83.0316666666667,-0.00328648121811413
83.0433333333333,-0.00489175997773844
83.055,-0.00639637596686225
83.0666666666667,-0.00778982790965433
83.0783333333333,-0.00906410423121063
83.09,-0.0102136245469998
83.1016666666667,-0.0112351848401435
83.1133333333333,-0.0121280294258572
83.125,-0.0128936474921963
83.1366666666667,-0.0135356567733681
83.1483333333333,-0.0140596788329192
83.16,-0.0144730796871486
83.1716666666667,-0.0147847361467172
83.1833333333333,-0.0150046476167977
83.195,-0.015143823541372
83.2066666666667,-0.0152140529899257
83.2183333333333,-0.0152272382648844
83.23,-0.0151952481058201
83.2416666666667,-0.0151296424556217
83.2533333333333,-0.0150413287406794
83.265,-0.0149403969189281
83.2766666666667,-0.0148358353551082
83.2883333333333,-0.0147353627009229
83.3,-0.0146452867241093
83.3116666666667,-0.0145703674592416
83.3233333333333,-0.0145138614039924
83.335,-0.0144773780866425
83.3466666666667,-0.0144609270316675
83.3583333333333,-0.0144631223393515
83.37,-0.0144812147174498
83.3816666666667,-0.0145112426258967
83.3933333333333,-0.0145482248819926
83.405,-0.0145864246188907
83.4166666666667,-0.0146195023345059
83.4283333333333,-0.0146407018476583
83.44,-0.0146431914016574
83.4516666666667,-0.014620268225568
83.4633333333333,-0.0145656326720271
83.475,-0.0144734828104179
83.4866666666667,-0.0143387772024856
83.4983333333333,-0.0141575294172737
83.51,-0.0139267856637911
83.5216666666667,-0.0136447589046511
83.5333333333333,-0.013310904814591
83.545,-0.0129259772829591
83.5566666666667,-0.0124919196551497
83.5683333333333,-0.0120117512344115
83.58,-0.0114896116964169
83.5916666666667,-0.0109305621037239
83.6033333333333,-0.0103403679182811
83.615,-0.00972542830984443
83.6266666666667,-0.00909253855621156
83.6383333333333,-0.00844859497405518
83.65,-0.00780038191347288
83.6616666666667,-0.00715432309711501
83.6733333333333,-0.00651630188543198
83.685,-0.00589138098497439
83.6966666666667,-0.00528373460543734
83.7083333333333,-0.00469643592469571
83.72,-0.00413127704905689
83.7316666666667,-0.00358877238871897
83.7433333333333,-0.00306792071565088
83.755,-0.00256655482448519
83.7666666666667,-0.00208116373736913
83.7783333333333,-0.00160680018335295
83.79,-0.00113753144983092
83.8016666666667,-0.000666333324259607
83.8133333333333,-0.000186118753365617
83.825,0.000311787996642496
83.8366666666667,0.000836124060608888
83.8483333333333,0.00139505763245667
83.86,0.00199634683328958
83.8716666666667,0.00264685647094632
83.8833333333333,0.00335276145302926
83.895,0.00411822506707688
83.9066666666667,0.00494567941041094
83.9183333333333,0.00583600934460082
83.93,0.00678799418014862
83.9416666666667,0.0077981086879733
83.9533333333333,0.00886076471079451
83.965,0.00996761173818404
83.9766666666667,0.0111077631044159
83.9883333333333,0.0122684670823673
84,0.0134348411544526
84.0116666666667,0.014590099427342
84.0233333333333,0.0157160718715335
84.035,0.0167932713712701
84.0466666666667,0.0178007997594886
84.0583333333333,0.0187180461944549
84.07,0.0195244157704211
84.0816666666667,0.0202000057628958
84.0933333333333,0.0207258625576514
84.105,0.02108504816678
84.1166666666667,0.021263180600214
84.1283333333333,0.0212479438612774
84.14,0.0210302874468171
84.1516666666667,0.0206045182866706
84.1633333333333,0.0199693667073615
84.175,0.0191266978000156
84.1866666666667,0.0180825059071739
84.1983333333333,0.0168479093837159
84.21,0.0154382939680964
84.2216666666667,0.0138734511157912
84.2333333333333,0.0121769803506785
84.245,0.0103765246314432
84.2566666666667,0.00850406654421489
84.2683333333333,0.00659327476720121
84.28,0.00468033176707733
84.2916666666667,0.00280311411297577
84.3033333333333,0.000999521151338442
84.315,-0.000691197180449506
84.3266666666667,-0.00223047451312664
84.3383333333333,-0.0035822391233979
84.35,-0.00471284528608235
84.3616666666667,-0.00559216071459101
84.3733333333333,-0.00619397336172762
84.385,-0.00649751190095196
84.3966666666667,-0.00648754737531115
84.4083333333333,-0.00615482819508313
84.42,-0.00549688147067662
84.4316666666667,-0.00451823676427945
84.4433333333333,-0.00323094887743145
84.455,-0.00165439458116761
84.4666666666667,0.000185932255510003
84.4783333333333,0.0022562900886659
84.49,0.00451642085325359
84.5016666666667,0.0069197711596588
84.5133333333333,0.00941437052923529
84.525,0.0119432964634725
84.5366666666667,0.0144456956079747
84.5483333333333,0.0168582632354255
84.56,0.019116089108011
84.5716666666667,0.0211539255681908
84.5833333333333,0.0229076089529274
84.595,0.0243151021020317
84.6066666666667,0.0253178871844255
84.6183333333333,0.0258625154362637
84.63,0.0259016682043441
84.6416666666667,0.0253952774256589
84.6533333333333,0.0243120189348564
84.665,0.0226293714081212
84.6766666666667,0.0203346717433101
84.6883333333333,0.0174267024574513
84.7,0.0139153762458548
84.7116666666667,0.00982205521565728
84.7233333333333,0.00517992500685417
84.735,3.31920973503143e-05
84.7466666666667,-0.00556303523112674
84.7583333333333,-0.0115431767745138
84.77,-0.0178320144663781
84.7816666666667,-0.0243458461676026
84.7933333333333,-0.0309935527692828
84.805,-0.037678146248632
84.8166666666667,-0.0442982788035172
84.8283333333333,-0.0507497168148781
84.84,-0.0569271755310028
84.8516666666667,-0.0627260987751509
84.8633333333333,-0.068044558730643
84.875,-0.0727849246247851
84.8866666666667,-0.0768557211225002
84.8983333333333,-0.0801735341818089
84.91,-0.0826644144804466
84.9216666666667,-0.0842654315989165
84.9333333333333,-0.0849259746403769
84.945,-0.0846088268823027
84.9566666666667,-0.0832912688620409
84.9683333333333,-0.0809655985941181
84.98,-0.0776394807327294
84.9916666666667,-0.0733362240900107
85.0033333333333,-0.0680945667586689
85.015,-0.0619683565216144
85.0266666666667,-0.0550258767914074
85.0383333333333,-0.0473488698631994
85.05,-0.0390314336699416
85.0616666666667,-0.0301785762573743
85.0733333333333,-0.0209046541748662
85.085,-0.0113315729436191
85.0966666666667,-0.00158681582259011
85.1083333333333,0.00819855776616515
85.12,0.017892016159634
85.1316666666667,0.0273617280674515
85.1433333333333,0.0364787983646333
85.155,0.0451192751969885
85.1666666666667,0.0531662020125423
85.1783333333333,0.0605117193219099
85.19,0.0670587498104341
85.2016666666667,0.0727226202210166
85.2133333333333,0.0774324748759504
85.225,0.0811323724615197
85.2366666666667,0.0837822642678818
85.2483333333333,0.0853586246408148
85.26,0.0858547199056935
85.2716666666667,0.0852806801223597
85.2833333333333,0.0836632079018055
85.295,0.08104506731171
85.3066666666667,0.077484279298362
85.3183333333333,0.0730529752137392
85.33,0.0678360620581637
85.3416666666667,0.0619296551315032
85.3533333333333,0.0554393724553112
85.365,0.0484783439929907
85.3766666666667,0.0411651850467578
85.3883333333333,0.0336219839769738
85.4,0.0259720859170369
85.4116666666667,0.0183379415925008
85.4233333333333,0.010838946415141
85.435,0.00358946926842814
85.4466666666667,-0.00330309274896758
85.4583333333333,-0.0097402590794461
85.47,-0.0156339230445858
85.4816666666667,-0.0209077583632366
85.4933333333333,-0.0254984578470207
85.505,-0.0293564687259091
85.5166666666667,-0.0324467531105231
85.5283333333333,-0.0347491926458795
85.54,-0.0362585481579757
85.5516666666667,-0.036984295939248
85.5633333333333,-0.0369500613230043
85.575,-0.0361930273928347
85.5866666666667,-0.0347628730816755
85.5983333333333,-0.0327203607315999
85.61,-0.030136088576712
85.6216666666667,-0.0270888783699254
85.6333333333333,-0.0236640265275923
85.645,-0.0199515072691214
85.6566666666667,-0.0160440598572617
85.6683333333333,-0.0120353087289001
85.68,-0.00801785904489949
85.6916666666667,-0.00408148215330311
85.7033333333333,-0.000311362308703279
85.715,0.00321357419628859
85.7266666666667,0.00642208069634066
85.7383333333333,0.00925185448544926
85.75,0.0116506396181007
85.7616666666667,0.0135770855182492
85.7733333333333,0.0150013909075219
85.785,0.0159055772640548
85.7966666666667,0.0162836134536161
85.8083333333333,0.0161414031352347
85.82,0.0154962959230199
85.8316666666667,0.0143764738140663
85.8433333333333,0.0128201253044448
85.855,0.0108743063306642
85.8666666666667,0.00859388474963416
85.8783333333333,0.00604017210212896
85.89,0.00327931356734854
85.9016666666667,0.000380831751129734
85.9133333333333,-0.00258404264069487
85.925,-0.00554392890554206
85.9366666666667,-0.00842890613592225
85.9483333333333,-0.0111720945328076
85.96,-0.0137110693703432
85.9716666666667,-0.0159892254297486
85.9833333333333,-0.0179568852117046
85.995,-0.0195724003968382
86.0066666666667,-0.0208029506734039
86.0183333333333,-0.0216251138853164
86.03,-0.0220253107218893
86.0416666666667,-0.0219999083077246
86.0533333333333,-0.0215552841506399
86.065,-0.0207074348635452
86.0766666666667,-0.0194814110848899
86.0883333333333,-0.0179108505435439
86.1,-0.0160369872265884
86.1116666666667,-0.0139076126001394
86.1233333333333,-0.0115760944672129
86.135,-0.00909967312874904
86.1466666666667,-0.00653809691134476
86.1583333333333,-0.00395294266941976
86.17,-0.00140569833488162
86.1816666666667,0.0010437005071268
86.1933333333333,0.003337826720498
86.205,0.00542366975242653
86.2166666666667,0.00725354219777276
86.2283333333333,0.00878582678820626
86.24,0.00998605063531974
86.2516666666667,0.0108276516611272
86.2633333333333,0.0112923309193163
86.275,0.0113704110518218
86.2866666666667,0.0110620130830796
86.2983333333333,0.0103749301801909
86.31,0.00932562107515796
86.3216666666667,0.00793833842704537
86.3333333333333,0.00624491948844178
86.345,0.00428300097020504
86.3566666666667,0.00209586709282129
86.3683333333333,-0.000268615478704767
86.38,-0.00275938166881821
86.3916666666667,-0.00532337992517755
86.4033333333333,-0.00790700500040426
86.415,-0.0104570424559897
86.4266666666667,-0.0129217524065345
86.4383333333333,-0.0152529961301871
86.45,-0.0174066395898869
86.4616666666667,-0.0193436277806006
86.4733333333333,-0.021031048404254
86.485,-0.0224424493391132
86.4966666666667,-0.0235586888558864
86.5083333333333,-0.0243680735023687
86.52,-0.0248665622138442
86.5316666666667,-0.0250577506574684
86.5433333333333,-0.0249523203551957
86.555,-0.0245678817618352
86.5666666666667,-0.0239289845183043
86.5783333333333,-0.0230648801138502
86.59,-0.0220094314989698
86.6016666666667,-0.0207996718690726
86.6133333333333,-0.0194752627645553
86.625,-0.0180761978105649
86.6366666666667,-0.0166419854539633
86.6483333333333,-0.0152111004612251
86.66,-0.0138191017452925
86.6716666666667,-0.0124976078523559
86.6833333333333,-0.0112732709769558
86.695,-0.0101678149228819
86.7066666666667,-0.00919231576113537
86.7183333333333,-0.00835305815398203
86.73,-0.00764860111920144
86.7416666666667,-0.00706943738644319
86.7533333333333,-0.00659845344895955
86.765,-0.00621037740133817
86.7766666666667,-0.00587252542134647
86.7883333333333,-0.00554610630749789
86.8,-0.00518664895969674
86.8116666666667,-0.0047451599567607
86.8233333333333,-0.00416945662247113
86.835,-0.00340549387248495
86.8466666666667,-0.00239866859397054
86.8583333333333,-0.00109591808219615
86.87,0.000552788010706512
86.8816666666667,0.00259298870160942
86.8933333333333,0.00506350079732287
86.905,0.00799591136216877
86.9166666666667,0.0114124481785635
86.9283333333333,0.0153243847088232
86.94,0.0197313021985776
86.9516666666667,0.0246201361423244
86.9633333333333,0.0299644442943125
86.975,0.0357242203083774
86.9866666666667,0.0418457251540974
86.9983333333333,0.0482615196662831
87.01,0.0548911699348801
87.0216666666667,0.0616420865896186
87.0333333333333,0.0684105871720551
87.045,0.0750835072731245
87.0566666666667,0.0815398969140856
87.0683333333333,0.0876528488919642
87.08,0.0932917818347766
87.0916666666667,0.0983248089286331
87.1033333333333,0.102621093397486
87.115,0.106053765564107
87.1266666666667,0.108502522243772
87.1383333333333,0.109855844567148
87.15,0.110013835916516
87.1616666666667,0.10889065034729
87.1733333333333,0.106416615866616
87.185,0.102540547014347
87.1966666666667,0.0972315121613229
87.2083333333333,0.090479992912031
87.22,0.0822991923868782
87.2316666666667,0.0727258021911156
87.2433333333333,0.0618202277275086
87.255,0.0496666828383927
87.2666666666667,0.0363725985629409
87.2783333333333,0.0220674939136842
87.29,0.00690173062891234
87.3016666666667,-0.00895529982350499
87.3133333333333,-0.025317450122659
87.325,-0.0419842087655194
87.3366666666667,-0.0587435712849469
87.3483333333333,-0.0753755547925715
87.36,-0.0916552984167549
87.3716666666667,-0.107356628943741
87.3833333333333,-0.122255836200105
87.395,-0.136135230617218
87.4066666666667,-0.148786921872789
87.4183333333333,-0.160016350298759
87.43,-0.169645763301215
87.4416666666667,-0.17751746873088
87.4533333333333,-0.183496463574161
87.465,-0.187473386118917
87.4766666666667,-0.189367604159576
87.4883333333333,-0.189126849870265
87.5,-0.186729828546763
87.5116666666667,-0.182186739882351
87.5233333333333,-0.175539404021677
87.535,-0.166861340951546
87.5466666666667,-0.156256610215144
87.5583333333333,-0.143858626459315
87.57,-0.129828189605806
87.5816666666667,-0.114351238855129
87.5933333333333,-0.0976359667314636
87.605,-0.0799097366798078
87.6166666666667,-0.0614155527706576
87.6283333333333,-0.0424080411335226
87.64,-0.0231495573323775
87.6516666666667,-0.00390591524470725
87.6633333333333,0.0150578848513853
87.675,0.0334819549310929
87.6866666666667,0.0511158043350593
87.6983333333333,0.0677223131787978
87.71,0.0830816597214363
87.7216666666667,0.0969948851878601
87.7333333333333,0.109287092065254
87.745,0.119810285917497
87.7566666666667,0.128445719236723
87.7683333333333,0.135105691095519
87.78,0.139734901695922
87.7916666666667,0.142311232760329
87.8033333333333,0.142845862221396
87.815,0.141382931735381
87.8266666666667,0.137998532231668
87.8383333333333,0.132799144952545
87.85,0.125919648846199
87.8616666666667,0.117520724405704
87.8733333333333,0.107785917076716
87.885,0.0969182020790557
87.8966666666667,0.0851362870849886
87.9083333333333,0.0726707793076403
87.92,0.0597599311765184
87.9316666666667,0.0466453779674943
87.9433333333333,0.0335679283214645
87.955,0.020763155766918
87.9666666666667,0.00845749621013154
87.9783333333333,-0.00313592903997362
87.99,-0.0138208768066546
88.0016666666667,-0.0234211451831085
88.0133333333333,-0.031784423404553
88.025,-0.0387829148308595
88.0366666666667,-0.0443167279884095
88.0483333333333,-0.048315583245563
88.06,-0.0507393945400072
88.0716666666667,-0.0515788878561104
88.0833333333333,-0.0508546610885126
88.095,-0.0486180200139752
88.1066666666667,-0.0449488558848771
88.1183333333333,-0.0399532979328289
88.13,-0.0337619961465052
88.1416666666667,-0.0265274662671928
88.1533333333333,-0.0184207525946032
88.165,-0.0096285600575196
88.1766666666667,-0.000349806945616162
88.1883333333333,0.00920936126387562
88.2,0.0188387130698311
88.2116666666667,0.0283279423781856
88.2233333333333,0.0374710423425412
88.235,0.0460693490757555
88.2466666666667,0.0539355285725856
88.2583333333333,0.0608974700757163
88.27,0.0668010428665125
88.2816666666667,0.0715128781699014
88.2933333333333,0.074922570635118
88.305,0.0769447977231316
88.3166666666667,0.0775216215131804
88.3283333333333,0.0766214018798946
88.34,0.0742402918526977
88.3516666666667,0.0704022817524527
88.3633333333333,0.0651574845127283
88.375,0.0585830198512025
88.3866666666667,0.0507805396118665
88.3983333333333,0.0418729756582825
88.41,0.0320030997698548
88.4216666666667,0.0213306337234952
88.4333333333333,0.0100295892079487
88.445,-0.00171586278144335
88.4566666666667,-0.0137153199533589
88.4683333333333,-0.0257735922330541
88.48,-0.0376954675607632
88.4916666666667,-0.049288841375479
88.5033333333333,-0.0603696750320703
88.515,-0.0707612800148633
88.5266666666667,-0.080301078036249
88.5383333333333,-0.0888428404589483
88.55,-0.0962585500425055
88.5616666666667,-0.102440570036987
88.5733333333333,-0.107303259386949
88.585,-0.110784178273017
88.5966666666667,-0.112845108885825
88.6083333333333,-0.113471922159876
88.62,-0.112674825220592
88.6316666666667,-0.110487558994573
88.6433333333333,-0.106966789841275
88.655,-0.102189955942278
88.6666666666667,-0.0962540174451111
88.6783333333333,-0.0892734687610711
88.69,-0.0813777862766676
88.7016666666667,-0.0727089477453332
88.7133333333333,-0.0634181408227152
88.725,-0.0536637200989534
88.7366666666667,-0.0436077642792908
88.7483333333333,-0.0334126942411016
88.76,-0.0232386331964174
88.7716666666667,-0.0132406489704905
88.7833333333333,-0.00356546122879325
88.795,0.00564996531478073
88.8066666666667,0.0142804037713783
88.8183333333333,0.0222162669183817
88.83,0.0293640425309812
88.8416666666667,0.0356477517394588
88.8533333333333,0.0410098402735859
88.865,0.0454116378703258
88.8766666666667,0.0488340261495646
88.8883333333333,0.0512764031024088
88.9,0.0527566966498899
88.9116666666667,0.0533102373589159
88.9233333333333,0.0529886057741942
88.935,0.0518580150114418
88.9466666666667,0.0499974382686952
88.9583333333333,0.0474969529855829
88.97,0.0444553797028425
88.9816666666667,0.0409780470448721
88.9933333333333,0.0371744726525554
89.005,0.0331559267718034
89.0166666666667,0.0290331526414871
89.0283333333333,0.0249140103046205
89.04,0.0209013724471821
89.0516666666667,0.0170911094915205
89.0633333333333,0.0135701720958794
89.075,0.0104152754544686
89.0866666666667,0.00769145836966467
89.0983333333333,0.0054508184906856
89.11,0.00373192063083411
89.1216666666667,0.00255929085011069
89.1333333333333,0.00194338001900482
89.145,0.00188046764761658
89.1566666666667,0.00235314231293672
89.1683333333333,0.00333130963954431
89.18,0.00477293153074364
89.1916666666667,0.00662527283872878
89.2033333333333,0.008826305886528
89.215,0.0113063068659763
89.2266666666667,0.0139896819410286
89.2383333333333,0.0167965120286607
89.25,0.0196445554319022
89.2616666666667,0.0224510960892409
89.2733333333333,0.0251347766902796
89.285,0.0276174310329834
89.2966666666667,0.0298256459480189
89.3083333333333,0.031692462072006
89.32,0.0331587081714074
89.3316666666667,0.0341741435611045
89.3433333333333,0.0346986064090894
89.355,0.0347025166878792
89.3666666666667,0.0341675524738914
89.3783333333333,0.0330870055122458
89.39,0.0314657107629223
89.4016666666667,0.0293199008564301
89.4133333333333,0.0266765694957095
89.425,0.0235730990475019
89.4366666666667,0.0200563666567644
89.4483333333333,0.0161813294325696
89.46,0.0120100422941198
89.4716666666667,0.00761027846830582
89.4833333333333,0.00305416238143162
89.495,-0.00158347801541816
89.5066666666667,-0.00622672586189496
89.5183333333333,-0.0107997982723778
89.53,-0.0152287465226725
89.5416666666667,-0.01944292414394
89.5533333333333,-0.0233762264229039
89.565,-0.0269684944692553
89.5766666666667,-0.0301665420431167
89.5883333333333,-0.0329250382564371
89.6,-0.035207316393273
89.6116666666667,-0.0369859087532165
89.6233333333333,-0.0382430646320018
89.635,-0.0389706152268007
89.6466666666667,-0.0391699904149979
89.6583333333333,-0.0388523588773477
89.67,-0.0380379488575563
89.6816666666667,-0.0367554635466899
89.6933333333333,-0.0350413191605752
89.705,-0.0329388413273043
89.7166666666667,-0.0304973503544881
89.7283333333333,-0.0277707449817742
89.74,-0.0248164889927438
89.7516666666667,-0.0216944102140152
89.7633333333333,-0.0184654294105407
89.775,-0.0151903515317095
89.7866666666667,-0.0119285660184437
89.7983333333333,-0.00873707791646775
89.81,-0.00566941562328082
89.8216666666667,-0.00277461327390241
89.8333333333333,-9.6504991832115e-05
89.845,0.00232713155179873
89.8566666666667,0.00446507464095882
89.8683333333333,0.00629296802344078
89.88,0.00779362122311077
89.8916666666667,0.00895705378456635
89.9033333333333,0.00978057519421052
89.915,0.01026828257085
89.9266666666667,0.0104307845170605
89.9383333333333,0.0102849939310134
89.95,0.00985330330030657
89.9616666666667,0.00916289531799095
89.9733333333333,0.00824493699530961
89.985,0.00713383415716864
89.9966666666667,0.00586642630908527
90.0083333333333,0.00448083841998647
90.02,0.00301570675254453
90.0316666666667,0.0015093616593623
90.0433333333333,-1.07490206515163e-06
90.055,-0.00148044116680504
90.0666666666667,-0.00289622918784997
90.0783333333333,-0.0042191318022065
90.09,-0.00542363112627467
90.1016666666667,-0.00648840246332817
90.1133333333333,-0.00739646193389381
90.125,-0.00813555625538141
90.1366666666667,-0.00869815898908895
90.1483333333333,-0.00908125543334236
90.16,-0.00928627129127231
90.1716666666667,-0.00931877395751045
90.1833333333333,-0.0091881866038591
90.195,-0.00890716962010727
90.2066666666667,-0.0084911060890533
90.2183333333333,-0.00795780163366716
90.23,-0.00732671468463111
90.2416666666667,-0.00661835671647428
90.2533333333333,-0.00585365070728702
90.265,-0.00505338892136547
90.2766666666667,-0.00423767353503564
90.2883333333333,-0.00342519936737705
90.3,-0.0026329118960335
90.3116666666667,-0.00187557416238406
90.3233333333333,-0.00116538269103626
90.335,-0.000511789022944137
90.3466666666667,7.87266702959077e-05
90.3583333333333,0.000602696911418856
90.37,0.00105966971786298
90.3816666666667,0.00145210982135926
90.3933333333333,0.00178514566446415
90.405,0.00206641791399214
90.4166666666667,0.00230569921143441
90.4283333333333,0.00251439671407313
90.44,0.00270519358819575
90.4516666666667,0.00289155190910405
90.4633333333333,0.00308721349462869
90.475,0.00330566942624549
90.4866666666667,0.00355961186627156
90.4983333333333,0.003860556264742
90.51,0.00421836450045376
90.5216666666667,0.00464082998617269
90.5333333333333,0.00513337730801094
90.545,0.00569868766315297
90.5566666666667,0.00633658229994668
90.5683333333333,0.0070439383637366
90.58,0.00781461441805664
90.5916666666667,0.00863953755987468
90.6033333333333,0.00950677093978177
90.615,0.0104018850367159
90.6266666666667,0.0113082198830654
90.6383333333333,0.0122071520375374
90.65,0.0130786230854406
90.6616666666667,0.0139015994018845
90.6733333333333,0.0146546899350602
90.685,0.0153165493373796
90.6966666666667,0.0158664998064402
90.7083333333333,0.0162852670268796
90.72,0.0165553803062904
90.7316666666667,0.0166617279922802
90.7433333333333,0.0165920793867964
90.755,0.0163374224977688
90.7666666666667,0.0158923574812699
90.7783333333333,0.0152553777236214
90.79,0.0144290329161035
90.8016666666667,0.0134200311660055
90.8133333333333,0.0122391799283131
90.825,0.0109013935197034
90.8366666666667,0.00942541776818767
90.8483333333333,0.00783341681428646
90.86,0.00615066522581366
90.8716666666667,0.00440505562695351
90.8833333333333,0.00262662358745925
90.895,0.000846681712290107
90.9066666666667,-0.000902732962014435
90.9183333333333,-0.00258936712044731
90.93,-0.00418163615254096
90.9416666666667,-0.00564936712317543
90.9533333333333,-0.0069644345327942
90.965,-0.00810150190584653
90.9766666666667,-0.00903870510367626
90.9883333333333,-0.00975813227315066
91,-0.0102463461993188
91.0116666666667,-0.0104948074341796
91.0233333333333,-0.0105001388151926
91.035,-0.0102644218714788
91.0466666666667,-0.00979518186636244
91.0583333333333,-0.00910534754870237
91.07,-0.00821314144529915
91.0816666666667,-0.00714176602324699
91.0933333333333,-0.00591908692157948
91.105,-0.00457699871418909
91.1166666666667,-0.00315088378631808
91.1283333333333,-0.00167897420429865
91.14,-0.000201510531145744
91.1516666666667,0.00124004248247694
91.1633333333333,0.00260390568346813
91.175,0.00384886466732388
91.1866666666667,0.00493519162851126
91.1983333333333,0.00582552927237678
91.21,0.00648575304659349
91.2216666666667,0.00688581431535761
91.2333333333333,0.00700037753738967
91.245,0.00680971718176259
91.2566666666667,0.00630016512863873
91.2683333333333,0.00546438725211461
91.28,0.00430185469309506
91.2916666666667,0.00281902126790219
91.3033333333333,0.00102929018775156
91.315,-0.00104692669732477
91.3266666666667,-0.00338253126625487
91.3383333333333,-0.00594418229151019
91.35,-0.00869273223406909
91.3616666666667,-0.0115839239732282
91.3733333333333,-0.0145690891564596
91.385,-0.0175960654511536
91.3966666666667,-0.0206101306990446
91.4083333333333,-0.0235549465221578
91.42,-0.0263736695158156
91.4316666666667,-0.0290100135533633
91.4433333333333,-0.0314094410343246
91.455,-0.0335200100403421
91.4666666666667,-0.0352935082421713
91.4783333333333,-0.0366866008880216
91.49,-0.037661583749853
91.5016666666667,-0.0381872249704188
91.5133333333333,-0.0382393740682736
91.525,-0.037801697927097
91.5366666666667,-0.0368661298047203
91.5483333333333,-0.0354327801558542
91.56,-0.0335103240506277
91.5716666666667,-0.0311158860688756
91.5833333333333,-0.028274809033767
91.595,-0.0250203490242631
91.6066666666667,-0.0213930710934495
91.6183333333333,-0.0174402767922751
91.63,-0.0132151505489738
91.6416666666667,-0.00877588522834137
91.6533333333333,-0.00418463990554614
91.665,0.000493533479605702
91.6766666666667,0.00519172551931796
91.6883333333333,0.00984254604776343
91.7,0.0143792375229095
91.7116666666667,0.0187368530442421
91.7233333333333,0.0228534717602764
91.735,0.0266711822097743
91.7466666666667,0.0301371923385943
91.7583333333333,0.033204794407473
91.77,0.0358341606909692
91.7816666666667,0.0379930490986973
91.7933333333333,0.0396572385019682
91.805,0.0408111074593176
91.8166666666667,0.0414478098314832
91.8283333333333,0.0415692460749046
91.84,0.0411860175425899
91.8516666666667,0.0403171598494309
91.8633333333333,0.0389897655463906
91.875,0.0372383354362103
91.8866666666667,0.0351040778800037
91.8983333333333,0.0326341529602707
91.91,0.0298806522039359
91.9216666666667,0.0268996104640429
91.9333333333333,0.0237498739432708
91.945,0.0204919285107002
91.9566666666667,0.0171868079820276
91.9683333333333,0.0138948753153949
91.98,0.0106746520384028
91.9916666666667,0.00758172448561053
92.0033333333333,0.00466767275219784
92.015,0.00197917179563784
92.0266666666667,-0.000442896674301387
92.0383333333333,-0.0025642112605014
92.05,-0.00435756181217375
92.0616666666667,-0.00580331624001182
92.0733333333333,-0.00688969067367563
92.085,-0.00761292889969482
92.0966666666667,-0.00797727347492614
92.1083333333333,-0.00799471816579811
92.12,-0.00768473107333591
92.1316666666667,-0.00707372658021951
92.1433333333333,-0.00619445935353428
92.155,-0.00508525777195137
92.1666666666667,-0.00378914446690106
92.1783333333333,-0.00235295602401499
92.19,-0.000826262151828283
92.2016666666667,0.000739696364764398
92.2133333333333,0.002293094869786
92.225,0.00378270054235863
92.2366666666667,0.00515889330706298
92.2483333333333,0.00637469758807906
92.26,0.00738682573343474
92.2716666666667,0.00815658375812928
92.2833333333333,0.00865069699326018
92.295,0.00884200688598806
92.3066666666667,0.00871005230646406
92.3183333333333,0.00824152660103387
92.33,0.00743056213917584
92.3416666666667,0.00627887421994554
92.3533333333333,0.00479574865322339
92.365,0.00299784245343479
92.3766666666667,0.000908928517089868
92.3883333333333,-0.00144056905360297
92.4,-0.00401419437456571
92.4116666666667,-0.00677015507226615
92.4233333333333,-0.00966218294830339
92.435,-0.0126403507776018
92.4466666666667,-0.0156521094777471
92.4583333333333,-0.0186433970540263
92.47,-0.0215596103666794
92.4816666666667,-0.0243467076188739
92.4933333333333,-0.0269522513952088
92.505,-0.029326462493382
92.5166666666667,-0.0314231960354561
92.5283333333333,-0.0332008102221632
92.54,-0.0346230215966465
92.5516666666667,-0.0356595803661199
92.5633333333333,-0.0362868740236844
92.575,-0.0364883793601764
92.5866666666667,-0.0362549897624744
92.5983333333333,-0.0355852376681785
92.61,-0.0344852417597678
92.6216666666667,-0.0329686169658622
92.6333333333333,-0.0310562401305522
92.645,-0.0287757964783446
92.6566666666667,-0.0261612904784552
92.6683333333333,-0.0232523665145233
92.68,-0.0200935549935259
92.6916666666667,-0.0167334478736717
92.7033333333333,-0.0132237567330546
92.715,-0.00961837178863113
92.7266666666667,-0.0059723024245695
92.7383333333333,-0.00234065502844782
92.75,0.00122232952329901
92.7616666666667,0.00466431542249264
92.7733333333333,0.00793581861311378
92.785,0.0109910360175469
92.7966666666667,0.0137887074934474
92.8083333333333,0.0162928910889822
92.82,0.0184734858234691
92.8316666666667,0.0203067043528057
92.8433333333333,0.021775500855057
92.855,0.0228697197108695
92.8666666666667,0.0235862206338883
92.8783333333333,0.0239288753078003
92.89,0.0239083096684952
92.9016666666667,0.0235416323228708
92.9133333333333,0.0228519829156404
92.925,0.0218680193750424
92.9366666666667,0.0206232111736957
92.9483333333333,0.019155081873022
92.96,0.017504480876884
92.9716666666667,0.0157146570436674
92.9833333333333,0.0138304250643624
92.995,0.0118970534940807
93.0066666666667,0.00995959303130428
93.0183333333333,0.00806194493369627
93.03,0.00624586973916623
93.0416666666667,0.00455023258362261
93.0533333333333,0.00301023009131644
93.065,0.00165685104478965
93.0766666666667,0.000516141673538516
93.0883333333333,-0.000391349744418436
93.1,-0.00105067571568005
93.1116666666667,-0.00145284320672428
93.1233333333333,-0.00159489339678573
93.135,-0.00147998950613098
93.1466666666667,-0.00111714268672938
93.1583333333333,-0.000520815678552074
93.17,0.000289177121752443
93.1816666666667,0.00128827307871698
93.1933333333333,0.00244766689027064
93.205,0.00373512707361958
93.2166666666667,0.00511549755860193
93.2283333333333,0.00655141115541877
93.24,0.00800433173693222
93.2516666666667,0.00943521891103525
93.2633333333333,0.0108054052815158
93.275,0.0120774622545776
93.2866666666667,0.0132158628103245
93.2983333333333,0.0141877682670114
93.31,0.0149637112788478
93.3216666666667,0.0155182124082172
93.3333333333333,0.0158302503671292
93.345,0.0158836781541728
93.3566666666667,0.0156676509601025
93.3683333333333,0.0151767748418767
93.38,0.0144111371412165
93.3916666666667,0.0133763701408988
93.4033333333333,0.012083506233088
93.415,0.0105487174496546
93.4266666666667,0.00879302588630851
93.4383333333333,0.00684183866065078
93.45,0.00472445508847065
93.4616666666667,0.00247348090800941
93.4733333333333,0.000124166454341012
93.485,-0.00228628282681595
93.4966666666667,-0.00471945676957742
93.5083333333333,-0.0071364662583997
93.52,-0.00949869526719888
93.5316666666667,-0.0117685696565192
93.5433333333333,-0.0139102599384519
93.555,-0.0158903218475384
93.5666666666667,-0.0176783709246374
93.5783333333333,-0.0192476362468491
93.59,-0.0205754165667849
93.6016666666667,-0.0216435117706686
93.6133333333333,-0.0224385085136693
93.625,-0.022951956999975
93.6366666666667,-0.0231805055042149
93.6483333333333,-0.023125933746964
93.66,-0.0227950128713465
93.6716666666667,-0.0221993240237554
93.6833333333333,-0.021355002556559
93.695,-0.0202822728699832
93.7066666666667,-0.0190050628695547
93.7183333333333,-0.0175505563344713
93.73,-0.0159485205980124
93.7416666666667,-0.014230718450658
93.7533333333333,-0.012430267301535
93.765,-0.0105808946974107
93.7766666666667,-0.00871634240249993
93.7883333333333,-0.00686973778765601
93.8,-0.00507285778680078
93.8116666666667,-0.0033555711002006
93.8233333333333,-0.001745288934512
93.835,-0.000266293049576232
93.8466666666667,0.00106051696334078
93.8583333333333,0.00221783865750478
93.87,0.00319254099097848
93.8816666666667,0.0039757451261964
93.8933333333333,0.00456287085663373
93.905,0.00495397275412955
93.9166666666667,0.00515330546741429
93.9283333333333,0.00516891825187092
93.94,0.00501290996838298
93.9516666666667,0.00470093269938171
93.9633333333333,0.00425178120308166
93.975,0.00368683588310775
93.9866666666667,0.00302973325514412
93.9983333333333,0.00230588107399384
94.01,0.00154171602412713
94.0216666666667,0.000764196916397013
94.0333333333333,7.67090330046411e-08
94.045,-0.000724541647619357
94.0566666666667,-0.00138474031548823
94.0683333333333,-0.00195749539951284
94.08,-0.00242206121718043
94.0916666666667,-0.00276045214921101
94.1033333333333,-0.00295781762970136
94.115,-0.00300276420496352
94.1266666666667,-0.00288760513497903
94.1383333333333,-0.00260843927381509
94.15,-0.00216532167303459
94.1616666666667,-0.00156224167920315
94.1733333333333,-0.000807017170632982
94.185,8.87574578898128e-05
94.1966666666667,0.00111008189813008
94.2083333333333,0.0022389014373562
94.22,0.00345435879698799
94.2316666666667,0.00473325283868378
94.2433333333333,0.00605054460948752
94.255,0.00737972638902762
94.2666666666667,0.00869353948114348
94.2783333333333,0.00996462382148689
94.29,0.0111658354087904
94.3016666666667,0.0122708971114824
94.3133333333333,0.013254948557772
94.325,0.0140950412269386
94.3366666666667,0.0147706538196163
94.3483333333333,0.0152639055135899
94.36,0.0155601659127471
94.3716666666667,0.0156482526840434
94.3833333333333,0.0155206245184948
94.395,0.0151738358487312
94.4066666666667,0.0146082603340764
94.4183333333333,0.0138281733151836
94.43,0.0128418010466645
94.4416666666667,0.0116611637321787
94.4533333333333,0.0103018690646795
94.465,0.00878264832457757
94.4766666666667,0.00712531647550522
94.4883333333333,0.00535451809498016
94.5,0.00349688779175238
94.5116666666667,0.00158074119470043
94.5233333333333,-0.000364389088291146
94.535,-0.00230843415044055
94.5466666666667,-0.00422117409584171
94.5583333333333,-0.00607272290195837
94.57,-0.00783418085431024
94.5816666666667,-0.00947811765710786
94.5933333333333,-0.0109789946811521
94.605,-0.0123136462935202
94.6166666666667,-0.0134616401324909
94.6283333333333,-0.0144056654900598
94.64,-0.0151317902110116
94.6516666666667,-0.0156296561074661
94.6633333333333,-0.0158926804090547
94.675,-0.0159180839663382
94.6866666666667,-0.0157069531118997
94.6983333333333,-0.015264151301621
94.71,-0.0145982516156409
94.7216666666667,-0.0137213665668395
94.7333333333333,-0.0126487695106725
94.745,-0.0113988409703944
94.7566666666667,-0.00999268426046352
94.7683333333333,-0.00845354260816008
94.78,-0.00680652551316188
94.7916666666667,-0.00507816839416192
94.8033333333333,-0.00329598714455369
94.815,-0.00148793407144959
94.8266666666667,0.000318033134181335
94.8383333333333,0.00209424115583569
94.85,0.00381392408040848
94.8616666666667,0.00545162572861017
94.8733333333333,0.00698345863715533
94.885,0.00838764289016697
94.8966666666667,0.00964469655138358
94.9083333333333,0.0107376536416089
94.92,0.0116523651650255
94.9316666666667,0.0123776023620814
94.9433333333333,0.0129052329403871
94.955,0.0132301538957917
94.9666666666667,0.0133504042786331
94.9783333333333,0.0132671349603537
94.99,0.0129844176626601
95.0016666666667,0.0125091733572497
95.0133333333333,0.0118508858018127
95.025,0.0110215877303817
95.0366666666667,0.0100354370284919
95.0483333333333,0.00890827366785624
95.06,0.00765758259033741
95.0716666666667,0.00630205780298898
95.0833333333333,0.00486130403914455
95.095,0.00335558896591938
95.1066666666667,0.0018053769450754
95.1183333333333,0.000231003489062248
95.13,-0.00134750436463624
95.1416666666667,-0.00291074835644818
95.1533333333333,-0.00444025186385552
95.165,-0.00591853355984332
95.1766666666667,-0.00732948698371756
95.1883333333333,-0.00865860978964304
95.2,-0.00989293499388936
95.2116666666667,-0.0110212492552412
95.2233333333333,-0.0120341075233329
95.235,-0.0129239496870143
95.2466666666667,-0.0136849860253654
95.2583333333333,-0.0143131508422168
95.27,-0.0148061494637193
95.2816666666667,-0.0151633567478931
95.2933333333333,-0.0153857081637558
95.305,-0.0154754448565965
95.3166666666667,-0.015436174859694
95.3283333333333,-0.0152728055110676
95.34,-0.0149911487696701
95.3516666666667,-0.0145978788509376
95.3633333333333,-0.0141003106758909
95.375,-0.0135064183230525
95.3866666666667,-0.0128245407703487
95.3983333333333,-0.0120631237357581
95.41,-0.0112307990557883
95.4216666666667,-0.0103361768290116
95.4333333333333,-0.00938778336886221
95.445,-0.00839404136322631
95.4566666666667,-0.00736303078266539
95.4683333333333,-0.00630247046860958
95.48,-0.00521978126959765
95.4916666666667,-0.00412202938742494
95.5033333333333,-0.00301588290708784
95.515,-0.00190760119561799
95.5266666666667,-0.000803115154964785
95.5383333333333,0.000291991300452614
95.55,0.00137246656651243
95.5616666666667,0.00243332807114766
95.5733333333333,0.00346990205416676
95.585,0.00447770141103167
95.5966666666667,0.00545240890328372
95.6083333333333,0.00638996839574757
95.62,0.0072864560067764
95.6316666666667,0.00813808539707125
95.6433333333333,0.00894122147863128
95.655,0.00969227811586353
95.6666666666667,0.0103878466574961
95.6783333333333,0.0110247232107839
95.69,0.0115998350308724
95.7016666666667,0.0121103378126362
95.7133333333333,0.0125535973521069
95.725,0.0129273456145958
95.7366666666667,0.0132295851096449
95.7483333333333,0.0134586425723433
95.76,0.0136132758298906
95.7716666666667,0.0136926842457928
95.7833333333333,0.0136965764861811
95.795,0.013625136443527
95.8066666666667,0.013479121356049
95.8183333333333,0.0132599653514207
95.83,0.012969657629776
95.8416666666667,0.0126108240853621
95.8533333333333,0.0121866552919286
95.865,0.0117009720008902
95.8766666666667,0.0111581895231058
95.8883333333333,0.0105631666789807
95.9,0.00992125267536921
95.9116666666667,0.00923818868330927
95.9233333333333,0.00852003938711169
95.935,0.00777317197654223
95.9466666666667,0.0070040851664537
95.9583333333333,0.00621931213284864
95.97,0.00542537751759303
95.9816666666667,0.00462870281546394
95.9933333333333,0.00383548008075607
96.005,0.00305161386836917
96.0166666666667,0.00228259929784395
96.0283333333333,0.00153342578458592
96.04,0.00080852656898821
96.0516666666667,0.000111731753852437
96.0633333333333,-0.000553747814667829
96.075,-0.00118552063596496
96.0866666666667,-0.00178188551718612
96.0983333333333,-0.00234171215906788
96.11,-0.00286466737196994
96.1216666666667,-0.00335110566452092
96.1333333333333,-0.00380205337814918
96.145,-0.00421909804765453
96.1566666666667,-0.00460442081463499
96.1683333333333,-0.00496074226373504
96.18,-0.00529114276165523
96.1916666666667,-0.00559903540770181
96.2033333333333,-0.00588798509156993
96.215,-0.0061617635904042
96.2266666666667,-0.00642413127658692
96.2383333333333,-0.00667866685541756
96.25,-0.00692881672536312
96.2616666666667,-0.0071777101127676
96.2733333333333,-0.00742814511543789
96.285,-0.00768241311064202
96.2966666666667,-0.00794225159560202
96.3083333333333,-0.00820890756728486
96.32,-0.00848299226566387
96.3316666666667,-0.00876449892437352
96.3433333333333,-0.00905275479543135
96.355,-0.00934650624935773
96.3666666666667,-0.00964390151512007
96.3783333333333,-0.00994241101647363
96.39,-0.0102389958886562
96.4016666666667,-0.0105301455707036
96.4133333333333,-0.010811940539293
96.425,-0.0110800857646792
96.4366666666667,-0.0113300853724959
96.4483333333333,-0.0115573550078965
96.46,-0.0117572095220891
96.4716666666667,-0.011925006153383
96.4833333333333,-0.0120562671324459
96.495,-0.0121467364742883
96.5066666666667,-0.0121924595248738
96.5183333333333,-0.0121898574551144
96.53,-0.0121358503093256
96.5416666666667,-0.0120278909943415
96.5533333333333,-0.0118639799893032
96.565,-0.011642711260994
96.5766666666667,-0.0113633109941724
96.5883333333333,-0.011025618709024
96.6,-0.0106300825254105
96.6116666666667,-0.0101777516895007
96.6233333333333,-0.00967021326990562
96.635,-0.00910966780135083
96.6466666666667,-0.00849878545430329
96.6583333333333,-0.0078404575396875
96.67,-0.00713798595823558
96.6816666666667,-0.00639493077608723
96.6933333333333,-0.00561500739708546
96.705,-0.00480206801860586
96.7166666666667,-0.00395994313524363
96.7283333333333,-0.00309244467592539
96.74,-0.00220329814201928
96.7516666666667,-0.0012960655664991
96.7633333333333,-0.000374127900151879
96.775,0.00055941640694591
96.7866666666667,0.00150170036847951
96.7983333333333,0.00245008207441628
96.81,0.00340221044965213
96.8216666666667,0.00435597943540646
96.8333333333333,0.00530952518612975
96.845,0.00626114296899327
96.8566666666667,0.00720927135813166
96.8683333333333,0.00815245998215514
96.88,0.00908927588836085
96.8916666666667,0.010018231998587
96.9033333333333,0.0109376922566545
96.915,0.0118459573880195
96.9266666666667,0.0127410476664969
96.9383333333333,0.0136205127787118
96.95,0.0144815518908587
96.9616666666667,0.0153209367920622
96.9733333333333,0.016134953011314
96.985,0.0169193691033041
96.9966666666667,0.0176693861081621
97.0083333333333,0.0183796962074983
97.02,0.0190444878308033
97.0316666666667,0.0196574705714588
97.0433333333333,0.0202119373845453
97.055,0.020700792157316
97.0666666666667,0.021116691033963
97.0783333333333,0.0214521501984621
97.09,0.0216996230015224
97.1016666666667,0.0218516555843852
97.1133333333333,0.0219009692851179
97.125,0.021840683091184
97.1366666666667,0.0216644364710371
97.1483333333333,0.021366461843277
97.16,0.020941798866537
97.1716666666667,0.0203864102782035
97.1833333333333,0.0196973703578511
97.195,0.0188729035064534
97.2066666666667,0.0179124724575671
97.2183333333333,0.0168169865700037
97.23,0.0155887754867691
97.2416666666667,0.014231682187212
97.2533333333333,0.012751071891608
97.265,0.0111537697364016
97.2766666666667,0.00944816678255554
97.2883333333333,0.00764412021367798
97.3,0.00575281273173201
97.3116666666667,0.00378668409677306
97.3233333333333,0.00175930856588601
97.335,-0.000314734975062789
97.3466666666667,-0.00242007792310829
97.3583333333333,-0.00454070543908911
97.37,-0.00666017648086609
97.3816666666667,-0.00876185101040045
97.3933333333333,-0.0108290221744549
97.405,-0.0128452902955141
97.4166666666667,-0.0147946967700054
97.4283333333333,-0.0166618015112269
97.44,-0.0184320435974154
97.4516666666667,-0.0200918835079834
97.4633333333333,-0.0216289802726944
97.475,-0.0230323778602687
97.4866666666667,-0.0242925444411292
97.4983333333333,-0.0254015521359923
97.51,-0.026353143609686
97.5216666666667,-0.0271428030819335
97.5333333333333,-0.0277678072908139
97.545,-0.0282269302464913
97.5566666666667,-0.0285207472920818
97.5683333333333,-0.0286518275507205
97.58,-0.0286241791026681
97.5916666666667,-0.0284432904557637
97.6033333333333,-0.0281159685699332
97.615,-0.0276502625560221
97.6266666666667,-0.0270553089233233
97.6383333333333,-0.0263409915377295
97.65,-0.0255179010473284
97.6616666666667,-0.0245971140378856
97.6733333333333,-0.0235899911931147
97.685,-0.0225080437000326
97.6966666666667,-0.0213626344497391
97.7083333333333,-0.0201648373398076
97.72,-0.0189253333521695
97.7316666666667,-0.0176542761411296
97.7433333333333,-0.0163611634217596
97.755,-0.0150545623450959
97.7666666666667,-0.0137422395931842
97.7783333333333,-0.0124311711274774
97.79,-0.0111273084193178
97.8016666666667,-0.00983564737345582
97.8133333333333,-0.00856016693313515
97.825,-0.00730404786885286
97.8366666666667,-0.00606955306581599
97.8483333333333,-0.00485789463290956
97.86,-0.00366960766609631
97.8716666666667,-0.00250455116521955
97.8833333333333,-0.00136198489540478
97.895,-0.000240720313922399
97.9066666666667,0.000860884014272855
97.9183333333333,0.00194469024498638
97.93,0.00301270391643506
97.9416666666667,0.00406702812861482
97.9533333333333,0.00510968743813294
97.965,0.00614267225372068
97.9766666666667,0.00716772906409314
97.9883333333333,0.00818630250083484
98,0.00919960025069635
98.0116666666667,0.0102084568243746
98.0233333333333,0.0112133697243443
98.035,0.0122143893603875
98.0466666666667,0.0132112024321632
98.0583333333333,0.0142033002964738
98.07,0.0151897980638868
98.0816666666667,0.0161695278147087
98.0933333333333,0.0171410649333688
98.105,0.018102741475112
98.1166666666667,0.019052787065188
98.1283333333333,0.0199891987930583
98.14,0.0209098713205835
98.1516666666667,0.0218125838526973
98.1633333333333,0.0226949316919026
98.175,0.0235546872005694
98.1866666666667,0.0243893287749863
98.1983333333333,0.0251959445961199
98.21,0.0259715537965293
98.2216666666667,0.0267129520977786
98.2333333333333,0.0274166183457604
98.245,0.028078536213023
98.2566666666667,0.0286941999527457
98.2683333333333,0.0292589282643187
98.28,0.0297672530491079
98.2916666666667,0.0302130514841159
98.3033333333333,0.0305895022738605
98.315,0.0308887701364769
98.3266666666667,0.0311024043615742
98.3383333333333,0.0312210585645306
98.35,0.0312344701553131
98.3616666666667,0.031131520493799
98.3733333333333,0.0309002297219931
98.385,0.0305281834519333
98.3966666666667,0.0300021290713057
98.4083333333333,0.0293081488809621
98.42,0.0284322207359219
98.4316666666667,0.0273602367272079
98.4433333333333,0.0260784110721005
98.455,0.0245732084872213
98.4666666666667,0.022832058651676
98.4783333333333,0.0208439951232212
98.49,0.0185994633062838
98.5016666666667,0.0160909253108922
98.5133333333333,0.0133132502562669
98.525,0.0102641346722141
98.5366666666667,0.00694452827986055
98.5483333333333,0.0033587156864117
98.56,-0.000485057360524418
98.5716666666667,-0.00457440095631803
98.5833333333333,-0.00889256471647133
98.595,-0.0134180377206267
98.6066666666667,-0.0181247706825871
98.6183333333333,-0.0229819590093231
98.63,-0.0279540100878363
98.6416666666667,-0.0330007307399701
98.6533333333333,-0.0380775499042951
98.665,-0.0431357248191104
98.6766666666667,-0.0481227935920222
98.6883333333333,-0.0529831631226646
98.7,-0.0576585661939095
98.7116666666667,-0.0620887897179508
98.7233333333333,-0.0662124636706544
98.735,-0.0699677379922041
98.7466666666667,-0.0732932927657156
98.7583333333333,-0.0761293184840382
98.77,-0.078418392280636
98.7816666666667,-0.080106540705515
98.7933333333333,-0.0811442048603443
98.805,-0.0814872610978897
98.8166666666667,-0.0810979849060857
98.8283333333333,-0.0799459015927974
98.84,-0.0780086740392899
98.8516666666667,-0.0752728440003767
98.8633333333333,-0.0717345186996537
98.875,-0.067399969755055
98.8866666666667,-0.0622859507683031
98.8983333333333,-0.0564199098211965
98.91,-0.0498402330236202
98.9216666666667,-0.0425961409563306
98.9333333333333,-0.0347474292245236
98.945,-0.0263640901676557
98.9566666666667,-0.0175257417998083
98.9683333333333,-0.00832087066412471
98.98,0.00115409427246087
98.9916666666667,0.0107958553408186
99.0033333333333,0.020495522317551
99.015,0.0301399303892157
99.0266666666667,0.0396130590958414
99.0383333333333,0.0487976859780801
99.05,0.0575770397869657
99.0616666666667,0.0658364564148285
99.0733333333333,0.0734650729995676
99.085,0.0803576327519367
99.0966666666667,0.0864161428739245
99.1083333333333,0.0915513883207087
99.12,0.0956845361519634
99.1316666666667,0.0987485270393113
99.1433333333333,0.100689351664511
99.155,0.101467169496645
99.1666666666667,0.101057142043489
99.1783333333333,0.0994502101777644
99.19,0.0966535693527079
99.2016666666667,0.092690873689064
99.2133333333333,0.0876022497566867
99.225,0.0814440258591006
99.2366666666667,0.0742882297199337
99.2483333333333,0.0662217846697752
99.26,0.0573454831619306
99.2716666666667,0.0477727910351558
99.2833333333333,0.0376283164269939
99.295,0.0270461510020341
99.3066666666667,0.0161681037551455
99.3183333333333,0.00514166099437217
99.33,-0.00588216385098944
99.3416666666667,-0.0167509750427862
99.3533333333333,-0.0273132706896157
99.365,-0.0374207289138816
99.3766666666667,-0.0469304661544328
99.3883333333333,-0.0557072205865478
99.4,-0.063625445208248
99.4116666666667,-0.0705712941765973
99.4233333333333,-0.0764444539704548
99.435,-0.0811597614594247
99.4466666666667,-0.0846486319183519
99.4583333333333,-0.0868601723984666
99.47,-0.0877621161155071
99.4816666666667,-0.0873414633067667
99.4933333333333,-0.0856047432861954
99.505,-0.0825781557627813
99.5166666666667,-0.0783071604947968
99.5283333333333,-0.0728558037700304
99.54,-0.0663059673217676
99.5516666666667,-0.058756144331783
99.5633333333333,-0.050319989794263
99.575,-0.0411246168044308
99.5866666666667,-0.031308758532834
99.5983333333333,-0.0210206514231812
99.61,-0.0104157175617335
99.6216666666667,0.000345787024993873
99.6333333333333,0.0111012445003461
99.645,0.0216881265899674
99.6566666666667,0.0319465574726173
99.6683333333333,0.0417217659985809
99.68,0.0508664487465578
99.6916666666667,0.0592430827694043
99.7033333333333,0.0667259905072711
99.715,0.0732033087123378
99.7266666666667,0.0785786624974738
99.7383333333333,0.0827726016975405
99.75,0.0857238269784723
99.7616666666667,0.0873900405813525
99.7733333333333,0.0877485451496351
99.785,0.0867965376876087
99.7966666666667,0.084550990782402
99.8083333333333,0.0810483137895288
99.82,0.0763437325095352
99.8316666666667,0.0705102481548647
99.8433333333333,0.0636373778265032
99.855,0.0558297196097907
99.8666666666667,0.0472051970102935
99.8783333333333,0.0378930336247343
99.89,0.0280316934440948
99.9016666666667,0.0177666503072749
99.9133333333333,0.00724796903346143
99.925,-0.00337192000448143
99.9366666666667,-0.0139407049004779
99.9483333333333,-0.0243086867281903
99.96,-0.0343309524251165
99.9716666666667,-0.0438696523084446
99.9833333333333,-0.0527960280179404
99.995,-0.060992352991501
100.006666666667,-0.0683536457078905
100.018333333333,-0.0747890026370382
100.03,-0.0802229008210358
100.041666666667,-0.0845961017724072
100.053333333333,-0.0878663396953276
100.065,-0.0900087033452752
100.076666666667,-0.0910156349441713
100.088333333333,-0.0908967019030021
100.1,-0.0896782150371571
100.111666666667,-0.0874024297590208
100.123333333333,-0.0841264678680051
100.135,-0.0799211532791534
100.146666666667,-0.0748695412626909
100.158333333333,-0.0690652521455763
100.17,-0.0626107166493909
100.181666666667,-0.0556152789529388
100.193333333333,-0.0481932536704475
100.205,-0.0404618252001557
100.216666666667,-0.0325391394200204
100.228333333333,-0.0245423582731961
100.24,-0.0165856100516429
100.251666666667,-0.00877820573903984
100.263333333333,-0.0012229596818489
100.275,0.00598536936488261
100.286666666667,0.012761462339275
100.298333333333,0.0190306454278609
100.31,0.0247297704974416
100.321666666667,0.0298079226128956
100.333333333333,0.034226933166858
100.345,0.0379616896572989
100.356666666667,0.0409999750254627
100.368333333333,0.0433422037431404
100.38,0.0450011081869734
100.391666666667,0.0460009888016206
100.403333333333,0.0463768005028
100.415,0.0461731946565554
100.426666666667,0.0454432353122156
100.438333333333,0.044247032393359
100.45,0.0426503735871498
100.461666666667,0.0407231842325092
100.473333333333,0.0385379839342542
100.485,0.0361683674519205
100.496666666667,0.0336874395311142
100.508333333333,0.0311663137808619
100.52,0.0286727322334461
100.531666666667,0.0262697366146021
100.543333333333,0.0240144698613002
100.555,0.0219572030492737
100.566666666667,0.0201403780848952
100.578333333333,0.0185979021273267
100.59,0.0173547092458444
100.601666666667,0.0164263985353326
100.613333333333,0.0158191356463384
100.625,0.015529627902134
100.636666666667,0.0155454560690253
100.648333333333,0.0158456419663378
100.66,0.0164011205489903
100.671666666667,0.0171755262041694
100.683333333333,0.0181261561108653
100.695,0.019204887267952
100.706666666667,0.0203594149113853
100.718333333333,0.0215345128276688
100.73,0.0226731281571301
100.741666666667,0.0237177062116338
100.753333333333,0.0246114661158786
100.765,0.0252996874397854
100.776666666667,0.0257308672604438
100.788333333333,0.0258577744941555
100.8,0.0256385849839676
100.811666666667,0.0250377934816804
100.823333333333,0.024027007696011
100.835,0.0225856021474267
100.846666666667,0.020701198600256
100.858333333333,0.018370062729507
100.87,0.0155972306502361
100.881666666667,0.0123965703726606
100.893333333333,0.00879063556585801
100.905,0.00481024449359578
100.916666666667,0.000494205856945521
100.928333333333,-0.00411131409595783
100.94,-0.00895365924940182
100.951666666667,-0.0139744506660186
100.963333333333,-0.0191105589573102
100.975,-0.0242950929894888
100.986666666667,-0.0294585782429774
100.998333333333,-0.0345301372044173
101.01,-0.0394385261528723
101.021666666667,-0.0441133489156108
101.033333333333,-0.0484862645786348
101.045,-0.052491963185913
101.056666666667,-0.056069307815057
101.068333333333,-0.0591623694264562
101.08,-0.0617212544848769
101.091666666667,-0.0637029302735805
101.103333333333,-0.0650718465053972
101.115,-0.0658006222935628
101.126666666667,-0.0658703937923264
101.138333333333,-0.0652709728888391
101.15,-0.0640011764926024
101.161666666667,-0.0620687512643413
101.173333333333,-0.0594902895935176
101.185,-0.056290983843393
101.196666666667,-0.0525042504157819
101.208333333333,-0.0481712279948509
101.22,-0.0433401603434833
101.231666666667,-0.0380657014821268
101.243333333333,-0.032408122794602
101.255,-0.0264324977565755
101.266666666667,-0.0202077313303567
101.278333333333,-0.0138055824798934
101.29,-0.00729977835142181
101.301666666667,-0.000764979648498104
101.313333333333,0.00572424483521431
101.325,0.0120943239706415
101.336666666667,0.0182736543704786
101.348333333333,0.0241935546447698
101.36,0.0297890886926209
101.371666666667,0.0349998203578998
101.383333333333,0.0397705459076602
101.395,0.0440519843756963
101.406666666667,0.0478012046577561
101.418333333333,0.0509820934665193
101.43,0.0535658219949119
101.441666666667,0.0555310506291908
101.453333333333,0.0568640668885033
101.465,0.0575588780447733
101.476666666667,0.057617194790582
101.488333333333,0.0570483359869707
101.5,0.0558689421352448
101.511666666667,0.0541027271970975
101.523333333333,0.0517801015280527
101.535,0.0489376511842166
101.546666666667,0.0456177044953943
101.558333333333,0.0418677398572134
101.57,0.0377397620738881
101.581666666667,0.0332896171906898
101.593333333333,0.0285762983992669
101.605,0.023661270291802
101.616666666667,0.018607602726454
101.628333333333,0.0134792676786352
101.64,0.00834038005579948
101.651666666667,0.00325443053110925
101.663333333333,-0.00171644561046166
101.675,-0.00651219416281987
101.686666666667,-0.0110755252315646
101.698333333333,-0.0153526183994679
101.71,-0.019293724004036
101.721666666667,-0.0228537465020226
101.733333333333,-0.0259927537473874
101.745,-0.0286765273971694
101.756666666667,-0.0308768364439049
101.768333333333,-0.0325717809682123
101.78,-0.0337461679052165
101.791666666667,-0.0343915853733502
101.803333333333,-0.0345066608218973
101.815,-0.0340968199542084
101.826666666667,-0.0331743278212136
101.838333333333,-0.0317584578337866
101.85,-0.0298749888568214
101.861666666667,-0.0275559853702299
101.873333333333,-0.0248394747955134
101.885,-0.0217688508543611
101.896666666667,-0.0183924332305875
101.908333333333,-0.014762843128993
101.92,-0.0109364028649603
101.931666666667,-0.00697238228726977
101.943333333333,-0.00293218561207606
101.955,0.00112135367576632
101.966666666667,0.00512485538493207
101.978333333333,0.00901534735222426
101.99,0.0127310668062785
102.001666666667,0.016212318867428
102.013333333333,0.0194024401538644
102.025,0.0222485346922742
102.036666666667,0.0247021944829655
102.048333333333,0.0267204218222855
102.06,0.0282663075506903
102.071666666667,0.0293096131916009
102.083333333333,0.0298273491339474
102.095,0.0298042001314733
102.106666666667,0.0292328807187032
102.118333333333,0.0281143491661154
102.13,0.0264579417547058
102.141666666667,0.0242813822781169
102.153333333333,0.0216106636139239
102.165,0.0184798225111117
102.176666666667,0.0149304735460124
102.188333333333,0.0110113386433115
102.2,0.00677768949430886
102.211666666667,0.00229057630756839
102.223333333333,-0.00238394932394779
102.235,-0.00717589444910814
102.246666666667,-0.0120123196399715
102.258333333333,-0.0168182293282022
102.27,-0.0215178272174766
102.281666666667,-0.0260356862214021
102.293333333333,-0.0302978486263097
102.305,-0.0342331466818868
102.316666666667,-0.03777417435996
102.328333333333,-0.0408584399084362
102.34,-0.0434295464218139
102.351666666667,-0.0454380647041684
102.363333333333,-0.0468425176352667
102.375,-0.0476099469827508
102.386666666667,-0.0477167204941577
102.398333333333,-0.0471492253475427
102.41,-0.0459039509570255
102.421666666667,-0.0439878255384443
102.433333333333,-0.0414182351156763
102.445,-0.0382228360736736
102.456666666667,-0.0344393291689948
102.468333333333,-0.0301149685497593
102.48,-0.0253059688485327
102.491666666667,-0.0200766950270845
102.503333333333,-0.014498736192512
102.515,-0.00864989285596424
102.526666666667,-0.00261299560053603
102.538333333333,0.00352539649644902
102.55,0.00967630611618422
102.561666666667,0.0157497216269968
102.573333333333,0.0216560597742783
102.585,0.0273075260639583
102.596666666667,0.0326195480250911
102.608333333333,0.0375122260791593
102.62,0.0419116156471661
102.631666666667,0.045750935966296
102.643333333333,0.0489717197126123
102.655,0.0515248028756572
102.666666666667,0.0533711420426779
102.678333333333,0.0544825124095125
102.69,0.0548420281982316
102.701666666667,0.0544444928913175
102.713333333333,0.0532965155881238
102.725,0.0514163814756274
102.736666666667,0.0488338695821706
102.748333333333,0.0455898763547806
102.76,0.0417356566356236
102.771666666667,0.0373320492532596
102.783333333333,0.0324485263983144
102.795,0.0271619761907096
102.806666666667,0.0215555729176022
102.818333333333,0.0157172928338167
102.83,0.00973855019742791
102.841666666667,0.00371274236096704
102.853333333333,-0.0022664951650842
102.865,-0.00810637884688351
102.876666666667,-0.0137169722470135
102.888333333333,-0.0190128172894095
102.9,-0.0239139162987601
102.911666666667,-0.0283472333373878
102.923333333333,-0.0322479352194244
102.935,-0.0355603187115781
102.946666666667,-0.0382387921676782
102.958333333333,-0.0402485103210455
102.97,-0.0415660551292533
102.981666666667,-0.0421797326846876
102.993333333333,-0.0420896298964153
103.005,-0.041307871501505
103.016666666667,-0.039858071601906
103.028333333333,-0.0377746417446316
103.04,-0.0351025303719504
103.051666666667,-0.0318962456273067
103.063333333333,-0.0282190001814994
103.075,-0.0241411354050862
103.086666666667,-0.0197393646000476
103.098333333333,-0.0150955342027061
103.11,-0.0102947513828282
103.121666666667,-0.0054240807642247
103.133333333333,-0.000570954213946218
103.145,0.00417804854500865
103.156666666667,0.0087389581227503
103.168333333333,0.0130322423968333
103.18,0.0169835422129277
103.191666666667,0.0205251345616541
103.203333333333,0.0235971315810019
103.215,0.0261483243286219
103.226666666667,0.0281371085298011
103.238333333333,0.0295320870786902
103.25,0.0303125575666949
103.261666666667,0.0304687972299919
103.273333333333,0.0300021390116497
103.285,0.0289250025154974
103.296666666667,0.0272604491025966
103.308333333333,0.0250414944499796
103.32,0.0223107899771151
103.331666666667,0.0191196927589857
103.343333333333,0.0155272983975879
103.355,0.0115993289161296
103.366666666667,0.0074069949939177
103.378333333333,0.00302578583589996
103.39,-0.001465986834147
103.401666666667,-0.0059885242093377
103.413333333333,-0.0104618990971894
103.425,-0.01480748978821
103.436666666667,-0.0189492449307861
103.448333333333,-0.0228149869636834
103.46,-0.0263376253329853
103.471666666667,-0.0294562451265886
103.483333333333,-0.0321171256083724
103.495,-0.0342744821548909
103.506666666667,-0.0358912148657011
103.518333333333,-0.0369395388497866
103.53,-0.0374012541521419
103.541666666667,-0.0372679835410118
103.553333333333,-0.0365412342688101
103.565,-0.0352322538782283
103.576666666667,-0.0333617247323817
103.588333333333,-0.0309593063054975
103.6,-0.0280631172624595
103.611666666667,-0.0247189456746493
103.623333333333,-0.0209794094462046
103.635,-0.016903110896351
103.646666666667,-0.012553486955167
103.658333333333,-0.00799773287333524
103.67,-0.003305740258777
103.681666666667,0.00145111543057241
103.693333333333,0.00620109121726589
103.705,0.010873261468808
103.716666666667,0.0153986227880047
103.728333333333,0.0197110787987254
103.74,0.0237484866967818
103.751666666667,0.0274535705663831
103.763333333333,0.0307746951124065
103.775,0.0336665851049515
103.786666666667,0.0360909288775465
103.798333333333,0.038016728144378
103.81,0.0394207249925711
103.821666666667,0.0402876084297682
103.833333333333,0.0406099658528061
103.845,0.0403884938795016
103.856666666667,0.0396316210626758
103.868333333333,0.0383550087638696
103.88,0.0365814884757019
103.891666666667,0.034340458825029
103.903333333333,0.0316672321437918
103.915,0.0286025852846503
103.926666666667,0.0251918706533263
103.938333333333,0.0214842137367121
103.95,0.0175318499167104
103.961666666667,0.0133892314429809
103.973333333333,0.00911226601833035
103.985,0.00475749695011225
103.996666666667,0.000381251994688737
104.008333333333,-0.00396096312616355
104.02,-0.00821529054977337
104.031666666667,-0.0123301671445882
104.043333333333,-0.0162568572740414
104.055,-0.0199502936077145
104.066666666667,-0.023369098754612
104.078333333333,-0.0264760114920986
104.09,-0.0292384552925912
104.101666666667,-0.0316286754236208
104.113333333333,-0.0336239873933908
104.125,-0.0352065591379101
104.136666666667,-0.0363637105604267
104.148333333333,-0.0370883087388871
104.16,-0.0373780076014311
104.171666666667,-0.0372353120449079
104.183333333333,-0.0366674288823184
104.195,-0.0356859000262218
104.206666666667,-0.0343064470143998
104.218333333333,-0.0325485266065458
104.23,-0.0304351279562032
104.241666666667,-0.0279923472382733
104.253333333333,-0.0252489630541778
104.265,-0.0222363942144211
104.276666666667,-0.018987916071987
104.288333333333,-0.0155382286136578
104.3,-0.0119234123019399
104.311666666667,-0.00818044251865063
104.323333333333,-0.00434690095238664
104.335,-0.00046046677408368
104.346666666667,0.00344120871395769
104.358333333333,0.00732059495919815
104.37,0.0111409669245929
104.381666666667,0.0148665153717797
104.393333333333,0.0184625715089017
104.405,0.0218959328189742
104.416666666667,0.0251349888565425
104.428333333333,0.0281499616474299
104.44,0.0309131263999647
104.451666666667,0.0333990001154028
104.463333333333,0.0355844796625065
104.475,0.037449049077288
104.486666666667,0.0389749350741863
104.498333333333,0.0401472372316613
104.51,0.0409540272669188
104.521666666667,0.0413864693219274
104.533333333333,0.0414389272430828
104.545,0.0411089559748126
104.556666666667,0.0403974598410169
104.568333333333,0.0393087310994873
104.58,0.0378504244755749
104.591666666667,0.0360335084247436
104.603333333333,0.0338722134320693
104.615,0.0313841135594693
104.626666666667,0.0285898146399785
104.638333333333,0.0255128230241818
104.65,0.0221794780679739
104.661666666667,0.0186186648794835
104.673333333333,0.0148616347518096
104.685,0.0109414831922949
104.696666666667,0.00689315995152366
104.708333333333,0.0027532219466289
104.72,-0.00144083011028518
104.731666666667,-0.00565080523952582
104.743333333333,-0.00983825666524597
104.755,-0.0139647424350566
104.766666666667,-0.0179924034502681
104.778333333333,-0.0218847112448267
104.79,-0.0256063712795204
104.801666666667,-0.0291239064928989
104.813333333333,-0.0324061421008907
104.825,-0.0354242188311678
104.836666666667,-0.0381524059473252
104.848333333333,-0.0405682534920255
104.86,-0.0426527423069233
104.871666666667,-0.0443905559222747
104.883333333333,-0.0457702140313683
104.895,-0.0467843592933988
104.906666666667,-0.0474296498151847
104.918333333333,-0.0477064692584757
104.93,-0.047619298402714
104.941666666667,-0.0471764277573616
104.953333333333,-0.0463898469930594
104.965,-0.0452748623930417
104.976666666667,-0.0438500324626477
104.988333333333,-0.0421369137332084
105,-0.0401594490299934
105.011666666667,-0.0379437068385934
105.023333333333,-0.0355174200530925
105.035,-0.0329096649480129
105.046666666667,-0.0301502675701146
105.058333333333,-0.0272692985270435
105.07,-0.0242967994587625
105.081666666667,-0.0212622341344606
105.093333333333,-0.0181941885530106
105.105,-0.0151197687368193
105.116666666667,-0.012064400835898
105.128333333333,-0.00905167238719575
105.14,-0.00610280542049717
105.151666666667,-0.00323655798560349
105.163333333333,-0.000469035994563076
105.175,0.00218641993258765
105.186666666667,0.00471921741671785
105.198333333333,0.00712163548513242
105.21,0.00938868137943581
105.221666666667,0.0115179991508424
105.233333333333,0.0135097360714538
105.245,0.0153662558467472
105.256666666667,0.017092008224201
105.268333333333,0.0186932013003449
105.28,0.0201774567970634
105.291666666667,0.0215535263854244
105.303333333333,0.0228309275107887
105.315,0.0240196939109539
105.326666666667,0.0251299416724439
105.338333333333,0.0261715552838581
105.35,0.027153867556504
105.361666666667,0.0280853755422611
105.373333333333,0.0289735683452324
105.385,0.0298243998554373
105.396666666667,0.0306424256762858
105.408333333333,0.0314306823447575
105.42,0.0321903777049013
105.431666666667,0.0329209512611802
105.443333333333,0.0336200063750603
105.455,0.0342834822759605
105.466666666667,0.034905650036909
105.478333333333,0.0354790942785178
105.49,0.03599509578294
105.501666666667,0.0364437497315232
105.513333333333,0.036814193870922
105.525,0.0370949542032542
105.536666666667,0.0372740760275105
105.548333333333,0.0373394467673797
105.56,0.0372791114385975
105.571666666667,0.0370815113014485
105.583333333333,0.0367357940675037
105.595,0.0362321011319973
105.606666666667,0.0355617531239108
105.618333333333,0.0347174073224122
105.63,0.0336933029896074
105.641666666667,0.0324854215038022
105.653333333333,0.0310915761818888
105.665,0.0295115082350874
105.676666666667,0.0277468748776616
105.688333333333,0.0258012712691684
105.7,0.023680224012499
105.711666666667,0.0213910555907192
105.723333333333,0.018942809028859
105.735,0.016346074588111
105.746666666667,0.0136128912414226
105.758333333333,0.0107565920888071
105.77,0.00779153343532289
105.781666666667,0.00473289807057749
105.793333333333,0.00159646974817788
105.805,-0.00160147069875738
105.816666666667,-0.00484443747556531
105.828333333333,-0.00811601300930774
105.84,-0.0113998940224063
105.851666666667,-0.0146800808886187
105.863333333333,-0.0179410512341062
105.875,-0.0211677919949209
105.886666666667,-0.0243459314800354
105.898333333333,-0.0274618004680381
105.91,-0.0305024005793658
105.921666666667,-0.0334554688105871
105.933333333333,-0.0363094295970641
105.945,-0.0390533021590288
105.956666666667,-0.0416766771542009
105.968333333333,-0.0441696359466997
105.98,-0.0465226242322424
105.991666666667,-0.0487263637934961
106.003333333333,-0.0507717839134762
106.015,-0.0526498138227224
106.026666666667,-0.0543514065081366
106.038333333333,-0.0558675435470961
106.05,-0.0571890059176597
106.061666666667,-0.0583064204264425
106.073333333333,-0.0592102278337274
106.085,-0.0598907168412242
106.096666666667,-0.0603381368231548
106.108333333333,-0.0605426936055924
106.12,-0.0604946973075204
106.131666666667,-0.0601847402997208
106.143333333333,-0.0596038371786979
106.155,-0.0587436505313153
106.166666666667,-0.0575967214002308
106.178333333333,-0.0561566540211873
106.19,-0.0544183788473406
106.201666666667,-0.0523784328325591
106.213333333333,-0.0500352298758824
106.225,-0.0473892760661708
106.236666666667,-0.0444434811335893
106.248333333333,-0.0412035312079789
106.26,-0.0376777785669224
106.271666666667,-0.0338775184812196
106.283333333333,-0.0298170485573372
106.295,-0.0255136440307583
106.306666666667,-0.0209877474407435
106.318333333333,-0.0162629241647281
106.33,-0.0113656801859358
106.341666666667,-0.0063252946214957
106.353333333333,-0.0011736699660526
106.365,0.00405510090856964
106.376666666667,0.00932493446559233
106.388333333333,0.0145980595625116
106.4,0.0198356022388866
106.411666666667,0.0249979839882957
106.423333333333,0.0300454056690645
106.435,0.0349383822340873
106.446666666667,0.0396382283734756
106.458333333333,0.0441076458853262
106.47,0.0483111878029508
106.481666666667,0.0522157777765383
106.493333333333,0.0557911745355331
106.505,0.0590103648211978
106.516666666667,0.0618500706085543
106.528333333333,0.0642909911882496
106.54,0.0663180840683729
106.551666666667,0.0679207523747409
106.563333333333,0.0690929838475661
106.575,0.0698334884599663
106.586666666667,0.070145552107204
106.598333333333,0.070036861845814
106.61,0.0695194417263812
106.621666666667,0.0686093539042723
106.633333333333,0.0673263622321892
106.645,0.0656936271762804
106.656666666667,0.0637370481276474
106.668333333333,0.0614849113668519
106.68,0.0589674111013813
106.691666666667,0.0562160155961084
106.703333333333,0.0532629461611514
106.715,0.0501404707796967
106.726666666667,0.046880520221729
106.738333333333,0.0435142803218661
106.75,0.0400714313116771
106.761666666667,0.0365798312268682
106.773333333333,0.0330650993645831
106.785,0.0295502160534607
106.796666666667,0.0260554351100987
106.808333333333,0.0225980327204199
106.82,0.0191921751420972
106.831666666667,0.0158488814744505
106.843333333333,0.0125761103918146
106.855,0.00937908031666491
106.866666666667,0.00626020392803775
106.878333333333,0.00321947663109163
106.89,0.000254935481706265
106.901666666667,-0.00263701381826013
106.913333333333,-0.00546106639500557
106.925,-0.00822259843173753
106.936666666667,-0.0109271209291499
106.948333333333,-0.0135797437396767
106.96,-0.0161847809539803
106.971666666667,-0.0187451820216076
106.983333333333,-0.0212621094328271
106.995,-0.0237346502105738
107.006666666667,-0.0261593862694737
107.018333333333,-0.0285302424346494
107.03,-0.0308382831984273
107.041666666667,-0.0330716320485543
107.053333333333,-0.0352155985145053
107.065,-0.0372524979811998
107.076666666667,-0.0391622738460466
107.088333333333,-0.0409228994234157
107.1,-0.0425104748069614
107.111666666667,-0.0438999100226648
107.123333333333,-0.0450654783775943
107.135,-0.0459815214782478
107.146666666667,-0.0466231469965168
107.158333333333,-0.0469668248906143
107.17,-0.0469913586181077
107.181666666667,-0.0466785754102104
107.193333333333,-0.0460141021415018
107.205,-0.0449881206795876
107.216666666667,-0.043596004494173
107.228333333333,-0.0418389127806851
107.24,-0.0397242629615592
107.251666666667,-0.0372661389794663
107.263333333333,-0.0344855531619266
107.275,-0.0314106435521608
107.286666666667,-0.0280765100843274
107.298333333333,-0.02452501236408
107.31,-0.0208045944415216
107.321666666667,-0.0169696905555111
107.333333333333,-0.0130800460692569
107.345,-0.00920006618196565
107.356666666667,-0.00539768889184444
107.368333333333,-0.00174324965037983
107.38,0.00169155936692548
107.391666666667,0.00483502391000119
107.403333333333,0.00761677226267783
107.415,0.00996933059312117
107.426666666667,0.0118293306620083
107.438333333333,0.0131389486021776
107.45,0.0138474661696595
107.461666666667,0.0139125268917231
107.473333333333,0.0133013673633785
107.485,0.0119919452866151
107.496666666667,0.00997394716599583
107.508333333333,0.00724962558038828
107.52,0.00383430545936206
107.531666666667,-0.000243167078288505
107.543333333333,-0.00494023430577258
107.555,-0.0102007813050624
107.566666666667,-0.0159554043788167
107.578333333333,-0.0221219849639959
107.59,-0.0286065253212633
107.601666666667,-0.0353042766602448
107.613333333333,-0.0421010879821875
107.625,-0.0488746317859177
107.636666666667,-0.0554965656600983
107.648333333333,-0.0618345056360165
107.66,-0.0677537508886625
107.671666666667,-0.0731195962135615
107.683333333333,-0.0777996063730872
107.695,-0.081665876376055
107.706666666667,-0.0845973937784295
107.718333333333,-0.086482245722239
107.73,-0.0872198854241148
107.741666666667,-0.0867231763004215
107.753333333333,-0.0849202974352856
107.765,-0.0817564877922803
107.776666666667,-0.0771955040540255
107.788333333333,-0.0712209918479513
107.8,-0.0638373339722246
107.811666666667,-0.0550702700194461
107.823333333333,-0.0449673165327657
107.835,-0.0335975069610832
107.846666666667,-0.0210512965877684
107.858333333333,-0.00743971546548794
107.87,0.0071067523702016
107.881666666667,0.0224395481431397
107.893333333333,0.0383938944454944
107.905,0.0547903754574629
107.916666666667,0.0714377263220654
107.928333333333,0.0881356608492871
107.94,0.104676972578077
107.951666666667,0.120850710678197
107.963333333333,0.136445181982386
107.975,0.15125087946991
107.986666666667,0.165063755112151
107.998333333333,0.177688166866673
108.01,0.188939915063798
108.021666666667,0.198649034040897
108.033333333333,0.206662411749624
108.045,0.212846552207352
108.056666666667,0.217089295386115
108.068333333333,0.21930168537158
108.08,0.21941977337893
108.091666666667,0.217405695403956
108.103333333333,0.213248467964893
108.115,0.206964300133748
108.126666666667,0.19859663537511
108.138333333333,0.188215905539983
108.15,0.175918461553436
108.161666666667,0.16182540118636
108.173333333333,0.146081043179153
108.185,0.128850871883426
108.196666666667,0.110319390650703
108.208333333333,0.0906874866218077
108.22,0.0701696711813715
108.231666666667,0.048991066796698
108.243333333333,0.0273841699049817
108.255,0.00558602623397856
108.266666666667,-0.0161656369278214
108.278333333333,-0.0376356309722823
108.29,-0.0585942761932792
108.301666666667,-0.0788206460603434
108.313333333333,-0.0981056008616107
108.325,-0.116254493693541
108.336666666667,-0.133089805135939
108.348333333333,-0.148453317084205
108.36,-0.162208076082315
108.371666666667,-0.174240038766631
108.383333333333,-0.184459212821391
108.395,-0.192800730723685
108.406666666667,-0.199225036566689
108.418333333333,-0.203718023368694
108.43,-0.206290808817419
108.441666666667,-0.206978982174234
108.453333333333,-0.205841627333202
108.465,-0.202959644126763
108.476666666667,-0.198434378225799
108.488333333333,-0.192385645857559
108.5,-0.184949246834355
108.511666666667,-0.176274635187584
108.523333333333,-0.166522327563128
108.535,-0.155861139972538
108.546666666667,-0.144465466796066
108.558333333333,-0.13251227765339
108.57,-0.120178573728403
108.581666666667,-0.107638566902647
108.593333333333,-0.0950610554061465
108.605,-0.0826070269669201
108.616666666667,-0.0704272669907798
108.628333333333,-0.0586606182472197
108.64,-0.0474319842862764
108.651666666667,-0.0368508246864466
108.663333333333,-0.0270101158561188
108.675,-0.0179849299817166
108.686666666667,-0.00983259137893123
108.698333333333,-0.00259211627020885
108.71,0.00371581936104136
108.721666666667,0.00908843266027699
108.733333333333,0.0135403391581076
108.745,0.0171021144649583
108.756666666667,0.0198195635093483
108.768333333333,0.0217528291021015
108.78,0.0229739768214402
108.791666666667,0.0235655292039364
108.803333333333,0.0236185593888881
108.815,0.0232308457694598
108.826666666667,0.0225048317403454
108.838333333333,0.0215450574075422
108.85,0.0204567750559894
108.861666666667,0.0193437325235268
108.873333333333,0.0183062448321258
108.885,0.0174397098912109
108.896666666667,0.0168326128372421
108.908333333333,0.0165652446416432
108.92,0.0167084134296259
108.931666666667,0.0173223853136475
108.943333333333,0.018456118692022
108.955,0.0201462002869481
108.966666666667,0.0224170045548959
108.978333333333,0.0252805537336878
108.99,0.0287361898625664
109.001666666667,0.0327709668477855
109.013333333333,0.0373600423405529
109.025,0.0424675068900696
109.036666666667,0.0480471045567675
109.048333333333,0.0540427663727581
109.06,0.0603901611723878
109.071666666667,0.0670177394892145
109.083333333333,0.0738479191188924
109.095,0.0807984852120948
109.106666666667,0.0877837933027988
109.118333333333,0.0947161832053928
109.13,0.101507244342215
109.141666666667,0.108069088147144
109.153333333333,0.114315569709265
109.165,0.120163255181359
109.176666666667,0.125532717155421
109.188333333333,0.130349429148742
109.2,0.134544441684865
109.211666666667,0.138055121694899
109.223333333333,0.140825687807209
109.235,0.142807812705306
109.246666666667,0.143960768780092
109.258333333333,0.144251503869526
109.27,0.143654975309053
109.281666666667,0.142154042549967
109.293333333333,0.139739341894467
109.305,0.13640911772371
109.316666666667,0.132168935742063
109.328333333333,0.127031375509992
109.34,0.121015598311897
109.351666666667,0.114146979537738
109.363333333333,0.106456688348247
109.375,0.0979811980092065
109.386666666667,0.0887618699868521
109.398333333333,0.078844538172101
109.41,0.0682791372098635
109.421666666667,0.0571192935891614
109.433333333333,0.0454219527589784
109.445,0.0332472433608263
109.456666666667,0.0206579807628876
109.468333333333,0.0077193632097509
109.48,-0.00550106260807255
109.491666666667,-0.0189336709513168
109.503333333333,-0.0325069371968655
109.515,-0.0461474490337601
109.526666666667,-0.0597802484922997
109.538333333333,-0.0733290198895969
109.55,-0.0867161119504744
109.561666666667,-0.0998628017670543
109.573333333333,-0.112689463621806
109.585,-0.125115916761043
109.596666666667,-0.137061656954372
109.608333333333,-0.148446161786991
109.62,-0.159189430743493
109.631666666667,-0.169212377541573
109.643333333333,-0.178437397327475
109.655,-0.186788911220663
109.666666666667,-0.194194101718109
109.678333333333,-0.200583596399326
109.69,-0.205892152780622
109.701666666667,-0.210059506264995
109.713333333333,-0.213031132787203
109.725,-0.214759159960035
109.736666666667,-0.215203118562908
109.748333333333,-0.214330684357267
109.76,-0.212118592187593
109.771666666667,-0.208553278185392
109.783333333333,-0.203631606372436
109.795,-0.197361356106882
109.806666666667,-0.189761789421924
109.818333333333,-0.180864051944454
109.83,-0.170711310279556
109.841666666667,-0.159358938088963
109.853333333333,-0.146874364369882
109.865,-0.133337041036183
109.876666666667,-0.11883786557581
109.888333333333,-0.103478533752565
109.9,-0.087371064839566
109.911666666667,-0.0706368052546113
109.923333333333,-0.0534053756351901
109.935,-0.035813538130991
109.946666666667,-0.0180037531092232
109.958333333333,-0.00012271530211916
109.97,0.0176801500813808
109.981666666667,0.0352544191319034
109.993333333333,0.0524503787675588
110.005,0.0691206996201567
110.016666666667,0.0851223075039918
110.028333333333,0.100318225772083
110.04,0.114579187889721
110.051666666667,0.127785321320896
110.063333333333,0.139827743536202
110.075,0.150609888558301
110.086666666667,0.16004892936595
110.098333333333,0.168076886746741
110.11,0.174641504258731
110.121666666667,0.17970701296703
110.133333333333,0.18325459604594
110.145,0.185282724409648
110.156666666667,0.185807106252271
110.168333333333,0.184860399099221
110.18,0.182491858785733
110.191666666667,0.178766551962639
110.203333333333,0.173764432350992
110.215,0.167579095026998
110.226666666667,0.160316480094801
110.238333333333,0.152093339678383
110.25,0.143035435215206
110.261666666667,0.13327567511021
110.273333333333,0.122952132602162
110.285,0.112206065325779
110.296666666667,0.101179738992468
110.308333333333,0.0900143079178292
110.32,0.078847793967493
110.331666666667,0.0678130447852169
110.343333333333,0.0570357850293768
110.355,0.046632866672267
110.366666666667,0.0367105967340504
110.378333333333,0.0273631424715889
110.39,0.018671369266892
110.401666666667,0.0107018097169915
110.413333333333,0.00350581420833618
110.425,-0.00288085229972758
110.436666666667,-0.00843843860023782
110.448333333333,-0.0131632446515869
110.46,-0.0170671828286633
110.471666666667,-0.0201772552199765
110.483333333333,-0.0225347892460799
110.495,-0.0241943465604669
110.506666666667,-0.0252224125981632
110.518333333333,-0.0256959323825146
110.53,-0.0257006474299564
110.541666666667,-0.0253292579656226
110.553333333333,-0.0246794796968164
110.565,-0.023852010074506
110.576666666667,-0.0229484351969642
110.588333333333,-0.0220691495921788
110.6,-0.0213113061599272
110.611666666667,-0.0207667933949305
110.623333333333,-0.0205202960166952
110.635,-0.0206475591276804
110.646666666667,-0.0212138175017396
110.658333333333,-0.0222723235279581
110.67,-0.0238631605552257
110.681666666667,-0.0260122847034094
110.693333333333,-0.0287308579279999
110.705,-0.0320148758980027
110.716666666667,-0.0358449576989123
110.728333333333,-0.0401865384419699
110.74,-0.0449903664822541
110.751666666667,-0.0501932570870537
110.763333333333,-0.0557190847495205
110.775,-0.0614800243236168
110.786666666667,-0.0673781572568274
110.798333333333,-0.0733071275874735
110.81,-0.0791540467367158
110.821666666667,-0.0848015877683334
110.833333333333,-0.090130088044939
110.845,-0.0950199646749042
110.856666666667,-0.0993538269086343
110.868333333333,-0.103018717241172
110.88,-0.105908523350814
110.891666666667,-0.107926057975351
110.903333333333,-0.108985165433658
110.915,-0.109012423629239
110.926666666667,-0.107948969713907
110.938333333333,-0.105752113306987
110.95,-0.102396286470482
110.961666666667,-0.0978740528330853
110.973333333333,-0.0921967294945076
110.985,-0.0853946563951647
110.996666666667,-0.0775172686790811
111.008333333333,-0.0686326186588676
111.02,-0.0588268009651856
111.031666666667,-0.0482029396766653
111.043333333333,-0.036879757945296
111.055,-0.0249903196767169
111.066666666667,-0.0126798939233236
111.078333333333,-0.000103749268207077
111.09,0.0125749263885444
111.101666666667,0.0251875856286104
111.113333333333,0.0375628730214582
111.125,0.0495294053844907
111.136666666667,0.0609185185820054
111.148333333333,0.071566855785346
111.16,0.0813191696364523
111.171666666667,0.0900308929626594
111.183333333333,0.0975706013659654
111.195,0.103822313511503
111.206666666667,0.108687516562395
111.218333333333,0.1120870598249
111.23,0.11396264420916
111.241666666667,0.114278030905505
111.253333333333,0.11301993120978
111.265,0.110198481488923
111.276666666667,0.105847463534925
111.288333333333,0.100024018239504
111.3,0.0928080516961137
111.311666666667,0.0843012608315178
111.323333333333,0.0746257798181954
111.335,0.063922656635308
111.346666666667,0.0523496718279661
111.358333333333,0.0400790502514493
111.37,0.0272950877110919
111.381666666667,0.0141912782729601
111.393333333333,0.000967528304984931
111.405,-0.0121730482287224
111.416666666667,-0.0250271548962135
111.428333333333,-0.0373943118948591
111.44,-0.0490801919661686
111.451666666667,-0.0598996007478211
111.463333333333,-0.0696794268612634
111.475,-0.0782613721660212
111.486666666667,-0.0855045176602661
111.498333333333,-0.0912877242651368
111.51,-0.0955115202377946
111.521666666667,-0.0980998197478094
111.533333333333,-0.0990012385554773
111.545,-0.0981899726958752
111.556666666667,-0.0956664464628342
111.568333333333,-0.0914574168919685
111.58,-0.0856156589761835
111.591666666667,-0.0782192851586077
111.603333333333,-0.0693706646471495
111.615,-0.0591949830462699
111.626666666667,-0.0478383711642685
111.638333333333,-0.0354657194556297
111.65,-0.0222582076927254
111.661666666667,-0.00841057953477473
111.673333333333,0.00587179345211764
111.685,0.0203760961147305
111.696666666667,0.0348853479995358
111.708333333333,0.0491816883629373
111.72,0.0630497271423123
111.731666666667,0.0762798801162262
111.743333333333,0.0886716147465597
111.755,0.100036553120657
111.766666666667,0.11020134664066
111.778333333333,0.119010369430694
111.79,0.126328165629605
111.801666666667,0.132041491506286
111.813333333333,0.13606105661453
111.825,0.138322923349254
111.836666666667,0.138789432581983
111.848333333333,0.137449723902984
111.86,0.134319884320641
111.871666666667,0.129442665742286
111.883333333333,0.122886745204526
111.895,0.114745565571508
111.906666666667,0.105135842775427
111.918333333333,0.0941957254770915
111.93,0.0820825108678223
111.941666666667,0.0689701180403866
111.953333333333,0.055046375474072
111.965,0.040509959457557
111.976666666667,0.0255672568334074
111.988333333333,0.0104291645070076
112,-0.00469229983782753
112.011666666667,-0.0195873008379111
112.023333333333,-0.0340514391817762
112.035,-0.0478889752983864
112.046666666667,-0.0609158213099044
112.058333333333,-0.0729623667810873
112.07,-0.0838760288771885
112.081666666667,-0.0935235120027526
112.093333333333,-0.101792822891625
112.105,-0.108594771408197
112.116666666667,-0.113864218180329
112.128333333333,-0.117560956051031
112.14,-0.119670019544527
112.151666666667,-0.120201705942525
112.163333333333,-0.119191136045725
112.175,-0.116697367483864
112.186666666667,-0.112802200242457
112.198333333333,-0.107608562525369
112.21,-0.10123857662661
112.221666666667,-0.093831272473073
112.233333333333,-0.0855400871866483
112.245,-0.0765301705639707
112.256666666667,-0.0669753774785574
112.268333333333,-0.0570552330437456
112.28,-0.046951854272336
112.291666666667,-0.0368467664817839
112.303333333333,-0.0269177741158949
112.315,-0.0173360014020029
112.326666666667,-0.00826298096011932
112.338333333333,0.000152092996509595
112.35,0.0077748338381584
112.361666666667,0.0144878977205153
112.373333333333,0.0201927979134131
112.385,0.0248115624367242
112.396666666667,0.0282879319611056
112.408333333333,0.0305880642766999
112.42,0.0317010303335418
112.431666666667,0.0316387783431759
112.443333333333,0.0304358010476336
112.455,0.0281482572494619
112.466666666667,0.0248528111184167
112.478333333333,0.0206452528502964
112.49,0.0156385612778059
112.501666666667,0.0099607636442982
112.513333333333,0.00375251257100952
112.525,-0.00283547067110453
112.536666666667,-0.00964518645930135
112.548333333333,-0.0165144229870157
112.56,-0.0232796094402791
112.571666666667,-0.0297788114619388
112.583333333333,-0.0358547819570278
112.595,-0.0413577156288096
112.606666666667,-0.0461480307490794
112.618333333333,-0.0500989766285256
112.63,-0.0530989499598769
112.641666666667,-0.0550535570193321
112.653333333333,-0.0558872761852679
112.665,-0.055545039777439
112.676666666667,-0.053993275186592
112.688333333333,-0.0512203962240847
112.7,-0.0472372267160025
112.711666666667,-0.0420768853257599
112.723333333333,-0.0357942715862922
112.735,-0.0284652137721
112.746666666667,-0.0201852054778093
112.758333333333,-0.0110678270886701
112.77,-0.00124280814378604
112.781666666667,0.00914615294388933
112.793333333333,0.019943779683185
112.805,0.0309859276700468
112.816666666667,0.0421024010633414
112.828333333333,0.0531197771555486
112.84,0.0638644052657847
112.851666666667,0.0741653794018896
112.863333333333,0.0838574703699744
112.875,0.0927839518577909
112.886666666667,0.100799219939545
112.898333333333,0.10777131729753
112.91,0.113584202629379
112.921666666667,0.118139714689029
112.933333333333,0.121359232416592
112.945,0.123184997760826
112.956666666667,0.12358112599628
112.968333333333,0.122534165184827
112.98,0.120053306755435
112.991666666667,0.116170199846459
113.003333333333,0.110938324813871
113.015,0.104432224523681
113.026666666667,0.0967461207182114
113.038333333333,0.0879921912801692
113.05,0.0782986892128635
113.061666666667,0.0678077322539523
113.073333333333,0.0566729506075372
113.085,0.0450567048600413
113.096666666667,0.0331273367105627
113.108333333333,0.0210564600832013
113.12,0.00901598394439884
113.131666666667,-0.00282476116603455
113.143333333333,-0.0143018834704981
113.155,-0.0252596191343742
113.166666666667,-0.0355528606331551
113.178333333333,-0.0450496031999679
113.19,-0.0536330021869931
113.201666666667,-0.0612032090797777
113.213333333333,-0.0676789764224841
113.225,-0.0729986945944557
113.236666666667,-0.0771212693269189
113.248333333333,-0.0800266781179771
113.26,-0.0817159989104427
113.271666666667,-0.0822111316019143
113.283333333333,-0.0815540658316446
113.295,-0.0798060003599756
113.306666666667,-0.0770459719171899
113.318333333333,-0.0733690340620387
113.33,-0.0688844022776743
113.341666666667,-0.0637132688575824
113.353333333333,-0.057986432453507
113.365,-0.0518416923577257
113.376666666667,-0.0454212111403452
113.388333333333,-0.0388688678793088
113.4,-0.0323274278186012
113.411666666667,-0.0259358715376691
113.423333333333,-0.0198268242248516
113.435,-0.0141240631622563
113.446666666667,-0.00894019385287448
113.458333333333,-0.00437461656561993
113.47,-0.000511710533057526
113.481666666667,0.0025806944569634
113.493333333333,0.0048524853728646
113.505,0.00627218213669901
113.516666666667,0.00682735588303014
113.528333333333,0.0065247954399994
113.54,0.00539028595719722
113.551666666667,0.00346796011904634
113.563333333333,0.00081947013086766
113.575,-0.00247748468962712
113.586666666667,-0.0063307254566971
113.598333333333,-0.010635324840284
113.61,-0.0152758164173665
113.621666666667,-0.0201284552936312
113.633333333333,-0.0250638445022411
113.645,-0.0299493586259805
113.656666666667,-0.034651789851285
113.668333333333,-0.039040255798636
113.68,-0.0429887313607887
113.691666666667,-0.0463786186610768
113.703333333333,-0.0491012035854163
113.715,-0.0510598747269547
113.726666666667,-0.0521721866208031
113.738333333333,-0.0523716454677465
113.75,-0.0516091716388088
113.761666666667,-0.0498542566732501
113.773333333333,-0.0470958351933182
113.785,-0.0433426359646066
113.796666666667,-0.0386232691878299
113.808333333333,-0.0329860778533129
113.82,-0.0264983505744807
113.831666666667,-0.019245273135636
113.843333333333,-0.0113286856827952
113.855,-0.00286518761781978
113.866666666667,0.00601580022761822
113.878333333333,0.0151740877712292
113.89,0.0244613598157777
113.901666666667,0.0337237189103827
113.913333333333,0.0428044506489815
113.925,0.0515469335951701
113.936666666667,0.0597973713356637
113.948333333333,0.0674076856961224
113.96,0.0742382686202717
113.971666666667,0.0801605701017836
113.983333333333,0.085059609844613
113.995,0.0888360900259777
114.006666666667,0.0914083845014466
114.018333333333,0.0927142846244041
114.03,0.0927122289374452
114.041666666667,0.0913822822952029
114.053333333333,0.0887267352490311
114.065,0.084770298053418
114.076666666667,0.0795599005846045
114.088333333333,0.0731640960062135
114.1,0.065672093307251
114.111666666667,0.0571924099632223
114.123333333333,0.0478512232581718
114.135,0.0377902776792351
114.146666666667,0.0271646030937479
114.158333333333,0.0161400762142487
114.17,0.0048906000448331
114.181666666667,-0.00640473877173085
114.193333333333,-0.0175646752949416
114.205,-0.0284088578317581
114.216666666667,-0.0387608610415707
114.228333333333,-0.0484511722911712
114.24,-0.0573200459000529
114.251666666667,-0.0652202584586638
114.263333333333,-0.0720196312791199
114.275,-0.0776033008807395
114.286666666667,-0.0818756908475348
114.298333333333,-0.0847621590636921
114.31,-0.0862103259300752
114.321666666667,-0.0861909904992914
114.333333333333,-0.0846987084261058
114.345,-0.0817518673342129
114.356666666667,-0.0773924064299288
114.368333333333,-0.0716853042210539
114.38,-0.0647174452476688
114.391666666667,-0.0565961741633322
114.403333333333,-0.0474476559828347
114.415,-0.0374146801446051
114.426666666667,-0.0266543405830582
114.438333333333,-0.0153355814609345
114.45,-0.00363635596964399
114.461666666667,0.00825926771512906
114.473333333333,0.0201641403646624
114.485,0.0318909925920748
114.496666666667,0.0432554344400457
114.508333333333,0.0540790494610263
114.52,0.0641921687906909
114.531666666667,0.0734365451613575
114.543333333333,0.0816678854052169
114.555,0.0887580119336889
114.566666666667,0.0945968397387149
114.578333333333,0.0990940750011974
114.59,0.102180486514281
114.601666666667,0.103808819888096
114.613333333333,0.103954404006399
114.625,0.102615380081164
114.636666666667,0.0998124728183881
114.648333333333,0.0955884349684788
114.66,0.0900071684982185
114.671666666667,0.0831524813209252
114.683333333333,0.0751265500892102
114.695,0.0660480784816946
114.706666666667,0.0560501978401605
114.718333333333,0.0452782396599135
114.73,0.0338872484799662
114.741666666667,0.0220393971959383
114.753333333333,0.00990142933617185
114.765,-0.00235820399819431
114.776666666667,-0.0145719537294912
114.788333333333,-0.0265755797959064
114.8,-0.0382108235333254
114.811666666667,-0.0493277250049886
114.823333333333,-0.0597867683129551
114.835,-0.0694608781055598
114.846666666667,-0.0782371048542409
114.858333333333,-0.0860180350776032
114.87,-0.0927229699114467
114.881666666667,-0.0982887861843637
114.893333333333,-0.102670436780517
114.905,-0.105841200891563
114.916666666667,-0.107792560783014
114.928333333333,-0.108533830173989
114.94,-0.108091513380116
114.951666666667,-0.106508308715325
114.963333333333,-0.103841928896663
114.975,-0.100163751347084
114.986666666667,-0.095557187600418
114.998333333333,-0.0901159156404655
115.01,-0.0839420307129634
115.021666666667,-0.0771440981337454
115.033333333333,-0.069835191278875
115.045,-0.0621308043085072
115.056666666667,-0.0541469039665492
115.068333333333,-0.0459981271731566
115.08,-0.0377959112069099
115.091666666667,-0.029646767016802
115.103333333333,-0.0216507649504328
115.115,-0.0139001923691483
115.126666666667,-0.00647836451960515
115.138333333333,0.000541322323858504
115.15,0.00709612857960719
115.161666666667,0.0131345079651174
115.173333333333,0.0186164018756081
115.185,0.0235133303464732
115.196666666667,0.0278082030490815
115.208333333333,0.0314949673126719
115.22,0.034578093245532
115.231666666667,0.0370718482159097
115.243333333333,0.0389994699715045
115.255,0.0403921602561801
115.266666666667,0.0412880102655049
115.278333333333,0.0417307922582575
115.29,0.0417687648154568
115.301666666667,0.0414534765977181
115.313333333333,0.0408384057120046
115.325,0.0399779449437738
115.336666666667,0.0389261793434328
115.348333333333,0.0377356090010033
115.36,0.0364563389868046
115.371666666667,0.0351351509298402
115.383333333333,0.0338147326016617
115.395,0.0325330343399115
115.406666666667,0.0313227595687667
115.418333333333,0.0302111076745508
115.43,0.0292194682333926
115.441666666667,0.0283633760017687
115.453333333333,0.0276526003043313
115.465,0.0270913607909882
115.476666666667,0.0266786629786459
115.488333333333,0.0264085183505982
115.5,0.0262705811727033
115.511666666667,0.0262507697622196
115.523333333333,0.0263316921471737
115.535,0.0264936239044844
115.546666666667,0.0267150439020475
115.558333333333,0.0269730291901074
115.57,0.0272442382484553
115.581666666667,0.0275054327203691
115.593333333333,0.0277340350380564
115.605,0.027908787645868
115.616666666667,0.028010053879421
115.628333333333,0.0280202346942971
115.64,0.0279241152517202
115.651666666667,0.0277090494917767
115.663333333333,0.0273651097360003
115.675,0.0268850833945848
115.686666666667,0.0262644512145891
115.698333333333,0.0255013337320409
115.71,0.0245962346269046
115.721666666667,0.0235518342606411
115.733333333333,0.022372759202955
115.745,0.0210650921303803
115.756666666667,0.0196361461253184
115.768333333333,0.0180941792845576
115.78,0.016447929084817
115.791666666667,0.0147063497009229
115.803333333333,0.0128782220144802
115.815,0.0109719683498761
115.826666666667,0.00899543768436717
115.838333333333,0.00695557905444192
115.85,0.00485840104543407
115.861666666667,0.00270892514824365
115.873333333333,0.000511173474435951
115.885,-0.00173167919119382
115.896666666667,-0.00401725373107885
115.908333333333,-0.00634382549870128
115.92,-0.00871001636044426
115.931666666667,-0.0111145404616408
115.943333333333,-0.0135558836763353
115.955,-0.0160319797496043
115.966666666667,-0.0185399069929904
115.978333333333,-0.0210754985856843
115.99,-0.023633024785542
116.001666666667,-0.026204944653878
116.013333333333,-0.0287816335373618
116.025,-0.0313511916372884
116.036666666667,-0.0338992912080166
116.048333333333,-0.0364091025146621
116.06,-0.0388613522138329
116.071666666667,-0.0412343822091858
116.083333333333,-0.0435043534223568
116.095,-0.0456455008167501
116.106666666667,-0.0476304530860111
116.118333333333,-0.0494307686746542
116.13,-0.0510173490365528
116.141666666667,-0.0523609886853863
116.153333333333,-0.0534330822216231
116.165,-0.0542061641152766
116.176666666667,-0.05465463496109
116.188333333333,-0.0547555094759208
116.2,-0.0544890628329047
116.211666666667,-0.0538394769754223
116.223333333333,-0.0527954644384219
116.235,-0.0513508421793269
116.246666666667,-0.0495048918995807
116.258333333333,-0.0472628469746241
116.27,-0.044636189868022
116.281666666667,-0.0416427236164353
116.293333333333,-0.0383066684228678
116.305,-0.0346584928241734
116.316666666667,-0.0307347493042157
116.328333333333,-0.0265776850900232
116.34,-0.0222346593661353
116.351666666667,-0.0177575572156126
116.363333333333,-0.0132019241263104
116.375,-0.00862617966973094
116.386666666667,-0.00409064244839827
116.398333333333,0.000343681854606122
116.41,0.00461611846303032
116.421666666667,0.00866752498857921
116.433333333333,0.0124414833288323
116.445,0.0158854162759157
116.456666666667,0.0189518132990703
116.468333333333,0.0215992703353292
116.48,0.0237934632908767
116.491666666667,0.0255080754084919
116.503333333333,0.0267255329094414
116.515,0.0274376365692495
116.526666666667,0.027645974512188
116.538333333333,0.027362185398056
116.55,0.0266080445693202
116.561666666667,0.0254153113980378
116.573333333333,0.0238254184173487
116.585,0.0218888675730152
116.596666666667,0.0196644974971096
116.608333333333,0.0172186167828737
116.62,0.0146238025158949
116.631666666667,0.0119576917250024
116.643333333333,0.0093015623450334
116.655,0.0067386433896847
116.666666666667,0.00435270262359574
116.678333333333,0.00222642186408712
116.69,0.000439488302966233
116.701666666667,-0.000933017801112521
116.713333333333,-0.00182229312805235
116.725,-0.00216744039586184
116.736666666667,-0.00191684860414232
116.748333333333,-0.00102955932006051
116.76,0.000523526351334149
116.771666666667,0.00275865202271438
116.783333333333,0.00567847576808572
116.795,0.00927154420255504
116.806666666667,0.0135119901928803
116.818333333333,0.0183595465987435
116.83,0.0237598374140443
116.841666666667,0.0296449248724846
116.853333333333,0.0359340926528125
116.865,0.0425349275169939
116.876666666667,0.0493446518984679
116.888333333333,0.0562517081985557
116.9,0.063137442752551
116.911666666667,0.0698780223487339
116.923333333333,0.0763465906819835
116.935,0.0824152465363161
116.946666666667,0.0879573874847115
116.958333333333,0.0928500786598765
116.97,0.0969761460859153
116.981666666667,0.100226430557068
116.993333333333,0.102501841893137
117.005,0.103715354420526
117.016666666667,0.103793791917209
117.028333333333,0.102679323026513
117.04,0.100330876884541
117.051666666667,0.0967251701950542
117.063333333333,0.0918574985970596
117.075,0.0857421513050222
117.086666666667,0.0784125328180259
117.098333333333,0.0699210929624751
117.11,0.06033875957372
117.121666666667,0.0497540666514656
117.133333333333,0.0382720776418984
117.145,0.0260128532282789
117.156666666667,0.013109792130146
117.168333333333,-0.000292256748649331
117.18,-0.0140392362865153
117.191666666667,-0.0279701788010384
117.203333333333,-0.0419196632018173
117.215,-0.0557203771822652
117.226666666667,-0.069205707273767
117.238333333333,-0.0822123434226789
117.25,-0.0945828264933246
117.261666666667,-0.106168003756906
117.273333333333,-0.116829348700271
117.285,-0.126441084967793
117.296666666667,-0.134892105297618
117.308333333333,-0.142087689882775
117.32,-0.147950887492439
117.331666666667,-0.15242359679177
117.343333333333,-0.15546736801273
117.355,-0.157063804619533
117.366666666667,-0.1572146958188
117.378333333333,-0.155941780848059
117.39,-0.153286114492144
117.401666666667,-0.149307204934201
117.413333333333,-0.144081784626694
117.425,-0.137702291082613
117.436666666667,-0.130275133417162
117.448333333333,-0.121918728498065
117.46,-0.112761318650206
117.471666666667,-0.102938677691919
117.483333333333,-0.0925917460094662
117.495,-0.0818641095049548
117.506666666667,-0.0708995665415082
117.518333333333,-0.0598396939028536
117.53,-0.0488214951350018
117.541666666667,-0.0379751850485571
117.553333333333,-0.0274220563483718
117.565,-0.0172727390784078
117.576666666667,-0.00762551858623772
117.588333333333,0.00143513203039623
117.6,0.00983957693289863
117.611666666667,0.0175338045433958
117.623333333333,0.0244798971439099
117.635,0.0306562471650822
117.646666666667,0.0360573144848952
117.658333333333,0.040693156516544
117.67,0.0445887518895719
117.681666666667,0.0477828582948304
117.693333333333,0.0503267560909282
117.705,0.0522826836633021
117.716666666667,0.0537221362155462
117.728333333333,0.0547240143742816
117.74,0.0553725292268779
117.751666666667,0.0557551867766498
117.763333333333,0.0559606313500367
117.775,0.0560765039009578
117.786666666667,0.0561874439083279
117.798333333333,0.056373033037476
117.81,0.0567059687451738
117.821666666667,0.0572503977983759
117.833333333333,0.0580603678152516
117.845,0.0591786444096709
117.856666666667,0.0606356583398022
117.868333333333,0.0624486677299576
117.88,0.0646213999203749
117.891666666667,0.0671438545985792
117.903333333333,0.069992402800828
117.915,0.0731303035730375
117.926666666667,0.0765082833197935
117.938333333333,0.0800654651519495
117.95,0.0837306753625154
117.961666666667,0.0874238298614978
117.973333333333,0.0910575767145364
117.985,0.0945390559740024
117.996666666667,0.0977718340433784
118.008333333333,0.10065792501996
118.02,0.103099790186689
118.031666666667,0.105002439388092
118.043333333333,0.10627546107647
118.055,0.106834926483871
118.066666666667,0.106605283879695
118.078333333333,0.10552110526378
118.09,0.103528546357708
118.101666666667,0.100586660288061
118.113333333333,0.0966685518536837
118.125,0.0917621893655337
118.136666666667,0.0858709050320304
118.148333333333,0.0790137020215952
118.16,0.0712252966213127
118.171666666667,0.0625558083135942
118.183333333333,0.053070187011273
118.195,0.0428473677334089
118.206666666667,0.0319791747555741
118.218333333333,0.0205690035608526
118.23,0.00873024959003842
118.241666666667,-0.00341541270929394
118.253333333333,-0.0157398958433938
118.265,-0.0281107804451629
118.276666666667,-0.0403933090325463
118.288333333333,-0.0524524585433998
118.3,-0.06415518342329
118.311666666667,-0.0753724957741587
118.323333333333,-0.0859814781776753
118.335,-0.095867260387472
118.346666666667,-0.104924756356121
118.358333333333,-0.113060300256665
118.37,-0.120193090346324
118.381666666667,-0.126256387815558
118.393333333333,-0.131198493913817
118.405,-0.134983379867734
118.416666666667,-0.13759120324147
118.428333333333,-0.139018546759062
118.44,-0.139278174192575
118.451666666667,-0.138398697196912
118.463333333333,-0.136423954829384
118.475,-0.133412037165878
118.486666666667,-0.12943423714254
118.498333333333,-0.124573706901692
118.51,-0.11892389593302
118.521666666667,-0.11258689352571
118.533333333333,-0.10567157585801
118.545,-0.0982917622169084
118.556666666667,-0.0905641710494162
118.568333333333,-0.082606393850097
118.58,-0.0745349810404841
118.591666666667,-0.0664634539241532
118.603333333333,-0.0585004378640631
118.615,-0.0507478337783851
118.626666666667,-0.0432992486479311
118.638333333333,-0.0362385596610487
118.65,-0.0296385590150494
118.661666666667,-0.0235599087597804
118.673333333333,-0.0180502613542225
118.685,-0.0131436835893416
118.696666666667,-0.00886028632040737
118.708333333333,-0.00520608127124671
118.72,-0.00217314699517281
118.731666666667,0.000260003544331033
118.743333333333,0.00212781886944409
118.755,0.00347681431983602
118.766666666667,0.00436452831840097
118.778333333333,0.0048582990079461
118.79,0.00503379552652668
118.801666666667,0.00497349135618231
118.813333333333,0.00476497536128248
118.825,0.00449910722993844
118.836666666667,0.00426825604960821
118.848333333333,0.0041644652932526
118.86,0.00427757060748555
118.871666666667,0.0046933917441415
118.883333333333,0.00549195780584666
118.895,0.00674585457574234
118.906666666667,0.00851869811564331
118.918333333333,0.0108637791493186
118.93,0.0138228058266281
118.941666666667,0.0174249003312047
118.953333333333,0.0216858264992875
118.965,0.02660728619674
118.976666666667,0.032176639921256
118.988333333333,0.0383668360615573
119,0.045136465246911
119.011666666667,0.0524301484715914
119.023333333333,0.0601791040027258
119.035,0.0683020003508482
119.046666666667,0.0767059997247805
119.058333333333,0.0852880002038776
119.07,0.0939360737711875
119.081666666667,0.102531020995874
119.093333333333,0.11094811425324
119.105,0.119058913705479
119.116666666667,0.126733229407225
119.128333333333,0.133841106992504
119.14,0.140254780051405
119.151666666667,0.145850703779145
119.163333333333,0.150511535288445
119.175,0.154128020731492
119.186666666667,0.156600811295177
119.198333333333,0.157842191603771
119.21,0.157777608330599
119.221666666667,0.156347039988211
119.233333333333,0.153506236511412
119.245,0.14922765473676
119.256666666667,0.143501242482786
119.268333333333,0.136334988363342
119.28,0.127755135488007
119.291666666667,0.11780621559586
119.303333333333,0.106550824195684
119.315,0.0940691146543515
119.326666666667,0.0804580678614239
119.338333333333,0.065830471816579
119.35,0.0503137023042216
119.361666666667,0.0340483288150857
119.373333333333,0.0171864334238878
119.385,-0.000110156754777611
119.396666666667,-0.0176718302162035
119.408333333333,-0.0353233321734432
119.42,-0.0528859112347888
119.431666666667,-0.0701795741068338
119.443333333333,-0.0870253444915129
119.455,-0.103247618631151
119.466666666667,-0.118676421862116
119.478333333333,-0.133149540066361
119.49,-0.146514691350769
119.501666666667,-0.158631506559499
119.513333333333,-0.169373395068717
119.525,-0.178629184981689
119.536666666667,-0.186304600261847
119.548333333333,-0.192323554228456
119.56,-0.196629115557158
119.571666666667,-0.199184278721664
119.583333333333,-0.199972434522532
119.595,-0.198997617196143
119.606666666667,-0.196284429938932
119.618333333333,-0.191877650067779
119.63,-0.185841658814827
119.641666666667,-0.178259547162007
119.653333333333,-0.169231948700799
119.665,-0.158875664755287
119.676666666667,-0.147322091214799
119.688333333333,-0.134715417930741
119.7,-0.121210635694296
119.711666666667,-0.106971449092502
119.723333333333,-0.0921680684506004
119.735,-0.0769748553342213
119.746666666667,-0.0615679925477756
119.758333333333,-0.0461231681534823
119.77,-0.030813214892163
119.781666666667,-0.015805826741594
119.793333333333,-0.00126134851365948
119.805,0.0126692669017525
119.816666666667,0.0258463391214784
119.828333333333,0.0381432529455231
119.84,0.049448010641924
119.851666666667,0.0596645059365425
119.863333333333,0.0687135773289038
119.875,0.0765338475205773
119.886666666667,0.0830822443387774
119.898333333333,0.0883342551112066
119.91,0.0922838813134116
119.921666666667,0.09494337331772
119.933333333333,0.0963427032482863
119.945,0.096528663022305
119.956666666667,0.0955638664371229
119.968333333333,0.0935254847916282
119.98,0.0905037242566657
119.991666666667,0.0866002421707271
120.003333333333,0.0819262849167929
120.015,0.0766007796029046
120.026666666667,0.0707483656293552
120.038333333333,0.06449732396945
120.05,0.0579775221929223
120.061666666667,0.0513183387363746
120.073333333333,0.0446466745743746
120.085,0.0380850264488948
120.096666666667,0.0317496627763454
120.108333333333,0.0257489283246015
120.12,0.020181732681423
120.131666666667,0.0151362238283713
120.143333333333,0.0106886112915486
120.155,0.00690232625104025
120.166666666667,0.0038272962258704
120.178333333333,0.00149939962059391
120.19,-5.96621541043805e-05
120.201666666667,-0.000842370491179779
120.213333333333,-0.000855174970538315
120.225,-0.000117977147872417
120.236666666667,0.0013364716331834
120.248333333333,0.00346343155848112
120.26,0.00620726719380877
120.271666666667,0.00950257717829531
120.283333333333,0.0132755081650025
120.295,0.0174451606305216
120.306666666667,0.0219250575794469
120.318333333333,0.0266246962192054
120.33,0.0314510627418976
120.341666666667,0.0363101683039096
120.353333333333,0.0411085256007915
120.365,0.0457545700985531
120.376666666667,0.0501600828413235
120.388333333333,0.0542414111243475
120.4,0.0579205728791279
120.411666666667,0.0611262501432468
120.423333333333,0.0637946565645549
120.435,0.0658702505168324
120.446666666667,0.0673061982162319
120.458333333333,0.0680647632598432
120.47,0.0681175458502812
120.481666666667,0.0674455256717509
120.493333333333,0.0660389895010525
120.505,0.0638972837179564
120.516666666667,0.0610284865047594
120.528333333333,0.0574489061760326
120.54,0.0531825402578905
120.551666666667,0.0482604678645645
120.563333333333,0.0427201384091551
120.575,0.0366046872782348
120.586666666667,0.0299621709439342
120.598333333333,0.0228447945726245
120.61,0.0153081905489849
120.621666666667,0.00741073252652752
120.633333333333,-0.000787139825613001
120.645,-0.00922355238169032
120.656666666667,-0.0178357417045717
120.668333333333,-0.0265605503791341
120.68,-0.0353348167214489
120.691666666667,-0.044095710059723
120.703333333333,-0.0527810549628826
120.715,-0.0613295437567443
120.726666666667,-0.0696808506328178
120.738333333333,-0.0777757386355461
120.75,-0.085556151228669
120.761666666667,-0.0929652437603676
120.773333333333,-0.0999473949381555
120.785,-0.106448204944203
120.796666666667,-0.112414580996258
120.808333333333,-0.117794819724186
120.82,-0.12253865873238
120.831666666667,-0.126597419431435
120.843333333333,-0.129924189599586
120.855,-0.132474213644276
120.866666666667,-0.134205174569863
120.878333333333,-0.135077503370096
120.89,-0.135054982030923
120.901666666667,-0.134105275980819
120.913333333333,-0.13220058041947
120.925,-0.129318318086868
120.936666666667,-0.125441810712286
120.948333333333,-0.120561090319773
120.96,-0.114673658739438
120.971666666667,-0.107785265821821
120.983333333333,-0.0999106306040837
120.995,-0.0910741195917928
121.006666666667,-0.0813104210048577
121.018333333333,-0.0706649991444897
121.03,-0.0591945252088991
121.041666666667,-0.0469671359315428
121.053333333333,-0.0340625064876849
121.065,-0.0205718459443123
121.076666666667,-0.00659752394107957
121.088333333333,0.00774738974869585
121.1,0.0223397550661661
121.111666666667,0.0370473360657327
121.123333333333,0.0517298989211532
121.135,0.0662406120092352
121.146666666667,0.0804275822544935
121.158333333333,0.0941355429834875
121.17,0.10720782697901
121.181666666667,0.119488386674204
121.193333333333,0.130823986077737
121.205,0.141066476809138
121.216666666667,0.15007508143654
121.228333333333,0.15771877141186
121.24,0.163878547884678
121.251666666667,0.168449648146748
121.263333333333,0.171343703973063
121.275,0.17249062839837
121.286666666667,0.171840409344238
121.298333333333,0.169364684036005
121.31,0.165057937410011
121.321666666667,0.158938443058185
121.333333333333,0.151048835647258
121.345,0.141456420166778
121.356666666667,0.13025299271862
121.368333333333,0.117554232868815
121.38,0.103498822153352
121.391666666667,0.0882470965673107
121.403333333333,0.0719793361723685
121.415,0.0548936426729753
121.426666666667,0.0372034932368836
121.438333333333,0.0191349905352346
121.45,0.000923779651747975
121.461666666667,-0.0171881976867857
121.473333333333,-0.0349562075249989
121.485,-0.0521363256530838
121.496666666667,-0.0684891024490275
121.508333333333,-0.0837833710895594
121.52,-0.097799864738769
121.531666666667,-0.110334755404407
121.543333333333,-0.121203114326544
121.555,-0.130242083187704
121.566666666667,-0.137313744025745
121.578333333333,-0.142307616012639
121.59,-0.145142864393848
121.601666666667,-0.145770022881388
121.613333333333,-0.144172193179472
121.625,-0.140365876470253
121.636666666667,-0.134401144312094
121.648333333333,-0.126361292139748
121.66,-0.116362048903029
121.671666666667,-0.104550163827425
121.683333333333,-0.0911014664270018
121.695,-0.0762185220659722
121.706666666667,-0.0601278006998483
121.718333333333,-0.0430763008514295
121.73,-0.0253279204678652
121.741666666667,-0.00715952529810214
121.753333333333,0.0111433448431528
121.765,0.0292908094951605
121.776666666667,0.0469931714194626
121.788333333333,0.0639655296216617
121.8,0.0799322720017334
121.811666666667,0.09463149437335
121.823333333333,0.107819184022104
121.835,0.119273269297948
121.846666666667,0.128797223923736
121.858333333333,0.136223271775126
121.87,0.141415256695752
121.881666666667,0.144270882388005
121.893333333333,0.144723668985796
121.905,0.142743873551277
121.916666666667,0.138339253690621
121.928333333333,0.131555212068771
121.94,0.122474107587936
121.951666666667,0.111214134079179
121.963333333333,0.0979274313572036
121.975,0.0827980187657498
121.986666666667,0.0660389999741814
121.998333333333,0.0478889561736604
122.01,0.0286084994406669
122.021666666667,0.00847618863324567
122.033333333333,-0.0122157016663227
122.045,-0.0331658338615405
122.056666666667,-0.0540685428718092
122.068333333333,-0.0746182270623078
122.08,-0.0945142210699047
122.091666666667,-0.113465340460815
122.103333333333,-0.131194398960791
122.115,-0.147442152753034
122.126666666667,-0.161971229045558
122.138333333333,-0.174569850785447
122.15,-0.185054665903975
122.161666666667,-0.193273375148462
122.173333333333,-0.199106845650982
122.185,-0.202470527106095
122.196666666667,-0.20331547092031
122.208333333333,-0.201628722660107
122.22,-0.197433166558409
122.231666666667,-0.190786742342224
122.243333333333,-0.181781132025458
122.255,-0.170540118248808
122.266666666667,-0.157217195589217
122.278333333333,-0.141992778640683
122.29,-0.125071271804003
122.301666666667,-0.106677612519056
122.313333333333,-0.0870535824101233
122.325,-0.06645405712124
122.336666666667,-0.0451429181669686
122.348333333333,-0.0233890520864582
122.36,-0.00146236264763951
122.371666666667,0.0203702292382556
122.383333333333,0.0418485432065986
122.395,0.0627227584164173
122.406666666667,0.0827567859021094
122.418333333333,0.10173128749537
122.43,0.11944636747671
122.441666666667,0.135723874478911
122.453333333333,0.150409286998944
122.465,0.163373184499953
122.476666666667,0.174512259847695
122.488333333333,0.183749871410424
122.5,0.191036185892153
122.511666666667,0.196347857792337
122.523333333333,0.199687284060595
122.535,0.201081555340145
122.546666666667,0.200580989315497
122.558333333333,0.198257303872142
122.57,0.19420165026849
122.581666666667,0.18852234274836
122.593333333333,0.181342376199272
122.605,0.172796982265423
122.616666666667,0.163030964876184
122.628333333333,0.15219596715526
122.64,0.140447923488198
122.651666666667,0.127944518258383
122.663333333333,0.114842715019767
122.675,0.101296525899653
122.686666666667,0.08745497062207
122.698333333333,0.0734601366949376
122.71,0.0594455913279586
122.721666666667,0.0455350517983487
122.733333333333,0.0318412030337608
122.745,0.0184650905795839
122.756666666667,0.0054956072557044
122.768333333333,-0.00699104375126198
122.78,-0.0189311408927841
122.791666666667,-0.0302731668500333
122.803333333333,-0.0409775596902232
122.815,-0.0510156072846963
122.826666666667,-0.0603686146537854
122.838333333333,-0.0690274771170688
122.85,-0.0769912478016226
122.861666666667,-0.0842659575171729
122.873333333333,-0.0908633772073845
122.885,-0.0967999753524945
122.896666666667,-0.102095683954175
122.908333333333,-0.106772528238812
122.92,-0.110853698920221
122.931666666667,-0.114362541118135
122.943333333333,-0.117321754987954
122.955,-0.119752663488945
122.966666666667,-0.121674601954057
122.978333333333,-0.123104555148636
122.99,-0.124056839148791
123.001666666667,-0.124543014350687
123.013333333333,-0.12457192819069
123.025,-0.124149904110079
123.036666666667,-0.123281016408055
123.048333333333,-0.121967446207137
123.06,-0.120210028879369
123.071666666667,-0.118008810298498
123.083333333333,-0.115363636220357
123.095,-0.112274819214051
123.106666666667,-0.108743868190297
123.118333333333,-0.104774073633367
123.13,-0.100371006306858
123.141666666667,-0.0955431224599574
123.153333333333,-0.0903021022326294
123.165,-0.0846633294977086
123.176666666667,-0.0786462675717447
123.188333333333,-0.0722743241060187
123.2,-0.0655749621057082
123.211666666667,-0.0585796225246047
123.223333333333,-0.0513234829317394
123.235,-0.0438451515732153
123.246666666667,-0.0361860782362171
123.258333333333,-0.028390272747136
123.27,-0.0205035318894768
123.281666666667,-0.0125727469714478
123.293333333333,-0.00464534499030306
123.305,0.00323182261411359
123.316666666667,0.0110130029927902
123.328333333333,0.0186542720098815
123.34,0.0261143016591114
123.351666666667,0.0333549846117478
123.363333333333,0.0403422369920882
123.375,0.0470461303506865
123.386666666667,0.0534412936091302
123.398333333333,0.0595076874992861
123.41,0.065230466623408
123.421666666667,0.0705999998518896
123.433333333333,0.075611846198627
123.445,0.0802664340696264
123.456666666667,0.0845687249704077
123.468333333333,0.0885277265888238
123.48,0.0921559392259956
123.491666666667,0.0954686307704405
123.503333333333,0.0984830684268776
123.515,0.1012176969899
123.526666666667,0.103691278532176
123.538333333333,0.105921999996471
123.55,0.107926579531333
123.561666666667,0.10971945154591
123.573333333333,0.111311963391254
123.585,0.112711646488259
123.596666666667,0.113921541699044
123.608333333333,0.11493973815389
123.62,0.115758984866954
123.631666666667,0.116366439269877
123.643333333333,0.116743616542956
123.655,0.116866443735405
123.666666666667,0.116705514222802
123.678333333333,0.116226495270806
123.69,0.11539070316919
123.701666666667,0.114155848435933
123.713333333333,0.112476847014474
123.725,0.110306900897252
123.736666666667,0.107598582624789
123.748333333333,0.104304890926834
123.76,0.100380606765901
123.771666666667,0.095783595545688
123.783333333333,0.0904760123795497
123.795,0.0844257130153972
123.806666666667,0.0776074009969311
123.818333333333,0.0700037262485305
123.83,0.0616064114726776
123.841666666667,0.0524171507584725
123.853333333333,0.0424484530263884
123.865,0.031724102309363
123.876666666667,0.0202796968311182
123.888333333333,0.0081629353605695
123.9,-0.00456646453255916
123.911666666667,-0.0178369149526591
123.923333333333,-0.0315655000796328
123.935,-0.0456583724998583
123.946666666667,-0.0600116871676909
123.958333333333,-0.0745128303848167
123.97,-0.089041476134508
123.981666666667,-0.10347103476926
123.993333333333,-0.117670178227043
124.005,-0.131504436853679
124.016666666667,-0.14483789988995
124.028333333333,-0.157535121481529
124.04,-0.169462939853729
124.051666666667,-0.180492230500727
124.063333333333,-0.190499872710483
124.075,-0.199370201121675
124.086666666667,-0.206996727519503
124.098333333333,-0.213283933350099
124.11,-0.21814840157097
124.121666666667,-0.221520129334165
124.133333333333,-0.223343425475623
124.145,-0.223577875941255
124.156666666667,-0.222198985167848
124.168333333333,-0.219198355251646
124.18,-0.214583927018748
124.191666666667,-0.208379894454149
124.203333333333,-0.200626468709527
124.215,-0.1913791887185
124.226666666667,-0.180708180326609
124.238333333333,-0.168697495877523
124.25,-0.155443854685796
124.261666666667,-0.141055421604055
124.273333333333,-0.125650359800305
124.285,-0.10935547535608
124.296666666667,-0.092304652825652
124.308333333333,-0.0746370728927291
124.32,-0.0564956998898024
124.331666666667,-0.0380256251974586
124.343333333333,-0.0193723789082874
124.355,-0.000680568686478368
124.366666666667,0.0179077050382274
124.378333333333,0.0362543854800681
124.39,0.0542266393136608
124.401666666667,0.0716979937083799
124.413333333333,0.0885493491138518
124.425,0.104669992433475
124.436666666667,0.119958181298316
124.448333333333,0.134321657204506
124.46,0.14767820465996
124.471666666667,0.15995583895299
124.483333333333,0.171093015876265
124.495,0.18103848998562
124.506666666667,0.189751246313684
124.518333333333,0.197200445853774
124.53,0.203364895930611
124.541666666667,0.208232699136569
124.553333333333,0.211800855669948
124.565,0.214074603362968
124.576666666667,0.21506691453217
124.588333333333,0.214798011316469
124.6,0.213294743396122
124.611666666667,0.210590055028871
124.623333333333,0.206722374485158
124.635,0.201735272258165
124.646666666667,0.195676879982195
124.658333333333,0.188599387746941
124.67,0.180558775086382
124.681666666667,0.171614397061502
124.693333333333,0.161828739536066
124.705,0.151267134047487
124.716666666667,0.139997431555089
124.728333333333,0.128090002622356
124.74,0.115617444610285
124.751666666667,0.102654429139717
124.763333333333,0.0892775465463872
124.775,0.0755650668525479
124.786666666667,0.0615968445329456
124.798333333333,0.0474541341227795
124.81,0.0332192449079563
124.821666666667,0.018975249932461
124.833333333333,0.00480564736253461
124.845,-0.0092059910977624
124.856666666667,-0.0229764821294551
124.868333333333,-0.0364236135109121
124.88,-0.0494666268639565
124.891666666667,-0.0620268067712087
124.903333333333,-0.0740282235410157
124.915,-0.085398243136151
124.926666666667,-0.0960683010202507
124.938333333333,-0.105974700993362
124.95,-0.115059220236651
124.961666666667,-0.12326988552105
124.973333333333,-0.130561504616792
124.985,-0.13689646074284
124.996666666667,-0.142245308527272
125.008333333333,-0.146586925892664
125.02,-0.149909119265252
125.031666666667,-0.152208879026987
125.043333333333,-0.153492534352302
125.055,-0.153775765266476
125.066666666667,-0.153083530162795
125.078333333333,-0.151449944897962
125.09,-0.148917819309347
125.101666666667,-0.14553818341036
125.113333333333,-0.141369619484368
125.125,-0.136477578131325
125.136666666667,-0.130933473806308
125.148333333333,-0.124813618141793
125.16,-0.118198223301563
125.171666666667,-0.11117022403583
125.183333333333,-0.103814114705465
125.195,-0.0962146779622644
125.206666666667,-0.0884557175789204
125.218333333333,-0.080618907936692
125.23,-0.0727825419817653
125.241666666667,-0.065020381047008
125.253333333333,-0.0574006063605456
125.265,-0.049984875212522
125.276666666667,-0.0428275139636511
125.288333333333,-0.0359747828594301
125.3,-0.0294643087144164
125.311666666667,-0.0233247130129897
125.323333333333,-0.0175754471081002
125.335,-0.0122267056706888
125.346666666667,-0.00727956747955973
125.358333333333,-0.00272638386254863
125.37,0.00144873605191273
125.381666666667,0.00526925728136105
125.393333333333,0.00876540821362936
125.405,0.0119732634176736
125.416666666667,0.0149335840425785
125.428333333333,0.0176907085274531
125.44,0.0202913363990772
125.451666666667,0.0227832174514401
125.463333333333,0.0252138918527872
125.475,0.027629360889101
125.486666666667,0.0300728590839646
125.498333333333,0.0325837212603345
125.51,0.0351962025918096
125.521666666667,0.0379385269728422
125.533333333333,0.0408321088798205
125.545,0.0438906816135155
125.556666666667,0.0471197710883503
125.568333333333,0.0505166062906509
125.58,0.0540697868185105
125.591666666667,0.0577593203593743
125.603333333333,0.0615569358770624
125.615,0.0654264563727861
125.626666666667,0.0693244080233124
125.638333333333,0.0732008292399431
125.65,0.077000234616072
125.661666666667,0.0806626907013185
125.673333333333,0.0841250085748868
125.685,0.0873221167475005
125.696666666667,0.0901884024980419
125.708333333333,0.0926590376772256
125.72,0.0946714520055518
125.731666666667,0.0961667470418989
125.743333333333,0.0970910218254877
125.755,0.0973965825353175
125.766666666667,0.0970431935504626
125.778333333333,0.0959991221947015
125.79,0.0942419469608055
125.801666666667,0.0917593018758128
125.813333333333,0.0885493301324338
125.825,0.0846211349719939
125.836666666667,0.079994840094455
125.848333333333,0.0747013444890669
125.86,0.0687821161475915
125.871666666667,0.0622886319337827
125.883333333333,0.0552816456632756
125.895,0.0478303638752615
125.906666666667,0.040011267889362
125.918333333333,0.0319068992460587
125.93,0.0236045495621527
125.941666666667,0.0151947846038382
125.953333333333,0.00676999348925883
125.965,-0.00157728543169291
125.976666666667,-0.00975586131510442
125.988333333333,-0.0176772904181205
126,-0.0252574970703104
126.011666666667,-0.0324181445969048
126.023333333333,-0.0390879128749245
126.035,-0.045203649139179
126.046666666667,-0.0507100921285975
126.058333333333,-0.0555639695310714
126.07,-0.0597320212414831
126.081666666667,-0.0631920179766336
126.093333333333,-0.0659329679897904
126.105,-0.0679550667224975
126.116666666667,-0.0692695182914198
126.128333333333,-0.0698980934885657
126.14,-0.0698725091650444
126.151666666667,-0.0692336088128515
126.163333333333,-0.0680303430187174
126.175,-0.0663187668209144
126.186666666667,-0.0641607670039166
126.198333333333,-0.0616226239047123
126.21,-0.0587737010801963
126.221666666667,-0.0556850326284958
126.233333333333,-0.0524278423668064
126.245,-0.0490721534460284
126.256666666667,-0.0456854680224325
126.268333333333,-0.0423314328300942
126.28,-0.0390687024359975
126.291666666667,-0.0359499271311579
126.303333333333,-0.0330207899244215
126.315,-0.0303193691254396
126.326666666667,-0.02787560875891
126.338333333333,-0.0257108650986612
126.35,-0.0238377964233729
126.361666666667,-0.0222604095797037
126.373333333333,-0.0209742417820404
126.385,-0.0199668410775718
126.396666666667,-0.019218316368216
126.408333333333,-0.0187020415944658
126.42,-0.018385539359928
126.431666666667,-0.0182314620226082
126.443333333333,-0.0181988331944016
126.455,-0.018243860648887
126.466666666667,-0.0183210969925987
126.478333333333,-0.0183851609545305
126.49,-0.0183916259401075
126.501666666667,-0.0182981680858656
126.513333333333,-0.0180656805187861
126.525,-0.0176592118693121
126.536666666667,-0.0170489293874585
126.548333333333,-0.0162107645735883
126.56,-0.0151270600989426
126.571666666667,-0.0137870180619335
126.583333333333,-0.012186885874745
126.595,-0.0103302024546666
126.606666666667,-0.00822767245028065
126.618333333333,-0.005896805023377
126.63,-0.00336154484347986
126.641666666667,-0.000651712494239655
126.653333333333,0.00219759631285526
126.665,0.00514707856720005
126.676666666667,0.0081541113980274
126.688333333333,0.0111735310223974
126.7,0.0141588637218315
126.711666666667,0.0170633811257104
126.723333333333,0.0198412857554518
126.735,0.0224486294987952
126.746666666667,0.0248443324127804
126.758333333333,0.0269914075191932
126.77,0.0288576890597873
126.781666666667,0.0304165705042236
126.793333333333,0.0316476900221739
126.805,0.0325373398402604
126.816666666667,0.0330788515692815
126.828333333333,0.0332727559159712
126.84,0.0331267606954902
126.851666666667,0.0326556112527823
126.863333333333,0.0318806781337294
126.875,0.0308296060279784
126.886666666667,0.0295356185801337
126.898333333333,0.0280366764166848
126.91,0.0263746684392635
126.921666666667,0.0245944143779221
126.933333333333,0.0227427053706404
126.945,0.0208670684966478
126.956666666667,0.0190146368988264
126.968333333333,0.0172312629119415
126.98,0.0155603265285889
126.991666666667,0.0140417095255047
127.003333333333,0.0127108800344786
127.015,0.0115979843594372
127.026666666667,0.0107272438642214
127.038333333333,0.0101162442998525
127.05,0.00977554419757232
127.061666666667,0.00970844981094356
127.073333333333,0.00991063755224494
127.085,0.0103707024097503
127.096666666667,0.0110702064426381
127.108333333333,0.0119837120575409
127.12,0.0130795913129388
127.131666666667,0.0143206817864666
127.143333333333,0.0156651998339286
127.155,0.0170675289189692
127.166666666667,0.0184790019523381
127.178333333333,0.0198496441904302
127.19,0.021128915538974
127.201666666667,0.0222668892642673
127.213333333333,0.0232156548289673
127.225,0.023929957029192
127.236666666667,0.0243686149868238
127.248333333333,0.0244955130875953
127.26,0.0242804051252866
127.271666666667,0.0236997424891815
127.283333333333,0.0227370232703289
127.295,0.0213838081406789
127.306666666667,0.0196398155383771
127.318333333333,0.0175126376946249
127.33,0.0150180233397194
127.341666666667,0.0121795562179317
127.353333333333,0.00902848373773921
127.365,0.00560275613185907
127.376666666667,0.00194631050689467
127.388333333333,-0.00189119355692223
127.4,-0.00585568811152545
127.411666666667,-0.0098897511989153
127.423333333333,-0.0139336973756597
127.435,-0.0179268140842889
127.446666666667,-0.0218083880031989
127.458333333333,-0.0255191934867123
127.47,-0.0290025410600291
127.481666666667,-0.0322053747796143
127.493333333333,-0.0350795174716466
127.505,-0.0375822989223922
127.516666666667,-0.0396776125472159
127.528333333333,-0.0413366869707565
127.54,-0.0425385364346601
127.551666666667,-0.0432703786543934
127.563333333333,-0.0435278716797774
127.575,-0.0433151064265998
127.586666666667,-0.0426445191752649
127.598333333333,-0.041536606009871
127.61,-0.0400194138336319
127.621666666667,-0.0381279463739821
127.633333333333,-0.0359034161657468
127.645,-0.0333923040395796
127.656666666667,-0.030645380662786
127.668333333333,-0.0277166857465662
127.68,-0.0246623561995261
127.691666666667,-0.021539450942168
127.703333333333,-0.0184048043535157
127.715,-0.0153138477134199
127.726666666667,-0.012319480240333
127.738333333333,-0.00947101648309709
127.75,-0.00681322834254535
127.761666666667,-0.0043854639041231
127.773333333333,-0.0022208835820886
127.785,-0.000345946019369963
127.796666666667,0.00122002956586618
127.808333333333,0.0024652807030428
127.82,0.00338565115238332
127.831666666667,0.00398452011769229
127.843333333333,0.00427261483932569
127.855,0.00426764870705935
127.866666666667,0.00399379316891945
127.878333333333,0.00348099556839291
127.89,0.00276422340369716
127.901666666667,0.00188257818456761
127.913333333333,0.000878308525782124
127.925,-0.000204144096027185
127.936666666667,-0.00131924208488519
127.948333333333,-0.00242147451132742
127.96,-0.00346637933335634
127.971666666667,-0.00441158880125575
127.983333333333,-0.00521780536522996
127.995,-0.00584967946017749
128.006666666667,-0.00627660780369379
128.018333333333,-0.00647342702082408
128.03,-0.00642096118703273
128.041666666667,-0.00610641395285186
128.053333333333,-0.00552365441368308
128.065,-0.00467328368138259
128.076666666667,-0.00356259360404349
128.088333333333,-0.00220540451111944
128.1,-0.00062167679199645
128.111666666667,0.00116298361854856
128.123333333333,0.0031179257548582
128.135,0.0052082119517991
128.146666666667,0.00739544204294483
128.158333333333,0.009638652900492
128.17,0.0118952534886488
128.181666666667,0.014122032128376
128.193333333333,0.0162762125864659
128.205,0.0183163357247058
128.216666666667,0.0202032309947188
128.228333333333,0.0219010143086415
128.24,0.0233778213665296
128.251666666667,0.0246065733265463
128.263333333333,0.0255655553193672
128.275,0.0262389093952061
128.286666666667,0.0266170210253523
128.298333333333,0.0266966537873918
128.31,0.0264810227411659
128.321666666667,0.0259797087757297
128.333333333333,0.0252084121797639
128.345,0.0241885715420594
128.356666666667,0.0229468150764521
128.368333333333,0.0215143715894835
128.38,0.0199263182497966
128.391666666667,0.0182207285763507
128.403333333333,0.0164378404411795
128.415,0.0146189736554371
128.426666666667,0.012805586370514
128.438333333333,0.0110384226472914
128.45,0.00935646796720586
128.461666666667,0.00779603175692492
128.473333333333,0.00638984240838842
128.485,0.00516637664208784
128.496666666667,0.00414915543224647
128.508333333333,0.00335605222779446
128.52,0.00279892738756818
128.531666666667,0.00248332645009644
128.543333333333,0.0024083131365013
128.555,0.00256645429370788
128.566666666667,0.00294397921596847
128.578333333333,0.00352104753457624
128.59,0.00427215262464795
128.601666666667,0.00516672016767925
128.613333333333,0.00616975098829656
128.625,0.00724261651833805
128.636666666667,0.00834393704907743
128.648333333333,0.00943047755599825
128.66,0.0104581630600728
128.671666666667,0.0113830762172822
128.683333333333,0.0121624385973049
128.695,0.0127556730345504
128.706666666667,0.0131253117488216
128.718333333333,0.0132378514267235
128.73,0.0130646271551307
128.741666666667,0.012582484666532
128.753333333333,0.0117743651409822
128.765,0.0106298024210405
128.776666666667,0.00914522663834297
128.788333333333,0.00732416398900266
128.8,0.00517725595660915
128.811666666667,0.00272213421801774
128.823333333333,-1.68389061759116e-05
128.835,-0.00300896667879858
128.846666666667,-0.00621777678139876
128.858333333333,-0.0096017148186703
128.87,-0.0131148845450471
128.881666666667,-0.0167079339282036
128.893333333333,-0.020328995172979
128.905,-0.0239246746790805
128.916666666667,-0.0274411034864075
128.928333333333,-0.0308249282265404
128.94,-0.0340243598659942
128.951666666667,-0.0369901682961513
128.963333333333,-0.0396765484322121
128.975,-0.0420421115590947
128.986666666667,-0.0440506482409606
128.998333333333,-0.0456716076352153
129.01,-0.0468807724798754
129.021666666667,-0.0476606389024296
129.033333333333,-0.0480006649643436
129.045,-0.0478974201828992
129.056666666667,-0.0473545279642284
129.068333333333,-0.0463825383457985
129.08,-0.0449985949533146
129.091666666667,-0.043225989568201
129.103333333333,-0.0410936812248501
129.115,-0.0386354913785515
129.126666666667,-0.0358893716391115
129.138333333333,-0.0328966953890748
129.15,-0.029701299334314
129.161666666667,-0.0263485486157002
129.173333333333,-0.0228843703519223
129.185,-0.0193544047892952
129.196666666667,-0.0158031171813078
129.208333333333,-0.0122727949753985
129.22,-0.00880281421686476
129.231666666667,-0.00542893668055909
129.243333333333,-0.0021827663964411
129.255,0.000908919517827818
129.266666666667,0.00382455595676955
129.278333333333,0.00654782228263118
129.29,0.0090679147975837
129.301666666667,0.0113795386004718
129.313333333333,0.0134827048565972
129.325,0.0153825659173855
129.336666666667,0.0170889730996815
129.348333333333,0.018615958095134
129.36,0.0199811709930472
129.371666666667,0.0212051953028339
129.383333333333,0.022310822156464
129.395,0.0233222639452722
129.406666666667,0.0242643419766003
129.418333333333,0.025161654841286
129.43,0.0260377749368738
129.441666666667,0.0269144866383309
129.453333333333,0.0278110215319618
129.465,0.0287434620955583
129.476666666667,0.0297241478127833
129.488333333333,0.0307611398031935
129.5,0.0318578913950383
129.511666666667,0.0330129997891348
129.523333333333,0.0342201039891234
129.535,0.0354678146636956
129.546666666667,0.0367398528605986
129.558333333333,0.0380154216773973
129.57,0.0392695261313532
129.581666666667,0.0404734341547751
129.593333333333,0.0415953749222943
129.605,0.0426010980401923
129.616666666667,0.0434546290241287
129.628333333333,0.0441192668386907
129.64,0.0445583546864213
129.651666666667,0.0447361505799337
129.663333333333,0.0446186945428462
129.675,0.0441747414296808
129.686666666667,0.0433766160874701
129.698333333333,0.0422008460263127
129.71,0.0406289099771895
129.721666666667,0.0386478825134739
129.733333333333,0.0362508767997117
129.745,0.0334374887524975
129.756666666667,0.0302140335554831
129.768333333333,0.0265936491322981
129.78,0.0225962877033947
129.791666666667,0.018248557656651
129.803333333333,0.0135835337181355
129.815,0.00864017654958689
129.826666666667,0.00346281480032982
129.838333333333,-0.00189931842936055
129.85,-0.00739293739390656
129.861666666667,-0.0129615194090806
129.873333333333,-0.0185462497400037
129.885,-0.0240868637966315
129.896666666667,-0.0295226250178321
129.908333333333,-0.0347934514580021
129.92,-0.0398407762476627
129.931666666667,-0.0446085011906754
129.943333333333,-0.0490439467187409
129.955,-0.0530985833483076
129.966666666667,-0.0567288430228718
129.978333333333,-0.0598967771504622
129.99,-0.062570576430119
130.001666666667,-0.064725019234338
130.013333333333,-0.0663416958699674
130.025,-0.0674092962709266
130.036666666667,-0.0679236393042396
130.048333333333,-0.0678874334652375
130.06,-0.0673101688656278
130.071666666667,-0.0662077128218013
130.083333333333,-0.0646019184640232
130.095,-0.062520024215372
130.106666666667,-0.0599940044055507
130.118333333333,-0.0570599358139035
130.13,-0.0537571916960558
130.141666666667,-0.0501276664534183
130.153333333333,-0.046214912854042
130.165,-0.0420633948068414
130.176666666667,-0.0377177145801094
130.188333333333,-0.0332217064183055
130.2,-0.0286178452025875
130.211666666667,-0.0239465945390802
130.223333333333,-0.0192457754580625
130.235,-0.0145501945068788
130.246666666667,-0.0098912285105984
130.258333333333,-0.00529654203105886
130.27,-0.000789927266121604
130.281666666667,0.00360873740550172
130.293333333333,0.00788336125710906
130.305,0.0120216217009193
130.316666666667,0.0160146281436493
130.328333333333,0.0198564852735797
130.34,0.0235439469298107
130.351666666667,0.0270759145250237
130.363333333333,0.030452933171788
130.375,0.0336765621585725
130.386666666667,0.0367487663808998
130.398333333333,0.0396714483860376
130.41,0.0424458106095884
130.421666666667,0.0450718434100117
130.433333333333,0.0475478788931231
130.445,0.0498701127038893
130.456666666667,0.0520323252627918
130.468333333333,0.054025623511526
130.48,0.055838315169833
130.491666666667,0.0574558700498282
130.503333333333,0.0588609331381765
130.515,0.0600336362435547
130.526666666667,0.0609518189748865
130.538333333333,0.0615913769643893
130.55,0.0619268105773639
130.561666666667,0.0619317727909736
130.573333333333,0.0615797522086717
130.585,0.0608447902308675
130.596666666667,0.0597022008716487
130.608333333333,0.0581294180362729
130.62,0.0561067724296885
130.631666666667,0.0536182690251328
130.643333333333,0.0506524037849214
130.655,0.0472027690072319
130.666666666667,0.0432687328154489
130.678333333333,0.0388560741004852
130.69,0.0339773726082137
130.701666666667,0.0286523743563539
130.713333333333,0.0229081638521235
130.725,0.0167793038201374
130.736666666667,0.0103077736108057
130.748333333333,0.00354264599735386
130.76,-0.00346021259571246
130.771666666667,-0.0106386660167907
130.783333333333,-0.0179249592062307
130.795,-0.0252465469707245
130.806666666667,-0.0325270219046565
130.818333333333,-0.0396870363932706
130.83,-0.0466454916545544
130.841666666667,-0.0533207149023325
130.853333333333,-0.0596316620241246
130.865,-0.065499242222292
130.876666666667,-0.0708475593895745
130.888333333333,-0.0756051630342089
130.9,-0.0797062594139836
130.911666666667,-0.0830918628237341
130.923333333333,-0.085710888361782
130.935,-0.0875210267701634
130.946666666667,-0.0884895911702229
130.958333333333,-0.0885942950721767
130.97,-0.0878237077958771
130.981666666667,-0.0861775987207899
130.993333333333,-0.083667136192748
131.005,-0.0803148478215194
131.016666666667,-0.0761543915197329
131.028333333333,-0.0712302260838292
131.04,-0.065597036225627
131.051666666667,-0.0593189840716056
131.063333333333,-0.0524688575106749
131.075,-0.0451269272414343
131.086666666667,-0.0373797983459894
131.098333333333,-0.0293192257512253
131.11,-0.0210407025584975
131.121666666667,-0.01264202737696
131.133333333333,-0.00422184639174489
131.145,0.00412182211821081
131.156666666667,0.0122929941345955
131.168333333333,0.0201991861256322
131.18,0.0277527500057895
131.191666666667,0.0348721015469963
131.203333333333,0.0414829724199021
131.215,0.0475192629699322
131.226666666667,0.0529239569516908
131.238333333333,0.0576499877354002
131.25,0.0616606374646239
131.261666666667,0.0649299441468598
131.273333333333,0.0674428008510597
131.285,0.0691950690445375
131.296666666667,0.0701934012369983
131.308333333333,0.0704546281446707
131.32,0.0700053831463255
131.331666666667,0.0688813593420921
131.343333333333,0.0671264342223304
131.355,0.0647917825481207
131.366666666667,0.0619347272849819
131.378333333333,0.0586176188159146
131.39,0.0549066028607028
131.401666666667,0.0508703699198397
131.413333333333,0.0465789156065971
131.425,0.0421022556250791
131.436666666667,0.0375092190195964
131.448333333333,0.0328663061445509
131.46,0.0282366102790647
131.471666666667,0.0236788268898559
131.483333333333,0.0192463952203482
131.495,0.0149867644983273
131.506666666667,0.0109407946164785
131.518333333333,0.00714231023866474
131.53,0.00361782981367647
131.541666666667,0.000386421956402005
131.553333333333,-0.00254029680047314
131.565,-0.00515791867467679
131.576666666667,-0.00746894156388446
131.588333333333,-0.00948235100806682
131.6,-0.0112130151508162
131.611666666667,-0.0126809913660459
131.623333333333,-0.0139107109798035
131.635,-0.0149301986048544
131.646666666667,-0.0157701818974968
131.658333333333,-0.016463023802106
131.67,-0.0170418368521336
131.681666666667,-0.0175395572804875
131.693333333333,-0.0179880155966495
131.705,-0.0184171249320642
131.716666666667,-0.0188539609452052
131.728333333333,-0.0193222040241177
131.74,-0.0198414988500869
131.751666666667,-0.0204268402955443
131.763333333333,-0.0210884981608902
131.775,-0.021831261672119
131.786666666667,-0.0226545488139129
131.798333333333,-0.0235527385272455
131.81,-0.0245150449831557
131.821666666667,-0.0255258647769091
131.833333333333,-0.026565172400305
131.845,-0.0276090136318915
131.856666666667,-0.0286302645006118
131.868333333333,-0.0295990690367047
131.88,-0.0304837275333384
131.891666666667,-0.0312515899783573
131.903333333333,-0.0318696623727979
131.915,-0.0323058331707276
131.926666666667,-0.0325297224044865
131.938333333333,-0.0325131151395242
131.95,-0.0322310157570815
131.961666666667,-0.0316622802868676
131.973333333333,-0.0307905553313822
131.985,-0.0296043234569858
131.996666666667,-0.0280975376909895
132.008333333333,-0.0262703647917236
132.02,-0.0241291166521555
132.031666666667,-0.0216864069304499
132.043333333333,-0.0189609404674424
132.055,-0.0159776805287189
132.066666666667,-0.0127676185102728
132.078333333333,-0.00936673218250034
132.09,-0.00581583112897912
132.101666666667,-0.00215989136670442
132.113333333333,0.00155277584439295
132.125,0.00527126506935146
132.136666666667,0.0089430678892304
132.148333333333,0.0125149294902951
132.16,0.0159338549283714
132.171666666667,0.019148095712852
132.183333333333,0.0221080339997395
132.195,0.0247673381257888
132.206666666667,0.0270838918217096
132.218333333333,0.0290202990883708
132.23,0.0305448452393126
132.241666666667,0.0316321564701764
132.253333333333,0.0322637686960295
132.265,0.0324284722721621
132.276666666667,0.0321226330474089
132.288333333333,0.0313504913509598
132.3,0.0301241023452671
132.311666666667,0.0284632203199232
132.323333333333,0.0263950887208995
132.335,0.0239539940744855
132.346666666667,0.0211807914743398
132.358333333333,0.0181222714600391
132.37,0.0148304003281662
132.381666666667,0.0113614842290695
132.393333333333,0.00777520764808098
132.405,0.00413368743240424
132.416666666667,0.000500430703362159
132.428333333333,-0.00306078526177897
132.44,-0.00648696110997792
132.451666666667,-0.00971694002097052
132.463333333333,-0.0126924688804717
132.475,-0.0153591979991657
132.486666666667,-0.0176676198384364
132.498333333333,-0.019573892591893
132.51,-0.0210406461990754
132.521666666667,-0.022037622930806
132.533333333333,-0.0225421657209769
132.545,-0.0225397456622135
132.556666666667,-0.0220241721972917
132.568333333333,-0.0209976579184755
132.58,-0.019470886209864
132.591666666667,-0.0174628280921164
132.603333333333,-0.0150004822624157
132.615,-0.0121184281704322
132.626666666667,-0.00885827107763392
132.638333333333,-0.00526804672362903
132.65,-0.00140141184657242
132.661666666667,0.00268319089534585
132.673333333333,0.00692345018522109
132.685,0.0112541915431122
132.696666666667,0.0156084362808354
132.708333333333,0.0199183848353979
132.72,0.024116492481591
132.731666666667,0.0281365690931488
132.743333333333,0.03191465607193
132.755,0.0353902254195009
132.766666666667,0.0385071119290227
132.778333333333,0.0412140554563322
132.79,0.0434656323075146
132.801666666667,0.0452229361806893
132.813333333333,0.0464540207840033
132.825,0.0471344967248516
132.836666666667,0.0472477857027431
132.848333333333,0.0467852065889222
132.86,0.0457461210700508
132.871666666667,0.044137855802947
132.883333333333,0.0419754880708035
132.895,0.0392815903347576
132.906666666667,0.0360857138142152
132.918333333333,0.0324239809521352
132.93,0.028338454077201
132.941666666667,0.0238763699261973
132.953333333333,0.0190896252565931
132.965,0.0140334949441845
132.976666666667,0.00876600063713717
132.988333333333,0.00334731392004749
133,-0.00216135176066583
133.011666666667,-0.00769857357326432
133.023333333333,-0.0132037626223136
133.035,-0.0186176466165528
133.046666666667,-0.0238829599912607
133.058333333333,-0.0289458499113901
133.07,-0.033756116842117
133.081666666667,-0.0382678095031094
133.093333333333,-0.0424398307121039
133.105,-0.0462362214757417
133.116666666667,-0.049626611276848
133.128333333333,-0.0525863105430097
133.14,-0.055096522255881
133.151666666667,-0.0571443795862729
133.163333333333,-0.0587226522847838
133.175,-0.0598300479730784
133.186666666667,-0.0604708170937436
133.198333333333,-0.0606540973686298
133.21,-0.0603937764033666
133.221666666667,-0.0597079870250943
133.233333333333,-0.0586187311942738
133.245,-0.0571511455125703
133.256666666667,-0.0553328723200133
133.268333333333,-0.0531938947431854
133.28,-0.0507657008369793
133.291666666667,-0.0480806977518892
133.303333333333,-0.045171732699645
133.315,-0.0420714452415732
133.326666666667,-0.0388118380692138
133.338333333333,-0.0354238534737864
133.35,-0.0319369348859513
133.361666666667,-0.0283786728269077
133.373333333333,-0.0247745474963452
133.385,-0.0211476948421228
133.396666666667,-0.0175187843167458
133.408333333333,-0.0139058690725792
133.42,-0.010324395004675
133.431666666667,-0.00678727702966331
133.443333333333,-0.00330490466984096
133.455,0.000114533926617821
133.466666666667,0.00346489974786894
133.478333333333,0.00674193097093797
133.49,0.00994290186852303
133.501666666667,0.0130663248866639
133.513333333333,0.016111530277618
133.525,0.0190784903522349
133.536666666667,0.0219673874004973
133.548333333333,0.0247782051602967
133.56,0.0275104949199752
133.571666666667,0.0301630062530004
133.583333333333,0.0327336351943328
133.595,0.0352188138901167
133.606666666667,0.0376134134592491
133.618333333333,0.0399109635526753
133.63,0.0421033484282201
133.641666666667,0.0441808334177042
133.653333333333,0.046131989704095
133.665,0.047943997900705
133.676666666667,0.0496029378665843
133.688333333333,0.0510934016604695
133.7,0.0523990978392532
133.711666666667,0.0535031870423063
133.723333333333,0.0543883108973675
133.735,0.0550374752751633
133.746666666667,0.0554341007309772
133.758333333333,0.055562344858643
133.77,0.0554076303540531
133.781666666667,0.0549569724917417
133.793333333333,0.0541995532435502
133.805,0.0531268229162528
133.816666666667,0.0517327145933365
133.828333333333,0.0500144947377187
133.84,0.0479726687251672
133.851666666667,0.0456112952111281
133.863333333333,0.0429379928672538
133.875,0.0399642504760111
133.886666666667,0.036705460857071
133.898333333333,0.0331805451255072
133.91,0.0294120580995532
133.921666666667,0.0254259596510661
133.933333333333,0.0212514251840164
133.945,0.0169204052766346
133.956666666667,0.0124672602248953
133.968333333333,0.00792852698143907
133.98,0.00334230074041946
133.991666666667,-0.00125220220637195
134.003333333333,-0.0058152881675323
134.015,-0.0103071912673606
134.026666666667,-0.0146886344926314
134.038333333333,-0.0189216153579907
134.05,-0.0229697861113476
134.061666666667,-0.0267990066976079
134.073333333333,-0.0303778976556764
134.085,-0.0336782273998459
134.096666666667,-0.0366753693958266
134.108333333333,-0.0393486373800135
134.12,-0.0416815960925165
134.131666666667,-0.043662270875689
134.143333333333,-0.045283262636037
134.155,-0.0465418885681007
134.166666666667,-0.0474401070019839
134.178333333333,-0.0479844037673679
134.19,-0.0481856583973667
134.201666666667,-0.048058910185903
134.213333333333,-0.0476230270459603
134.225,-0.0469002501029349
134.236666666667,-0.0459158704301826
134.248333333333,-0.0446976469254298
134.26,-0.0432752926768372
134.271666666667,-0.0416799662799671
134.283333333333,-0.0399434780838987
134.295,-0.0380980446219
134.306666666667,-0.0361755308149227
134.318333333333,-0.0342067318793445
134.33,-0.0322209694127029
134.341666666667,-0.0302455177042026
134.353333333333,-0.0283052322043538
134.365,-0.026422000002573
134.376666666667,-0.0246143796303646
134.388333333333,-0.0228975148257601
134.4,-0.0212828026003417
134.411666666667,-0.0197777681235241
134.423333333333,-0.0183860493902719
134.435,-0.0171073775961647
134.446666666667,-0.0159377543662806
134.458333333333,-0.0148696527768131
134.47,-0.0138922654449332
134.481666666667,-0.012991863283416
134.493333333333,-0.0121522172076056
134.505,-0.011354996913469
134.516666666667,-0.0105802726621337
134.528333333333,-0.00980713876975469
134.54,-0.00901422056480022
134.551666666667,-0.00818023393117596
134.563333333333,-0.00728459042001324
134.575,-0.00630788298557987
134.586666666667,-0.00523244433734707
134.598333333333,-0.00404287555058856
134.61,-0.00272645013022052
134.621666666667,-0.00127351591335173
134.633333333333,0.000322208689356937
134.645,0.00206328633139429
134.656666666667,0.00394844034031147
134.668333333333,0.00597253986712127
134.68,0.00812653896600735
134.691666666667,0.0103975729355133
134.703333333333,0.0127690395411825
134.715,0.0152209630550383
134.726666666667,0.0177303032168057
134.738333333333,0.0202712192399068
134.75,0.0228156124858805
134.761666666667,0.0253336188923062
134.773333333333,0.0277941428062503
134.785,0.0301654546273133
134.796666666667,0.0324157631657292
134.808333333333,0.0345138548278044
134.82,0.0364297095066616
134.831666666667,0.0381350544662549
134.843333333333,0.0396039376377461
134.855,0.040813264314816
134.866666666667,0.0417432482745126
134.878333333333,0.0423777991245959
134.89,0.0427048887866696
134.901666666667,0.0427168267486281
134.913333333333,0.0424103509239895
134.925,0.041786855047428
134.936666666667,0.0408523932500327
134.948333333333,0.0396174109257872
134.96,0.038096693814984
134.971666666667,0.0363091036479524
134.983333333333,0.0342772244111213
134.995,0.0320270093967155
135.006666666667,0.0295872632650742
135.018333333333,0.0269891419967926
135.03,0.0242655779332026
135.041666666667,0.0214506690591167
135.053333333333,0.0185791072452667
135.065,0.0156855158639486
135.076666666667,0.0128038140318646
135.088333333333,0.00996666596654703
135.1,0.00720493900155524
135.111666666667,0.00454721100812743
135.123333333333,0.00201922201724523
135.135,-0.000356426633276712
135.146666666667,-0.00256053442383549
135.158333333333,-0.00457791218087374
135.17,-0.00639733014535715
135.181666666667,-0.00801166017380754
135.193333333333,-0.0094178774070385
135.205,-0.0106168365886733
135.216666666667,-0.0116132389161349
135.228333333333,-0.012415405555636
135.24,-0.013034974534447
135.251666666667,-0.0134864883725933
135.263333333333,-0.0137870385132823
135.275,-0.0139556617727769
135.286666666667,-0.0140128423999409
135.298333333333,-0.0139801415279836
135.31,-0.0138795393001414
135.321666666667,-0.0137328947234727
135.333333333333,-0.0135614667679971
135.345,-0.0133853594264001
135.356666666667,-0.0132231343172754
135.368333333333,-0.0130913458900286
135.38,-0.0130042078034898
135.391666666667,-0.0129733229390031
135.403333333333,-0.0130073687610248
135.415,-0.0131121367323349
135.426666666667,-0.0132904175505033
135.438333333333,-0.0135419109367006
135.45,-0.0138634052511346
135.461666666667,-0.0142489324565314
135.473333333333,-0.0146900448814825
135.485,-0.0151760189463195
135.496666666667,-0.0156941659195407
135.508333333333,-0.0162304415575698
135.52,-0.0167697784086516
135.531666666667,-0.017296531310864
135.543333333333,-0.0177950703249458
135.555,-0.0182500428594607
135.566666666667,-0.0186469854612174
135.578333333333,-0.0189727770863625
135.59,-0.0192159879922501
135.601666666667,-0.0193672625893569
135.613333333333,-0.0194195143340158
135.625,-0.0193683442252802
135.636666666667,-0.0192122003993387
135.648333333333,-0.0189521845706301
135.66,-0.018592235366921
135.671666666667,-0.0181390572964303
135.683333333333,-0.0176018343181456
135.695,-0.016992197431668
135.706666666667,-0.016323837615673
135.718333333333,-0.0156120048724721
135.73,-0.0148731735196757
135.741666666667,-0.0141245388641965
135.753333333333,-0.0133836319027594
135.765,-0.0126675496314401
135.776666666667,-0.0119925095030755
135.788333333333,-0.0113734863712192
135.8,-0.0108235422441956
135.811666666667,-0.0103534090617254
135.823333333333,-0.00997103229544647
135.835,-0.00968120371292456
135.846666666667,-0.0094853241447231
135.858333333333,-0.00938108253831933
135.87,-0.00936240727136555
135.881666666667,-0.00941942222174737
135.893333333333,-0.00953847401777633
135.905,-0.00970238550877578
135.916666666667,-0.00989061725810562
135.928333333333,-0.0100797340679156
135.94,-0.0102438498496423
135.951666666667,-0.0103550967333851
135.963333333333,-0.0103844625174109
135.975,-0.0103020676369605
135.986666666667,-0.0100780360845991
135.998333333333,-0.00968356362188948
136.01,-0.00909143846160838
136.021666666667,-0.00827686196329451
136.033333333333,-0.00721815683213106
136.045,-0.0058975574429076
136.056666666667,-0.0043019208827318
136.068333333333,-0.0024230652534392
136.08,-0.000258433518691656
136.091666666667,0.00218857759503035
136.103333333333,0.00490831446436524
136.115,0.00788473195904884
136.126666666667,0.0110954181887773
136.138333333333,0.0145116255591076
136.15,0.0180986026771768
136.161666666667,0.0218159690694302
136.173333333333,0.0256183121978222
136.185,0.0294557104908739
136.196666666667,0.0332745250797856
136.208333333333,0.0370184742933926
136.22,0.040629471630754
136.231666666667,0.0440486816687423
136.243333333333,0.047217703413367
136.255,0.0500795087389694
136.266666666667,0.05257962623332
136.278333333333,0.0546674089189718
136.29,0.0562970201442926
136.301666666667,0.0574284344871774
136.313333333333,0.058028288812037
136.325,0.0580709173460246
136.336666666667,0.0575389394542754
136.348333333333,0.0564236608105351
136.36,0.0547255936332074
136.371666666667,0.0524546714165368
136.383333333333,0.049630282189321
136.395,0.0462811222916906
136.406666666667,0.0424448461697697
136.418333333333,0.0381676578796009
136.43,0.0335035697239157
136.441666666667,0.0285135604979838
136.453333333333,0.0232646444629404
136.465,0.0178286430487888
136.476666666667,0.0122810041918181
136.488333333333,0.00669949556357798
136.5,0.00116279271464732
136.511666666667,-0.00425091618902133
136.523333333333,-0.00946558255668485
136.535,-0.0144083011565019
136.546666666667,-0.0190108334567816
136.558333333333,-0.0232112382111726
136.57,-0.0269548372881309
136.581666666667,-0.0301953074806176
136.593333333333,-0.0328956118328191
136.605,-0.0350287344144608
136.616666666667,-0.0365783081783234
136.628333333333,-0.0375388685983426
136.64,-0.0379160930316859
136.651666666667,-0.037726686887274
136.663333333333,-0.0369980942664513
136.675,-0.0357680432065775
136.686666666667,-0.034083707695843
136.698333333333,-0.0320009414544358
136.71,-0.0295831370064589
136.721666666667,-0.0268999198187506
136.733333333333,-0.0240259334137601
136.745,-0.0210390430109701
136.756666666667,-0.0180189692119832
136.768333333333,-0.0150456637266159
136.78,-0.0121976312141477
136.791666666667,-0.00955033901741183
136.803333333333,-0.00717435322702195
136.815,-0.00513438724265774
136.826666666667,-0.00348782637614226
136.838333333333,-0.00228286952551756
136.85,-0.0015578613755922
136.861666666667,-0.00134035827027323
136.873333333333,-0.00164637942632571
136.885,-0.00248008853999997
136.896666666667,-0.00383343854702667
136.908333333333,-0.00568628583894967
136.92,-0.0080066127649789
136.931666666667,-0.0107510543212511
136.943333333333,-0.0138658331310826
136.955,-0.0172872980082075
136.966666666667,-0.0209433305640817
136.978333333333,-0.0247549356027265
136.99,-0.0286375901414036
137.001666666667,-0.0325028894240271
137.013333333333,-0.0362602580200039
137.025,-0.0398188562372421
137.036666666667,-0.0430894528061229
137.048333333333,-0.0459860192773154
137.06,-0.0484276295360538
137.071666666667,-0.0503401601287254
137.083333333333,-0.0516578136761563
137.095,-0.0523246517046609
137.106666666667,-0.0522957148713841
137.118333333333,-0.0515381430887842
137.13,-0.0500319613544067
137.141666666667,-0.0477705970626206
137.153333333333,-0.0447614847982118
137.165,-0.0410255607743303
137.176666666667,-0.0365973667425734
137.188333333333,-0.0315247675305171
137.2,-0.0258680092158392
137.211666666667,-0.0196987354868546
137.223333333333,-0.0130988446532722
137.235,-0.00615897953148488
137.246666666667,0.00102295961476718
137.258333333333,0.00834359220583778
137.27,0.0156959276669133
137.281666666667,0.0229712036857539
137.293333333333,0.0300610247029327
137.305,0.0368590437395129
137.316666666667,0.0432630730548708
137.328333333333,0.0491770130792138
137.34,0.0545124979161626
137.351666666667,0.0591905634946623
137.363333333333,0.0631429009642269
137.375,0.0663134248721859
137.386666666667,0.0686591076244407
137.398333333333,0.0701505535936839
137.41,0.0707726459571185
137.421666666667,0.0705247684517269
137.433333333333,0.0694207888038488
137.445,0.0674887219561365
137.456666666667,0.0647700260138495
137.468333333333,0.0613190596221105
137.48,0.0572018414767633
137.491666666667,0.0524947985886924
137.503333333333,0.0472833349524264
137.515,0.041660155677115
137.526666666667,0.0357237665247092
137.538333333333,0.0295763410943259
137.55,0.0233219256345876
137.561666666667,0.017064648911158
137.573333333333,0.0109064683387662
137.585,0.00494606431296549
137.596666666667,-0.000723419594527252
137.608333333333,-0.00601600636922693
137.62,-0.0108542138471515
137.631666666667,-0.0151704446733251
137.643333333333,-0.0189077174782974
137.655,-0.0220210766948013
137.666666666667,-0.0244782879537952
137.678333333333,-0.0262593383534698
137.69,-0.0273571103719747
137.701666666667,-0.0277771862890349
137.713333333333,-0.0275375268044024
137.725,-0.0266677950658046
137.736666666667,-0.0252082368016149
137.748333333333,-0.0232093525978561
137.76,-0.0207303134896139
137.771666666667,-0.0178376479213965
137.783333333333,-0.0146040067018097
137.795,-0.0111062602643609
137.806666666667,-0.00742417548444187
137.818333333333,-0.00363879716797291
137.83,0.000169168292953032
137.841666666667,0.00392086451846989
137.853333333333,0.00754101206435064
137.865,0.0109587150161459
137.876666666667,0.0141089343203922
137.888333333333,0.0169339339076725
137.9,0.0193839306211172
137.911666666667,0.0214178425627364
137.923333333333,0.0230037356233475
137.935,0.0241193069414612
137.946666666667,0.024752172941189
137.958333333333,0.0248992753453104
137.97,0.0245668964343688
137.981666666667,0.0237701934329563
137.993333333333,0.0225324796735775
138.005,0.0208845786877694
138.016666666667,0.0188637720590969
138.028333333333,0.0165128514742927
138.04,0.0138790035068557
138.051666666667,0.0110126243210987
138.063333333333,0.00796624897737932
138.075,0.00479311974643827
138.086666666667,0.00154616801053469
138.098333333333,-0.00172297421222898
138.11,-0.00496507728851714
138.121666666667,-0.00813423910861377
138.133333333333,-0.0111888372596813
138.145,-0.0140919534970212
138.156666666667,-0.0168119412810093
138.168333333333,-0.0193231076774369
138.18,-0.0216057287681949
138.191666666667,-0.0236461692011051
138.203333333333,-0.0254367949786369
138.215,-0.0269757331888571
138.226666666667,-0.0282665687728302
138.238333333333,-0.0293177518519366
138.25,-0.030142087245701
138.261666666667,-0.0307560251116667
138.273333333333,-0.0311789003819985
138.285,-0.0314321755534503
138.296666666667,-0.0315385527355619
138.308333333333,-0.0315212416541506
138.32,-0.0314031189854349
138.331666666667,-0.0312059601114816
138.343333333333,-0.0309498666814109
138.355,-0.0306524072071132
138.366666666667,-0.0303282071514573
138.378333333333,-0.0299887120834725
138.39,-0.029641767273633
138.401666666667,-0.0292914775823324
138.413333333333,-0.0289382481986231
138.425,-0.0285787103130075
138.436666666667,-0.0282060056062286
138.448333333333,-0.0278102488633239
138.46,-0.027378866127088
138.471666666667,-0.0268971761030633
138.483333333333,-0.0263489314921078
138.495,-0.0257170621469374
138.506666666667,-0.0249844020819918
138.518333333333,-0.024134279824251
138.53,-0.0231513207262277
138.541666666667,-0.0220221350615571
138.553333333333,-0.0207359726369856
138.565,-0.0192852326621795
138.576666666667,-0.0176660181236532
138.588333333333,-0.0158785636043586
138.6,-0.0139274623965293
138.611666666667,-0.0118218458865134
138.623333333333,-0.00957537323786356
138.635,-0.00720618021122273
138.646666666667,-0.00473662565964874
138.658333333333,-0.00219282584172119
138.67,0.00039577278823428
138.681666666667,0.00299705771359977
138.693333333333,0.00557687764446175
138.705,0.008099963753926
138.716666666667,0.0105307725947657
138.728333333333,0.0128342920210325
138.74,0.0149770501037308
138.751666666667,0.0169279648949135
138.763333333333,0.0186593904055333
138.775,0.0201477111174532
138.786666666667,0.0213741417822685
138.798333333333,0.0223256469736462
138.81,0.0229952968091331
138.821666666667,0.0233826951117255
138.833333333333,0.0234942753199837
138.845,0.0233432826914554
138.856666666667,0.0229497357800692
138.868333333333,0.0223402423824069
138.88,0.0215475240784218
138.891666666667,0.0206098204303689
138.903333333333,0.0195701838496386
138.915,0.0184754954716108
138.926666666667,0.0173754379096495
138.938333333333,0.0163214886059303
138.95,0.0153656384996194
138.961666666667,0.0145591266006648
138.973333333333,0.0139512005381889
138.985,0.0135877277188977
138.996666666667,0.0135100147646181
139.008333333333,0.01375364037526
139.02,0.0143473440168671
139.031666666667,0.0153120591127671
139.043333333333,0.0166600810705462
139.055,0.0183944881649209
139.066666666667,0.0205086709316983
139.078333333333,0.0229860229855433
139.09,0.0257999928388271
139.101666666667,0.0289142660887472
139.113333333333,0.0322832476646637
139.125,0.035852622362348
139.136666666667,0.0395602737052348
139.148333333333,0.0433374249900596
139.16,0.0471098685969451
139.171666666667,0.0507993765679801
139.183333333333,0.0543251895582044
139.195,0.0576057792218446
139.206666666667,0.0605605063907773
139.218333333333,0.0631112802293969
139.23,0.0651843349406991
139.241666666667,0.066711891835142
139.253333333333,0.0676337334348294
139.265,0.0678986631044237
139.276666666667,0.0674658434551876
139.288333333333,0.0663057938283022
139.3,0.064401284643966
139.311666666667,0.0617480222648795
139.323333333333,0.0583548622818621
139.335,0.0542440915119622
139.346666666667,0.0494511707926141
139.358333333333,0.0440240466922807
139.37,0.0380224857271788
139.381666666667,0.0315170023162775
139.393333333333,0.0245875476429558
139.405,0.0173219466229681
139.416666666667,0.00981414012075551
139.428333333333,0.0021623247001305
139.44,-0.00553311826562107
139.451666666667,-0.0131717334204871
139.463333333333,-0.0206551378904198
139.475,-0.0278891789327648
139.486666666667,-0.0347859959676331
139.498333333333,-0.0412659968484667
139.51,-0.0472596588474122
139.521666666667,-0.0527091420552735
139.533333333333,-0.0575696898903809
139.545,-0.0618106558665148
139.556666666667,-0.0654162989296573
139.568333333333,-0.0683862735768188
139.58,-0.0707356869010511
139.591666666667,-0.0724948168260699
139.603333333333,-0.0737084340357697
139.615,-0.0744349028759012
139.626666666667,-0.074744787027289
139.638333333333,-0.0747190744671514
139.65,-0.0744472695609433
139.661666666667,-0.0740251477805155
139.673333333333,-0.0735523122918436
139.685,-0.0731295389757537
139.696666666667,-0.0728560437793369
139.708333333333,-0.0728267243810477
139.72,-0.0731293648082595
139.731666666667,-0.0738419367602099
139.743333333333,-0.0750299267756664
139.755,-0.0767441204898671
139.766666666667,-0.0790184245901944
139.778333333333,-0.081867887288377
139.79,-0.0852873686288311
139.801666666667,-0.0892504396514484
139.813333333333,-0.0937088291786793
139.825,-0.0985921671515703
139.836666666667,-0.103808331209503
139.848333333333,-0.10924448893785
139.86,-0.114768302815792
139.871666666667,-0.120229785810111
139.883333333333,-0.125463643623862
139.895,-0.130291941185015
139.906666666667,-0.134527323111294
139.918333333333,-0.137976430970398
139.93,-0.140443705243253
139.941666666667,-0.14173541402214
139.953333333333,-0.141663621179944
139.965,-0.140050651933002
139.976666666667,-0.136733212073978
139.988333333333,-0.131566302040206
140,-0.124427249656282
140.011666666667,-0.115219360564647
140.023333333333,-0.103875201219845
140.035,-0.0903595265799726
140.046666666667,-0.0746716593697826
140.058333333333,-0.0568473714431708
140.07,-0.0369601185876796
140.081666666667,-0.0151216751927909
140.093333333333,0.00851789503300556
140.105,0.0337710195669684
140.116666666667,0.0604140265213726
140.128333333333,0.0881892919785449
140.14,0.116808034137091
140.151666666667,0.145953749778774
140.163333333333,0.175286276408176
140.175,0.204446290027572
140.186666666667,0.233060413205539
140.198333333333,0.260746613741147
140.21,0.287119917662378
140.221666666667,0.311798390597342
140.233333333333,0.334409073575391
140.245,0.354594198088535
140.256666666667,0.372017118077077
140.268333333333,0.38636787965737
140.28,0.397368793178743
140.291666666667,0.404779433994282
140.303333333333,0.408401248279538
140.315,0.408081367640932
140.326666666667,0.403715915734074
140.338333333333,0.395252738552682
140.35,0.382693060811126
140.361666666667,0.366092481704958
140.373333333333,0.34556106018226
140.385,0.321262596340456
140.396666666667,0.293413067710324
140.408333333333,0.262278071115221
140.42,0.228169637996994
140.431666666667,0.191442219506916
140.443333333333,0.152487943556483
140.455,0.111731359684745
140.466666666667,0.069623521967338
140.478333333333,0.0266356327402794
