t_s,hb
0,0.0785332756549248
0.0116666666666667,0.0994735509028292
0.0233333333333333,0.119390356738779
0.035,0.138056213100131
0.0466666666666667,0.15526053429119
0.0583333333333333,0.170812601504816
0.07,0.184544249716372
0.0816666666666667,0.196312177164749
0.0933333333333333,0.205999850291609
0.105,0.213518990361404
0.116666666666667,0.218810645202398
0.128333333333333,0.221845766636805
0.14,0.222625299664767
0.151666666666667,0.22117984989936
0.163333333333333,0.217568852655405
0.175,0.211879337151722
0.186666666666667,0.204224235083127
0.198333333333333,0.194740294033706
0.21,0.183585707569293
0.221666666666667,0.170937401122482
0.233333333333333,0.15698805362984
0.245,0.141942934508113
0.256666666666667,0.126016597794267
0.268333333333333,0.109429464572149
0.28,0.0924043965156974
0.291666666666667,0.0751632876078794
0.303333333333333,0.0579237271324159
0.315,0.0408958240253072
0.326666666666667,0.0242792003364292
0.338333333333333,0.00826022273819947
0.35,-0.00699045639890718
0.361666666666667,-0.0213200639783771
0.373333333333333,-0.0345955441757796
0.385,-0.0467049181774172
0.396666666666667,-0.0575584130172847
0.408333333333333,-0.0670891743583824
0.42,-0.0752533906000177
0.431666666666667,-0.0820301808750145
0.443333333333333,-0.0874210778328473
0.455,-0.0914490676878564
0.466666666666667,-0.0941574034600906
0.478333333333333,-0.0956080245972292
0.49,-0.0958797134711541
0.501666666666667,-0.0950660224473437
0.513333333333333,-0.093272980232752
0.525,-0.0906167477573021
0.536666666666667,-0.0872210181864279
0.548333333333333,-0.0832144352939736
0.56,-0.078728093968508
0.571666666666667,-0.0738929662395175
0.583333333333333,-0.0688374963710672
0.595,-0.0636852658392927
0.606666666666667,-0.0585528836472894
0.618333333333333,-0.0535480943908769
0.63,-0.0487680376681389
0.641666666666667,-0.0442978713716747
0.653333333333333,-0.0402096199655523
0.665,-0.0365612882777876
0.676666666666667,-0.0333964015092655
0.688333333333333,-0.0307437897604048
0.7,-0.0286175988212664
0.711666666666667,-0.027017661158215
0.723333333333333,-0.0259301514325343
0.735,-0.0253284924709621
0.746666666666667,-0.0251744531997173
0.758333333333333,-0.025419452636134
0.77,-0.0260060934360023
0.781666666666667,-0.0268697839737386
0.793333333333333,-0.0279404411590552
0.805,-0.0291443075513292
0.816666666666667,-0.030405729986261
0.828333333333333,-0.0316489413774396
0.84,-0.0327998065111111
0.851666666666667,-0.0337874938595347
0.863333333333333,-0.0345460136067278
0.875,-0.0350155035404986
0.886666666666667,-0.0351435900871183
0.898333333333333,-0.0348864393473219
0.91,-0.0342094522426474
0.921666666666667,-0.0330879335714007
0.933333333333333,-0.0315074444398567
0.945,-0.0294640710631894
0.956666666666667,-0.0269641957044774
0.968333333333333,-0.0240241559001234
0.98,-0.0206699203937545
0.991666666666667,-0.0169363305140904
1.00333333333333,-0.0128662476342167
1.015,-0.00850952695202394
1.02666666666667,-0.00392191925728719
1.03833333333333,0.000836075463422656
1.05,0.00570061663650645
1.06166666666667,0.0106058171814763
1.07333333333333,0.0154850649017854
1.085,0.0202724259928535
1.09666666666667,0.0249038391873002
1.10833333333333,0.0293183137742282
1.12,0.0334591154639486
1.13166666666667,0.0372747401777115
1.14333333333333,0.0407197927406764
1.155,0.0437557258874717
1.16666666666667,0.0463513828881124
1.17833333333333,0.0484834081244029
1.19,0.0501364721257706
1.20166666666667,0.0513033476521435
1.21333333333333,0.0519848001919039
1.225,0.0521892896672247
1.23666666666667,0.0519326106069156
1.24833333333333,0.0512373408075043
1.26,0.0501321372318109
1.27166666666667,0.048650990896384
1.28333333333333,0.0468323475152209
1.295,0.0447182421184454
1.30666666666667,0.0423532845003057
1.31833333333333,0.0397836836850141
1.33,0.0370563368841773
1.34166666666667,0.0342178393897667
1.35333333333333,0.0313135931447257
1.365,0.02838690459766
1.37666666666667,0.025478319086107
1.38833333333333,0.0226249692384853
1.4,0.019859909278543
1.41166666666667,0.017211714201518
1.42333333333333,0.0147041209717798
1.435,0.0123558746880182
1.44666666666667,0.0101805708588035
1.45833333333333,0.00818661190781398
1.47,0.00637748177325768
1.48166666666667,0.004751948035569
1.49333333333333,0.00330442243837125
1.505,0.00202537095494632
1.51666666666667,0.000901857874996632
1.52833333333333,-8.18930161392196e-05
1.54,-0.000943911506622366
1.55166666666667,-0.00170383018012253
1.56333333333333,-0.00238225845240301
1.575,-0.00300008754368578
1.58666666666667,-0.00357794654389312
1.59833333333333,-0.00413562338005002
1.61,-0.0046914639128954
1.62166666666667,-0.00526194325069516
1.63333333333333,-0.00586123383040704
1.645,-0.00650090348060139
1.65666666666667,-0.00718964532438959
1.66833333333333,-0.00793308564084762
1.68,-0.00873376957537562
1.69166666666667,-0.00959113875928001
1.70333333333333,-0.0105016235142256
1.715,-0.0114588477252597
1.72666666666667,-0.0124538291156206
1.73833333333333,-0.0134752982458045
1.75,-0.0145100666619101
1.76166666666667,-0.015543401554799
1.77333333333333,-0.016559473582216
1.785,-0.0175417817333115
1.79666666666667,-0.0184736299555796
1.80833333333333,-0.0193385727344766
1.82,-0.0201208089081562
1.83166666666667,-0.0208056124082353
1.84333333333333,-0.0213796628787714
1.855,-0.0218313801743411
1.86666666666667,-0.0221511804210487
1.87833333333333,-0.0223316408624519
1.89,-0.0223676737651155
1.90166666666667,-0.0222565841151431
1.91333333333333,-0.0219980723508621
1.925,-0.0215941975880279
1.93666666666667,-0.0210492416719724
1.94833333333333,-0.0203695222810638
1.96,-0.0195631969202488
1.97166666666667,-0.0186400055887053
1.98333333333333,-0.0176109735884298
1.995,-0.0164880874485973
2.00666666666667,-0.0152839673843175
2.01833333333333,-0.0140115677168968
2.03,-0.0126838143714964
2.04166666666667,-0.0113132992411041
2.05333333333333,-0.00991202615731493
2.065,-0.0084911058307782
2.07666666666667,-0.00706059481303989
2.08833333333333,-0.00562936003004116
2.1,-0.00420490382581419
2.11166666666667,-0.00279333261896267
2.12333333333333,-0.00139934074991146
2.135,-2.62598387810674e-05
2.14666666666667,0.00132382759132554
2.15833333333333,0.00264996539664115
2.17,0.00395210627101896
2.18166666666667,0.00523089604239521
2.19333333333333,0.00648742502627125
2.205,0.00772291745711203
2.21666666666667,0.00893848901015844
2.22833333333333,0.0101348689269217
2.24,0.0113120809663273
2.25166666666667,0.0124691990751537
2.26333333333333,0.0136041035157408
2.275,0.0147132598779827
2.28666666666667,0.0157916268693784
2.29833333333333,0.0168325193893433
2.31,0.0178275540098375
2.32166666666667,0.0187666802667783
2.33333333333333,0.0196382260575484
2.345,0.0204291524059708
2.35666666666667,0.0211251204757115
2.36833333333333,0.0217106635012554
2.38,0.0221697034634956
2.39166666666667,0.0224858126669633
2.40333333333333,0.0226426017163148
2.415,0.0226242382401464
2.42666666666667,0.0224157921783449
2.43833333333333,0.0220037069040466
2.45,0.021376282375654
2.46166666666667,0.0205241068778829
2.47333333333333,0.0194404553318974
2.485,0.0181216124120369
2.49666666666667,0.0165672710573379
2.50833333333333,0.0147807917145263
2.52,0.0127693272325049
2.53166666666667,0.0105439514447818
2.54333333333333,0.00811967588910455
2.555,0.00551540290360138
2.56666666666667,0.00275375694992045
2.57833333333333,-0.000139202172228776
2.59,-0.0031342504597843
2.60166666666667,-0.00619941790380541
2.61333333333333,-0.00930051376494668
2.625,-0.0124015879024043
2.63666666666667,-0.0154656276176268
2.64833333333333,-0.0184552340991259
2.66,-0.0213332078876457
2.67166666666667,-0.024063289223838
2.68333333333333,-0.0266108229863498
2.695,-0.0289434532452925
2.70666666666667,-0.0310317520992217
2.71833333333333,-0.0328497529396998
2.73,-0.0343755433661773
2.74166666666667,-0.0355916832091577
2.75333333333333,-0.0364855576312938
2.765,-0.0370496465965184
2.77666666666667,-0.0372816485202131
2.78833333333333,-0.0371845392005543
2.8,-0.0367664569824017
2.81166666666667,-0.0360405167243465
2.82333333333333,-0.0350245105373091
2.835,-0.0337404297180526
2.84666666666667,-0.0322139777365174
2.85833333333333,-0.0304739755536382
2.87,-0.028551614018333
2.88166666666667,-0.0264797112909893
2.89333333333333,-0.024291906794503
2.905,-0.0220217997639908
2.91666666666667,-0.0197021464388434
2.92833333333333,-0.0173640285484966
2.94,-0.0150360367721392
2.95166666666667,-0.0127435383690853
2.96333333333333,-0.0105080110907044
2.975,-0.00834647530982088
2.98666666666667,-0.00627101219178831
2.99833333333333,-0.00428842658191887
3.01,-0.00240004515850901
3.02166666666667,-0.000601653655957976
3.03333333333333,0.00111640697434485
3.045,0.00276898841147017
3.05666666666667,0.0043757509070215
3.06833333333333,0.00596063856206298
3.08,0.00755117765484326
3.09166666666667,0.00917765529803504
3.10333333333333,0.0108722041464833
3.115,0.0126677950693785
3.12666666666667,0.0145971355400446
3.13833333333333,0.0166915211178698
3.15,0.0189796981920121
3.16166666666667,0.0214866952819847
3.17333333333333,0.0242327026732899
3.185,0.0272320335807095
3.19666666666667,0.0304921131655984
3.20833333333333,0.0340126159771957
3.22,0.0377847817431861
3.23166666666667,0.0417908490758104
3.24333333333333,0.0460036768570504
3.255,0.050386598643723
3.26666666666667,0.054893467491265
3.27833333333333,0.059468894464567
3.29,0.0640487784475039
3.30166666666667,0.0685610197556461
3.31333333333333,0.0729264538934222
3.325,0.0770600546087539
3.33666666666667,0.0808722191997263
3.34833333333333,0.0842702817741733
3.36,0.0871602372604546
3.37166666666667,0.0894485248611065
3.38333333333333,0.0910438998763158
3.395,0.0918593512680427
3.40666666666667,0.0918140869170989
3.41833333333333,0.0908354837102933
3.43,0.0888609209140833
3.44166666666667,0.0858395434970658
3.45333333333333,0.0817338888942665
3.465,0.0765213094222615
3.47666666666667,0.0701952190841745
3.48833333333333,0.0627660730538785
3.5,0.0542620433629021
3.51166666666667,0.0447294281495096
3.52333333333333,0.0342327144594702
3.535,0.0228543838240609
3.54666666666667,0.0106942602078263
3.55833333333333,-0.00213146341832695
3.57,-0.0154913920179122
3.58166666666667,-0.0292405334578071
3.59333333333333,-0.0432221836252334
3.605,-0.0572700814123174
3.61666666666667,-0.0712107844405395
3.62833333333333,-0.0848662411218909
3.64,-0.0980565737031528
3.65166666666667,-0.110602933199462
3.66333333333333,-0.122330427107425
3.675,-0.133071052429396
3.68666666666667,-0.142666605624512
3.69833333333333,-0.150971509216078
3.71,-0.157855434530841
3.72166666666667,-0.163205767144212
3.73333333333333,-0.166929817800569
3.745,-0.168956674283814
3.75666666666667,-0.169238836039526
3.76833333333333,-0.167753453401547
3.78,-0.164503049889222
3.79166666666667,-0.159515911935621
3.80333333333333,-0.152846031123626
3.815,-0.144572581324567
3.82666666666667,-0.134798986417706
3.83833333333333,-0.12365153368339
3.85,-0.111277555938465
3.86166666666667,-0.0978432483969358
3.87333333333333,-0.0835311384428038
3.885,-0.0685372085264233
3.89666666666667,-0.0530677564623338
3.90833333333333,-0.0373360768835724
3.92,-0.0215589584710499
3.93166666666667,-0.00595306840176964
3.94333333333333,0.00926864136726498
3.955,0.023900581401134
3.96666666666667,0.0377479767982477
3.97833333333333,0.050630147555675
3.99,0.0623836821646272
4.00166666666667,0.0728652290447022
4.01333333333333,0.0819539813718326
4.025,0.089553721340047
4.03666666666667,0.0955945252779337
4.04833333333333,0.100034010338583
4.06,0.102857941850162
4.07166666666667,0.104080469452836
4.08333333333333,0.1037438157281
4.095,0.101917446868282
4.10666666666667,0.0986967514976733
4.11833333333333,0.0942011817535682
4.13,0.0885720596888434
4.14166666666667,0.0819698886793737
4.15333333333333,0.0745712885875272
4.165,0.0665657505043704
4.17666666666667,0.0581519397772551
4.18833333333333,0.0495338981755785
4.2,0.0409172366586779
4.21166666666667,0.032505180959587
4.22333333333333,0.0244946765332204
4.235,0.017072512571271
4.24666666666667,0.0104117953985739
4.25833333333333,0.00466860921552215
4.27,-2.11601956687986e-05
4.28166666666667,-0.0035444714156438
4.29333333333333,-0.00581341174642198
4.305,-0.00676698005329422
4.31666666666667,-0.006372419466994
4.32833333333333,-0.00462602022307086
4.34,-0.00155328707908482
4.35166666666667,0.00279135862941009
4.36333333333333,0.00832548343596989
4.375,0.0149400641857962
4.38666666666667,0.0225014056856636
4.39833333333333,0.0308535689428201
4.41,0.0398212230510704
4.42166666666667,0.0492129061435532
4.43333333333333,0.0588245840982363
4.445,0.0684434757582502
4.45666666666667,0.0778520826441315
4.46833333333333,0.086832303046917
4.48,0.0951696370799401
4.49166666666667,0.102657306375326
4.50333333333333,0.109100244237643
4.515,0.114318983213286
4.52666666666667,0.118153127865877
4.53833333333333,0.120464577330039
4.55,0.121140390058201
4.56166666666667,0.120095108043238
4.57333333333333,0.117272656178109
4.585,0.112647589657552
4.59666666666667,0.106225935177692
4.60833333333333,0.0980454564100678
4.62,0.0881751324033768
4.63166666666667,0.0767142197259788
4.64333333333333,0.06379070095072
4.655,0.049559260000676
4.66666666666667,0.0341986610377278
4.67833333333333,0.0179086485992586
4.69,0.000906658173067062
4.70166666666667,-0.016576008514979
4.71333333333333,-0.0342981849073675
4.725,-0.0520130140428323
4.73666666666667,-0.0694723232328758
4.74833333333333,-0.0864309314697073
4.76,-0.102650956476983
4.77166666666667,-0.117905959242711
4.78333333333333,-0.131984899115283
4.795,-0.14469583595308
4.80666666666667,-0.155869203599367
4.81833333333333,-0.16536066331142
4.83,-0.17305358667457
4.84166666666667,-0.178860993097467
4.85333333333333,-0.182726865831931
4.865,-0.184626963537441
4.87666666666667,-0.184569014239424
4.88833333333333,-0.182592308984785
4.9,-0.178766720701901
4.91166666666667,-0.173191178177199
4.92333333333333,-0.165991609450792
4.935,-0.157318260244359
4.94666666666667,-0.147342799096133
4.95833333333333,-0.136254958244339
4.97,-0.124258701607213
4.98166666666667,-0.111568297965934
4.99333333333333,-0.0984041726748
5.005,-0.0849887102378118
5.01666666666667,-0.0715420038112713
5.02833333333333,-0.0582776160840187
5.04,-0.0453986467331086
5.05166666666667,-0.0330939252407565
5.06333333333333,-0.0215345104500183
5.075,-0.0108706316369879
5.08666666666667,-0.00122895232897889
5.09833333333333,0.00728963357624732
5.11,0.0146116635081086
5.12166666666667,0.020692225684575
5.13333333333333,0.0255155017286603
5.145,0.0290948050202005
5.15666666666667,0.0314718611133535
5.16833333333333,0.0327155884093511
5.18,0.0329204436774282
5.19166666666667,0.0322041141737616
5.20333333333333,0.0307048059662752
5.215,0.028578096400254
5.22666666666667,0.0259934271386442
5.23833333333333,0.0231303608408284
5.25,0.0201745385131936
5.26166666666667,0.0173135549422048
5.27333333333333,0.0147328000980756
5.285,0.0126112940349455
5.29666666666667,0.0111176447822293
5.30833333333333,0.0104062037968447
5.32,0.0106134881418184
5.33166666666667,0.0118549352960135
5.34333333333333,0.0142220786688426
5.355,0.0177801632907351
5.36666666666667,0.0225662956474384
5.37833333333333,0.0285881229923465
5.39,0.03582309049502
5.40166666666667,0.0442183185342715
5.41333333333333,0.0536910366647404
5.425,0.064129693642148
5.43666666666667,0.0753955467459456
5.44833333333333,0.0873247900317084
5.46,0.0997313462893684
5.47166666666667,0.112409998767234
5.48333333333333,0.12513996422592
5.495,0.13768883557208
5.50666666666667,0.149816722373166
5.51833333333333,0.16128065080298
5.53,0.171839081321369
5.54166666666667,0.181256420946394
5.55333333333333,0.189307497955508
5.565,0.195781910818089
5.57666666666667,0.200488157506501
5.58833333333333,0.203257445206156
5.6,0.203947173270804
5.61166666666667,0.202443973796167
5.62333333333333,0.198666247206049
5.635,0.192566221062365
5.64666666666667,0.184131334863046
5.65833333333333,0.173385069991149
5.67,0.160387215544712
5.68166666666667,0.145233441277656
5.69333333333333,0.128054267932303
5.705,0.109013407596815
5.71666666666667,0.0883055814531254
5.72833333333333,0.0661537996433665
5.74,0.0428060656564313
5.75166666666667,0.0185317100307435
5.76333333333333,-0.00638265984322041
5.775,-0.0316375435318116
5.78666666666667,-0.0569250976983165
5.79833333333333,-0.0819338704075515
5.81,-0.106353621841054
5.82166666666667,-0.129880097717555
5.83333333333333,-0.152219727196337
5.845,-0.173094118863238
5.85666666666667,-0.192244328505185
5.86833333333333,-0.209434807264572
5.88,-0.224456914978043
5.89166666666667,-0.237132034779683
5.90333333333333,-0.247314166083081
5.915,-0.254891980498064
5.92666666666667,-0.259790316005199
5.93833333333333,-0.261971066850233
5.95,-0.261433498378795
5.96166666666667,-0.25821392929153
5.97333333333333,-0.252384845351285
5.985,-0.244053445323424
5.99666666666667,-0.233359644684213
6.00833333333333,-0.220473572869406
6.02,-0.205592611981285
6.03166666666667,-0.188938081976238
6.04333333333333,-0.170751540953822
6.055,-0.151290837273168
6.06666666666667,-0.130825987331166
6.07833333333333,-0.109634883114346
6.09,-0.0879989788227973
6.10166666666667,-0.0661989917938779
6.11333333333333,-0.0445106853351616
6.125,-0.0232008336233145
6.13666666666667,-0.00252339605924126
6.14833333333333,0.0172839972100844
6.16,0.0360032396371699
6.17166666666667,0.0534385632155066
6.18333333333333,0.069418894656042
6.195,0.0837997951572118
6.20666666666667,0.0964648677249314
6.21833333333333,0.107326684254146
6.23,0.116327254231621
6.24166666666667,0.123437957765458
6.25333333333333,0.128659016196858
6.265,0.132018516857728
6.27666666666667,0.133570958562549
6.28833333333333,0.133395430098431
6.3,0.131593462563987
6.31166666666667,0.128286543599857
6.32333333333333,0.123613403482396
6.335,0.117727072653641
6.34666666666667,0.110791822222697
6.35833333333333,0.102980037782499
6.37,0.094469031834005
6.38166666666667,0.0854378985048831
6.39333333333333,0.0760644626501012
6.405,0.0665224216413121
6.41666666666667,0.0569785546012971
6.42833333333333,0.0475901856335619
6.44,0.0385030247167402
6.45166666666667,0.029849219651093
6.46333333333333,0.0217457301477841
6.475,0.0142930404859599
6.48666666666667,0.00757425938242856
6.49833333333333,0.00165456378909611
6.51,-0.00341906042370079
6.52166666666667,-0.00761768336896916
6.53333333333333,-0.010929991334523
6.545,-0.0133615371256421
6.55666666666667,-0.0149337121298872
6.56833333333333,-0.0156824781404868
6.58,-0.015656897883651
6.59166666666667,-0.0149174793650187
6.60333333333333,-0.0135343647281747
6.615,-0.0115854821695028
6.62666666666667,-0.00915460505554396
6.63833333333333,-0.00632940039033281
6.65,-0.00319951413085486
6.66166666666667,0.000145279642889663
6.67333333333333,0.00361680889068272
6.685,0.00713017554474039
6.69666666666667,0.0106051677596569
6.70833333333333,0.0139675105581444
6.72,0.017150002726213
6.73166666666667,0.0200933699161542
6.74333333333333,0.0227469173548405
6.755,0.0250689416280595
6.76666666666667,0.0270269597114392
6.77833333333333,0.0285977355795656
6.79,0.0297670317388307
6.80166666666667,0.0305292211852019
6.81333333333333,0.0308867354423793
6.825,0.0308493303110289
6.83666666666667,0.0304332826593022
6.84833333333333,0.0296604719889013
6.86,0.0285573631020672
6.87166666666667,0.0271539817665326
6.88333333333333,0.0254828523354916
6.895,0.0235779988734545
6.90666666666667,0.021473925723456
6.91833333333333,0.0192046203026178
6.93,0.0168028031742025
6.94166666666667,0.0142991505377968
6.95333333333333,0.011721637231526
6.965,0.00909513290609433
6.97666666666667,0.00644093348960787
6.98833333333333,0.00377654239859308
7,0.00111565815204856
7.01166666666667,-0.00153180455827846
7.02333333333333,-0.00415949359696606
7.035,-0.00676434088356066
7.04666666666667,-0.0093461165708283
7.05833333333333,-0.011906902672117
7.07,-0.0144505283455323
7.08166666666667,-0.0169819138667909
7.09333333333333,-0.0195064182998263
7.105,-0.0220291014222569
7.11666666666667,-0.024554089796521
7.12833333333333,-0.0270839290453042
7.14,-0.0296189535570799
7.15166666666667,-0.0321567835306613
7.16333333333333,-0.034691848313582
7.175,-0.0372151261483716
7.18666666666667,-0.0397138283934404
7.19833333333333,-0.0421712459800195
7.21,-0.0445668724659625
7.22166666666667,-0.0468764866580351
7.23333333333333,-0.0490724717625894
7.245,-0.0511241084355354
7.25666666666667,-0.0529981903781647
7.26833333333333,-0.0546597013635343
7.28,-0.0560723901455935
7.29166666666667,-0.0571996155174186
7.30333333333333,-0.0580051589530102
7.315,-0.0584541645090212
7.32666666666667,-0.0585139859178166
7.33833333333333,-0.0581550121619797
7.35,-0.0573516462595378
7.36166666666667,-0.05608307050977
7.37333333333333,-0.0543340032105261
7.385,-0.0520953509476088
7.39666666666667,-0.0493647727623669
7.40833333333333,-0.0461471681865845
7.42,-0.0424548965779702
7.43166666666667,-0.0383079646919604
7.44333333333333,-0.0337340359760437
7.455,-0.0287682203877603
7.46666666666667,-0.0234528528051795
7.47833333333333,-0.0178370168824504
7.49,-0.011975881261433
7.50166666666667,-0.00592998750976921
7.51333333333333,0.000235616786396493
7.525,0.00645235047922239
7.53666666666667,0.0126491887763472
7.54833333333333,0.0187537762135128
7.56,0.0246936237025804
7.57166666666667,0.0303973331565025
7.58333333333333,0.0357957600655807
7.595,0.0408232719643166
7.60666666666667,0.0454188235575147
7.61833333333333,0.0495270156748313
7.63,0.053099142700434
7.64166666666667,0.0560939809943217
7.65333333333333,0.05847856958999
7.665,0.0602287378589494
7.67666666666667,0.0613295823810428
7.68833333333333,0.0617757776352863
7.7,0.0615715612997167
7.71166666666667,0.0607307088525881
7.72333333333333,0.0592762361537666
7.735,0.0572399930752336
7.74666666666667,0.0546620561498597
7.75833333333333,0.0515899446036896
7.77,0.0480778119274761
7.78166666666667,0.0441854128203453
7.79333333333333,0.0399770110608185
7.805,0.0355202020435277
7.81666666666667,0.0308847030446116
7.82833333333333,0.0261411676787642
7.84,0.0213598433021365
7.85166666666667,0.0166093799523019
7.86333333333333,0.0119556516469692
7.875,0.00746060054979502
7.88666666666667,0.00318126551892888
7.89833333333333,-0.000831160134978109
7.91,-0.00453210652030356
7.92166666666667,-0.00788426917172008
7.93333333333333,-0.0108581261144145
7.945,-0.0134322022406653
7.95666666666667,-0.0155932748868313
7.96833333333333,-0.0173363871944823
7.98,-0.0186646030951909
7.99166666666667,-0.0195887178864141
8.00333333333333,-0.0201267646680389
8.015,-0.0203033204914294
8.02666666666667,-0.0201488403361036
8.03833333333333,-0.0196987956177262
8.05,-0.0189926655871594
8.06166666666667,-0.0180729534157185
8.07333333333333,-0.0169841288877485
8.085,-0.0157715563598618
8.09666666666667,-0.0144804114459311
8.10833333333333,-0.0131546169093772
8.12,-0.0118358699610435
8.13166666666667,-0.0105627308742237
8.14333333333333,-0.00936978235672385
8.155,-0.00828683621880083
8.16666666666667,-0.00733844317369764
8.17833333333333,-0.00654348609688083
8.19,-0.00591473250465377
8.20166666666667,-0.00545871140244216
8.21333333333333,-0.00517571378732945
8.225,-0.00505994108910754
8.23666666666667,-0.00509978365835128
8.24833333333333,-0.00527822501629091
8.26,-0.00557344949561612
8.27166666666667,-0.00595949493495123
8.28333333333333,-0.00640701652645445
8.295,-0.00688419378622987
8.30666666666667,-0.00735759177145059
8.31833333333333,-0.00779308492396697
8.33,-0.00815688797701029
8.34166666666667,-0.00841649909444816
8.35333333333333,-0.00854162461107709
8.365,-0.00850505630049714
8.37666666666667,-0.00828347371150535
8.38833333333333,-0.00785817556687648
8.4,-0.00721565275081899
8.41166666666667,-0.00634808104217113
8.42333333333333,-0.00525367306162091
8.435,-0.00393683578008478
8.44666666666667,-0.00240823940001531
8.45833333333333,-0.000684741439601039
8.47,0.00121091544373745
8.48166666666667,0.00325050189407777
8.49333333333333,0.00540083209460299
8.505,0.0076245029440306
8.51666666666667,0.00988060314458894
8.52833333333333,0.0121255618984766
8.54,0.0143141718997366
8.55166666666667,0.0164005767917843
8.56333333333333,0.0183393214387247
8.575,0.0200864082196732
8.58666666666667,0.0216003057079958
8.59833333333333,0.0228429506136774
8.61,0.0237806719250806
8.62166666666667,0.0243850460953338
8.63333333333333,0.0246336359685517
8.645,0.0245105329040058
8.65666666666667,0.0240069223675091
8.66833333333333,0.0231214417781933
8.68,0.0218602414323846
8.69166666666667,0.0202370123612687
8.70333333333333,0.0182728099312374
8.715,0.015995765138451
8.72666666666667,0.0134404917511409
8.73833333333333,0.0106473813809589
8.75,0.00766191381399606
8.76166666666667,0.00453369867108634
8.77333333333333,0.001315422191373
8.785,-0.00193822392117051
8.79666666666667,-0.005171763892977
8.80833333333333,-0.00833013059066486
8.82,-0.011359855882068
8.83166666666667,-0.0142103043771225
8.84333333333333,-0.0168347922003207
8.855,-0.0191916569024539
8.86666666666667,-0.0212452684662483
8.87833333333333,-0.0229668855079561
8.89,-0.0243353547097427
8.90166666666667,-0.0253376580484607
8.91333333333333,-0.0259692815813753
8.925,-0.0262344224596183
8.93666666666667,-0.0261459751595692
8.94833333333333,-0.0257252808210963
8.96,-0.0250017586779217
8.97166666666667,-0.024012309062669
8.98333333333333,-0.0228004946287317
8.995,-0.0214156090892374
9.00666666666667,-0.0199115627154465
9.01833333333333,-0.0183456206385833
9.03,-0.0167770827290875
9.04166666666667,-0.0152658486646236
9.05333333333333,-0.0138709171572721
9.065,-0.0126489478621785
9.07666666666667,-0.0116527298114209
9.08833333333333,-0.0109297166103645
9.1,-0.010520716045327
9.11166666666667,-0.0104586404111061
9.12333333333333,-0.010767399703228
9.135,-0.0114609108259835
9.14666666666667,-0.0125424257806937
9.15833333333333,-0.0140040280167958
9.17,-0.015826250183681
9.18166666666667,-0.0179780558876288
9.19333333333333,-0.0204170304310395
9.205,-0.0230898046528789
9.21666666666667,-0.0259328072043436
9.22833333333333,-0.0288732091303066
9.24,-0.0318300753075385
9.25166666666667,-0.0347157853512513
9.26333333333333,-0.0374376249710142
9.275,-0.0398994920945906
9.28666666666667,-0.0420038779949864
9.29833333333333,-0.0436538697042989
9.31,-0.0447551354038153
9.32166666666667,-0.045218054650602
9.33333333333333,-0.0449597928927413
9.345,-0.0439063217974473
9.35666666666667,-0.0419943322694062
9.36833333333333,-0.0391729832465369
9.38,-0.035405575167381
9.39166666666667,-0.0306709140316936
9.40333333333333,-0.0249644553401962
9.415,-0.0182992600880699
9.42666666666667,-0.0107064873937241
9.43833333333333,-0.00223564852157233
9.45,0.00704538414732579
9.46166666666667,0.0170508148975416
9.47333333333333,0.0276776479546831
9.485,0.0388067579363637
9.49666666666667,0.0503043032158079
9.50833333333333,0.0620233923927607
9.52,0.0738061044008105
9.53166666666667,0.0854857099436685
9.54333333333333,0.0968891225138997
9.555,0.107839585683964
9.56666666666667,0.118159415651071
9.57833333333333,0.127672858712637
9.59,0.13620904567434
9.60166666666667,0.143604885004418
9.61333333333333,0.149707937763069
9.625,0.154379222772455
9.63666666666667,0.157495735500189
9.64833333333333,0.158952834055643
9.66,0.158666454561281
9.67166666666667,0.15657494567564
9.68333333333333,0.152640601771504
9.695,0.146850879225551
9.70666666666667,0.139219149393755
9.71833333333333,0.129785077698409
9.73,0.118614665945443
9.74166666666667,0.105799792099813
9.75333333333333,0.0914573456707255
9.765,0.0757279861605877
9.77666666666667,0.0587744673737613
9.78833333333333,0.0407796285988723
9.8,0.0219440077837577
9.81166666666667,0.00248316123796294
9.82333333333333,-0.017375261846694
9.835,-0.0373947287343151
9.84666666666667,-0.0573331169089779
9.85833333333333,-0.0769461473462521
9.87,-0.0959909505051409
9.88166666666667,-0.114229602979588
9.89333333333333,-0.131432592821373
9.905,-0.147382154861916
9.91666666666667,-0.161875554903101
9.92833333333333,-0.174728107604641
9.94,-0.185775866770611
9.95166666666667,-0.194878089796426
9.96333333333333,-0.201919323051805
9.975,-0.206811111639766
9.98666666666667,-0.209493315461251
9.99833333333333,-0.209935018041511
10.01,-0.208134949724122
10.0216666666667,-0.204121454203164
10.0333333333333,-0.197952059739653
10.045,-0.189712586194551
10.0566666666667,-0.1795158047751
10.0683333333333,-0.167499715623765
10.08,-0.153825454964994
10.0916666666667,-0.138674873057523
10.1033333333333,-0.122247784225668
10.115,-0.104758975613136
10.1266666666667,-0.0864350359955163
10.1383333333333,-0.0675109822156575
10.15,-0.0482268404916267
10.1616666666667,-0.0288241476097826
10.1733333333333,-0.00954245500765376
10.185,0.00938403230402257
10.1966666666667,0.0277298105415071
10.2083333333333,0.0452812031145951
10.22,0.0618392110783597
10.2316666666667,0.0772221844232088
10.2433333333333,0.0912681597865347
10.255,0.10383687385014
10.2666666666667,0.114811380172976
10.2783333333333,0.12409931254681
10.29,0.131633787077475
10.3016666666667,0.137373818912865
10.3133333333333,0.141304391179146
10.325,0.143436170811915
10.3366666666667,0.143804670426979
10.3483333333333,0.142469121939624
10.36,0.139511106054976
10.3716666666667,0.135032744782574
10.3833333333333,0.129154660933191
10.395,0.12201368893296
10.4066666666667,0.113760344672171
10.4183333333333,0.10455621317697
10.43,0.0945711597255919
10.4416666666667,0.0839804808030873
10.4533333333333,0.0729621039999066
10.465,0.0616936944406151
10.4766666666667,0.0503499651393555
10.4883333333333,0.0391001290731074
10.5,0.0281053184252748
10.5116666666667,0.0175163603586871
10.5233333333333,0.00747175858171059
10.535,-0.00190415722527689
10.5466666666667,-0.0105026634818506
10.5583333333333,-0.0182318372178881
10.57,-0.0250175185235368
10.5816666666667,-0.0308038667603188
10.5933333333333,-0.0355535985142594
10.605,-0.0392479571298687
10.6166666666667,-0.041886358346641
10.6283333333333,-0.0434857668146113
10.64,-0.0440797565091931
10.6516666666667,-0.0437173479211054
10.6633333333333,-0.0424616628928385
10.675,-0.0403882608296648
10.6866666666667,-0.0375834869573016
10.6983333333333,-0.0341426931518984
10.71,-0.0301681510496373
10.7216666666667,-0.0257671267017539
10.7333333333333,-0.0210498675522444
10.745,-0.0161275346158612
10.7566666666667,-0.0111103617614836
10.7683333333333,-0.00610578274277167
10.78,-0.00121662950729188
10.7916666666667,0.00346044536184636
10.8033333333333,0.00783641082295391
10.815,0.0118311537749206
10.8266666666667,0.0153745075759006
10.8383333333333,0.0184070929745046
10.85,0.0208809973191278
10.8616666666667,0.0227601771281838
10.8733333333333,0.0240206547304084
10.885,0.0246504915615432
10.8966666666667,0.0246495536864603
10.9083333333333,0.0240291304337872
10.92,0.0228112920452684
10.9316666666667,0.0210281187512057
10.9433333333333,0.0187208104230437
10.955,0.0159385895555496
10.9666666666667,0.0127376004469956
10.9783333333333,0.00917972934255652
10.99,0.0053312804551073
11.0016666666667,0.00126168873034805
11.0133333333333,-0.00295777514274521
11.025,-0.00725528628142068
11.0366666666667,-0.0115597120445729
11.0483333333333,-0.0158018151921087
11.06,-0.0199153208208941
11.0716666666667,-0.023837929084477
11.0833333333333,-0.0275122263390683
11.095,-0.030886407047798
11.1066666666667,-0.0339149745152401
11.1183333333333,-0.0365592774030126
11.13,-0.0387878216236068
11.1416666666667,-0.0405765085309206
11.1533333333333,-0.0419087388242605
11.165,-0.0427753942183405
11.1766666666667,-0.0431746421167645
11.1883333333333,-0.0431116564717362
11.2,-0.0425982547126794
11.2116666666667,-0.0416524082463547
11.2233333333333,-0.04029768593343
11.235,-0.0385626078820165
11.2466666666667,-0.0364799926852163
11.2583333333333,-0.0340862436931226
11.27,-0.0314205883299407
11.2816666666667,-0.0285243271656599
11.2933333333333,-0.0254400990924383
11.305,-0.0222111812397612
11.3166666666667,-0.0188807512618484
11.3283333333333,-0.0154912331285292
11.34,-0.0120837268108245
11.3516666666667,-0.00869743168686586
11.3633333333333,-0.00536917562302853
11.375,-0.0021330103262519
11.3866666666667,0.000980150964442547
11.3983333333333,0.00394278291808805
11.41,0.00673095559944059
11.4216666666667,0.00932445536906732
11.4333333333333,0.0117068255248355
11.445,0.0138653820866521
11.4566666666667,0.0157911054393082
11.4683333333333,0.0174785153612885
11.48,0.0189255289259494
11.4916666666667,0.0201332054727823
11.5033333333333,0.0211055116370288
11.515,0.0218490432860443
11.5266666666667,0.0223726987227692
11.5383333333333,0.0226873855661875
11.55,0.0228056983864875
11.5616666666667,0.0227415920279043
11.5733333333333,0.0225100725488994
11.585,0.0221268953082129
11.5966666666667,0.021608265133971
11.6083333333333,0.0209705645826126
11.62,0.0202301261014962
11.6316666666667,0.0194029994220035
11.6433333333333,0.018504750946856
11.655,0.0175503145456514
11.6666666666667,0.0165538301557301
11.6783333333333,0.0155285078074231
11.69,0.0144865768139415
11.7016666666667,0.0134392132975717
11.7133333333333,0.0123964730599524
11.725,0.0113673207454661
11.7366666666667,0.0103595824847283
11.7483333333333,0.00937993593750502
11.76,0.00843399678427791
11.7716666666667,0.00752632051977181
11.7833333333333,0.00666044921215528
11.795,0.00583900373146045
11.8066666666667,0.00506369973526694
11.8183333333333,0.00433541159353247
11.83,0.00365426458040521
11.8416666666667,0.00301969664880307
11.8533333333333,0.00243052267715704
11.865,0.00188500822706849
11.8766666666667,0.001380949695953
11.8883333333333,0.000915731507080002
11.9,0.00048639821519679
11.9116666666667,8.97398687152179e-05
11.9233333333333,-0.000277644927140153
11.935,-0.000619285245468429
11.9466666666667,-0.00093876184271768
11.9583333333333,-0.00123962509292905
11.97,-0.00152534164043646
11.9816666666667,-0.00179921515338677
11.9933333333333,-0.00206430109233715
12.005,-0.00232337816538042
12.0166666666667,-0.00257883916625659
12.0283333333333,-0.00283261216754059
12.04,-0.00308613723781119
12.0516666666667,-0.00334030310671287
12.0633333333333,-0.00359541075853394
12.075,-0.00385109013644278
12.0866666666667,-0.00410632723092411
12.0983333333333,-0.00435947045676171
12.11,-0.00460817669925148
12.1216666666667,-0.00484944843026177
12.1333333333333,-0.00507966045086073
12.145,-0.00529461799927006
12.1566666666667,-0.00548961062272187
12.1683333333333,-0.00565949229717603
12.18,-0.00579879094410007
12.1916666666667,-0.00590182069315965
12.2033333333333,-0.00596282220249365
12.215,-0.00597606026892909
12.2266666666667,-0.00593603857219834
12.2383333333333,-0.00583765269717378
12.25,-0.0056763146678634
12.2616666666667,-0.00544815622136513
12.2733333333333,-0.00515016774498619
12.285,-0.00478038850328206
12.2966666666667,-0.00433802412761705
12.3083333333333,-0.00382355020187289
12.32,-0.00323886717337411
12.3316666666667,-0.00258736453553348
12.3433333333333,-0.00187399196606086
12.355,-0.00110528717209387
12.3666666666667,-0.00028937230872629
12.3783333333333,0.000564065034207715
12.39,0.00144387733274962
12.4016666666667,0.00233755550704
12.4133333333333,0.00323136883887706
12.425,0.0041105983974619
12.4366666666667,0.00495970824740477
12.4483333333333,0.00576257267073204
12.46,0.00650281796109085
12.4716666666667,0.00716409433279165
12.4833333333333,0.00773039327525814
12.495,0.00818645381988924
12.5066666666667,0.00851801784604273
12.5183333333333,0.00871214090914166
12.53,0.00875759603414267
12.5416666666667,0.00864517189478042
12.5533333333333,0.00836797521278787
12.565,0.00792165766224274
12.5766666666667,0.00730465987439816
12.5883333333333,0.0065184380947072
12.6,0.00556752828500858
12.6116666666667,0.00445963822992255
12.6233333333333,0.00320568453217456
12.635,0.00181965091997846
12.6466666666667,0.000318565388607696
12.6583333333333,-0.00127760027732041
12.67,-0.00294631254904152
12.6816666666667,-0.00466274990759479
12.6933333333333,-0.00640013734470517
12.705,-0.00813018008566004
12.7166666666667,-0.0098235494054818
12.7283333333333,-0.0114504101979401
12.74,-0.0129809017127124
12.7516666666667,-0.0143857366193042
12.7633333333333,-0.0156367761251048
12.775,-0.0167075388374194
12.7866666666667,-0.0175738487339659
12.7983333333333,-0.0182143744392394
12.81,-0.0186110826375262
12.8216666666667,-0.0187497175301071
12.8333333333333,-0.0186202029320059
12.845,-0.0182169675642886
12.8566666666667,-0.0175392243546558
12.8683333333333,-0.0165911497035836
12.88,-0.0153819509878058
12.8916666666667,-0.0139258652684379
12.9033333333333,-0.0122420651904518
12.915,-0.0103544718491401
12.9266666666667,-0.00829142151994025
12.9383333333333,-0.00608525918109459
12.95,-0.0037718961378985
12.9616666666667,-0.00139021145207684
12.9733333333333,0.00101857667224787
12.985,0.00341161636462305
12.9966666666667,0.00574519564628291
13.0083333333333,0.007975545898399
13.02,0.0100596672067737
13.0316666666667,0.0119561371320262
13.0433333333333,0.0136259816294162
13.055,0.0150334320228088
13.0666666666667,0.0161467134579613
13.0783333333333,0.0169388161059245
13.09,0.0173880647223758
13.1016666666667,0.0174787070841454
13.1133333333333,0.0172013813711285
13.125,0.0165534857581076
13.1366666666667,0.015539397694687
13.1483333333333,0.0141705441746604
13.16,0.0124654476740948
13.1716666666667,0.0104495543419598
13.1833333333333,0.00815494661624784
13.195,0.00561992343878804
13.2066666666667,0.00288845593795487
13.2183333333333,9.5473243517734e-06
13.23,-0.0029635613781448
13.2416666666667,-0.005974260064963
13.2533333333333,-0.00896352717471196
13.265,-0.011870912814735
13.2766666666667,-0.0146356537686586
13.2883333333333,-0.0171978279333702
13.3,-0.0194993809020544
13.3116666666667,-0.0214852572703808
13.3233333333333,-0.0231045102521959
13.335,-0.0243112311553695
13.3466666666667,-0.0250655949274039
13.3583333333333,-0.0253347656597452
13.37,-0.0250935605727254
13.3816666666667,-0.0243251186486969
13.3933333333333,-0.0230214130754856
13.405,-0.0211835855986038
13.4166666666667,-0.0188221480865106
13.4283333333333,-0.0159570265422471
13.44,-0.0126174082647885
13.4516666666667,-0.00884143439698663
13.4633333333333,-0.00467577051964697
13.475,-0.000174929855373373
13.4866666666667,0.0045994590134081
13.4983333333333,0.00957955169576884
13.51,0.0146923465681607
13.5216666666667,0.0198607942317277
13.5333333333333,0.0250050655250483
13.545,0.0300437489775395
13.5566666666667,0.0348952656695242
13.5683333333333,0.039479285745917
13.58,0.0437179538217695
13.5916666666667,0.0475372739051042
13.6033333333333,0.0508683558409888
13.615,0.0536486341336208
13.6266666666667,0.0558229677882775
13.6383333333333,0.0573445670431964
13.65,0.0581759342839152
13.6616666666667,0.058289520753533
13.6733333333333,0.0576682559141388
13.685,0.0563059815044227
13.6966666666667,0.0542075528668461
13.7083333333333,0.0513888410172323
13.72,0.0478765981364713
13.7316666666667,0.0437080667549873
13.7433333333333,0.0389304425075025
13.755,0.0336001104804344
13.7666666666667,0.0277818373623697
13.7783333333333,0.0215477941499489
13.79,0.0149763523638513
13.8016666666667,0.00815087382753344
13.8133333333333,0.0011583885870092
13.825,-0.00591173903188343
13.8366666666667,-0.0129692569419762
13.8483333333333,-0.0199244938663985
13.86,-0.0266896737544439
13.8716666666667,-0.0331802939838488
13.8833333333333,-0.0393164445898336
13.895,-0.0450239788434548
13.9066666666667,-0.0502356445433018
13.9183333333333,-0.0548920792349128
13.93,-0.0589426030180053
13.9416666666667,-0.0623458995956605
13.9533333333333,-0.0650705437936585
13.965,-0.0670953057583673
13.9766666666667,-0.068409330161708
13.9883333333333,-0.0690121145711161
14,-0.0689132966646364
14.0116666666667,-0.0681322852067327
14.0233333333333,-0.0666977136356121
14.035,-0.0646467898143627
14.0466666666667,-0.0620244299769562
14.0583333333333,-0.0588823046195706
14.07,-0.05527784158766
14.0816666666667,-0.0512730855059341
14.0933333333333,-0.0469335181456552
14.105,-0.0423268317730712
14.1166666666667,-0.0375217195964079
14.1283333333333,-0.0325866763820274
14.14,-0.0275887875570186
14.1516666666667,-0.0225926274287545
14.1633333333333,-0.017659190351134
14.175,-0.0128449540783727
14.1866666666667,-0.00820105620908677
14.1983333333333,-0.00377254354837324
14.21,0.00040217293250534
14.2216666666667,0.00429175831926523
14.2333333333333,0.00787222787248298
14.245,0.0111270510649941
14.2566666666667,0.0140471482832342
14.2683333333333,0.0166306768001226
14.28,0.0188827186581669
14.2916666666667,0.0208148091693299
14.3033333333333,0.022444334666345
14.315,0.0237938805819813
14.3266666666667,0.0248903883302849
14.3383333333333,0.0257642832204481
14.35,0.0264486058216182
14.3616666666667,0.0269780261698413
14.3733333333333,0.0273878711177709
14.385,0.0277132125443835
14.3966666666667,0.0279878805297239
14.4083333333333,0.0282435473746254
14.42,0.0285089598629331
14.4316666666667,0.0288091882179743
14.4433333333333,0.0291649824371672
14.455,0.0295929167854371
14.4666666666667,0.0301017356902455
14.4783333333333,0.0306972804283442
14.49,0.0313789375077182
14.5016666666667,0.0321403856236637
14.5133333333333,0.0329701367828736
14.525,0.033850798662766
14.5366666666667,0.034759801437753
14.5483333333333,0.0356713639035415
14.56,0.0365554037211343
14.5716666666667,0.037378658629254
14.5833333333333,0.0381057325951937
14.595,0.0386996614256657
14.6066666666667,0.0391229441368452
14.6183333333333,0.039338514783677
14.63,0.039310600008693
14.6416666666667,0.0390056491002541
14.6533333333333,0.0383931544647522
14.665,0.0374465834189894
14.6766666666667,0.0361440515376211
14.6883333333333,0.0344689490093665
14.7,0.0324105801075424
14.7116666666667,0.0299645717664224
14.7233333333333,0.027133225875823
14.735,0.0239257034635126
14.7466666666667,0.0203581310912609
14.7583333333333,0.0164535122792492
14.77,0.0122414995872993
14.7816666666667,0.00775810002779532
14.7933333333333,0.0030451376879923
14.805,-0.00185020654225301
14.8166666666667,-0.00687617180306327
14.8283333333333,-0.0119772503600083
14.84,-0.0170949637242924
14.8516666666667,-0.0221688779011995
14.8633333333333,-0.0271374822873304
14.875,-0.031939312671379
14.8866666666667,-0.0365139900022374
14.8983333333333,-0.0408031081636522
14.91,-0.0447512564114962
14.9216666666667,-0.0483069632334394
14.9333333333333,-0.0514236191612871
14.945,-0.0540600959553517
14.9566666666667,-0.0561815799037407
14.9683333333333,-0.057760315004607
14.98,-0.0587758624827644
14.9916666666667,-0.0592155288384607
15.0033333333333,-0.0590745786900777
15.015,-0.0583562890431412
15.0266666666667,-0.0570719850563939
15.0383333333333,-0.0552407689601775
15.05,-0.052889221940782
15.0616666666667,-0.0500509697929627
15.0733333333333,-0.046766082139921
15.085,-0.0430805930698146
15.0966666666667,-0.0390455444109468
15.1083333333333,-0.0347160692051929
15.12,-0.0301506996156037
15.1316666666667,-0.025410342633629
15.1433333333333,-0.0205573592904896
15.155,-0.0156544294223068
15.1666666666667,-0.0107636829966065
15.1783333333333,-0.00594584410592911
15.19,-0.00125917013909898
15.2016666666667,0.00324133682053629
15.2133333333333,0.00750484108727897
15.225,0.0114852089646004
15.2366666666667,0.0151416273483336
15.2483333333333,0.0184393604332622
15.26,0.0213500003781576
15.2716666666667,0.0238517952011374
15.2833333333333,0.0259298475424053
15.295,0.0275761551911924
15.3066666666667,0.0287895390699562
15.3183333333333,0.0295754487932538
15.33,0.0299457458458995
15.3416666666667,0.0299183242931734
15.3533333333333,0.0295165403892026
15.365,0.0287687500421659
15.3766666666667,0.0277077543660136
15.3883333333333,0.0263700868289217
15.4,0.0247951305330079
15.4116666666667,0.0230244398661217
15.4233333333333,0.0211010971494062
15.435,0.0190687077354481
15.4466666666667,0.0169706022574365
15.4583333333333,0.0148493767946964
15.47,0.0127460905541684
15.4816666666667,0.0106995549865372
15.4933333333333,0.00874576607156185
15.505,0.0069174438757615
15.5166666666667,0.00524352488792028
15.5283333333333,0.00374869080290384
15.54,0.00245322582338156
15.5516666666667,0.0013727732849911
15.5633333333333,0.000518146514690505
15.575,-0.000104525065667265
15.5866666666667,-0.000493782982017205
15.5983333333333,-0.000652783194271357
15.61,-0.000589042123615552
15.6216666666667,-0.000314160247054511
15.6333333333333,0.000156642003227879
15.645,0.000804664819526041
15.6566666666667,0.00160824977260834
15.6683333333333,0.00254354724646467
15.68,0.00358479645809881
15.6916666666667,0.00470488504895171
15.7033333333333,0.00587581431824769
15.715,0.00706936093779497
15.7266666666667,0.00825758443037955
15.7383333333333,0.0094130671502828
15.75,0.0105095373662146
15.7616666666667,0.0115222720592902
15.7733333333333,0.0124283996720299
15.785,0.0132073853368819
15.7966666666667,0.013841149511088
15.8083333333333,0.0143142750904142
15.82,0.0146142586266109
15.8316666666667,0.0147315591849172
15.8433333333333,0.0146597865252183
15.855,0.0143954549471485
15.8666666666667,0.0139379993955556
15.8783333333333,0.0132898795243525
15.89,0.0124563006038173
15.9016666666667,0.0114450877075777
15.9133333333333,0.0102663320869286
15.925,0.00893249067204736
15.9366666666667,0.00745798322999338
15.9483333333333,0.00585856764293009
15.96,0.00415142075626552
15.9716666666667,0.00235476469930674
15.9833333333333,0.000487518842050877
15.995,-0.00143081804445795
16.0066666666667,-0.00338061296291188
16.0183333333333,-0.00534228433762595
16.03,-0.00729653754209112
16.0416666666667,-0.00922462029540798
16.0533333333333,-0.0111083851443157
16.065,-0.0129307398452951
16.0766666666667,-0.0146756276053066
16.0883333333333,-0.0163279604315631
16.1,-0.017873964174447
16.1116666666667,-0.0193011538314954
16.1233333333333,-0.0205985030821007
16.135,-0.021756267349467
16.1466666666667,-0.0227660308015097
16.1583333333333,-0.0236209957160351
16.17,-0.0243157339196615
16.1816666666667,-0.0248461954628139
16.1933333333333,-0.0252096480154583
16.205,-0.025404734021513
16.2166666666667,-0.0254314320894854
16.2283333333333,-0.0252907897166033
16.24,-0.0249850248425345
16.2516666666667,-0.0245174567831115
16.2633333333333,-0.0238923874744887
16.275,-0.0231151713224269
16.2866666666667,-0.02219206384346
16.2983333333333,-0.0211301674629914
16.31,-0.0199374199248695
16.3216666666667,-0.018622517949711
16.3333333333333,-0.0171949429662514
16.345,-0.0156647628270181
16.3566666666667,-0.0140426315023869
16.3683333333333,-0.0123398908748007
16.38,-0.0105683806964822
16.3916666666667,-0.00874040809618004
16.4033333333333,-0.00686869586672532
16.415,-0.00496626466581679
16.4266666666667,-0.00304640952951573
16.4383333333333,-0.00112263558638272
16.45,0.000791489402486237
16.4616666666667,0.00268242814806777
16.4733333333333,0.00453672819365535
16.485,0.00634123419169393
16.4966666666667,0.00808314869655988
16.5083333333333,0.00975005920019376
16.52,0.0113301617369187
16.5316666666667,0.0128123618959037
16.5433333333333,0.0141863760170369
16.555,0.0154428891631537
16.5666666666667,0.0165736170016889
16.5783333333333,0.0175713992308162
16.59,0.0184303041987548
16.6016666666667,0.019145719153024
16.6133333333333,0.0197144088630484
16.625,0.0201344954470783
16.6366666666667,0.0204055335858177
16.6483333333333,0.020528556576578
16.66,0.0205060354750006
16.6716666666667,0.0203418259570702
16.6833333333333,0.0200411364271538
16.695,0.0196105216975577
16.7066666666667,0.0190576642830182
16.7183333333333,0.0183912668023559
16.73,0.0176210219289917
16.7416666666667,0.0167574144680019
16.7533333333333,0.0158115884875867
16.765,0.0147951584695732
16.7766666666667,0.0137200411108744
16.7883333333333,0.0125983271703013
16.8,0.0114420939157293
16.8116666666667,0.0102632434632308
16.8233333333333,0.00907332550482228
16.835,0.00788341979081555
16.8466666666667,0.00670398105226989
16.8583333333333,0.00554466544698405
16.87,0.00441427851938667
16.8816666666667,0.00332068023035189
16.8933333333333,0.00227067245648496
16.905,0.00127001012091121
16.9166666666667,0.000323418560140717
16.9283333333333,-0.000565471782664773
16.94,-0.00139411787086291
16.9516666666667,-0.00216099896024265
16.9633333333333,-0.00286557039213454
16.975,-0.00350811623027729
16.9866666666667,-0.00408979232788686
16.9983333333333,-0.00461250400101818
17.01,-0.00507867912844629
17.0216666666667,-0.00549119103468992
17.0333333333333,-0.00585323814200209
17.045,-0.00616824495510407
17.0566666666667,-0.00643965300115185
17.0683333333333,-0.00667080472371895
17.08,-0.00686493397313602
17.0916666666667,-0.00702500612293105
17.1033333333333,-0.00715365329120845
17.115,-0.00725306572838269
17.1266666666667,-0.00732500862825259
17.1383333333333,-0.00737085726446084
17.15,-0.00739146844808113
17.1616666666667,-0.00738722871476236
17.1733333333333,-0.00735811427983575
17.185,-0.00730369458485961
17.1966666666667,-0.00722326650853283
17.2083333333333,-0.00711593306955547
17.22,-0.00698067034317593
17.2316666666667,-0.00681644835803303
17.2433333333333,-0.00662234044258538
17.255,-0.00639771190073083
17.2666666666667,-0.00614220463161868
17.2783333333333,-0.00585585722820213
17.29,-0.00553930614024691
17.3016666666667,-0.00519383083233073
17.3133333333333,-0.0048214548711152
17.325,-0.00442486884405394
17.3366666666667,-0.00400766715452465
17.3483333333333,-0.00357443489745881
17.36,-0.00313048339947867
17.3716666666667,-0.00268193620523779
17.3833333333333,-0.00223566975828772
17.395,-0.00179912831110835
17.4066666666667,-0.00138037378001601
17.4183333333333,-0.000987884370860663
17.43,-0.0006303088994207
17.4416666666667,-0.000316365994706824
17.4533333333333,-5.46326487955779e-05
17.465,0.000146600917069157
17.4766666666667,0.000279782171571692
17.4883333333333,0.000338181842256809
17.5,0.000315999206499074
17.5116666666667,0.000208644757643812
17.5233333333333,1.29724557729108e-05
17.535,-0.000272574356040561
17.5466666666667,-0.000647970645279662
17.5583333333333,-0.00111137228726811
17.57,-0.00165893211667023
17.5816666666667,-0.00228485259306161
17.5933333333333,-0.00298133001305481
17.605,-0.00373865025602222
17.6166666666667,-0.00454515316431815
17.6283333333333,-0.00538734809340927
17.64,-0.00625015534401002
17.6516666666667,-0.00711707525543773
17.6633333333333,-0.00797043888981377
17.675,-0.00879163698180704
17.6866666666667,-0.00956143819433175
17.6983333333333,-0.0102603444488983
17.71,-0.0108689501795516
17.7216666666667,-0.0113683066067502
17.7333333333333,-0.0117402464997261
17.745,-0.0119678466895668
17.7566666666667,-0.0120358501470231
17.7683333333333,-0.0119308619509339
17.78,-0.0116417663921366
17.7916666666667,-0.011160041426576
17.8033333333333,-0.0104799967830483
17.815,-0.00959914103471413
17.8266666666667,-0.00851813332376256
17.8383333333333,-0.00724097274765142
17.85,-0.00577518877245088
17.8616666666667,-0.00413177231156545
17.8733333333333,-0.00232520236232713
17.885,-0.000373170805052512
17.8966666666667,0.00170350223685817
17.9083333333333,0.00388098114345274
17.92,0.0061328707938562
17.9316666666667,0.00843049202916306
17.9433333333333,0.0107434143853054
17.955,0.0130397457810973
17.9666666666667,0.0152865939345804
17.9783333333333,0.0174507428574604
17.99,0.0194991406716881
18.0016666666667,0.0213994823349593
18.0133333333333,0.0231206042945793
18.025,0.0246333055739311
18.0366666666667,0.0259108553062217
18.0483333333333,0.0269291411165595
18.06,0.0276674048809937
18.0716666666667,0.0281085895086363
18.0833333333333,0.0282396756141079
18.095,0.0280521034861325
18.1066666666667,0.0275418880037856
18.1183333333333,0.0267097472398509
18.13,0.0255612427172283
18.1416666666667,0.0241067862245424
18.1533333333333,0.0223614950310497
18.165,0.0203451384835715
18.1766666666667,0.018081857287039
18.1883333333333,0.0155996779800591
18.2,0.0129302827599339
18.2116666666667,0.010108522723136
18.2233333333333,0.0071717851601269
18.235,0.00415961975743408
18.2466666666667,0.00111302703613967
18.2583333333333,-0.00192629309614672
18.27,-0.00491649547828369
18.2816666666667,-0.00781630984624347
18.2933333333333,-0.0105855866100953
18.305,-0.0131862347143931
18.3166666666667,-0.0155828223702042
18.3283333333333,-0.0177428300902593
18.34,-0.0196373726466612
18.3516666666667,-0.0212417376837276
18.3633333333333,-0.0225357331400038
18.375,-0.023504069577237
18.3866666666667,-0.0241365806587229
18.3983333333333,-0.0244284907291072
18.41,-0.0243804039371258
18.4216666666667,-0.023998329364975
18.4333333333333,-0.0232937147281789
18.445,-0.0222829436524568
18.4566666666667,-0.0209872255603382
18.4683333333333,-0.0194323482144772
18.48,-0.0176481296074996
18.4916666666667,-0.0156679569499945
18.5033333333333,-0.0135280848444818
18.515,-0.011267295355266
18.5266666666667,-0.00892615618603571
18.5383333333333,-0.00654601172778054
18.55,-0.00416852336420876
18.5616666666667,-0.00183490056642014
18.5733333333333,0.000414742854008399
18.585,0.00254220275532077
18.5966666666667,0.00451184310077
18.6083333333333,0.00629098032631705
18.62,0.00785059511134605
18.6316666666667,0.00916582807688011
18.6433333333333,0.0102163178712963
18.655,0.0109866031684521
18.6666666666667,0.0114664505494644
18.6783333333333,0.011650898401474
18.69,0.0115403131401372
18.7016666666667,0.0111403745531713
18.7133333333333,0.0104620161376923
18.725,0.00952107049422765
18.7366666666667,0.00833792521981953
18.7483333333333,0.00693734353298802
18.76,0.00534793027965068
18.7716666666667,0.00360156920276717
18.7833333333333,0.00173282323086384
18.795,-0.000221588177541676
18.8066666666667,-0.00222349330406146
18.8183333333333,-0.00423413796386122
18.83,-0.0062147099646966
18.8416666666667,-0.00812706042689355
18.8533333333333,-0.0099344908965757
18.865,-0.0116022352326753
18.8766666666667,-0.0130981489447844
18.8883333333333,-0.0143933084653971
18.9,-0.0154625199929287
18.9116666666667,-0.0162847744842048
18.9233333333333,-0.0168434832934749
18.935,-0.0171270165088276
18.9466666666667,-0.0171287893346742
18.9583333333333,-0.0168471364011475
18.97,-0.0162855213729295
18.9816666666667,-0.0154523818790335
18.9933333333333,-0.0143610657847887
19.005,-0.0130293471422823
19.0166666666667,-0.0114791234878631
19.0283333333333,-0.00973638357517201
19.04,-0.00783034586071703
19.0516666666667,-0.0057930092492442
19.0633333333333,-0.00365863786727879
19.075,-0.00146291123236831
19.0866666666667,0.000757529485660125
19.0983333333333,0.00296578848335835
19.11,0.00512543577886624
19.1216666666667,0.00720111210805236
19.1333333333333,0.00915927977789414
19.145,0.010968611959116
19.1566666666667,0.0126006790149961
19.1683333333333,0.0140305769279802
19.18,0.0152372111474438
19.1916666666667,0.0162037522373234
19.2033333333333,0.0169177519503562
19.215,0.0173716468497092
19.2266666666667,0.0175628191210062
19.2383333333333,0.0174932580116578
19.25,0.0171698261012677
19.2616666666667,0.0166040488503198
19.2733333333333,0.0158117571509481
19.285,0.0148130432719076
19.2966666666667,0.0136317090651928
19.3083333333333,0.0122946932099215
19.32,0.0108316960911099
19.3316666666667,0.00927458463103055
19.3433333333333,0.00765682452209274
19.355,0.00601271025852992
19.3666666666667,0.00437682729501328
19.3783333333333,0.00278348373891797
19.39,0.00126594774443631
19.4016666666667,-0.00014413356679462
19.4133333333333,-0.0014173952592387
19.425,-0.00252715803720074
19.4366666666667,-0.00345002307654237
19.4483333333333,-0.00416650458752321
19.46,-0.00466115395702977
19.4716666666667,-0.00492294163842807
19.4833333333333,-0.0049454959059479
19.495,-0.00472712733901214
19.5066666666667,-0.00427107657536343
19.5183333333333,-0.00358547153413023
19.53,-0.00268305246413368
19.5416666666667,-0.00158104106117613
19.5533333333333,-0.000300846245930694
19.565,0.00113229840530039
19.5766666666667,0.00268973558652359
19.5883333333333,0.00433988481910432
19.6,0.00604883233492571
19.6116666666667,0.00778089918987654
19.6233333333333,0.00949923544592455
19.635,0.0111666059867828
19.6466666666667,0.0127458422479329
19.6583333333333,0.0142004583884859
19.67,0.0154954881020758
19.6816666666667,0.0165980229399027
19.6933333333333,0.0174777884156105
19.705,0.0181076679561741
19.7166666666667,0.0184642286070955
19.7283333333333,0.0185282536837396
19.74,0.0182849344233838
19.7516666666667,0.0177242280556646
19.7633333333333,0.0168410840535836
19.775,0.0156353396605321
19.7866666666667,0.0141121508862016
19.7983333333333,0.0122820021564047
19.81,0.0101602023695299
19.8216666666667,0.00776688715193082
19.8333333333333,0.00512666223933942
19.845,0.00226835077560529
19.8566666666667,-0.000775475757265458
19.8683333333333,-0.00396909525650714
19.88,-0.00727402992380344
19.8916666666667,-0.0106496650706714
19.9033333333333,-0.014053733718368
19.915,-0.0174431144151076
19.9266666666667,-0.0207745337315708
19.9383333333333,-0.0240048777688258
19.95,-0.0270920013147171
19.9616666666667,-0.0299953162966599
19.9733333333333,-0.0326763345388269
19.985,-0.0350993083427884
19.9966666666667,-0.0372315780494369
20.0083333333333,-0.0390440752302095
20.02,-0.0405117251105246
20.0316666666667,-0.0416137305798198
20.0433333333333,-0.0423339000999733
20.055,-0.0426605813783927
20.0666666666667,-0.0425870041456316
20.0783333333333,-0.0421114687308275
20.09,-0.0412370229892564
20.1016666666667,-0.0399714472533316
20.1133333333333,-0.0383271303084603
20.125,-0.0363205999681886
20.1366666666667,-0.0339724745993887
20.1483333333333,-0.0313072644917685
20.16,-0.0283526834397464
20.1716666666667,-0.0251393208062366
20.1833333333333,-0.0217002350001073
20.195,-0.0180704783980467
20.2066666666667,-0.014286426571292
20.2183333333333,-0.0103853560451103
20.23,-0.00640512240704583
20.2416666666667,-0.00238353934758783
20.2533333333333,0.00164199395431803
20.265,0.0056349114726633
20.2766666666667,0.00956013552522911
20.2883333333333,0.0133842840508892
20.3,0.0170758702480825
20.3116666666667,0.0206057275233094
20.3233333333333,0.0239471891954207
20.335,0.0270763004720006
20.3466666666667,0.0299720029933734
20.3583333333333,0.0326160837091755
20.37,0.034993348186707
20.3816666666667,0.0370915897442527
20.3933333333333,0.0389014734977004
20.405,0.0404168072816527
20.4166666666667,0.0416339811663069
20.4283333333333,0.0425517057755619
20.44,0.0431712910681684
20.4516666666667,0.0434962454534073
20.4633333333333,0.0435320644014871
20.475,0.0432860885339692
20.4866666666667,0.0427671987707966
20.4983333333333,0.0419857715769026
20.51,0.0409532961611906
20.5216666666667,0.0396821852859603
20.5333333333333,0.0381858104758923
20.545,0.0364777948109891
20.5566666666667,0.0345721321283015
20.5683333333333,0.032483559679841
20.58,0.0302269340726759
20.5916666666667,0.0278172509876235
20.6033333333333,0.0252696068622753
20.615,0.0225992832568743
20.6266666666667,0.0198215622980651
20.6383333333333,0.0169514195042535
20.65,0.0140040390363351
20.6616666666667,0.01099468050133
20.6733333333333,0.00793850237876021
20.685,0.00485123167790907
20.6966666666667,0.00174868844201696
20.7083333333333,-0.0013534508449191
20.72,-0.00443917595217753
20.7316666666667,-0.00749225270361971
20.7433333333333,-0.0104960566494546
20.755,-0.0134342195017501
20.7666666666667,-0.016290133925444
20.7783333333333,-0.0190463292826874
20.79,-0.0216855547976586
20.8016666666667,-0.0241905291139308
20.8133333333333,-0.0265439842307108
20.825,-0.0287291523677649
20.8366666666667,-0.03072954188346
20.8483333333333,-0.0325292891817862
20.86,-0.0341133348819365
20.8716666666667,-0.0354676306281985
20.8833333333333,-0.0365795982578682
20.895,-0.037437643778085
20.9066666666667,-0.0380319085953177
20.9183333333333,-0.0383549735157602
20.93,-0.0384013912433258
20.9416666666667,-0.038168081480054
20.9533333333333,-0.0376544733145482
20.965,-0.0368627836614611
20.9766666666667,-0.0357980682745642
20.9883333333333,-0.034467967681939
21,-0.0328831113437285
21.0116666666667,-0.0310570002048965
21.0233333333333,-0.0290058554060009
21.035,-0.0267486830220428
21.0466666666667,-0.0243070728798114
21.0583333333333,-0.0217050747027775
21.07,-0.0189687619680926
21.0816666666667,-0.0161259867698537
21.0933333333333,-0.0132063816884048
21.105,-0.0102401850036751
21.1166666666667,-0.00725831087250005
21.1283333333333,-0.0042924832707834
21.14,-0.0013741510157367
21.1516666666667,0.00146576020427537
21.1633333333333,0.00419750944430131
21.175,0.00679242415762472
21.1866666666667,0.00922368762877901
21.1983333333333,0.0114674029885439
21.21,0.0135022427707623
21.2216666666667,0.0153099674269878
21.2333333333333,0.0168758202132164
21.245,0.0181887631742227
21.2566666666667,0.0192416421972755
21.2683333333333,0.0200310855868095
21.28,0.0205579500597789
21.2916666666667,0.0208272321163528
21.3033333333333,0.02084774000261
21.315,0.0206326068905623
21.3266666666667,0.0201985779399566
21.3383333333333,0.0195654912131126
21.35,0.0187563735652674
21.3616666666667,0.0177968548044835
21.3733333333333,0.016714920856181
21.385,0.0155398629435031
21.3966666666667,0.0143021326537231
21.4083333333333,0.0130332505944104
21.42,0.0117645486659635
21.4316666666667,0.0105268094949845
21.4433333333333,0.00934963102485363
21.455,0.00826100097928695
21.4666666666667,0.00728662178457043
21.4783333333333,0.00644897966874152
21.49,0.00576741625520549
21.5016666666667,0.00525753363258362
21.5133333333333,0.00493067224982623
21.525,0.00479404099635073
21.5366666666667,0.004850191658539
21.5483333333333,0.00509687783376574
21.56,0.00552708008462579
21.5716666666667,0.00612901200082138
21.5833333333333,0.00688653720235433
21.595,0.00777878927535427
21.6066666666667,0.00878097808205507
21.6183333333333,0.00986507064213098
21.63,0.0109998255511133
21.6416666666667,0.0121515314966728
21.6533333333333,0.0132844788971094
21.665,0.0143620998430136
21.6766666666667,0.015347361799278
21.6883333333333,0.0162028410677009
21.7,0.0168923746607928
21.7116666666667,0.0173815176169927
21.7233333333333,0.0176381975951455
21.735,0.0176337318111782
21.7466666666667,0.0173432024345545
21.7583333333333,0.0167461746317879
21.77,0.015827217811212
21.7816666666667,0.01457637974522
21.7933333333333,0.0129897253398451
21.805,0.011069220191821
21.8166666666667,0.00882317070752701
21.8283333333333,0.00626648468624482
21.84,0.00342039940399744
21.8516666666667,0.000312367094611081
21.8633333333333,-0.00302433109445977
21.875,-0.00655068725189796
21.8866666666667,-0.0102226828851576
21.8983333333333,-0.0139920809363143
21.91,-0.0178068796840528
21.9216666666667,-0.0216121988322373
21.9333333333333,-0.025351016703239
21.945,-0.0289655785397888
21.9566666666667,-0.0323978974873319
21.9683333333333,-0.0355900994380636
21.98,-0.0384864390299562
21.9916666666667,-0.0410339293110825
22.0033333333333,-0.0431831960426673
22.015,-0.0448897082692441
22.0266666666667,-0.0461143801865531
22.0383333333333,-0.0468244302766225
22.05,-0.0469940324773377
22.0616666666667,-0.0466049351411026
22.0733333333333,-0.0456471001068318
22.085,-0.0441185175804279
22.0966666666667,-0.0420257890511568
22.1083333333333,-0.039384654648005
22.12,-0.0362193331065136
22.1316666666667,-0.0325624407133393
22.1433333333333,-0.0284546515286045
22.155,-0.023944308098654
22.1666666666667,-0.0190867153090573
22.1783333333333,-0.0139430383943633
22.19,-0.00857985456609368
22.2016666666667,-0.00306805388183078
22.2133333333333,0.00251838287899484
22.225,0.00810312399633807
22.2366666666667,0.0136089266969749
22.2483333333333,0.0189589758085298
22.26,0.0240779376698949
22.2716666666667,0.0288932309561012
22.2833333333333,0.0333360359240956
22.295,0.0373428816241456
22.3066666666667,0.0408564743032815
22.3183333333333,0.0438262494993577
22.33,0.0462096586645923
22.3416666666667,0.0479728423360937
22.3533333333333,0.0490911944983472
22.365,0.049549736141387
22.3766666666667,0.04934357855336
22.3883333333333,0.0484782040029331
22.4,0.0469691430793637
22.4116666666667,0.0448418586597551
22.4233333333333,0.0421314830897119
22.435,0.03888215773022
22.4466666666667,0.0351463886086709
22.4583333333333,0.0309841871322463
22.47,0.026462240624877
22.4816666666667,0.0216528274111413
22.4933333333333,0.0166324338735401
22.505,0.0114810190686136
22.5166666666667,0.00628039071291385
22.5283333333333,0.00111254516365113
22.54,-0.00394125171778714
22.5516666666667,-0.00880195636973796
22.5633333333333,-0.0133939745829475
22.575,-0.0176466171112003
22.5866666666667,-0.0214951186162049
22.5983333333333,-0.0248814789061043
22.61,-0.027755762174376
22.6216666666667,-0.0300768054435184
22.6333333333333,-0.0318129163304228
22.645,-0.032942321187756
22.6566666666667,-0.0334535615301695
22.6683333333333,-0.0333458873480541
22.68,-0.0326289681423453
22.6916666666667,-0.0313227876265878
22.7033333333333,-0.0294574105562809
22.715,-0.0270720968157102
22.7266666666667,-0.0242148372468655
22.7383333333333,-0.0209417384714312
22.75,-0.017315755665968
22.7616666666667,-0.0134056481240116
22.7733333333333,-0.00928474596502428
22.785,-0.00502986336397383
22.7966666666667,-0.000719887896149268
22.8083333333333,0.00356601521635872
22.82,0.00774936048863567
22.8316666666667,0.011753785439411
22.8433333333333,0.0155064932956677
22.855,0.0189392309149578
22.8666666666667,0.0219897997586312
22.8783333333333,0.0246030758187083
22.89,0.0267318786885143
22.9016666666667,0.0283378339959827
22.9133333333333,0.0293918536131667
22.925,0.0298750873490968
22.9366666666667,0.0297788877324752
22.9483333333333,0.0291046464337435
22.96,0.0278641807215009
22.9716666666667,0.0260793284639631
22.9833333333333,0.0237816408592665
22.995,0.0210115810206833
23.0066666666667,0.017817804288095
23.0183333333333,0.0142565765304371
23.03,0.0103904885763647
23.0416666666667,0.00628737775627173
23.0533333333333,0.0020190721501512
23.065,-0.00233988302276205
23.0766666666667,-0.00671352058350821
23.0883333333333,-0.0110260150348594
23.1,-0.0152028857683488
23.1116666666667,-0.0191723459720847
23.1233333333333,-0.0228667005551499
23.135,-0.0262233295485595
23.1466666666667,-0.0291859474596542
23.1583333333333,-0.0317056547714337
23.17,-0.0337417334633342
23.1816666666667,-0.0352623642992248
23.1933333333333,-0.0362450226148727
23.205,-0.0366772407569839
23.2166666666667,-0.0365565387207461
23.2283333333333,-0.0358900790942559
23.24,-0.0346949241932376
23.2516666666667,-0.0329975374541268
23.2633333333333,-0.0308332408737903
23.275,-0.0282455182084266
23.2866666666667,-0.0252850696011842
23.2983333333333,-0.0220090501788243
23.31,-0.018479793303679
23.3216666666667,-0.0147636447321678
23.3333333333333,-0.0109297899511978
23.345,-0.00704861677431192
23.3566666666667,-0.00319068217445401
23.3683333333333,0.000574539112225567
23.38,0.00418019220658698
23.3916666666667,0.0075632286752663
23.4033333333333,0.010665713895657
23.415,0.0134356628328031
23.4266666666667,0.0158281024285546
23.4383333333333,0.0178062025787651
23.45,0.0193416730100149
23.4616666666667,0.0204153324562263
23.4733333333333,0.0210174858311891
23.485,0.0211480618382022
23.4966666666667,0.0208166308997124
23.5083333333333,0.0200420416064704
23.52,0.0188521466335739
23.5316666666667,0.0172832242165645
23.5433333333333,0.0153791578913983
23.555,0.0131907386493665
23.5666666666667,0.0107745012135863
23.5783333333333,0.00819152705857229
23.59,0.00550633495527255
23.6016666666667,0.00278555736330575
23.6133333333333,9.66391594989495e-05
23.625,-0.00249379729659256
23.6366666666667,-0.00492096072855527
23.6483333333333,-0.00712304303857442
23.66,-0.00904287329779915
23.6716666666667,-0.0106289602153479
23.6833333333333,-0.01183652853859
23.695,-0.0126284689550033
23.7066666666667,-0.0129761373410649
23.7183333333333,-0.0128600872783568
23.73,-0.0122704027281708
23.7416666666667,-0.0112070249020302
23.7533333333333,-0.00967985268753614
23.765,-0.00770848321807483
23.7766666666667,-0.00532210018018025
23.7883333333333,-0.00255898793921544
23.8,0.00053423285584217
23.8116666666667,0.00390338111772711
23.8233333333333,0.00748780395685981
23.835,0.011221245929863
23.8466666666667,0.0150332374626774
23.8583333333333,0.0188506094241718
23.87,0.0225986260645477
23.8816666666667,0.0262024685427518
23.8933333333333,0.0295886814347107
23.905,0.0326865785398973
23.9166666666667,0.0354296578665984
23.9283333333333,0.0377567411939587
23.94,0.0396133303378641
23.9516666666667,0.0409526842887717
23.9633333333333,0.0417366067910233
23.975,0.041936608369571
23.9866666666667,0.0415342269537581
23.9983333333333,0.0405213014163913
24.01,0.0389004900052375
24.0216666666667,0.0366851648784763
24.0333333333333,0.0338993615473534
24.045,0.0305771813373021
24.0566666666667,0.0267622575283725
24.0683333333333,0.0225073750350404
24.08,0.0178732209907255
24.0916666666667,0.0129274013736208
24.1033333333333,0.00774316324624262
24.115,0.00239825796016116
24.1266666666667,-0.00302651726377216
24.1383333333333,-0.00844907110776623
24.15,-0.0137872116974464
24.1616666666667,-0.0189602200993604
24.1733333333333,-0.0238903685347174
24.185,-0.0285042126589534
24.1966666666667,-0.0327340668965702
24.2083333333333,-0.0365192015334278
24.22,-0.0398068988600997
24.2316666666667,-0.0425534260067591
24.2433333333333,-0.0447248098100054
24.255,-0.0462974515563158
24.2666666666667,-0.0472583944329948
24.2783333333333,-0.0476056284289088
24.29,-0.0473480835368905
24.3016666666667,-0.0465053437982607
24.3133333333333,-0.045107337592973
24.325,-0.0431933922786425
24.3366666666667,-0.04081160753231
24.3483333333333,-0.0380181472340613
24.36,-0.034875780729422
24.3716666666667,-0.0314527223317219
24.3833333333333,-0.0278213040840198
24.395,-0.0240563399610839
24.4066666666667,-0.0202337996080245
24.4183333333333,-0.0164293220716032
24.43,-0.012716640616975
24.4416666666667,-0.00916616061143103
24.4533333333333,-0.00584348109397665
24.465,-0.00280826710333207
24.4766666666667,-0.000112958526853887
24.4883333333333,0.0021983875456879
24.5,0.00409078740068295
24.5116666666667,0.00553909266654821
24.5233333333333,0.00652843412877452
24.535,0.00705458832637187
24.5466666666667,0.00712400576077269
24.5583333333333,0.00675353810393447
24.57,0.00597021491880099
24.5816666666667,0.00481059944141024
24.5933333333333,0.00332011409957492
24.605,0.00155201152353746
24.6166666666667,-0.000433841324909495
24.6283333333333,-0.00257193021183806
24.64,-0.00479262379887076
24.6516666666667,-0.00702366143152875
24.6633333333333,-0.00919140731114472
24.675,-0.0112229094392589
24.6866666666667,-0.0130472288910591
24.6983333333333,-0.0145966281461764
24.71,-0.0158083402800247
24.7216666666667,-0.0166258542848557
24.7333333333333,-0.0170003017860927
24.745,-0.01689133978094
24.7566666666667,-0.0162681214731454
24.7683333333333,-0.0151103725388742
24.78,-0.0134087106396524
24.7916666666667,-0.0111650611780584
24.8033333333333,-0.00839272978382754
24.815,-0.00511647796800243
24.8266666666667,-0.00137209510222925
24.8383333333333,0.00279433269382598
24.85,0.00732693051450654
24.8616666666667,0.0121610581380251
24.8733333333333,0.0172244113114842
24.885,0.0224382792371398
24.8966666666667,0.0277190701670537
24.9083333333333,0.0329796545017438
24.92,0.0381310782679571
24.9316666666667,0.0430842022602689
24.9433333333333,0.0477512218291815
24.955,0.0520476594254375
24.9666666666667,0.0558936915641019
24.9783333333333,0.0592154603810968
24.99,0.061946795266642
25.0016666666667,0.0640303654244409
25.0133333333333,0.0654188388947308
25.025,0.066075768534486
25.0366666666667,0.0659761928393171
25.0483333333333,0.0651073889598537
25.06,0.0634690472877585
25.0716666666667,0.0610733202911572
25.0833333333333,0.0579446991336962
25.095,0.0541194795429967
25.1066666666667,0.0496452947280339
25.1183333333333,0.0445802125471466
25.13,0.038991698767056
25.1416666666667,0.0329554599363588
25.1533333333333,0.0265539522488855
25.165,0.0198752125889255
25.1766666666667,0.0130111138255265
25.1883333333333,0.00605552439149031
25.2,-0.000897084653457943
25.2116666666667,-0.00775340050930379
25.2233333333333,-0.0144228447447899
25.235,-0.0208192366121605
25.2466666666667,-0.0268623050767022
25.2583333333333,-0.0324787664473062
25.27,-0.0376037355058964
25.2816666666667,-0.0421817506779846
25.2933333333333,-0.0461674764187463
25.305,-0.0495265992670635
25.3166666666667,-0.0522360976206033
25.3283333333333,-0.0542843834930672
25.34,-0.0556713363075033
25.3516666666667,-0.0564080278313513
25.3633333333333,-0.0565163800877433
25.375,-0.0560282517376087
25.3866666666667,-0.0549846571559053
25.3983333333333,-0.0534349589579179
25.41,-0.0514354696963101
25.4216666666667,-0.0490481888359118
25.4333333333333,-0.0463394267723439
25.445,-0.0433783357259655
25.4566666666667,-0.0402353671446078
25.4683333333333,-0.0369807291853618
25.48,-0.0336829997295246
25.4916666666667,-0.0304076530214124
25.5033333333333,-0.0272156809122106
25.515,-0.0241624703477881
25.5266666666667,-0.0212967046484897
25.5383333333333,-0.0186593670684447
25.55,-0.016283045146901
25.5616666666667,-0.0141913759376875
25.5733333333333,-0.0123987534701595
25.585,-0.0109101363505213
25.5966666666667,-0.00972109572661598
25.6083333333333,-0.00881829117609751
25.62,-0.00817986970590913
25.6316666666667,-0.00777616579741544
25.6433333333333,-0.00757065278136663
25.655,-0.00752085343703032
25.6666666666667,-0.00757957691738387
25.6783333333333,-0.00769620620039488
25.69,-0.00781802560260619
25.7016666666667,-0.00789167023865532
25.7133333333333,-0.00786445356923567
25.725,-0.00768589914104401
25.7366666666667,-0.00730915752702674
25.7483333333333,-0.0066921509328771
25.76,-0.00579880018229473
25.7716666666667,-0.00460009165908616
25.7833333333333,-0.0030750875979453
25.795,-0.00121144638491218
25.8066666666667,0.00099398467853336
25.8183333333333,0.0035346148123724
25.83,0.00639418020062132
25.8416666666667,0.00954680997168096
25.8533333333333,0.0129573488742302
25.865,0.0165818894423094
25.8766666666667,0.0203684638306595
25.8883333333333,0.0242581711481297
25.9,0.0281861402150313
25.9116666666667,0.0320827935721264
25.9233333333333,0.0358753773968438
25.935,0.0394891496886803
25.9466666666667,0.0428491892219531
25.9583333333333,0.0458820705032219
25.97,0.0485172783952596
25.9816666666667,0.0506888890533213
25.9933333333333,0.0523369151449833
26.005,0.0534089576924174
26.0166666666667,0.0538614487305287
26.0283333333333,0.0536604915881709
26.04,0.0527830307017324
26.0516666666667,0.0512175562459202
26.0633333333333,0.0489646469896194
26.075,0.0460372069230565
26.0866666666667,0.0424604831487099
26.0983333333333,0.0382720277547814
26.11,0.0335211312512624
26.1216666666667,0.028268167104558
26.1333333333333,0.0225837358957591
26.145,0.0165474106049093
26.1566666666667,0.0102465050786547
26.1683333333333,0.00377462614598195
26.18,-0.00276998420238283
26.1916666666667,-0.00928618997345857
26.2033333333333,-0.0156718363858977
26.215,-0.0218254308746716
26.2266666666667,-0.0276481048326845
26.2383333333333,-0.0330455503735951
26.25,-0.037929696310766
26.2616666666667,-0.0422203864864563
26.2733333333333,-0.0458468573741415
26.285,-0.0487492355316685
26.2966666666667,-0.0508796472145734
26.3083333333333,-0.0522029884669729
26.32,-0.0526978773863065
26.3316666666667,-0.0523570723763812
26.3433333333333,-0.0511876039806645
26.355,-0.0492109441039527
26.3666666666667,-0.0464624436759506
26.3783333333333,-0.0429906447768212
26.39,-0.0388566779245678
26.4016666666667,-0.0341330867134821
26.4133333333333,-0.0289025709415304
26.425,-0.023256460343621
26.4366666666667,-0.017293015956271
26.4483333333333,-0.0111157903819588
26.46,-0.00483164577530316
26.4716666666667,0.00145117005331019
26.4833333333333,0.00762498317632767
26.495,0.013584671911126
26.5066666666667,0.0192295084650232
26.5183333333333,0.0244650660194619
26.53,0.0292048845106222
26.5416666666667,0.0333719752118212
26.5533333333333,0.0369002397762068
26.565,0.039735607951282
26.5766666666667,0.0418369213965984
26.5883333333333,0.0431765426974658
26.6,0.0437408709531832
26.6116666666667,0.0435304387242264
26.6233333333333,0.0425596845831531
26.635,0.0408567740152144
26.6466666666667,0.0384628035110804
26.6583333333333,0.0354307587853922
26.67,0.0318245251215144
26.6816666666667,0.0277175470368987
26.6933333333333,0.0231913414253522
26.705,0.0183337540656253
26.7166666666667,0.0132372414791219
26.7283333333333,0.00799713956545758
26.74,0.00270964968573294
26.7516666666667,-0.00252998833159784
26.7633333333333,-0.00762929632755739
26.775,-0.0125004929145922
26.7866666666667,-0.0170620304082804
26.7983333333333,-0.0212400203075054
26.81,-0.0249697091988732
26.8216666666667,-0.0281966134797849
26.8333333333333,-0.0308774881144444
26.845,-0.032980914843904
26.8566666666667,-0.0344877522698552
26.8683333333333,-0.0353914868472348
26.88,-0.0356980653341037
26.8916666666667,-0.0354255592105325
26.9033333333333,-0.0346036075358199
26.915,-0.0332726047925039
26.9266666666667,-0.0314827125887644
26.9383333333333,-0.0292925827330954
26.95,-0.0267679779896962
26.9616666666667,-0.0239802551899209
26.9733333333333,-0.0210046897717399
26.985,-0.017918804392358
26.9966666666667,-0.0148006274485852
27.0083333333333,-0.0117269451304148
27.02,-0.00877158711330661
27.0316666666667,-0.00600377665209559
27.0433333333333,-0.00348665423321254
27.055,-0.00127583448848912
27.0666666666667,0.000581819914364122
27.0783333333333,0.00204914738630681
27.09,0.00309952685706036
27.1016666666667,0.00371745477884175
27.1133333333333,0.00389887618887828
27.125,0.00365122958649205
27.1366666666667,0.0029932826555588
27.1483333333333,0.00195474668071692
27.16,0.000575593220076905
27.1716666666667,-0.00109484993945098
27.1833333333333,-0.00299901954530184
27.195,-0.00507236709701675
27.2066666666667,-0.00724482143570785
27.2183333333333,-0.0094424074023072
27.23,-0.0115888700143493
27.2416666666667,-0.0136074282399914
27.2533333333333,-0.015422573406324
27.265,-0.016961719095143
27.2766666666667,-0.0181569700121719
27.2883333333333,-0.0189467693633078
27.3,-0.0192773469009589
27.3116666666667,-0.019104074247415
27.3233333333333,-0.0183925889995788
27.335,-0.0171198796087921
27.3466666666667,-0.0152749385100292
27.3583333333333,-0.0128591109215169
27.37,-0.00988650389232932
27.3816666666667,-0.00638390974037191
27.3933333333333,-0.00239047897219954
27.405,0.0020427717949314
27.4166666666667,0.00685382411529004
27.4283333333333,0.0119706584065913
27.44,0.0173125329205679
27.4516666666667,0.0227914172805803
27.4633333333333,0.0283135383046241
27.475,0.0337813844880803
27.4866666666667,0.0390953756402644
27.4983333333333,0.0441555436900099
27.51,0.0488637842428505
27.5216666666667,0.0531256963097112
27.5333333333333,0.0568524375824082
27.545,0.0599625521663223
27.5566666666667,0.0623836121269996
27.5683333333333,0.06405375239629
27.58,0.0649229588929606
27.5916666666667,0.0649542188254536
27.6033333333333,0.0641244000823939
27.615,0.0624248152404844
27.6266666666667,0.059861568421464
27.6383333333333,0.0564557086827349
27.65,0.0522429974584016
27.6616666666667,0.047273387157794
27.6733333333333,0.0416102807310103
27.685,0.0353295293160306
27.6966666666667,0.0285182178731564
27.7083333333333,0.0212731508016856
27.72,0.0136992099161439
27.7316666666667,0.00590756420094235
27.7433333333333,-0.00198628112919017
27.755,-0.00986442226733024
27.7666666666667,-0.0176087391688851
27.7783333333333,-0.0251029958979964
27.79,-0.0322347834526569
27.8016666666667,-0.0388975493767109
27.8133333333333,-0.0449924855944946
27.825,-0.0504301674863014
27.8366666666667,-0.0551322243877517
27.8483333333333,-0.059032803901678
27.86,-0.0620795268900371
27.8716666666667,-0.0642344393343743
27.8833333333333,-0.0654747193501323
27.895,-0.0657928314614045
27.9066666666667,-0.0651966830957203
27.9183333333333,-0.0637095161798143
27.93,-0.0613693344171735
27.9416666666667,-0.0582281672798827
27.9533333333333,-0.0543509458177914
27.965,-0.0498144986106942
27.9766666666667,-0.0447060391311562
27.9883333333333,-0.0391212806172376
28,-0.0331628539299575
28.0116666666667,-0.0269383789819181
28.0233333333333,-0.0205584492575742
28.035,-0.0141347170431841
28.0466666666667,-0.00777777529707087
28.0583333333333,-0.00159517122233863
28.07,0.00431046780441048
28.0816666666667,0.00984328393906659
28.0933333333333,0.0149157746893744
28.105,0.0194504353011712
28.1166666666667,0.0233810199829396
28.1283333333333,0.026653487535037
28.14,0.029226948659514
28.1516666666667,0.0310742245862714
28.1633333333333,0.032182236701134
28.175,0.032551914663256
28.1866666666667,0.0321979960490685
28.1983333333333,0.0311487828930253
28.21,0.0294452767362032
28.2216666666667,0.0271402465702439
28.2333333333333,0.0242970047246924
28.245,0.0209882230156744
28.2566666666667,0.0172944063985946
28.2683333333333,0.0133019845229061
28.28,0.00910177001326529
28.2916666666667,0.00478714275571089
28.3033333333333,0.000452114778828683
28.315,-0.00381035745908746
28.3266666666667,-0.00791021932386321
28.3383333333333,-0.0117621065286795
28.35,-0.0152868978632677
28.3616666666667,-0.0184131979515558
28.3733333333333,-0.0210786352391218
28.385,-0.023230983735768
28.3966666666667,-0.024829143614315
28.4083333333333,-0.0258437405250773
28.42,-0.0262575764926372
28.4316666666667,-0.0260659028974179
28.4433333333333,-0.0252763070645868
28.455,-0.0239085308414198
28.4666666666667,-0.0219939295543484
28.4783333333333,-0.019574727977033
28.49,-0.016703078911217
28.5016666666667,-0.0134399240316924
28.5133333333333,-0.00985384778755046
28.525,-0.00601933428952484
28.5366666666667,-0.00201546565283986
28.5483333333333,0.00207550352131669
28.56,0.00617007175482725
28.5716666666667,0.0101850377580597
28.5833333333333,0.0140392074909587
28.595,0.0176549340943127
28.6066666666667,0.0209595564699117
28.6183333333333,0.0238870060724017
28.63,0.0263789655344275
28.6416666666667,0.0283859827656781
28.6533333333333,0.0298684306886456
28.665,0.0307972223493811
28.6766666666667,0.0311543459894518
28.6883333333333,0.030933136635891
28.7,0.0301383955465719
28.7116666666667,0.0287862542821747
28.7233333333333,0.0269038125604316
28.735,0.0245285300994948
28.7466666666667,0.0217075393368057
28.7583333333333,0.0184967466475986
28.77,0.0149596041122073
28.7816666666667,0.01116591980226
28.7933333333333,0.00719053607200044
28.805,0.00311176000444724
28.8166666666667,-0.000990082128326992
28.8283333333333,-0.0050340863686874
28.84,-0.00894040475093473
28.8516666666667,-0.0126317626710706
28.8633333333333,-0.0160348758912708
28.875,-0.0190818286658848
28.8866666666667,-0.0217113981167734
28.8983333333333,-0.0238701419469904
28.91,-0.0255133540848078
28.9216666666667,-0.0266059404190963
28.9333333333333,-0.0271229894070746
28.945,-0.0270502416621037
28.9566666666667,-0.026384332242661
28.9683333333333,-0.0251327786514941
28.98,-0.0233138593138115
28.9916666666667,-0.0209562350258189
29.0033333333333,-0.0180983802262093
29.015,-0.0147878229326696
29.0266666666667,-0.0110802980053261
29.0383333333333,-0.00703875034072513
29.05,-0.00273209968753749
29.0616666666667,0.00176600157225933
29.0733333333333,0.0063784726993052
29.085,0.0110262977874694
29.0966666666667,0.0156298398421692
29.1083333333333,0.0201101748469343
29.12,0.0243905889808587
29.1316666666667,0.0283978682784898
29.1433333333333,0.0320635234566632
29.155,0.0353249241911643
29.1666666666667,0.0381263615374768
29.1783333333333,0.0404199561408854
29.19,0.0421663452609556
29.2016666666667,0.0433352936699324
29.2133333333333,0.0439060723792675
29.225,0.0438676921219268
29.2366666666667,0.0432189665910784
29.2483333333333,0.0419683284663164
29.26,0.0401335702713352
29.2716666666667,0.0377413931356416
29.2833333333333,0.0348267299221959
29.295,0.0314320868212735
29.3066666666667,0.0276066649098945
29.3183333333333,0.0234052664316178
29.33,0.0188873032243655
29.3416666666667,0.0141157070812896
29.3533333333333,0.00915571747338759
29.365,0.00407378218731486
29.3766666666667,-0.00106364095719815
29.3883333333333,-0.00619123817093749
29.4,-0.0112458890415075
29.4116666666667,-0.0161677059073127
29.4233333333333,-0.0209008999064342
29.435,-0.0253946842417478
29.4466666666667,-0.0296039375445268
29.4583333333333,-0.0334896898230177
29.47,-0.0370196256410939
29.4816666666667,-0.0401683143874568
29.4933333333333,-0.0429173855619774
29.505,-0.0452554984669042
29.5166666666667,-0.0471781550327693
29.5283333333333,-0.0486874649099509
29.54,-0.049791678232315
29.5516666666667,-0.050504672564721
29.5633333333333,-0.0508453358206191
29.575,-0.0508367714377286
29.5866666666667,-0.0505055189160669
29.5983333333333,-0.0498807891251377
29.61,-0.048993557835061
29.6216666666667,-0.0478756602208199
29.6333333333333,-0.0465589562365336
29.645,-0.0450744476613561
29.6566666666667,-0.043451538479203
29.6683333333333,-0.0417173308565791
29.68,-0.0398959048263096
29.6916666666667,-0.0380078378813646
29.7033333333333,-0.0360697433770639
29.715,-0.0340939467829398
29.7266666666667,-0.0320883533409737
29.7383333333333,-0.0300563497131336
29.75,-0.027996857339366
29.7616666666667,-0.0259045600770915
29.7733333333333,-0.0237702750219053
29.785,-0.0215812791642697
29.7966666666667,-0.0193218905928722
29.8083333333333,-0.0169742232202278
29.82,-0.0145188421437677
29.8316666666667,-0.011935568798649
29.8433333333333,-0.00920425222505
29.855,-0.00630580851898218
29.8666666666667,-0.00322303957577907
29.8783333333333,5.87041193203953e-05
29.89,0.00355055757406874
29.9016666666667,0.00725938027303543
29.9133333333333,0.0111870683324473
29.925,0.0153299558533723
29.9366666666667,0.0196784051359569
29.9483333333333,0.0242163234006365
29.96,0.0289209607033521
29.9716666666667,0.0337628718724672
29.9833333333333,0.0387059067772064
29.995,0.0437075119007045
30.0066666666667,0.048719096966697
30.0183333333333,0.0536864854141015
30.03,0.0585506251461752
30.0416666666667,0.0632484022574177
30.0533333333333,0.0677135743720327
30.065,0.071877825243774
30.0766666666667,0.0756718932720604
30.0883333333333,0.0790267822475214
30.1,0.0818750161348146
30.1116666666667,0.0841519339643538
30.1233333333333,0.0857969949164765
30.135,0.0867550274001708
30.1466666666667,0.0869774486087291
30.1583333333333,0.0864234400887066
30.17,0.08506099382139
30.1816666666667,0.0828678641771958
30.1933333333333,0.0798323458531954
30.205,0.0759539782044027
30.2166666666667,0.0712439723871428
30.2283333333333,0.0657254341075485
30.24,0.0594335386342088
30.2516666666667,0.0524153872848819
30.2633333333333,0.0447296873242638
30.275,0.0364461985050475
30.2866666666667,0.027644970584917
30.2983333333333,0.0184154721739298
30.31,0.00885548574393239
30.3216666666667,-0.00093018013181583
30.3333333333333,-0.0108311395009187
30.345,-0.0207328968414946
30.3566666666667,-0.0305185101852488
30.3683333333333,-0.0400704089118433
30.38,-0.0492721089385103
30.3916666666667,-0.058009997637406
30.4033333333333,-0.0661750706135257
30.415,-0.0736647369148599
30.4266666666667,-0.0803843985470621
30.4383333333333,-0.0862489867528591
30.45,-0.0911844241823109
30.4616666666667,-0.0951288283120554
30.4733333333333,-0.0980336383540751
30.485,-0.0998643921059884
30.4966666666667,-0.100601425461014
30.5083333333333,-0.10024037261792
30.52,-0.098792225087774
30.5316666666667,-0.0962832900622961
30.5433333333333,-0.0927548621668242
30.555,-0.0882626405276011
30.5666666666667,-0.0828759401796167
30.5783333333333,-0.0766766275359571
30.59,-0.0697578627533764
30.6016666666667,-0.0622226634286462
30.6133333333333,-0.0541822899362757
30.625,-0.045754502688069
30.6366666666667,-0.0370616984651879
30.6483333333333,-0.0282289590386593
30.66,-0.0193820731583863
30.6716666666667,-0.0106455128579318
30.6833333333333,-0.00214047193075023
30.695,0.00601708891583605
30.7066666666667,0.0137182693195926
30.7183333333333,0.0208628922673136
30.73,0.0273611352633466
30.7416666666667,0.0331348799322672
30.7533333333333,0.0381189009617364
30.765,0.0422618534894661
30.7766666666667,0.045526928965228
30.7883333333333,0.047892366410121
30.8,0.0493516591557807
30.8116666666667,0.0499134841657622
30.8233333333333,0.0496014018676859
30.835,0.0484532148646692
30.8466666666667,0.0465202035818961
30.8583333333333,0.0438661147713305
30.87,0.0405658324491214
30.8816666666667,0.0367039444028124
30.8933333333333,0.0323731375137839
30.905,0.02767247371639
30.9166666666667,0.0227055350023372
30.9283333333333,0.0175785059063383
30.94,0.0123982551107852
30.9516666666667,0.0072704181638589
30.9633333333333,0.00229750172768885
30.975,-0.00242295665488407
30.9866666666667,-0.00680000747343101
30.9983333333333,-0.0107508943286749
31.01,-0.0142024851559173
31.0216666666667,-0.0170924564631654
31.0333333333333,-0.0193703023473035
31.045,-0.0209980547958518
31.0566666666667,-0.0219508544646983
31.0683333333333,-0.0222172435668008
31.08,-0.0217991385215199
31.0916666666667,-0.0207116373536379
31.1033333333333,-0.0189825110793063
31.115,-0.0166515219525219
31.1266666666667,-0.0137695340472166
31.1383333333333,-0.0103973130519393
31.15,-0.00660426921300335
31.1616666666667,-0.00246700207115248
31.1733333333333,0.00193229034650816
31.185,0.00650733754735705
31.1966666666667,0.0111696472245114
31.2083333333333,0.0158302386770839
31.22,0.0204012546876512
31.2316666666667,0.0247977060254099
31.2433333333333,0.0289389519958002
31.255,0.0327503686323961
31.2666666666667,0.0361646394210206
31.2783333333333,0.0391226709037911
31.29,0.0415748270917164
31.3016666666667,0.0434816656918526
31.3133333333333,0.0448144387025372
31.325,0.045555570943217
31.3366666666667,0.0456986886150335
31.3483333333333,0.0452485104252614
31.36,0.0442205225023939
31.3716666666667,0.0426404333207269
31.3833333333333,0.0405434607881136
31.395,0.0379732334778411
31.4066666666667,0.0349808435699735
31.4183333333333,0.0316237246488817
31.43,0.0279641608971466
31.4416666666667,0.0240679102845411
31.4533333333333,0.0200027420992901
31.465,0.0158369994591105
31.4766666666667,0.0116381269486685
31.4883333333333,0.00747116505466103
31.5,0.00339752520767447
31.5116666666667,-0.000526256072508858
31.5233333333333,-0.00424968399065345
31.535,-0.0077291054713633
31.5466666666667,-0.0109285343391208
31.5583333333333,-0.013820312474386
31.57,-0.0163853966476592
31.5816666666667,-0.0186135559462095
31.5933333333333,-0.0205033076676346
31.605,-0.0220616724829042
31.6166666666667,-0.0233037774876704
31.6283333333333,-0.0242521403798513
31.64,-0.0249358923158335
31.6516666666667,-0.0253898261561975
31.6633333333333,-0.0256532762250585
31.675,-0.0257689613559101
31.6866666666667,-0.0257816826794676
31.6983333333333,-0.0257370501055834
31.71,-0.0256801204729375
31.7216666666667,-0.0256540753134825
31.7333333333333,-0.0256990277423124
31.745,-0.0258506790871999
31.7566666666667,-0.026139364268636
31.7683333333333,-0.0265892046001163
31.78,-0.0272171475186097
31.7916666666667,-0.028032432112726
31.8033333333333,-0.0290361390607762
31.815,-0.0302209791294892
31.8266666666667,-0.0315712729962995
31.8383333333333,-0.0330630743770651
31.85,-0.0346646891688757
31.8616666666667,-0.0363372406453017
31.8733333333333,-0.0380354390400158
31.885,-0.0397085933937615
31.8966666666667,-0.0413017111550508
31.9083333333333,-0.0427567573756219
31.92,-0.0440139710347995
31.9316666666667,-0.045013318067842
31.9433333333333,-0.0456959462647657
31.955,-0.0460056311032934
31.9666666666667,-0.0458902745436535
31.9783333333333,-0.0453032503036785
31.99,-0.0442046722014979
32.0016666666667,-0.0425625836326913
32.0133333333333,-0.0403539800136084
32.025,-0.0375656751180471
32.0366666666667,-0.0341949020906361
32.0483333333333,-0.0302497444655033
32.06,-0.0257493853873176
32.0716666666667,-0.0207240711497508
32.0833333333333,-0.0152148542646456
32.095,-0.00927307644205656
32.1066666666667,-0.0029596480704118
32.1183333333333,0.00365581520123952
32.13,0.0104961824942766
32.1416666666667,0.0174781140308067
32.1533333333333,0.0245134581242708
32.165,0.0315109273753819
32.1766666666667,0.0383776693659697
32.1883333333333,0.0450209270318775
32.2,0.0513498514533817
32.2116666666667,0.0572771870562324
32.2233333333333,0.0627209166909415
32.235,0.067605809672067
32.2466666666667,0.0718648915955144
32.2583333333333,0.0754407243162396
32.27,0.0782864173807126
32.2816666666667,0.0803665715023531
32.2933333333333,0.0816579290213288
32.305,0.08214974936569
32.3166666666667,0.0818439523549299
32.3283333333333,0.0807550204222452
32.34,0.0789096841335852
32.3516666666667,0.076346266048793
32.3633333333333,0.0731138500243274
32.375,0.0692712124534373
32.3866666666667,0.0648855189459525
32.3983333333333,0.0600309158801259
32.41,0.0547869742864514
32.4216666666667,0.0492370111499385
32.4333333333333,0.0434662917761728
32.445,0.0375603510434161
32.4566666666667,0.0316032123643413
32.4683333333333,0.0256755740504547
32.48,0.0198532626370782
32.4916666666667,0.0142057481083766
32.5033333333333,0.00879480071305001
32.515,0.00367332071630229
32.5266666666667,-0.00111557706490206
32.5383333333333,-0.00553923743182571
32.55,-0.00957592110244781
32.5616666666667,-0.0132149514459884
32.5733333333333,-0.01645663268432
32.585,-0.0193118559862083
32.5966666666667,-0.0218014788487171
32.6083333333333,-0.0239554726040692
32.62,-0.025811792868181
32.6316666666667,-0.0274150857148478
32.6433333333333,-0.0288152109769521
32.655,-0.0300656447061511
32.6666666666667,-0.0312216951555275
32.6783333333333,-0.0323387318728249
32.69,-0.033470522421072
32.7016666666667,-0.0346673933788722
32.7133333333333,-0.0359745513419249
32.725,-0.0374305773840572
32.7366666666667,-0.0390659180341393
32.7483333333333,-0.0409017111407526
32.76,-0.0429488085375015
32.7716666666667,-0.0452070137497062
32.7833333333333,-0.0476646648855571
32.795,-0.0502984107713821
32.8066666666667,-0.0530733932574446
32.8183333333333,-0.0559437685960561
32.83,-0.0588533904651906
32.8416666666667,-0.0617368497721179
32.8533333333333,-0.0645208766800807
32.865,-0.0671258104418293
32.8766666666667,-0.069467444323614
32.8883333333333,-0.071459115061628
32.9,-0.0730137067254293
32.9116666666667,-0.0740459188956611
32.9233333333333,-0.0744745050908637
32.935,-0.074224526272289
32.9466666666667,-0.0732296189757162
32.9583333333333,-0.0714339812002583
32.97,-0.0687943050726169
32.9816666666667,-0.0652814978524983
32.9933333333333,-0.0608821083077761
33.005,-0.0555994678806938
33.0166666666667,-0.0494544695862851
33.0283333333333,-0.0424860455849959
33.04,-0.0347512086911658
33.0516666666667,-0.0263246715423386
33.0633333333333,-0.0172981597154715
33.075,-0.00777920411193805
33.0866666666667,0.00211042847429201
33.0983333333333,0.0122365613474009
33.11,0.0224548542959026
33.1216666666667,0.0326133414105532
33.1333333333333,0.0425552468985211
33.145,0.0521218882534042
33.1566666666667,0.0611557774987508
33.1683333333333,0.0695039314383413
33.18,0.0770210088350761
33.1916666666667,0.0835724339313154
33.2033333333333,0.089037438479549
33.215,0.0933118935299425
33.2266666666667,0.0963108932435915
33.2383333333333,0.0979709860352929
33.25,0.0982520439784632
33.2616666666667,0.0971387117378584
33.2733333333333,0.0946414110912979
33.285,0.0907968165994426
33.2966666666667,0.0856678377862575
33.3083333333333,0.079343061475652
33.32,0.0719356336131203
33.3316666666667,0.0635816371313501
33.3433333333333,0.0544379462209186
33.355,0.0446796644167613
33.3666666666667,0.0344970332700878
33.3783333333333,0.0240919383227044
33.39,0.0136742456371745
33.4016666666667,0.0034577908961145
33.4133333333333,-0.0063438565924087
33.425,-0.0155216008337967
33.4366666666667,-0.0238751680449526
33.4483333333333,-0.0312173487301782
33.46,-0.0373780276029066
33.4716666666667,-0.0422080388260613
33.4833333333333,-0.0455825976212399
33.495,-0.0474045080250779
33.5066666666667,-0.0476067681570036
33.5183333333333,-0.0461544852984906
33.53,-0.0430464781843228
33.5416666666667,-0.0383161221627326
33.5533333333333,-0.0320315567135345
33.565,-0.0242951171540314
33.5766666666667,-0.0152421615444528
33.5883333333333,-0.00503934924286064
33.6,0.00611800020245813
33.6116666666667,0.0180089999522418
33.6233333333333,0.0303909092864722
33.635,0.0430033845657881
33.6466666666667,0.0555730960915918
33.6583333333333,0.0678187719155596
33.67,0.0794564513202217
33.6816666666667,0.0902049470373384
33.6933333333333,0.0997913600933433
33.705,0.107956570986293
33.7166666666667,0.114460489890452
33.7283333333333,0.119087167573576
33.74,0.121649589337848
33.7516666666667,0.121993845536112
33.7633333333333,0.120002915940913
33.775,0.115599724538977
33.7866666666667,0.108749580746038
33.7983333333333,0.0994618730381206
33.81,0.0877908884927487
33.8216666666667,0.0738358958463782
33.8333333333333,0.0577402470417131
33.845,0.0396899101277707
33.8566666666667,0.0199109598243736
33.8683333333333,-0.00133379531420544
33.88,-0.0237486654478384
33.8916666666667,-0.0470097664272422
33.9033333333333,-0.0707702111272197
33.915,-0.0946658471066823
33.9266666666667,-0.118321491132677
33.9383333333333,-0.141357293561578
33.95,-0.163395322930175
33.9616666666667,-0.184066262875531
33.9733333333333,-0.203016009442982
33.985,-0.219912075732858
33.9966666666667,-0.234449689262468
34.0083333333333,-0.246357455288655
34.02,-0.255402441916363
34.0316666666667,-0.261394693962385
34.0433333333333,-0.264191030490874
34.055,-0.2636978742828
34.0666666666667,-0.259873393527536
34.0783333333333,-0.252728757919487
34.09,-0.242328296094255
34.1016666666667,-0.228788797837006
34.1133333333333,-0.212277842652806
34.125,-0.193011208732965
34.1366666666667,-0.171249460303621
34.1483333333333,-0.147293631526148
34.16,-0.12148020184335
34.1716666666667,-0.0941754335184043
34.1833333333333,-0.0657691364181517
34.195,-0.0366680456759574
34.2066666666667,-0.00728878958408437
34.2183333333333,0.0219492965145255
34.23,0.0506313560200813
34.2416666666667,0.0783541550840277
34.2533333333333,0.104733009663415
34.265,0.129408409038973
34.2766666666667,0.152052115882217
34.2883333333333,0.172372674681795
34.3,0.190120341772628
34.3116666666667,0.205091135771653
34.3233333333333,0.217130029120256
34.335,0.226133373787
34.3466666666667,0.232050212672296
34.3583333333333,0.234882582324928
34.37,0.234684979979753
34.3816666666667,0.231562764496466
34.3933333333333,0.225669620168517
34.405,0.217204190145059
34.4166666666667,0.20640579321927
34.4283333333333,0.193549408829268
34.44,0.178940098410372
34.4516666666667,0.162906815848413
34.4633333333333,0.145795812147908
34.475,0.127963803298868
34.4866666666667,0.109770929714857
34.4983333333333,0.0915736797335407
34.51,0.0737179985429152
34.5216666666667,0.0565326313144468
34.5333333333333,0.0403228137454645
34.545,0.0253645853242806
34.5566666666667,0.0118995648530349
34.5683333333333,0.000130468416122333
34.58,-0.00978244818980722
34.5916666666667,-0.0177241719272569
34.6033333333333,-0.0236267306306935
34.615,-0.0274701475474702
34.6266666666667,-0.0292823041207318
34.6383333333333,-0.0291377709175909
34.65,-0.0271558771285027
34.6616666666667,-0.0234977648644437
34.6733333333333,-0.0183625999527589
34.685,-0.0119830358544383
34.6966666666667,-0.00462001249385375
34.7083333333333,0.0034430185546955
34.72,0.0119063798816452
34.7316666666667,0.0204607225483821
34.7433333333333,0.0287937911714974
34.755,0.0365972584191327
34.7666666666667,0.0435734765787346
34.7783333333333,0.0494419989338308
34.79,0.0539457695528515
34.8016666666667,0.0568568461167883
34.8133333333333,0.0579815215170796
34.825,0.0571647796413848
34.8366666666667,0.0542939386136145
34.8483333333333,0.0493014366824176
34.86,0.0421667418687954
34.8716666666667,0.032917271163303
34.8833333333333,0.0216283500201821
34.895,0.00842223456038522
34.9066666666667,-0.00653392563961449
34.9183333333333,-0.0230309822913667
34.93,-0.0408214971921025
34.9416666666667,-0.0596243397548122
34.9533333333333,-0.079129931897529
34.965,-0.0990060860238635
34.9766666666667,-0.118904382506425
34.9883333333333,-0.138466905274981
35,-0.157333126780098
35.0116666666667,-0.175146958958652
35.0233333333333,-0.191563783897463
35.035,-0.206257190877587
35.0466666666667,-0.218925517210568
35.0583333333333,-0.229297913020882
35.07,-0.237139790947106
35.0816666666667,-0.242257658760923
35.0933333333333,-0.244503154038992
35.105,-0.243776235291411
35.1166666666667,-0.240027438811032
35.1283333333333,-0.233259224911576
35.14,-0.223526317140016
35.1516666666667,-0.210935021515515
35.1633333333333,-0.195641605295804
35.175,-0.177849641340331
35.1866666666667,-0.157806542872951
35.1983333333333,-0.135799243741928
35.21,-0.112149054240497
35.2216666666667,-0.0872059368364833
35.2333333333333,-0.0613421816671862
35.245,-0.0349456733019477
35.2566666666667,-0.00841289142293472
35.2683333333333,0.0178582844197407
35.28,0.0434758218932286
35.2916666666667,0.068060616454373
35.3033333333333,0.0912533060977273
35.315,0.112720816277314
35.3266666666667,0.1321623175888
35.3383333333333,0.149314538229571
35.35,0.16395638406849
35.3616666666667,0.175912786257758
35.3733333333333,0.185057687734422
35.385,0.191315979955038
35.3966666666667,0.194664600882445
35.4083333333333,0.195132661276204
35.42,0.192800475146918
35.4316666666667,0.18779768136413
35.4433333333333,0.180300443425269
35.455,0.170527823017621
35.4666666666667,0.15873727838159
35.4783333333333,0.145219467902499
35.49,0.130292536982107
35.5016666666667,0.114295830634013
35.5133333333333,0.0975832532252751
35.525,0.0805164146328222
35.5366666666667,0.0634576220193912
35.5483333333333,0.046762890849365
35.56,0.0307751814595456
35.5716666666667,0.0158178836308751
35.5833333333333,0.00218867559913606
35.595,-0.00984602414415436
35.6066666666667,-0.020056006500961
35.6183333333333,-0.0282515362451328
35.63,-0.0342867947354384
35.6416666666667,-0.0380624467388696
35.6533333333333,-0.0395273066570621
35.665,-0.0386790958732581
35.6766666666667,-0.035564269673507
35.6883333333333,-0.0302768555594754
35.7,-0.0229564112169125
35.7116666666667,-0.013785152669425
35.7233333333333,-0.00298423145956586
35.735,0.00919064080712438
35.7466666666667,0.0224542850731464
35.7583333333333,0.0364976757437053
35.77,0.0509939514897197
35.7816666666667,0.0656047704182513
35.7933333333333,0.0799867959292032
35.805,0.0937984285221825
35.8166666666667,0.106706275505918
35.8283333333333,0.118391369977813
35.84,0.128555423997942
35.8516666666667,0.136926418643678
35.8633333333333,0.143263694157989
35.875,0.147362622547884
35.8866666666667,0.149058351755486
35.8983333333333,0.148228865155709
35.91,0.144797304940667
35.9216666666667,0.138733417277169
35.9333333333333,0.130054156723358
35.945,0.118823333183091
35.9566666666667,0.105150534498308
35.9683333333333,0.0891891725919831
35.98,0.0711337221039894
35.9916666666667,0.0512162767521178
36.0033333333333,0.0297023807229062
36.015,0.00688642921486029
36.0266666666667,-0.0169135428182264
36.0383333333333,-0.041361416235854
36.05,-0.0661087581167624
36.0616666666667,-0.0908008529698671
36.0733333333333,-0.115082640240561
36.085,-0.13860478772846
36.0966666666667,-0.161029493079062
36.1083333333333,-0.182035908294709
36.12,-0.201325399414666
36.1316666666667,-0.218626232919455
36.1433333333333,-0.233697842456003
36.155,-0.246334262693244
36.1666666666667,-0.256367141691941
36.1783333333333,-0.263668163259989
36.19,-0.268150394170332
36.2016666666667,-0.269769113105425
36.2133333333333,-0.268521844405459
36.225,-0.26444776221679
36.2366666666667,-0.257626293609502
36.2483333333333,-0.248174963610526
36.26,-0.236246884490706
36.2716666666667,-0.222027520039991
36.2833333333333,-0.205731046162391
36.295,-0.187596263557983
36.3066666666667,-0.167882175095819
36.3183333333333,-0.14686348944936
36.33,-0.124825783782925
36.3416666666667,-0.102060708104375
36.3533333333333,-0.0788612441405646
36.365,-0.0555169566014232
36.3766666666667,-0.0323096085080334
36.3883333333333,-0.00950902379963854
36.4,0.0126308022837755
36.4116666666667,0.0338751294896957
36.4233333333333,0.0540114186038911
36.435,0.0728518162753322
36.4466666666667,0.0902351510391633
36.4583333333333,0.106028306670006
36.47,0.120127099054163
36.4816666666667,0.132456647419736
36.4933333333333,0.142971087754481
36.505,0.151652919441372
36.5166666666667,0.15851183152209
36.5283333333333,0.163583006702939
36.54,0.166925183469304
36.5516666666667,0.168618257598756
36.5633333333333,0.168760708917347
36.575,0.167466802329963
36.5866666666667,0.164863497361727
36.5983333333333,0.161087459303426
36.61,0.156282009917058
36.6216666666667,0.150594087875043
36.6333333333333,0.144171297543634
36.645,0.137159184480008
36.6566666666667,0.129698647293153
36.6683333333333,0.121923542302658
36.68,0.113958732416936
36.6916666666667,0.105918349749095
36.7033333333333,0.0979043895014128
36.715,0.0900056631417445
36.7266666666667,0.0822970672552959
36.7383333333333,0.0748393342798526
36.75,0.0676789747741161
36.7616666666667,0.0608486022601884
36.7733333333333,0.0543675673641408
36.785,0.0482427944642333
36.7966666666667,0.0424699428928495
36.8083333333333,0.037034701155738
36.82,0.0319142814867856
36.8316666666667,0.0270790282000039
36.8433333333333,0.0224940278208451
36.855,0.0181208341991875
36.8666666666667,0.0139191810651074
36.8783333333333,0.00984857192819103
36.89,0.00586982366549581
36.9016666666667,0.00194649662766117
36.9133333333333,-0.00195388987441877
36.925,-0.00585867281686134
36.9366666666667,-0.00978920172670074
36.9483333333333,-0.0137602648225312
36.96,-0.0177795239738697
36.9716666666667,-0.0218472962427694
36.9833333333333,-0.0259565474463576
36.995,-0.0300930678519336
37.0066666666667,-0.0342359103554872
37.0183333333333,-0.0383579324167251
37.03,-0.0424265055409583
37.0416666666667,-0.0464044214908237
37.0533333333333,-0.0502509038543843
37.065,-0.0539225723049322
37.0766666666667,-0.0573745818159129
37.0883333333333,-0.0605618680644466
37.1,-0.0634402396280326
37.1116666666667,-0.0659674539937368
37.1233333333333,-0.0681042534299021
37.135,-0.0698153993189688
37.1466666666667,-0.0710704579871965
37.1583333333333,-0.0718444817189783
37.17,-0.0721186844241488
37.1816666666667,-0.0718808646003386
37.1933333333333,-0.0711256643862613
37.205,-0.0698547018668529
37.2166666666667,-0.0680766403286509
37.2283333333333,-0.0658069855406541
37.24,-0.0630676948093296
37.2516666666667,-0.0598868110253622
37.2633333333333,-0.0562979024624441
37.275,-0.0523393785022927
37.2866666666667,-0.0480538061584544
37.2983333333333,-0.043487123217221
37.31,-0.038687817543037
37.3216666666667,-0.0337060881202523
37.3333333333333,-0.0285930254134494
37.345,-0.0233998397361928
37.3566666666667,-0.0181770397547718
37.3683333333333,-0.0129737470350518
37.38,-0.00783711750147215
37.3916666666667,-0.00281176127345346
37.4033333333333,0.00206065647400363
37.415,0.00674185638734851
37.4266666666667,0.0111971892139191
37.4383333333333,0.0153956536495906
37.45,0.0193100634522157
37.4616666666667,0.0229170030749173
37.4733333333333,0.0261966614277146
37.485,0.0291328114308988
37.4966666666667,0.0317124135572903
37.5083333333333,0.0339252941586887
37.52,0.0357639717768985
37.5316666666667,0.0372232693850315
37.5433333333333,0.0383000655065985
37.555,0.0389928903537711
37.5666666666667,0.039301658397966
37.5783333333333,0.0392275995105783
37.59,0.0387729729417452
37.6016666666667,0.0379409871098999
37.6133333333333,0.0367357218908159
37.625,0.0351622340497787
37.6366666666667,0.0332266669917343
37.6483333333333,0.0309362761606306
37.66,0.0282997469992192
37.6716666666667,0.025327469549331
37.6833333333333,0.0220318318483191
37.695,0.0184276607716352
37.7066666666667,0.0145324961882325
37.7183333333333,0.0103669660079139
37.73,0.00595520261881473
37.7416666666667,0.00132511796854767
37.7533333333333,-0.00349128824237723
37.765,-0.00845781278804549
37.7766666666667,-0.0135338089104852
37.7883333333333,-0.0186741557638217
37.8,-0.0238294610052975
37.8116666666667,-0.0289462101629925
37.8233333333333,-0.0339670953233045
37.835,-0.0388314433879136
37.8466666666667,-0.0434758834249926
37.8583333333333,-0.0478350829966691
37.87,-0.0518424771137586
37.8816666666667,-0.0554312763832884
37.8933333333333,-0.0585355135011232
37.905,-0.0610911081720888
37.9166666666667,-0.0630371178610852
37.9283333333333,-0.0643169017464545
37.94,-0.0648793278125495
37.9516666666667,-0.0646800230561693
37.9633333333333,-0.0636824550873142
37.975,-0.0618591436236778
37.9866666666667,-0.0591925828473168
37.9983333333333,-0.055676018102676
38.01,-0.0513142618211114
38.0216666666667,-0.0461241966359509
38.0333333333333,-0.0401351880282618
38.045,-0.0333890434887866
38.0566666666667,-0.0259400518723009
38.0683333333333,-0.0178548510674131
38.08,-0.00921164683140031
38.0916666666667,-9.95161598275408e-05
38.1033333333333,0.00938259455458255
38.115,0.0191271083549846
38.1266666666667,0.0290192384811815
38.1383333333333,0.0389386034135371
38.15,0.0487609175536134
38.1616666666667,0.0583599180522061
38.1733333333333,0.0676092837331321
38.185,0.07638470581685
38.1966666666667,0.084565957789174
38.2083333333333,0.0920388498214598
38.22,0.0986972319530493
38.2316666666667,0.104444850333354
38.2433333333333,0.109197097026345
38.255,0.112882536439162
38.2666666666667,0.11544428040828
38.2783333333333,0.116841168406835
38.29,0.117048571872601
38.3016666666667,0.116058977021481
38.3133333333333,0.113882291730759
38.325,0.110545856661229
38.3366666666667,0.106093981494539
38.3483333333333,0.100587288016344
38.36,0.0941018958255622
38.3716666666667,0.0867281170968022
38.3833333333333,0.0785689552205639
38.395,0.0697383350036809
38.4066666666667,0.0603591562749891
38.4183333333333,0.0505611974862007
38.43,0.0404787911155728
38.4416666666667,0.030248478534997
38.4533333333333,0.0200066023790619
38.465,0.00988687990719496
38.4766666666667,1.80941764651195e-05
38.4883333333333,-0.00947818754768052
38.5,-0.0184897727316065
38.5116666666667,-0.0269157761502269
38.5233333333333,-0.0346683682495329
38.535,-0.0416741400631121
38.5466666666667,-0.0478753316503501
38.5583333333333,-0.0532307780299996
38.57,-0.0577163413236875
38.5816666666667,-0.0613251299761833
38.5933333333333,-0.0640673498709321
38.605,-0.0659697738722902
38.6166666666667,-0.0670748774913728
38.6283333333333,-0.0674396895548702
38.64,-0.0671343551576139
38.6516666666667,-0.0662403675581533
38.6633333333333,-0.0648486145354436
38.675,-0.0630571803914751
38.6866666666667,-0.060969078582455
38.6983333333333,-0.0586898541722039
38.71,-0.0563250526754497
38.7216666666667,-0.053977806041518
38.7333333333333,-0.0517463939547446
38.745,-0.0497219101088917
38.7566666666667,-0.0479861853549533
38.7683333333333,-0.0466098247475901
38.78,-0.0456504003885205
38.7916666666667,-0.0451510857284275
38.8033333333333,-0.0451395690710287
38.815,-0.0456271534964263
38.8266666666667,-0.0466084076919172
38.8383333333333,-0.0480611954372293
38.85,-0.0499469023090883
38.8616666666667,-0.0522111649891466
38.8733333333333,-0.054784941379063
38.885,-0.0575858437814035
38.8966666666667,-0.060519900222934
38.9083333333333,-0.0634835493557507
38.92,-0.0663658715546312
38.9316666666667,-0.0690510114145979
38.9433333333333,-0.071420738828609
38.955,-0.073357225943892
38.9666666666667,-0.0747456547937824
38.9783333333333,-0.0754768614330713
38.99,-0.0754500608063806
39.0016666666667,-0.0745753272091841
39.0133333333333,-0.0727759195451713
39.025,-0.0699902641429655
39.0366666666667,-0.06617386542764
39.0483333333333,-0.0613008379793573
39.06,-0.0553649200081752
39.0716666666667,-0.0483802804446132
39.0833333333333,-0.040381825806657
39.095,-0.0314251976112625
39.1066666666667,-0.021586270809215
39.1183333333333,-0.0109601815262743
39.13,0.00033988480899063
39.1416666666667,0.0121844049461403
39.1533333333333,0.0244295380348827
39.165,0.0369194491227705
39.1766666666667,0.0494889281840777
39.1883333333333,0.0619662045303734
39.2,0.0741759469550788
39.2116666666667,0.0859423573038223
39.2233333333333,0.0970923176913807
39.235,0.107458565315162
39.2466666666667,0.116882803321223
39.2583333333333,0.125218582312961
39.27,0.132334054439259
39.2816666666667,0.138114482931554
39.2933333333333,0.14246444746781
39.305,0.145309780508799
39.3166666666667,0.146598980000985
39.3283333333333,0.146304305930809
39.34,0.144422490591521
39.3516666666667,0.140974887085995
39.3633333333333,0.136007316622252
39.375,0.129589259553012
39.3866666666667,0.121812748663601
39.3983333333333,0.112790998231653
39.41,0.102656333529359
39.4216666666667,0.0915579036803276
39.4333333333333,0.0796591653545009
39.445,0.0671349578932314
39.4566666666667,0.05416846021266
39.4683333333333,0.0409480481035368
39.48,0.0276639763715699
39.4916666666667,0.0145050458735941
39.5033333333333,0.00165535207290048
39.515,-0.010708856742773
39.5266666666667,-0.0224221899443789
39.5383333333333,-0.0333329642232835
39.55,-0.0433056834508235
39.5616666666667,-0.0522231873583846
39.5733333333333,-0.0599885667524033
39.585,-0.0665265216864604
39.5966666666667,-0.0717843731138549
39.6083333333333,-0.0757327911639115
39.62,-0.078365831539128
39.6316666666667,-0.0797006534775399
39.6433333333333,-0.0797768202517701
39.655,-0.0786550416547843
39.6666666666667,-0.0764157089328212
39.6783333333333,-0.0731570310231156
39.69,-0.0689927459686669
39.7016666666667,-0.0640496428802833
39.7133333333333,-0.0584648716086915
39.725,-0.0523830160214242
39.7366666666667,-0.0459531266129429
39.7483333333333,-0.0393257321745029
39.76,-0.0326497942822742
39.7716666666667,-0.0260697704351523
39.7833333333333,-0.0197228158200982
39.795,-0.0137361524595061
39.8066666666667,-0.0082247406957164
39.8183333333333,-0.00328916075680624
39.83,0.000986147433055517
39.8416666666667,0.00453425906767364
39.8533333333333,0.007306853406569
39.865,0.00927471641052828
39.8766666666667,0.0104279977373583
39.8883333333333,0.0107761102109398
39.9,0.0103470147821859
39.9116666666667,0.00918625454673399
39.9233333333333,0.00735560991891674
39.935,0.00493145641090057
39.9466666666667,0.00200275054113157
39.9583333333333,-0.00133125491308536
39.97,-0.00496334241928685
39.9816666666667,-0.00878090397670822
39.9933333333333,-0.0126686269767865
40.005,-0.0165111505993849
40.0166666666667,-0.0201957115555288
40.0283333333333,-0.023614759750952
40.04,-0.0266684111612114
40.0516666666667,-0.0292666985925247
40.0633333333333,-0.0313315960681136
40.075,-0.0327987514046103
40.0866666666667,-0.0336189635279729
40.0983333333333,-0.0337592776811501
40.11,-0.0332036706518942
40.1216666666667,-0.0319534152179392
40.1333333333333,-0.0300270609311508
40.145,-0.0274599874894526
40.1566666666667,-0.0243036186735077
40.1683333333333,-0.0206242972262861
40.18,-0.0165017797902518
40.1916666666667,-0.0120274646969575
40.2033333333333,-0.00730234385703715
40.215,-0.00243473118242506
40.2266666666667,0.00246212313568742
40.2383333333333,0.00727260549752459
40.25,0.0118813350839137
40.2616666666667,0.0161757753896339
40.2733333333333,0.0200488323851565
40.285,0.0234012596867739
40.2966666666667,0.0261440150456902
40.3083333333333,0.0282003724540612
40.32,0.0295077230908916
40.3316666666667,0.0300191825251626
40.3433333333333,0.0297048034827505
40.355,0.0285524729757584
40.3666666666667,0.0265684481015526
40.3783333333333,0.0237774775058237
40.39,0.0202225654075569
40.4016666666667,0.0159643064953545
40.4133333333333,0.01107990450718
40.425,0.00566181534476437
40.4366666666667,-0.00018396754141127
40.4483333333333,-0.00633984429922218
40.46,-0.0126788749028531
40.4716666666667,-0.0190672370286693
40.4833333333333,-0.0253667981382181
40.495,-0.0314378478687895
40.5066666666667,-0.0371418745022269
40.5183333333333,-0.0423443432642059
40.53,-0.0469173971909233
40.5416666666667,-0.0507424833520217
40.5533333333333,-0.0537128045045352
40.565,-0.055735498922956
40.5766666666667,-0.0567336700592232
40.5883333333333,-0.0566481249464293
40.6,-0.0554386592763969
40.6116666666667,-0.0530850662168664
40.6233333333333,-0.0495878124365844
40.635,-0.0449681539044635
40.6466666666667,-0.0392680624224209
40.6583333333333,-0.0325497751170884
40.67,-0.0248947184129861
40.6816666666667,-0.0164022439660595
40.6933333333333,-0.00718802403626812
40.705,0.00261795192644436
40.7166666666667,0.0128735586011748
40.7283333333333,0.023426981707059
40.74,0.0341193473046191
40.7516666666667,0.0447874880122634
40.7633333333333,0.0552667845778043
40.775,0.0653939931713147
40.7866666666667,0.0750101473589004
40.7983333333333,0.0839633157406474
40.81,0.0921111793247628
40.8216666666667,0.0993235119791705
40.8333333333333,0.105484389877087
40.845,0.11049417906553
40.8566666666667,0.11427114028799
40.8683333333333,0.116752719580774
40.88,0.117896598723394
40.8916666666667,0.117681258780044
40.9033333333333,0.116106246933378
40.915,0.113191989239047
40.9266666666667,0.108979268476083
40.9383333333333,0.103528455642971
40.95,0.0969182121574435
40.9616666666667,0.0892439887456239
40.9733333333333,0.0806162444814442
40.985,0.0711583411400163
40.9966666666667,0.0610044163888995
41.0083333333333,0.0502969683560314
41.02,0.0391842657874003
41.0316666666667,0.0278178266069857
41.0433333333333,0.0163498102073281
41.055,0.00493054106455698
41.0666666666667,-0.00629405907487473
41.0783333333333,-0.0171848792944268
41.09,-0.0276116522641649
41.1016666666667,-0.0374549703881696
41.1133333333333,-0.0466080758512338
41.125,-0.0549782135307716
41.1366666666667,-0.0624878979310769
41.1483333333333,-0.0690758149635548
41.16,-0.0746973080010065
41.1716666666667,-0.0793246562354727
41.1833333333333,-0.0829469758825351
41.195,-0.0855698701065925
41.2066666666667,-0.0872147460218419
41.2183333333333,-0.0879178197254718
41.23,-0.0877289515165732
41.2416666666667,-0.0867101973540234
41.2533333333333,-0.0849342003212279
41.265,-0.082482429966479
41.2766666666667,-0.0794433103008801
41.2883333333333,-0.0759102980849563
41.3,-0.0719798521503039
41.3116666666667,-0.067749471633517
41.3233333333333,-0.0633157877811712
41.335,-0.0587726673927539
41.3466666666667,-0.0542094813412149
41.3583333333333,-0.049709541208445
41.37,-0.0453486837757336
41.3816666666667,-0.0411940503875251
41.3933333333333,-0.0373031247442775
41.405,-0.0337229072139308
41.4166666666667,-0.0304893905551485
41.4283333333333,-0.0276273485836854
41.44,-0.0251502772070169
41.4516666666667,-0.0230606123527539
41.4633333333333,-0.021350121341014
41.475,-0.020000571560973
41.4866666666667,-0.0189845879962303
41.4983333333333,-0.0182665835909504
41.51,-0.0178039276724265
41.5216666666667,-0.0175482273366134
41.5333333333333,-0.0174466214315772
41.545,-0.0174432196223073
41.5566666666667,-0.0174805956557523
41.5683333333333,-0.0175010930306423
41.58,-0.0174481869816597
41.5916666666667,-0.0172678510922693
41.6033333333333,-0.0169097661806675
41.615,-0.0163284234153007
41.6266666666667,-0.0154840722517131
41.6383333333333,-0.0143435629736322
41.65,-0.0128809956874819
41.6616666666667,-0.0110782278854176
41.6733333333333,-0.00892520729044476
41.685,-0.00641996097182001
41.6966666666667,-0.00356865855440236
41.7083333333333,-0.000385466765099213
41.72,0.00310794216527626
41.7316666666667,0.00688289337144532
41.7433333333333,0.0109043449170078
41.755,0.0151316931710478
41.7666666666667,0.0195196160908499
41.7783333333333,0.0240189887265399
41.79,0.0285778847890038
41.8016666666667,0.0331425874205311
41.8133333333333,0.0376586091063641
41.825,0.0420716509184959
41.8366666666667,0.0463285442048238
41.8483333333333,0.0503782087806399
41.86,0.0541724233320198
41.8716666666667,0.0576665732141758
41.8833333333333,0.0608202919690269
41.895,0.0635979288635377
41.9066666666667,0.0659689850485558
41.9183333333333,0.067908408964135
41.93,0.0693967453315256
41.9416666666667,0.0704201482122574
41.9533333333333,0.0709703652476629
41.965,0.0710445208556288
41.9766666666667,0.0706448215741075
41.9883333333333,0.0697783210618732
42,0.0684564289329166
42.0116666666667,0.0666944483160161
42.0233333333333,0.0645111008921947
42.035,0.0619279669447841
42.0466666666667,0.0589690296595393
42.0583333333333,0.0556601160713933
42.07,0.0520283815514719
42.0816666666667,0.0481018801818095
42.0933333333333,0.0439091505146946
42.105,0.0394789107474231
42.1166666666667,0.0348396955544596
42.1283333333333,0.0300196304591106
42.14,0.0250463710192362
42.1516666666667,0.0199469866457189
42.1633333333333,0.0147479399332062
42.175,0.00947518409596983
42.1866666666667,0.00415428984052791
42.1983333333333,-0.00118944480672518
42.21,-0.0065308039069204
42.2216666666667,-0.0118443721799563
42.2333333333333,-0.0171043871169696
42.245,-0.0222844850018261
42.2566666666667,-0.02735738799498
42.2683333333333,-0.0322948253381635
42.28,-0.037067402465876
42.2916666666667,-0.0416444863930211
42.3033333333333,-0.045994223329119
42.315,-0.0500835682628478
42.3266666666667,-0.053878451694059
42.3383333333333,-0.0573440399807484
42.35,-0.0604450189498527
42.3616666666667,-0.0631459869406712
42.3733333333333,-0.0654119834338343
42.385,-0.067209027010177
42.3966666666667,-0.0685047410699958
42.4083333333333,-0.0692691008481682
42.42,-0.0694751108426875
42.4316666666667,-0.0690996055473812
42.4433333333333,-0.0681240048093148
42.455,-0.0665349939223672
42.4666666666667,-0.0643254438785077
42.4783333333333,-0.0614950209551257
42.49,-0.0580506961975151
42.5016666666667,-0.0540073454121292
42.5133333333333,-0.0493881419996816
42.525,-0.044224828096882
42.5366666666667,-0.0385578563337145
42.5483333333333,-0.0324364016695482
42.56,-0.0259181732626438
42.5716666666667,-0.0190690628884717
42.5833333333333,-0.0119626571575627
42.595,-0.00467948354271481
42.6066666666667,0.00269382677216318
42.6183333333333,0.0100655253893527
42.63,0.017339965134836
42.6416666666667,0.0244188790638045
42.6533333333333,0.0312028418305683
42.665,0.0375927724223917
42.6766666666667,0.043491461027657
42.6883333333333,0.0488052488810083
42.7,0.0534456982716722
42.7116666666667,0.0573311911481692
42.7233333333333,0.0603884742476572
42.735,0.0625542238509919
42.7466666666667,0.0637764136657544
42.7583333333333,0.0640154694043698
42.77,0.0632453978286979
42.7816666666667,0.0614546920813013
42.7933333333333,0.0586469540023564
42.805,0.0548413217497315
42.8166666666667,0.0500726943503462
42.8283333333333,0.0443916029802667
42.84,0.0378638516981422
42.8516666666667,0.0305699067645434
42.8633333333333,0.0226039748517512
42.875,0.0140729093936175
42.8866666666667,0.00509477164631796
42.8983333333333,-0.00420280299880765
42.91,-0.0136843856353878
42.9216666666667,-0.0232087642667604
42.9333333333333,-0.0326310557452597
42.945,-0.0418050050427512
42.9566666666667,-0.0505852747843222
42.9683333333333,-0.058829736636709
42.98,-0.0664018566201721
42.9916666666667,-0.0731729824443535
43.0033333333333,-0.079024541777317
43.015,-0.0838501189298169
43.0266666666667,-0.0875573189460822
43.0383333333333,-0.0900694797577356
43.05,-0.0913271358602259
43.0616666666667,-0.0912892118175529
43.0733333333333,-0.0899339342984564
43.085,-0.0872593477936936
43.0966666666667,-0.0832836537190383
43.1083333333333,-0.0780452311443548
43.12,-0.0716021014963345
43.1316666666667,-0.0640312340674632
43.1433333333333,-0.0554275225536626
43.155,-0.0459023736541729
43.1666666666667,-0.0355821269089301
43.1783333333333,-0.0246061154600389
43.19,-0.0131245217695026
43.2016666666667,-0.00129607078553589
43.2133333333333,0.0107144746251319
43.225,0.0227388569723819
43.2366666666667,0.0346080750041906
43.2483333333333,0.0461550783563678
43.26,0.0572173661612343
43.2716666666667,0.0676396126093762
43.2833333333333,0.0772761206447187
43.295,0.0859932668498681
43.3066666666667,0.0936715489043304
43.3183333333333,0.100207352081042
43.33,0.105514732220901
43.3416666666667,0.109526705773793
43.3533333333333,0.112196252398104
43.365,0.11349700791951
43.3766666666667,0.1134235631597
43.3883333333333,0.111991463128379
43.4,0.109236808889932
43.4116666666667,0.105215530006191
43.4233333333333,0.100002346763375
43.435,0.0936893623211124
43.4466666666667,0.0863844554085192
43.4583333333333,0.0782093802211666
43.47,0.0692975953773367
43.4816666666667,0.0597919600782098
43.4933333333333,0.0498422167085939
43.505,0.0396025440528367
43.5166666666667,0.0292288585386756
43.5283333333333,0.0188760992824849
43.54,0.00869580425939179
43.5516666666667,-0.00116647103818787
43.5633333333333,-0.0105735265029682
43.575,-0.0193986719654796
43.5866666666667,-0.0275277682854191
43.5983333333333,-0.0348609640693817
43.61,-0.0413142048708476
43.6216666666667,-0.0468204068014745
43.6333333333333,-0.0513303267332611
43.645,-0.0548131406585423
43.6566666666667,-0.0572566658761648
43.6683333333333,-0.0586672593692481
43.68,-0.0590693606104665
43.6916666666667,-0.0585047380528376
43.7033333333333,-0.0570314456874852
43.715,-0.0547224596374512
43.7266666666667,-0.0516641298952736
43.7383333333333,-0.0479543842228681
43.75,-0.0437006935688267
43.7616666666667,-0.0390179696575756
43.7733333333333,-0.0340263326641951
43.785,-0.0288487280722207
43.7966666666667,-0.0236086295342107
43.8083333333333,-0.018427801063163
43.82,-0.0134239873468377
43.8316666666667,-0.00870878367363644
43.8433333333333,-0.00438566801543326
43.855,-0.000548045384463996
43.8666666666667,0.0027223163513154
43.8783333333333,0.00535658345246181
43.89,0.00730005527326398
43.9016666666667,0.00851300436293793
43.9133333333333,0.008971243388295
43.925,0.00866649010504683
43.9366666666667,0.00760625087465738
43.9483333333333,0.00581347608277242
43.96,0.00332605150611903
43.9716666666667,0.000195897088872994
43.9833333333333,-0.00351206776693335
43.995,-0.00772139210170307
44.0066666666667,-0.0123456427445118
44.0183333333333,-0.0172899043307825
44.03,-0.0224527360916813
44.0416666666667,-0.0277280888869016
44.0533333333333,-0.0330072989952039
44.065,-0.0381811255074288
44.0766666666667,-0.0431416849370792
44.0883333333333,-0.0477844974049886
44.1,-0.0520103453432797
44.1116666666667,-0.0557270137204532
44.1233333333333,-0.0588509483467236
44.135,-0.0613086235258021
44.1466666666667,-0.0630378098746319
44.1583333333333,-0.0639886657033104
44.17,-0.0641244653669482
44.1816666666667,-0.0634221500856042
44.1933333333333,-0.0618726496330057
44.205,-0.0594808703279329
44.2166666666667,-0.0562655288958738
44.2283333333333,-0.052258703308523
44.24,-0.0475051944007446
44.2516666666667,-0.0420616243925262
44.2633333333333,-0.0359952489050405
44.275,-0.0293829304100975
44.2866666666667,-0.0223097358726492
44.2983333333333,-0.0148671213335282
44.31,-0.00715154265290393
44.3216666666667,0.000737205569555932
44.3333333333333,0.00869771344476059
44.345,0.0166286243045619
44.3566666666667,0.0244302977532966
44.3683333333333,0.0320063095342084
44.38,0.039265013751534
44.3916666666667,0.0461209006625948
44.4033333333333,0.0524957850767891
44.415,0.0583200495641361
44.4266666666667,0.0635334155876019
44.4383333333333,0.0680855919675171
44.45,0.0719369462365848
44.4616666666667,0.0750587806142521
44.4733333333333,0.0774334912387071
44.485,0.0790544796106199
44.4966666666667,0.0799258732559755
44.5083333333333,0.0800621700596978
44.52,0.0794876136003763
44.5316666666667,0.0782354409852318
44.5433333333333,0.076347001582982
44.555,0.0738707695314582
44.5666666666667,0.0708612286661582
44.5783333333333,0.0673777028783804
44.59,0.063483218528074
44.6016666666667,0.059243271653758
44.6133333333333,0.0547245923653708
44.625,0.0499939868114758
44.6366666666667,0.0451171822042708
44.6483333333333,0.0401577333776394
44.66,0.0351760617498388
44.6716666666667,0.030228565748701
44.6833333333333,0.0253668319002316
44.695,0.0206370332877931
44.7066666666667,0.0160794220431436
44.7183333333333,0.0117279260133708
44.73,0.00760992932605264
44.7416666666667,0.003746221029272
44.7533333333333,0.000151040839307898
44.765,-0.00316773514383258
44.7766666666667,-0.00620823898444829
44.7883333333333,-0.00897425921112919
44.8,-0.0114746787325873
44.8116666666667,-0.0137228474759088
44.8233333333333,-0.0157359769339429
44.835,-0.0175342463447257
44.8466666666667,-0.0191400962036324
44.8583333333333,-0.0205775861098198
44.87,-0.0218714971860533
44.8816666666667,-0.0230465970165096
44.8933333333333,-0.0241269225062383
44.905,-0.0251350261294279
44.9166666666667,-0.0260914396266674
44.9283333333333,-0.0270141269819696
44.94,-0.0279180131939115
44.9516666666667,-0.0288146478844113
44.9633333333333,-0.0297118737590103
44.975,-0.0306137803586274
44.9866666666667,-0.0315206592883084
44.9983333333333,-0.0324289361609973
45.01,-0.0333313799328809
45.0216666666667,-0.0342173558070714
45.0333333333333,-0.0350731744578279
45.045,-0.0358824402367188
45.0566666666667,-0.0366265744465295
45.0683333333333,-0.0372854466898064
45.08,-0.0378378401194072
45.0916666666667,-0.0382620903971428
45.1033333333333,-0.0385367337895409
45.115,-0.0386411014882293
45.1266666666667,-0.0385559626171962
45.1383333333333,-0.038264083542772
45.15,-0.037750752497269
45.1616666666667,-0.0370042933383379
45.1733333333333,-0.0360164784836164
45.185,-0.0347828390887726
45.1966666666667,-0.0333030020466117
45.2083333333333,-0.0315808726087204
45.22,-0.0296246648025361
45.2316666666667,-0.0274469150986564
45.2433333333333,-0.0250643727441742
45.255,-0.0224978069232342
45.2666666666667,-0.019771712693292
45.2783333333333,-0.0169139449361763
45.29,-0.0139552797270756
45.3016666666667,-0.0109288812564004
45.3133333333333,-0.00786976373154597
45.325,-0.00481413167695668
45.3366666666667,-0.00179870530398354
45.3483333333333,0.00113988740364871
45.36,0.00396582448614138
45.3716666666667,0.00664477531108695
45.3833333333333,0.00914452536616409
45.395,0.0114356464100299
45.4066666666667,0.0134920916722213
45.4183333333333,0.0152916378565595
45.43,0.0168163635541122
45.4416666666667,0.0180530640572777
45.4533333333333,0.0189935160923267
45.465,0.019634691863535
45.4766666666667,0.0199788422574962
45.4883333333333,0.0200335143294981
45.5,0.0198114536983848
45.5116666666667,0.0193304120842232
45.5233333333333,0.0186128747492924
45.535,0.0176856194249673
45.5466666666667,0.016579280383787
45.5583333333333,0.0153278160688745
45.57,0.0139678874348479
45.5816666666667,0.0125381814397762
45.5933333333333,0.0110786509419514
45.605,0.00962987790367535
45.6166666666667,0.00823225582221508
45.6283333333333,0.00692512804560856
45.64,0.00574610937462887
45.6516666666667,0.00473030625521374
45.6633333333333,0.00390961976661326
45.675,0.00331211591800528
45.6866666666667,0.00296137282840462
45.6983333333333,0.00287596614400226
45.71,0.00306905739313873
45.7216666666667,0.00354806171244657
45.7333333333333,0.00431436394232708
45.745,0.00536320402039558
45.7566666666667,0.00668367329228355
45.7683333333333,0.00825875138095576
45.78,0.0100655095022318
45.7916666666667,0.0120754114058442
45.8033333333333,0.014254762705708
45.815,0.0165651383398432
45.8266666666667,0.0189639923768389
45.8383333333333,0.0214053933525828
45.85,0.0238407566905761
45.8616666666667,0.0262197056305167
45.8733333333333,0.028490809210392
45.885,0.0306026747030734
45.8966666666667,0.0325047801090318
45.9083333333333,0.0341482193640567
45.92,0.0354867868356527
45.9316666666667,0.0364777821052987
45.9433333333333,0.037082908154296
45.955,0.0372689871775333
45.9666666666667,0.037008589472164
45.9783333333333,0.0362808213145231
45.99,0.0350717605341525
46.0016666666667,0.0333748877327584
46.0133333333333,0.0311913672657995
46.025,0.0285302463715317
46.0366666666667,0.0254085694483386
46.0483333333333,0.0218511441517953
46.06,0.0178904077475958
46.0716666666667,0.0135661171178014
46.0833333333333,0.00892477196448115
46.095,0.00401919291665422
46.1066666666667,-0.00109226413887402
46.1183333333333,-0.00634657305368374
46.13,-0.0116768620395503
46.1416666666667,-0.0170134363950729
46.1533333333333,-0.022284696681656
46.165,-0.0274184483408462
46.1766666666667,-0.0323429258585168
46.1883333333333,-0.0369877244083992
46.2,-0.0412851307718042
46.2116666666667,-0.0451711585235815
46.2233333333333,-0.0485866930078778
46.235,-0.0514783214608986
46.2466666666667,-0.0537992570436992
46.2583333333333,-0.0555104718967908
46.27,-0.0565812243538599
46.2816666666667,-0.0569896657110584
46.2933333333333,-0.0567234481347769
46.305,-0.055779842423309
46.3166666666667,-0.0541660504744851
46.3283333333333,-0.0518993157750844
46.34,-0.0490067031854092
46.3516666666667,-0.0455248965614215
46.3633333333333,-0.0414995883457828
46.375,-0.0369852058352541
46.3866666666667,-0.0320440282188013
46.3983333333333,-0.0267451485759321
46.41,-0.0211636468942745
46.4216666666667,-0.0153794627038442
46.4333333333333,-0.00947631296449394
46.445,-0.00354019218183132
46.4566666666667,0.00234184401597542
46.4683333333333,0.00808277861914153
46.48,0.0135972301530071
46.4916666666667,0.0188027190866242
46.5033333333333,0.0236210449696617
46.515,0.0279794865047766
46.5266666666667,0.0318119642014668
46.5383333333333,0.0350602790896883
46.55,0.0376750368782054
46.5616666666667,0.0396164782790001
46.5733333333333,0.0408552312640137
46.585,0.0413728585441874
46.5966666666667,0.0411621977794984
46.6083333333333,0.0402276244235811
46.62,0.0385850721841773
46.6316666666667,0.0362618474528031
46.6433333333333,0.0332963112509283
46.655,0.0297373728657211
46.6666666666667,0.0256437655097263
46.6783333333333,0.0210831851324249
46.69,0.0161312749270913
46.7016666666667,0.0108704727796
46.7133333333333,0.00538883000563106
46.725,-0.000221595329462218
46.7366666666667,-0.00586609277730689
46.7483333333333,-0.0114485971316418
46.76,-0.0168733877810732
46.7716666666667,-0.0220466205151535
46.7833333333333,-0.0268778487024676
46.795,-0.0312815151569612
46.8066666666667,-0.0351782933606818
46.8183333333333,-0.0384965154661265
46.83,-0.0411733482868015
46.8416666666667,-0.0431558489425056
46.8533333333333,-0.0444019460241964
46.865,-0.0448810459276186
46.8766666666667,-0.0445746735389311
46.8883333333333,-0.0434769808958176
46.9,-0.0415947804336582
46.9116666666667,-0.0389475305536315
46.9233333333333,-0.0355671426626773
46.935,-0.0314974510184048
46.9466666666667,-0.0267936636584084
46.9583333333333,-0.0215215810157444
46.97,-0.0157564668410201
46.9816666666667,-0.00958194699650618
46.9933333333333,-0.00308874793472383
47.005,0.0036267972649242
47.0166666666667,0.0104642797161447
47.0283333333333,0.0173207053902195
47.04,0.0240921752021792
47.0516666666667,0.0306755442665894
47.0633333333333,0.036970008964333
47.075,0.042878829351761
47.0866666666667,0.0483108073650321
47.0983333333333,0.0531816625739547
47.11,0.0574154639509977
47.1216666666667,0.0609458252950962
47.1333333333333,0.0637169437977758
47.145,0.0656844707199621
47.1566666666667,0.0668162333098756
47.1683333333333,0.0670926895641877
47.18,0.0665072368428116
47.1916666666667,0.0650663103456415
47.2033333333333,0.0627891397584463
47.215,0.059707517072816
47.2266666666667,0.0558652146418127
47.2383333333333,0.051317156243988
47.25,0.0461286022618429
47.2616666666667,0.0403739800337091
47.2733333333333,0.0341356701572337
47.285,0.0275026980542263
47.2966666666667,0.0205692032170417
47.3083333333333,0.0134329208862891
47.32,0.00619364165563135
47.3316666666667,-0.0010484356642281
47.3433333333333,-0.0081942763126388
47.355,-0.0151475773687309
47.3666666666667,-0.0218162885931185
47.3783333333333,-0.0281139672685257
47.39,-0.0339611260112473
47.4016666666667,-0.0392864107762555
47.4133333333333,-0.044027584572723
47.425,-0.0481324319919455
47.4366666666667,-0.0515594441539374
47.4483333333333,-0.0542783161792565
47.46,-0.0562701910927125
47.4716666666667,-0.0575277606346778
47.4833333333333,-0.0580552194056248
47.495,-0.0578678851994361
47.5066666666667,-0.0569917451492172
47.5183333333333,-0.0554628052822338
47.53,-0.0533262674146626
47.5416666666667,-0.0506355902317693
47.5533333333333,-0.0474512555128319
47.565,-0.043839821024634
47.5766666666667,-0.039872501243009
47.5883333333333,-0.0356236623438956
47.6,-0.0311696482403364
47.6116666666667,-0.0265873338703235
47.6233333333333,-0.0219527870990633
47.635,-0.0173399296085791
47.6466666666667,-0.0128192372364926
47.6583333333333,-0.00845666585893251
47.67,-0.00431256088919715
47.6816666666667,-0.00044073830581954
47.6933333333333,0.00311228681506167
47.705,0.00630798197354911
47.7166666666667,0.00911625655871192
47.7283333333333,0.0115157133099018
47.74,0.0134937931085648
47.7516666666667,0.0150467385166887
47.7633333333333,0.0161793752854316
47.775,0.0169047444800902
47.7866666666667,0.0172435028062786
47.7983333333333,0.0172233013859721
47.81,0.0168780302008174
47.8216666666667,0.0162468867890035
47.8333333333333,0.0153734114749174
47.845,0.014304394389329
47.8566666666667,0.013088797159699
47.8683333333333,0.0117766334610922
47.88,0.010417870198955
47.8916666666667,0.00906135316654542
47.9033333333333,0.00775364580173153
47.915,0.00653827635510585
47.9266666666667,0.00545477956973105
47.9383333333333,0.00453761854584189
47.95,0.0038157691950339
47.9616666666667,0.00331209099191199
47.9733333333333,0.00304287447064571
47.985,0.00301767281835393
47.9966666666667,0.00323908862834078
48.0083333333333,0.00370288421298226
48.02,0.00439811522869697
48.0316666666667,0.00530742797413164
48.0433333333333,0.00640761310133511
48.055,0.00767000526753526
48.0666666666667,0.00906128255173207
48.0783333333333,0.0105443488562489
48.09,0.0120790625229904
48.1016666666667,0.0136232128210574
48.1133333333333,0.0151334190318811
48.125,0.0165662317785438
48.1366666666667,0.017879061711018
48.1483333333333,0.019031006487462
48.16,0.0199839320950295
48.1716666666667,0.020703299138705
48.1833333333333,0.0211588843684785
48.195,0.0213255334479504
48.2066666666667,0.0211837637224815
48.2183333333333,0.0207201983223041
48.23,0.0199278981301757
48.2416666666667,0.0188065782484624
48.2533333333333,0.0173626988126312
48.265,0.0156093468559069
48.2766666666667,0.0135660312354662
48.2883333333333,0.0112583438314269
48.3,0.00871753504512786
48.3116666666667,0.00597993720759136
48.3233333333333,0.00308618864974796
48.335,8.06443968074039e-05
48.3466666666667,-0.00298951453404448
48.3583333333333,-0.00607542689324086
48.37,-0.00912727674480814
48.3816666666667,-0.0120952756300932
48.3933333333333,-0.0149307112721152
48.405,-0.0175866968441661
48.4166666666667,-0.0200191301586193
48.4283333333333,-0.0221877028542581
48.44,-0.0240565743372809
48.4516666666667,-0.025595040943829
48.4633333333333,-0.0267781648728274
48.475,-0.0275871838539459
48.4866666666667,-0.0280098699798376
48.4983333333333,-0.0280408608602878
48.51,-0.0276816769374593
48.5216666666667,-0.0269406628400097
48.5333333333333,-0.0258329443600702
48.545,-0.0243798971578644
48.5566666666667,-0.022608814088186
48.5683333333333,-0.020552527786414
48.58,-0.0182486647261866
48.5916666666667,-0.0157389457675973
48.6033333333333,-0.0130683230708106
48.615,-0.010284275106943
48.6266666666667,-0.00743589858731173
48.6383333333333,-0.00457266748154803
48.65,-0.00174379032254177
48.6616666666667,0.00100273897415059
48.6733333333333,0.00362127440589861
48.685,0.00606883457896975
48.6966666666667,0.0083060601407606
48.7083333333333,0.0102983964236661
48.72,0.0120163203758811
48.7316666666667,0.0134359068755598
48.7433333333333,0.0145392322357021
48.755,0.0153147510522037
48.7666666666667,0.0157574049703
48.7783333333333,0.0158684638217907
48.79,0.0156556519703589
48.8016666666667,0.0151328901697787
48.8133333333333,0.0143199093286403
48.825,0.0132419379176028
48.8366666666667,0.0119290583771168
48.8483333333333,0.0104155769956702
48.86,0.00873935582663542
48.8716666666667,0.00694102314989121
48.8833333333333,0.0050631765657889
48.895,0.00314946055952548
48.9066666666667,0.00124377101766391
48.9183333333333,-0.000610589238405515
48.93,-0.00237178679526539
48.9416666666667,-0.00400026443205437
48.9533333333333,-0.00545960733800054
48.965,-0.00671692591078852
48.9766666666667,-0.0077436482512368
48.9883333333333,-0.00851633981103832
49,-0.0090168491334479
49.0116666666667,-0.00923267968611225
49.0233333333333,-0.00915737611007809
49.035,-0.00879029255577764
49.0466666666667,-0.00813671526545766
49.0583333333333,-0.00720800921854743
49.07,-0.00602115778398722
49.0816666666667,-0.00459850665558205
49.0933333333333,-0.00296717248314974
49.105,-0.00115879452171871
49.1166666666667,0.000791088483029197
49.1283333333333,0.00284409067159409
49.14,0.00495941239217202
49.1516666666667,0.00709465613884935
49.1633333333333,0.00920676487386469
49.175,0.0112524848221985
49.1866666666667,0.0131893100771286
49.1983333333333,0.01497655348627
49.21,0.0165758449808135
49.2216666666667,0.017951857974628
49.2333333333333,0.019073024977354
49.245,0.0199119919199951
49.2566666666667,0.0204462683201601
49.2683333333333,0.0206584982580397
49.28,0.0205368272031484
49.2916666666667,0.020075178618028
49.3033333333333,0.0192730563202532
49.315,0.0181361519386709
49.3266666666667,0.0166760099122907
49.3383333333333,0.0149093381484423
49.35,0.012858163361672
49.3616666666667,0.0105493586860592
49.3733333333333,0.00801419983557446
49.385,0.00528777574261049
49.3966666666667,0.00240834167286227
49.4083333333333,-0.000583092280222734
49.42,-0.00364360444261156
49.4316666666667,-0.00672907914007826
49.4433333333333,-0.00979480434372692
49.455,-0.0127963952243422
49.4666666666667,-0.0156905600888839
49.4783333333333,-0.0184355952151017
49.49,-0.0209920152570359
49.5016666666667,-0.0233232384977783
49.5133333333333,-0.0253962499960318
49.525,-0.0271818938065387
49.5366666666667,-0.0286551419052337
49.5483333333333,-0.0297957536751355
49.56,-0.0305885286213381
49.5716666666667,-0.0310233351997928
49.5833333333333,-0.031095440920731
49.595,-0.0308051289081615
49.6066666666667,-0.0301576780955968
49.6183333333333,-0.0291635021446598
49.63,-0.0278377575741724
49.6416666666667,-0.026200078735228
49.6533333333333,-0.0242738901115222
49.665,-0.0220865464227684
49.6766666666667,-0.0196688890859816
49.6883333333333,-0.0170539381350464
49.7,-0.0142767797247777
49.7116666666667,-0.0113739787116778
49.7233333333333,-0.00838292250943479
49.735,-0.00534137981334232
49.7466666666667,-0.00228681182711888
49.7583333333333,0.000744060835392409
49.77,0.0037159024323572
49.7816666666667,0.00659524382378316
49.7933333333333,0.00935065749429405
49.805,0.0119536306036079
49.8166666666667,0.0143787874970231
49.8283333333333,0.0166038140918009
49.84,0.0186098505735965
49.8516666666667,0.0203816262356409
49.8633333333333,0.0219076623316755
49.875,0.0231800577169857
49.8866666666667,0.0241944743369357
49.8983333333333,0.0249503151830924
49.91,0.0254503511492532
49.9216666666667,0.0257005975774709
49.9333333333333,0.0257099626188403
49.945,0.0254900998810224
49.9566666666667,0.0250551692873738
49.9683333333333,0.0244211263076322
49.98,0.0236055703122755
49.9916666666667,0.0226273984795466
50.0033333333333,0.0215061889205266
50.015,0.0202621489382739
50.0266666666667,0.0189157199578611
50.0383333333333,0.017486967877416
50.05,0.0159953611507402
50.0616666666667,0.0144594532593706
50.0733333333333,0.0128968417942706
50.085,0.0113235151344609
50.0966666666667,0.0097536961491938
50.1083333333333,0.00820008442893873
50.12,0.00667358153582518
50.1316666666667,0.00518324075185935
50.1433333333333,0.00373609397389743
50.155,0.00233754316201832
50.1666666666667,0.000991294663364266
50.1783333333333,-0.000300814078245279
50.19,-0.00153846649732979
50.2016666666667,-0.00272270053648467
50.2133333333333,-0.0038557046034767
50.225,-0.00494120947465904
50.2366666666667,-0.00598367271721372
50.2483333333333,-0.00698629194462304
50.26,-0.00795333803223232
50.2716666666667,-0.00888890095752613
50.2833333333333,-0.00979671594306681
50.295,-0.0106791362257202
50.3066666666667,-0.0115393695019307
50.3183333333333,-0.0123798378475881
50.33,-0.0132015712226609
50.3416666666667,-0.0140042980813375
50.3533333333333,-0.0147868582756698
50.365,-0.0155455868019525
50.3766666666667,-0.0162759963396474
50.3883333333333,-0.0169728322444134
50.4,-0.0176291965746331
50.4116666666667,-0.0182369668096927
50.4233333333333,-0.0187869178362323
50.435,-0.0192688807184657
50.4466666666667,-0.0196719825997374
50.4583333333333,-0.0199844151073837
50.47,-0.0201942066223223
50.4816666666667,-0.020289343416044
50.4933333333333,-0.0202577386248898
50.505,-0.0200883095939615
50.5166666666667,-0.0197706613762211
50.5283333333333,-0.0192949436750087
50.54,-0.0186528319618183
50.5516666666667,-0.0178374957821239
50.5633333333333,-0.0168442428815802
50.575,-0.0156698159381354
50.5866666666667,-0.0143131104349196
50.5983333333333,-0.0127761818863527
50.61,-0.0110634434077399
50.6216666666667,-0.00918201252439661
50.6333333333333,-0.00714176694765077
50.645,-0.00495527449354919
50.6566666666667,-0.00263788061820813
50.6683333333333,-0.000207286629208761
50.68,0.00231622851814101
50.6916666666667,0.00491014598316298
50.7033333333333,0.00755001398547398
50.715,0.0102095004052002
50.7266666666667,0.012860855386748
50.7383333333333,0.0154752071186245
50.75,0.018022994513156
50.7616666666667,0.0204743392497378
50.7733333333333,0.0227993533773819
50.785,0.0249687282471886
50.7966666666667,0.0269540633423659
50.8083333333333,0.0287284325934379
50.82,0.030266615654364
50.8316666666667,0.0315454606679111
50.8433333333333,0.0325447601132833
50.855,0.0332464177856387
50.8666666666667,0.0336348087291346
50.8783333333333,0.0336995951249233
50.89,0.0334334765989599
50.9016666666667,0.0328332915389487
50.9133333333333,0.0318993287432168
50.925,0.0306377512095047
50.9366666666667,0.0290569141073076
50.9483333333333,0.0271692231626662
50.96,0.0249911346295467
50.9716666666667,0.0225427979220818
50.9833333333333,0.0198476115533344
50.995,0.0169325819828403
51.0066666666667,0.013827838946874
51.0183333333333,0.0105649518671868
51.03,0.00717796997568747
51.0416666666667,0.00370246573708529
51.0533333333333,0.00017508988882288
51.065,-0.00336655884271887
51.0766666666667,-0.00688518600293903
51.0883333333333,-0.0103436093998677
51.1,-0.0137054800526527
51.1116666666667,-0.0169357321045301
51.1233333333333,-0.0200010387959888
51.135,-0.022870103474725
51.1466666666667,-0.0255142047640085
51.1583333333333,-0.0279078153802945
51.17,-0.0300284228940094
51.1816666666667,-0.0318569702347521
51.1933333333333,-0.0333781816182069
51.205,-0.0345802439894961
51.2166666666667,-0.0354552797433154
51.2283333333333,-0.0359995290669084
51.24,-0.0362130218113956
51.2516666666667,-0.0360995824858493
51.2633333333333,-0.0356665805949792
51.275,-0.0349249040660454
51.2866666666667,-0.0338887717302812
51.2983333333333,-0.0325753066144274
51.31,-0.0310041408167512
51.3216666666667,-0.0291971737007135
51.3333333333333,-0.0271781882316181
51.345,-0.0249726507042351
51.3566666666667,-0.022607102554201
51.3683333333333,-0.0201082515058874
51.38,-0.0175033991154396
51.3916666666667,-0.0148197294146978
51.4033333333333,-0.0120839661401769
51.415,-0.00932221803673875
51.4266666666667,-0.00655917163990001
51.4383333333333,-0.00381829495252046
51.45,-0.00112147534578182
51.4616666666667,0.00151118845514344
51.4733333333333,0.00406151501214683
51.485,0.00651364497856696
51.4966666666667,0.00885351564829546
51.5083333333333,0.0110689861339096
51.52,0.0131502099023858
51.5316666666667,0.0150893555524545
51.5433333333333,0.0168805235733263
51.555,0.0185196047443528
51.5666666666667,0.0200042782963446
51.5783333333333,0.0213338308944268
51.59,0.0225087532286503
51.6016666666667,0.0235307469702749
51.6133333333333,0.0244022662671225
51.625,0.0251268351917421
51.6366666666667,0.0257084022641237
51.6483333333333,0.0261510220125764
51.66,0.0264589979551548
51.6716666666667,0.0266366028089299
51.6833333333333,0.0266880988614819
51.695,0.0266172456809055
51.7066666666667,0.0264274129433199
51.7183333333333,0.0261220489775787
51.73,0.0257041056528065
51.7416666666667,0.0251761872193529
51.7533333333333,0.0245407105884287
51.765,0.023799720847471
51.7766666666667,0.0229551782932972
51.7883333333333,0.0220089178476851
51.8,0.0209629623000752
51.8116666666667,0.0198195967834167
51.8233333333333,0.0185813126766549
51.835,0.0172514216169928
51.8466666666667,0.0158339210234982
51.8583333333333,0.014333360899275
51.87,0.0127552372106455
51.8816666666667,0.0111060469454729
51.8933333333333,0.00939336250242392
51.905,0.00762587957154961
51.9166666666667,0.00581342370209693
51.9283333333333,0.00396679796311903
51.94,0.00209797299447996
51.9516666666667,0.000219930832313194
51.9633333333333,-0.00165362650658
51.975,-0.00350786904020814
51.9866666666667,-0.00532761399732043
51.9983333333333,-0.00709765561234699
52.01,-0.0088025483945209
52.0216666666667,-0.0104270073845318
52.0333333333333,-0.011956213854819
52.045,-0.0133759582815176
52.0566666666667,-0.0146730265624102
52.0683333333333,-0.0158355007415049
52.08,-0.0168529505594229
52.0916666666667,-0.0177166836930675
52.1033333333333,-0.0184198781639989
52.115,-0.018957989568052
52.1266666666667,-0.0193288767616329
52.1383333333333,-0.0195325467014726
52.15,-0.0195715249845816
52.1616666666667,-0.0194508811565844
52.1733333333333,-0.0191779975405262
52.185,-0.0187630827167658
52.1966666666667,-0.018218397345821
52.2083333333333,-0.0175577981343065
52.22,-0.0167972665497019
52.2316666666667,-0.0159542796062572
52.2433333333333,-0.0150477076707137
52.255,-0.014097099145303
52.2666666666667,-0.0131224732249573
52.2783333333333,-0.0121443871007815
52.29,-0.0111830285915008
52.3016666666667,-0.0102580237383043
52.3133333333333,-0.00938785266555188
52.325,-0.00858982990309236
52.3366666666667,-0.00787951843175051
52.3483333333333,-0.00726993186805319
52.36,-0.00677182826517716
52.3716666666667,-0.00639322619061967
52.3833333333333,-0.00613922435906498
52.395,-0.00601180383326389
52.4066666666667,-0.00600974114888225
52.4183333333333,-0.006128728000488
52.43,-0.0063612407497802
52.4416666666667,-0.00669668020398335
52.4533333333333,-0.00712159443700018
52.465,-0.00761974767644441
52.4766666666667,-0.00817252041225023
52.4883333333333,-0.00875932587717778
52.5,-0.00935786433790065
52.5116666666667,-0.00994461703192017
52.5233333333333,-0.0104951789706883
52.535,-0.0109848917376196
52.5466666666667,-0.0113895152487682
52.5583333333333,-0.0116854494393693
52.57,-0.0118502081747954
52.5816666666667,-0.0118630021756329
52.5933333333333,-0.0117052076911028
52.605,-0.0113605573443709
52.6166666666667,-0.0108156973532623
52.6283333333333,-0.0100607955244719
52.64,-0.00908939360326981
52.6516666666667,-0.00789871641704696
52.6633333333333,-0.00648995063236351
52.675,-0.00486780797893647
52.6866666666667,-0.00304079290368387
52.6983333333333,-0.00102179666243218
52.71,0.00117297427494097
52.7216666666667,0.00352389804440157
52.7333333333333,0.00600828962040027
52.745,0.008600745620976
52.7566666666667,0.0112734365637758
52.7683333333333,0.0139968307084336
52.78,0.0167400252561968
52.7916666666667,0.0194712890286684
52.8033333333333,0.022158573748189
52.815,0.024770118189383
52.8266666666667,0.0272749780149611
52.8383333333333,0.0296432791753598
52.85,0.0318469582426951
52.8616666666667,0.0338601189273651
52.8733333333333,0.0356593244242654
52.885,0.0372241626767024
52.8966666666667,0.0385374318700193
52.9083333333333,0.0395852034721025
52.92,0.0403570462520526
52.9316666666667,0.0408460949546364
52.9433333333333,0.0410490795389292
52.955,0.0409661920179942
52.9666666666667,0.0406008358121617
52.9783333333333,0.0399596296419094
52.99,0.039052072840336
53.0016666666667,0.0378902131605833
53.0133333333333,0.0364882422802556
53.025,0.034862209307517
53.0366666666667,0.0330296428335444
53.0483333333333,0.0310090049164213
53.06,0.0288193072911272
53.0716666666667,0.0264797200585835
53.0833333333333,0.0240091725646555
53.095,0.0214258838617526
53.1066666666667,0.0187472558407066
53.1183333333333,0.0159896115523936
53.13,0.0131677997268621
53.1416666666667,0.0102950992037121
53.1533333333333,0.00738322220094703
53.165,0.00444198506266009
53.1766666666667,0.00147961079306063
53.1883333333333,-0.00149698018174603
53.2,-0.00448232799142015
53.2116666666667,-0.00747212412973714
53.2233333333333,-0.010462900929143
53.235,-0.0134519115294868
53.2466666666667,-0.0164364129550781
53.2583333333333,-0.0194134214466908
53.27,-0.0223794916742845
53.2816666666667,-0.0253302477430965
53.2933333333333,-0.0282600704209914
53.305,-0.0311616346688566
53.3166666666667,-0.0340256677111176
53.3283333333333,-0.0368408004833171
53.34,-0.039593225800144
53.3516666666667,-0.0422666560541817
53.3633333333333,-0.0448421100775514
53.375,-0.0472983904139092
53.3866666666667,-0.0496116813038161
53.3983333333333,-0.0517557608337444
53.41,-0.0537025050817498
53.4216666666667,-0.0554222002651824
53.4333333333333,-0.0568839390776999
53.445,-0.0580562357216504
53.4566666666667,-0.0589074287695215
53.4683333333333,-0.0594065297969323
53.48,-0.0595238237516722
53.4916666666667,-0.0592314840443433
53.5033333333333,-0.0585047910712033
53.515,-0.0573212493255242
53.5266666666667,-0.0556636215672265
53.5383333333333,-0.0535196178964197
53.55,-0.0508822091012827
53.5616666666667,-0.0477503806437604
53.5733333333333,-0.0441295006809185
53.585,-0.0400319690048927
53.5966666666667,-0.0354774290918239
53.6083333333333,-0.030491832312837
53.62,-0.0251087619780062
53.6316666666667,-0.019368775380971
53.6433333333333,-0.0133189985212019
53.655,-0.0070136325369952
53.6666666666667,-0.000512084378227193
53.6783333333333,0.00612129206297077
53.69,0.0128177400536139
53.7016666666667,0.0195051076072719
53.7133333333333,0.0261089956462605
53.725,0.0325535474720411
53.7366666666667,0.0387628041336331
53.7483333333333,0.0446620203376651
53.76,0.050178732435521
53.7716666666667,0.0552440332061885
53.7833333333333,0.0597936582900339
53.795,0.0637693985932933
53.8066666666667,0.0671198615290247
53.8183333333333,0.0698013750896258
53.83,0.0717791074884119
53.8416666666667,0.073027691324891
53.8533333333333,0.0735317875365747
53.865,0.0732863837131818
53.8766666666667,0.072297190851585
53.8883333333333,0.0705810635037226
53.9,0.0681651852601586
53.9116666666667,0.065087050172155
53.9233333333333,0.0613939100700938
53.935,0.0571420940624608
53.9466666666667,0.0523963481184177
53.9583333333333,0.0472280729010727
53.97,0.0417149548455866
53.9816666666667,0.0359393511241466
53.9933333333333,0.0299867859879883
54.005,0.0239452885211808
54.0166666666667,0.0179026743077208
54.0283333333333,0.0119455682071308
54.04,0.00615806477941676
54.0516666666667,0.000620178721881424
54.0633333333333,-0.00459362980066921
54.075,-0.0094156312424913
54.0866666666667,-0.013786007923807
54.0983333333333,-0.0176539870300195
54.11,-0.0209786870356165
54.1216666666667,-0.0237298003151685
54.1333333333333,-0.0258880660280562
54.145,-0.0274455799415901
54.1566666666667,-0.0284058815486496
54.1683333333333,-0.0287837192037466
54.18,-0.0286047392455975
54.1916666666667,-0.0279049081738058
54.2033333333333,-0.0267297079004339
54.215,-0.0251332084789479
54.2266666666667,-0.0231768800579666
54.2383333333333,-0.0209283819410077
54.25,-0.018460123995439
54.2616666666667,-0.0158477491825851
54.2733333333333,-0.0131686673592757
54.285,-0.0105002527928743
54.2966666666667,-0.0079183723451563
54.3083333333333,-0.00549595649976291
54.32,-0.00330129129437778
54.3316666666667,-0.00139666523729854
54.3433333333333,0.000162960610327864
54.355,0.00133112184170636
54.3666666666667,0.00207075043081197
54.3783333333333,0.00235503234851721
54.39,0.00216801221044357
54.4016666666667,0.0015049621673043
54.4133333333333,0.000372506193775484
54.425,-0.00121147451420957
54.4366666666667,-0.00321811505183868
54.4483333333333,-0.00560814851924811
54.46,-0.00833268655939625
54.4716666666667,-0.0113341778994172
54.4833333333333,-0.0145475367032484
54.495,-0.0179015229208041
54.5066666666667,-0.0213201313848267
54.5183333333333,-0.024724116928452
54.53,-0.0280326914259825
54.5416666666667,-0.0311651497635285
54.5533333333333,-0.0340426021283437
54.565,-0.0365896004312682
54.5766666666667,-0.0387357291576333
54.5883333333333,-0.0404171963210615
54.6,-0.0415781431494816
54.6116666666667,-0.0421719170716327
54.6233333333333,-0.0421621570306431
54.635,-0.0415236225391388
54.6466666666667,-0.0402428367330605
54.6583333333333,-0.0383185209508058
54.67,-0.0357618173308257
54.6816666666667,-0.0325961621407088
54.6933333333333,-0.028857026426913
54.705,-0.0245913462195494
54.7166666666667,-0.0198567126015547
54.7283333333333,-0.014720416725519
54.74,-0.0092582277925612
54.7516666666667,-0.0035530539164356
54.7633333333333,0.00230660117854605
54.775,0.00822823946110323
54.7866666666667,0.0141170615627486
54.7983333333333,0.0198778344103983
54.81,0.0254166261023747
54.8216666666667,0.0306425833193771
54.8333333333333,0.0354697014798484
54.845,0.0398183312317348
54.8566666666667,0.0436167639936405
54.8683333333333,0.0468026523761974
54.88,0.0493241599383297
54.8916666666667,0.0511409653661334
54.9033333333333,0.0522250067468408
54.915,0.0525610360101745
54.9266666666667,0.052146941658652
54.9383333333333,0.050993788312974
54.95,0.0491255754042457
54.9616666666667,0.0465787856563342
54.9733333333333,0.0434017179656175
54.985,0.0396535004542957
54.9966666666667,0.0354030261499274
55.0083333333333,0.0307276833746664
55.02,0.0257118159790131
55.0316666666667,0.0204451537826077
55.0433333333333,0.0150211098621116
55.055,0.00953502023485915
55.0666666666667,0.00408235865482501
55.0783333333333,-0.00124306659053512
55.09,-0.0063508149014989
55.1016666666667,-0.011155510006818
55.1133333333333,-0.0155784231327818
55.125,-0.0195488046399144
55.1366666666667,-0.0230052268939031
55.1483333333333,-0.0258966836233765
55.16,-0.0281834149328944
55.1716666666667,-0.0298375810341494
55.1833333333333,-0.0308435833724875
55.195,-0.03119835050707
55.2066666666667,-0.0309113039375814
55.2183333333333,-0.0300038184862237
55.23,-0.0285087973814686
55.2416666666667,-0.0264699174118622
55.2533333333333,-0.0239405490464539
55.265,-0.0209828010850112
55.2766666666667,-0.0176661609569898
55.2883333333333,-0.014065883011545
55.3,-0.0102615335047879
55.3116666666667,-0.00633538764321129
55.3233333333333,-0.00237075671836289
55.335,0.00154966799371457
55.3466666666667,0.00534543227992738
55.3583333333333,0.00893984051178575
55.37,0.0122615038398341
55.3816666666667,0.015245669286722
55.3933333333333,0.0178354093740193
55.405,0.0199827180943207
55.4166666666667,0.0216493076490061
55.4283333333333,0.0228072500579201
55.44,0.0234394611962721
55.4516666666667,0.0235398825189513
55.4633333333333,0.0231134483867105
55.475,0.0221759461206646
55.4866666666667,0.0207535634774632
55.4983333333333,0.0188821321871362
55.51,0.0166063852719993
55.5216666666667,0.0139789424236557
55.5333333333333,0.0110591035677166
55.545,0.00791169533911442
55.5566666666667,0.00460566286046914
55.5683333333333,0.00121259608651077
55.58,-0.00219474286287113
55.5916666666667,-0.00554387198694715
55.6033333333333,-0.00876402201140807
55.615,-0.011787580146342
55.6266666666667,-0.0145514418923252
55.6383333333333,-0.0169981856556967
55.65,-0.019077175195175
55.6616666666667,-0.0207455179931451
55.6733333333333,-0.0219688153685424
55.685,-0.0227218685778472
55.6966666666667,-0.0229890721007248
55.7083333333333,-0.022764509085735
55.72,-0.0220520913393549
55.7316666666667,-0.0208653957720231
55.7433333333333,-0.0192272714665791
55.755,-0.0171694338651714
55.7666666666667,-0.0147316503538349
55.7783333333333,-0.0119608781303023
55.79,-0.00891040020033664
55.8016666666667,-0.00563869234416875
55.8133333333333,-0.00220830560201975
55.825,0.00131540097898951
55.8366666666667,0.0048655187409094
55.8483333333333,0.00837478275174636
55.86,0.0117769027852404
55.8716666666667,0.0150077294885606
55.8833333333333,0.0180064120493384
55.895,0.0207165401278254
55.9066666666667,0.0230870394369041
55.9183333333333,0.0250729920139629
55.93,0.0266364192561937
55.9416666666667,0.0277468364193468
55.9533333333333,0.0283816705895563
55.965,0.0285265827572675
55.9766666666667,0.0281754763644331
55.9883333333333,0.0273304685154828
56,0.0260017774409965
56.0116666666667,0.0242073398091094
56.0233333333333,0.0219723591893604
56.035,0.0193286829178562
56.0466666666667,0.0163141571552142
56.0583333333333,0.0129718983033586
56.07,0.0093493968008833
56.0816666666667,0.00549764165543777
56.0933333333333,0.0014701943742196
56.105,-0.00267773065705525
56.1166666666667,-0.00689017604691537
56.1283333333333,-0.0111113910496173
56.14,-0.0152866295351151
56.1516666666667,-0.0193629593463792
56.1633333333333,-0.0232900537985709
56.175,-0.027020706023142
56.1866666666667,-0.0305114781057087
56.1983333333333,-0.0337232348080687
56.21,-0.0366213931914368
56.2216666666667,-0.0391762299669948
56.2333333333333,-0.0413629858686694
56.245,-0.0431620208722321
56.2566666666667,-0.0445587762925335
56.2683333333333,-0.0455435006077404
56.28,-0.04611118299989
56.2916666666667,-0.0462612657480371
56.3033333333333,-0.0459972885304099
56.315,-0.0453266071757193
56.3266666666667,-0.0442599434630516
56.3383333333333,-0.0428109632652821
56.35,-0.0409958798088945
56.3616666666667,-0.0388330313274135
56.3733333333333,-0.0363425539225103
56.385,-0.0335458660580334
56.3966666666667,-0.0304653164634905
56.4083333333333,-0.0271241170776271
56.42,-0.0235459743316324
56.4316666666667,-0.0197548802387554
56.4433333333333,-0.0157749757604304
56.455,-0.011630460201733
56.4666666666667,-0.00734554379585698
56.4783333333333,-0.00294442663407562
56.49,0.00154863455272195
56.5016666666667,0.00610928523019048
56.5133333333333,0.0107129494891665
56.525,0.0153347709013412
56.5366666666667,0.0199494329010353
56.5483333333333,0.0245310566575303
56.56,0.0290531424049821
56.5716666666667,0.0334884427228294
56.5833333333333,0.0378089718406826
56.595,0.0419857935248429
56.6066666666667,0.0459892105246487
56.6183333333333,0.049789071148444
56.63,0.0533545747993989
56.6416666666667,0.0566545772228593
56.6533333333333,0.0596578332008028
56.665,0.0623331834686455
56.6766666666667,0.0646501641163748
56.6883333333333,0.0665793360949854
56.7,0.0680925773781621
56.7116666666667,0.0691636400119218
56.7233333333333,0.0697686444687803
56.735,0.0698864415332891
56.7466666666667,0.0694994563071518
56.7583333333333,0.0685939775873986
56.77,0.0671605884323807
56.7816666666667,0.0651946404376636
56.7933333333333,0.062696618878351
56.805,0.0596725318282599
56.8166666666667,0.0561340563922232
56.8283333333333,0.0520987035872643
56.84,0.0475899675316292
56.8516666666667,0.0426372553054203
56.8633333333333,0.0372757931261222
56.875,0.0315463838731426
56.8866666666667,0.0254950581117084
56.8983333333333,0.0191726948467626
56.91,0.0126344629267805
56.9216666666667,0.00593919926968185
56.9333333333333,-0.000851262532492835
56.945,-0.00767290295365475
56.9566666666667,-0.0144603243115785
56.9683333333333,-0.021147604254759
56.98,-0.0276692285530629
56.9916666666667,-0.0339610002397329
57.0033333333333,-0.039960954790535
57.015,-0.0456101939054411
57.0266666666667,-0.0508538288923837
57.0383333333333,-0.0556418203470333
57.05,-0.059929610018918
57.0616666666667,-0.0636788179341785
57.0733333333333,-0.0668577878591699
57.085,-0.0694420318182559
57.0966666666667,-0.0714145908122764
57.1083333333333,-0.0727662270669358
57.12,-0.0734954881642583
57.1316666666667,-0.0736086640826129
57.1433333333333,-0.0731196479650635
57.155,-0.0720495357182306
57.1666666666667,-0.0704262728964849
57.1783333333333,-0.0682841908150703
57.19,-0.0656632633386436
57.2016666666667,-0.06260841203484
57.2133333333333,-0.0591687048917909
57.225,-0.0553965059876154
57.2366666666667,-0.0513465717782841
57.2483333333333,-0.0470751196042986
57.26,-0.0426388827049761
57.2716666666667,-0.0380941770448916
57.2833333333333,-0.0334960682310466
57.295,-0.0288973615727815
57.3066666666667,-0.0243479145915549
57.3183333333333,-0.0198940432483208
57.33,-0.0155777296104067
57.3416666666667,-0.0114361493371497
57.3533333333333,-0.00750125378090928
57.365,-0.00379944890531164
57.3766666666667,-0.000351417722944855
57.3883333333333,0.00282795410490664
57.4,0.00572953511328341
57.4116666666667,0.00834983668082695
57.4233333333333,0.0106906104677847
57.435,0.0127587479550597
57.4466666666667,0.0145656820757147
57.4583333333333,0.0161266962160706
57.47,0.0174605166805239
57.4816666666667,0.0185886214373526
57.4933333333333,0.0195345290680306
57.505,0.0203232820158247
57.5166666666667,0.0209806701809956
57.5283333333333,0.021532152648157
57.54,0.0220027730541574
57.5516666666667,0.0224163070840781
57.5633333333333,0.0227947343776253
57.575,0.0231579360204732
57.5866666666667,0.0235230638912344
57.5983333333333,0.023904253106034
57.61,0.0243124630950645
57.6216666666667,0.0247553337435626
57.6333333333333,0.0252371376499875
57.645,0.025758834704867
57.6566666666667,0.026318080819428
57.6683333333333,0.0269096232998884
57.68,0.0275255361455082
57.6916666666667,0.0281554968417107
57.7033333333333,0.0287873760736747
57.715,0.0294072425452471
57.7266666666667,0.0300002864218401
57.7383333333333,0.0305513725640664
57.75,0.0310452113528677
57.7616666666667,0.0314669718751363
57.7733333333333,0.0318025881600737
57.785,0.0320396322700818
57.7966666666667,0.0321672437116615
57.8083333333333,0.0321759714936977
57.82,0.0320588297323114
57.8316666666667,0.0318110968511955
57.8433333333333,0.0314304878436348
57.855,0.0309170965360331
57.8666666666667,0.0302731068988382
57.8783333333333,0.0295036245890949
57.89,0.0286154513696512
57.9016666666667,0.0276172416255868
57.9133333333333,0.0265191325814963
57.925,0.0253322794063009
57.9366666666667,0.0240687225775677
57.9483333333333,0.0227406757208364
57.96,0.0213602663389499
57.9716666666667,0.0199390428399422
57.9833333333333,0.0184875592341754
57.995,0.0170151324073047
58.0066666666667,0.0155294236256028
58.0183333333333,0.0140360927014667
58.03,0.0125386630931956
58.0416666666667,0.0110383892255513
58.0533333333333,0.00953416186631262
58.065,0.00802258523396943
58.0766666666667,0.00649797861649872
58.0883333333333,0.00495257674165844
58.1,0.00337685993316496
58.1116666666667,0.00175986974847329
58.1233333333333,8.96077679176329e-05
58.135,-0.00164646770122546
58.1466666666667,-0.00346094594061035
58.1583333333333,-0.00536597702722585
58.17,-0.00737262549882981
58.1816666666667,-0.00949030876427242
58.1933333333333,-0.0117262553360604
58.205,-0.01408487163147
58.2166666666667,-0.0165673533358913
58.2283333333333,-0.0191712665207587
58.24,-0.0218900879360864
58.2516666666667,-0.0247129458845395
58.2633333333333,-0.0276244414151539
58.275,-0.030604530990348
58.2866666666667,-0.0336285732062434
58.2983333333333,-0.0366674956279966
58.31,-0.0396880278052888
58.3216666666667,-0.042653083371111
58.3333333333333,-0.0455222553575104
58.345,-0.0482524809569338
58.3566666666667,-0.0507986905154615
58.3683333333333,-0.053114499580856
58.38,-0.0551532211280784
58.3916666666667,-0.0568687262674542
58.4033333333333,-0.0582163541877798
58.415,-0.0591541008453617
58.4266666666667,-0.059643406837437
58.4383333333333,-0.0596499113331423
58.45,-0.0591446975322541
58.4616666666667,-0.0581050022136213
58.4733333333333,-0.0565149609984707
58.485,-0.0543663518408884
58.4966666666667,-0.0516590025980696
58.5083333333333,-0.048401226483145
58.52,-0.0446100759359477
58.5316666666667,-0.0403113960595525
58.5433333333333,-0.0355398141436611
58.555,-0.030338327952896
58.5666666666667,-0.0247579797272088
58.5783333333333,-0.018857366426889
58.59,-0.0127017500106666
58.6016666666667,-0.0063622054542217
58.6133333333333,8.54015321492075e-05
58.625,0.00656160693981753
58.6366666666667,0.0129845600996868
58.6483333333333,0.0192713754931686
58.66,0.0253394757115801
58.6716666666667,0.0311080040029698
58.6833333333333,0.0364992376226865
58.695,0.041439935392527
58.7066666666667,0.0458626654434204
58.7183333333333,0.0497070412714389
58.73,0.0529208653034929
58.7416666666667,0.0554611276878247
58.7533333333333,0.0572948581974788
58.765,0.0583998066288962
58.7766666666667,0.0587649224094219
58.7883333333333,0.0583907212024909
58.8,0.0572893521413968
58.8116666666667,0.0554844930224462
58.8233333333333,0.0530110748075893
58.835,0.049914653852422
58.8466666666667,0.046250791674215
58.8583333333333,0.0420842012180163
58.87,0.0374875966570659
58.8816666666667,0.0325405358698902
58.8933333333333,0.0273279995476716
58.905,0.0219392443391917
58.9166666666667,0.0164660186125629
58.9283333333333,0.0110005250226429
58.94,0.00563455445719786
58.9516666666667,0.000457613015246677
58.9633333333333,-0.00444464649918419
58.975,-0.00899156518976964
58.9866666666667,-0.0131093249862873
58.9983333333333,-0.0167321093343387
59.01,-0.0198030559620112
59.0216666666667,-0.0222752241116112
59.0333333333333,-0.024112436882657
59.045,-0.0252898369686106
59.0566666666667,-0.0257942052455169
59.0683333333333,-0.025624013024961
59.08,-0.0247895343468873
59.0916666666667,-0.0233125499029356
59.1033333333333,-0.02122570811079
59.115,-0.0185724244404943
59.1266666666667,-0.0154052947141921
59.1383333333333,-0.0117851711088733
59.15,-0.00778039545435948
59.1616666666667,-0.00346536114019052
59.1733333333333,0.00108082089112233
59.185,0.00577567823641085
59.1966666666667,0.0105349927280023
59.2083333333333,0.0152741867535181
59.22,0.0199097357349652
59.2316666666667,0.0243606204896609
59.2433333333333,0.0285495747231401
59.255,0.0324046398502871
59.2666666666667,0.0358598439599776
59.2783333333333,0.0388563550331116
59.29,0.0413434325881002
59.3016666666667,0.0432790429100322
59.3133333333333,0.044630435616145
59.325,0.0453742501631209
59.3366666666667,0.0454967834832925
59.3483333333333,0.0449945353809157
59.36,0.0438732525887134
59.3716666666667,0.0421478925229174
59.3833333333333,0.0398421096810559
59.395,0.0369874780191784
59.4066666666667,0.0336229281650945
59.4183333333333,0.0297937143596307
59.43,0.0255505759620256
59.4416666666667,0.0209487015547409
59.4533333333333,0.0160466827496378
59.465,0.0109055257803944
59.4766666666667,0.00558774749217563
59.4883333333333,0.000155862032962153
59.5,-0.00532811163220255
59.5116666666667,-0.0108036670791561
59.5233333333333,-0.0162129040328213
59.535,-0.0215006063332853
59.5466666666667,-0.0266156753693316
59.5583333333333,-0.0315111226291528
59.57,-0.03614459133915
59.5816666666667,-0.0404785918500036
59.5933333333333,-0.0444806160133059
59.605,-0.0481234562666321
59.6166666666667,-0.0513847441568444
59.6283333333333,-0.0542469104229332
59.64,-0.0566970564672558
59.6516666666667,-0.0587265762695645
59.6633333333333,-0.0603307878005934
59.675,-0.0615086638101509
59.6866666666667,-0.0622622248813041
59.6983333333333,-0.0625959528549941
59.71,-0.0625166507458561
59.7216666666667,-0.0620329130695282
59.7333333333333,-0.0611546770544615
59.745,-0.0598931431919168
59.7566666666667,-0.0582602547969151
59.7683333333333,-0.0562683343033706
59.78,-0.0539302076992352
59.7916666666667,-0.0512590344191341
59.8033333333333,-0.0482683262250944
59.815,-0.0449719044133179
59.8266666666667,-0.0413841598503154
59.8383333333333,-0.0375202067111307
59.85,-0.0333960625612712
59.8616666666667,-0.0290289768763147
59.8733333333333,-0.024437575442302
59.885,-0.0196425683065867
59.8966666666667,-0.0146666499839793
59.9083333333333,-0.00953459425449302
59.92,-0.0042739053316577
59.9316666666667,0.00108514882305303
59.9433333333333,0.00650938620103787
59.955,0.0119625760189107
59.9666666666667,0.0174056280969449
59.9783333333333,0.0227966368753177
59.99,0.0280910722784177
60.0016666666667,0.0332421055041417
60.0133333333333,0.0382010344268098
60.025,0.0429178360181899
60.0366666666667,0.0473417352218144
60.0483333333333,0.0514219543675502
60.06,0.0551084579851464
60.0716666666667,0.0583527832830235
60.0833333333333,0.0611089979795008
60.095,0.0633344163298782
60.1066666666667,0.0649906610697596
60.1183333333333,0.0660446937976857
60.13,0.0664694742388309
60.1416666666667,0.0662448564032018
60.1533333333333,0.065358280992461
60.165,0.0638054462638883
60.1766666666667,0.0615908393556754
60.1883333333333,0.0587280057254427
60.2,0.0552398503772956
60.2116666666667,0.0511586849011452
60.2233333333333,0.0465261185099534
60.235,0.041392731061536
60.2466666666667,0.0358176383687847
60.2583333333333,0.0298679349540175
60.27,0.0236177566287745
60.2816666666667,0.0171473353904361
60.2933333333333,0.0105419441856026
60.305,0.00389047891483949
60.3166666666667,-0.00271582173119561
60.3283333333333,-0.00918473775530156
60.34,-0.0154246489365008
60.3516666666667,-0.0213460789591455
60.3633333333333,-0.0268632741090845
60.375,-0.0318955434504013
60.3866666666667,-0.0363688812127526
60.3983333333333,-0.0402175170646467
60.41,-0.0433848773202749
60.4216666666667,-0.0458247891413461
60.4333333333333,-0.0475025020866981
60.445,-0.048395162199093
60.4566666666667,-0.0484926307103644
60.4683333333333,-0.0477979502331339
60.48,-0.0463271090356077
60.4916666666667,-0.0441090049916975
60.5033333333333,-0.0411850775462503
60.515,-0.0376085513005482
60.5266666666667,-0.0334437156218845
60.5383333333333,-0.0287648910894949
60.55,-0.0236550553649535
60.5616666666667,-0.0182044480202184
60.5733333333333,-0.0125089892654663
60.585,-0.00666852935833274
60.5966666666667,-0.000785105881974157
60.6083333333333,0.00503884559391
60.62,0.0107024187308062
60.6316666666667,0.0161080613566783
60.6433333333333,0.02116328182379
60.655,0.0257824649740002
60.6666666666667,0.0298883982779072
60.6783333333333,0.0334135670839936
60.69,0.0363014559590439
60.7016666666667,0.0385075165954387
60.7133333333333,0.0399999875974584
60.725,0.0407603887393704
60.7366666666667,0.0407837451828459
60.7483333333333,0.0400787206389063
60.76,0.0386673069625645
60.7716666666667,0.0365842861441774
60.7833333333333,0.0338765069487036
60.795,0.0306018864330496
60.8066666666667,0.0268281910717582
60.8183333333333,0.022631618400188
60.83,0.0180952873267309
60.8416666666667,0.0133075360462739
60.8533333333333,0.00836013068782342
60.865,0.00334648229445818
60.8766666666667,-0.00164023578670059
60.8883333333333,-0.00650892902619014
60.9,-0.0111723469165182
60.9116666666667,-0.0155487635882965
60.9233333333333,-0.0195635074137228
60.935,-0.023150431938862
60.9466666666667,-0.0262530971514714
60.9583333333333,-0.028825670929803
60.97,-0.0308337901069774
60.9816666666667,-0.0322550703851506
60.9933333333333,-0.0330793296863865
61.005,-0.0333087342376897
61.0166666666667,-0.0329573883798415
61.0283333333333,-0.0320508197351104
61.04,-0.0306253834733013
61.0516666666667,-0.0287272364035487
61.0633333333333,-0.0264112326877107
61.075,-0.0237395934788425
61.0866666666667,-0.0207803834103765
61.0983333333333,-0.0176059805219125
61.11,-0.0142914947680996
61.1216666666667,-0.0109130826774982
61.1333333333333,-0.00754621502904384
61.145,-0.00426413681198377
61.1566666666667,-0.001136301868386
61.1683333333333,0.00177317760983016
61.18,0.00440676226928685
61.1916666666667,0.00671463974941992
61.2033333333333,0.00865568051483868
61.215,0.0101981861385376
61.2266666666667,0.0113204166756408
61.2383333333333,0.0120108157407418
61.25,0.0122680929769944
61.2616666666667,0.0121010177545589
61.2733333333333,0.0115279800986684
61.285,0.0105763817063535
61.2966666666667,0.00928176639312166
61.3083333333333,0.00768678206289948
61.32,0.00584001095932817
61.3316666666667,0.00379467697074594
61.3433333333333,0.00160723697852886
61.355,-0.000664096806452293
61.3666666666667,-0.0029607792999792
61.3783333333333,-0.00522538651136974
61.39,-0.00740309308649871
61.4016666666667,-0.00944296912412125
61.4133333333333,-0.0112991803477292
61.425,-0.0129321031083985
61.4366666666667,-0.0143091810187647
61.4483333333333,-0.0154056432865951
61.46,-0.0162050345493338
61.4716666666667,-0.016699468615027
61.4833333333333,-0.016889701022791
61.495,-0.0167849175973551
61.5066666666667,-0.0164023821042435
61.5183333333333,-0.015766834512996
61.53,-0.014909647177408
61.5416666666667,-0.0138678783040858
61.5533333333333,-0.012683063064254
61.565,-0.0114000993743403
61.5766666666667,-0.0100658552798468
61.5883333333333,-0.00872754985467261
61.6,-0.00743153390850128
61.6116666666667,-0.00622182587921192
61.6233333333333,-0.0051386843648003
61.635,-0.00421751033925777
61.6466666666667,-0.00348754454194612
61.6583333333333,-0.00297081586173427
61.67,-0.00268143944086366
61.6816666666667,-0.00262495024336768
61.6933333333333,-0.00279794636721035
61.705,-0.00318793474264748
61.7166666666667,-0.00377334341730501
61.7283333333333,-0.00452391622528961
61.74,-0.00540134883166996
61.7516666666667,-0.00636004944726561
61.7633333333333,-0.00734820769540147
61.775,-0.00830905270270368
61.7866666666667,-0.00918216567253067
61.7983333333333,-0.00990502745422806
61.81,-0.0104147388037351
61.8216666666667,-0.0106496920919468
61.8333333333333,-0.0105513224173376
61.845,-0.0100658421824654
61.8566666666667,-0.00914583073537595
61.8683333333333,-0.00775179035052748
61.88,-0.00585362950615604
61.8916666666667,-0.00343187006087367
61.9033333333333,-0.000478657543022323
61.915,0.00300145466008813
61.9266666666667,0.00699098207506771
61.9383333333333,0.0114592997091706
61.95,0.0163627148174189
61.9616666666667,0.0216448438824509
61.9733333333333,0.0272373338740463
61.985,0.0330607889507434
61.9966666666667,0.0390260476980871
62.0083333333333,0.0450357669265722
62.02,0.0509861584479522
62.0316666666667,0.0567689490833772
62.0433333333333,0.062273490797413
62.055,0.0673889856563686
62.0666666666667,0.0720068270770421
62.0783333333333,0.0760229372052061
62.09,0.079340038742145
62.1016666666667,0.0818698588158849
62.1133333333333,0.0835352206709554
62.125,0.0842719653725922
62.1366666666667,0.0840305676332556
62.1483333333333,0.0827775815307017
62.16,0.0804967615582966
62.1716666666667,0.0771897898205891
62.1833333333333,0.0728767291982456
62.195,0.0675960422739241
62.2066666666667,0.0614042487062259
62.2183333333333,0.0543751129017104
62.23,0.0465986851745453
62.2416666666667,0.0381798133169159
62.2533333333333,0.0292361968197296
62.265,0.0198969269512883
62.2766666666667,0.010299544050297
62.2883333333333,0.000586945631979902
62.3,-0.00909440215989872
62.3116666666667,-0.0185976417008595
62.3233333333333,-0.0277784331639585
62.335,-0.0364975779407748
62.3466666666667,-0.04462413976821
62.3583333333333,-0.0520381140142405
62.37,-0.0586327397871102
62.3816666666667,-0.0643167775278272
62.3933333333333,-0.0690165498573341
62.405,-0.072677197783956
62.4166666666667,-0.0752641848414357
62.4283333333333,-0.0767646658944339
62.44,-0.0771870222538573
62.4516666666667,-0.0765612131122923
62.4633333333333,-0.0749380182029589
62.475,-0.0723887078021982
62.4866666666667,-0.0690027236956111
62.4983333333333,-0.06488619991834
62.51,-0.0601600658624135
62.5216666666667,-0.0549573821336797
62.5333333333333,-0.0494206446574581
62.545,-0.0436985479040792
62.5566666666667,-0.037943057885448
62.5683333333333,-0.0323063657614149
62.58,-0.0269371422840271
62.5916666666667,-0.0219774930716319
62.6033333333333,-0.0175597301457675
62.615,-0.0138035646092279
62.6266666666667,-0.0108131110356577
62.6383333333333,-0.0086743635980232
62.65,-0.00745340691443659
62.6616666666667,-0.00719458659173191
62.6733333333333,-0.00791933444162805
62.685,-0.00962524523150427
62.6966666666667,-0.0122860246930105
62.7083333333333,-0.0158517260204829
62.72,-0.0202493464279626
62.7316666666667,-0.0253841548208084
62.7433333333333,-0.0311413495983542
62.755,-0.0373884011678538
62.7666666666667,-0.043977412980475
62.7783333333333,-0.0507479300883015
62.79,-0.0575304170789263
62.8016666666667,-0.0641495914436064
62.8133333333333,-0.0704281059777814
62.825,-0.0761899456135322
62.8366666666667,-0.0812642847125216
62.8483333333333,-0.0854898124200512
62.86,-0.0887173173009288
62.8716666666667,-0.0908133135009857
62.8833333333333,-0.0916630225223725
62.895,-0.0911729470846849
62.9066666666667,-0.0892731226215075
62.9183333333333,-0.0859188680635677
62.93,-0.0810921004621339
62.9416666666667,-0.0748020094776369
62.9533333333333,-0.0670853304381364
62.965,-0.0580058279745051
62.9766666666667,-0.0476534829350261
62.9883333333333,-0.0361431574101162
63,-0.0236124316159174
63.0116666666667,-0.0102192967223082
63.0233333333333,0.00386084924805847
63.035,0.0184380860019112
63.0466666666667,0.0333119241505797
63.0583333333333,0.0482749720186986
63.07,0.0631166481445948
63.0816666666667,0.0776272789017908
63.0933333333333,0.09160194288648
63.105,0.104844775475661
63.1166666666667,0.117172104408953
63.1283333333333,0.128415624951387
63.14,0.138426205652827
63.1516666666667,0.147076320124144
63.1633333333333,0.154262318664462
63.175,0.159906227636104
63.1866666666667,0.163957016417471
63.1983333333333,0.166391385611407
63.21,0.167213705292068
63.2216666666667,0.166455655843989
63.2333333333333,0.164175183092058
63.245,0.160454831646921
63.2566666666667,0.155399752996609
63.2683333333333,0.149135479712612
63.28,0.141804630331349
63.2916666666667,0.133563749904259
63.3033333333333,0.124579817233537
63.315,0.115026442850758
63.3266666666667,0.10508013644938
63.3383333333333,0.0949164210231991
63.35,0.0847060567932098
63.3616666666667,0.0746114004991871
63.3733333333333,0.064782991480364
63.385,0.0553564848635645
63.3966666666667,0.0464499367284099
63.4083333333333,0.038161491503641
63.42,0.0305675876296618
63.4316666666667,0.0237216871762499
63.4433333333333,0.0176535406150332
63.455,0.0123691725766727
63.4666666666667,0.00785118013239638
63.4783333333333,0.00405966137224966
63.49,0.000933884137381084
63.5016666666667,-0.00160572207845537
63.5133333333333,-0.00365506275162942
63.525,-0.00532344120701888
63.5366666666667,-0.00673045143946092
63.5483333333333,-0.00800245278708926
63.56,-0.00926887660532912
63.5716666666667,-0.0106585352195029
63.5833333333333,-0.012295898510593
63.595,-0.0142974652730386
63.6066666666667,-0.016768283336401
63.6183333333333,-0.0197987972372902
63.63,-0.023462076838762
63.6416666666667,-0.0278113962701919
63.6533333333333,-0.0328783185282308
63.665,-0.0386713603161006
63.6766666666667,-0.045175171824951
63.6883333333333,-0.0523503207560683
63.7,-0.0601337838860013
63.7116666666667,-0.0684399776386541
63.7233333333333,-0.0771624032926575
63.735,-0.0861758908804247
63.7466666666667,-0.0953392927883654
63.7583333333333,-0.104498716251058
63.77,-0.113491142754367
63.7816666666667,-0.12214834372452
63.7933333333333,-0.130301051830468
63.805,-0.137783172855482
63.8166666666667,-0.144436127105678
63.8283333333333,-0.150113096287019
63.84,-0.154683038925434
63.8516666666667,-0.158034451978557
63.8633333333333,-0.160078735116173
63.875,-0.160753125027647
63.8866666666667,-0.160022973546975
63.8983333333333,-0.157883462790601
63.91,-0.154360681563641
63.9216666666667,-0.149511867185
63.9333333333333,-0.14342500175005
63.945,-0.13621749614282
63.9566666666667,-0.128034218279473
63.9683333333333,-0.119044873955937
63.98,-0.109440428023414
63.9916666666667,-0.0994290963417098
64.0033333333333,-0.0892317494481238
64.015,-0.079076612625823
64.0266666666667,-0.0691939859555076
64.0383333333333,-0.0598108067099427
64.05,-0.0511443544469813
64.0616666666667,-0.043396601677244
64.0733333333333,-0.036748496344381
64.085,-0.0313545216431355
64.0966666666667,-0.0273377181538048
64.1083333333333,-0.0247850955127844
64.12,-0.0237439219504971
64.1316666666667,-0.0242186209274139
64.1433333333333,-0.0261686013237458
64.155,-0.0295070230091325
64.1666666666667,-0.0341005197147642
64.1783333333333,-0.039770096871987
64.19,-0.0462929884883479
64.2016666666667,-0.0534056335926243
64.2133333333333,-0.0608077185467564
64.225,-0.0681672607094952
64.2366666666667,-0.0751265507215723
64.2483333333333,-0.0813088458203263
64.26,-0.0863260640863942
64.2716666666667,-0.0897869335624043
64.2833333333333,-0.0913055201373375
64.295,-0.0905103593112281
64.3066666666667,-0.087053271877273
64.3183333333333,-0.0806182590431618
64.33,-0.0709304158423807
64.3416666666667,-0.0577641721289818
64.3533333333333,-0.0409509998697139
64.365,-0.0203862508267958
64.3766666666667,0.00396492724032348
64.3883333333333,0.0320626821775086
64.4,0.0637889537420317
64.4116666666667,0.0989452845406458
64.4233333333333,0.137252046496635
64.435,0.178349247895442
64.4466666666667,0.221798900049947
64.4583333333333,0.267088915537714
64.47,0.313638580173024
64.4816666666667,0.360805554409443
64.4933333333333,0.407894301363917
64.505,0.454165788101742
64.5166666666667,0.498848404183887
64.5283333333333,0.541149905022034
64.54,0.580270169982423
64.5516666666667,0.615414584841583
64.5633333333333,0.645807798683352
64.575,0.670707768634873
64.5866666666667,0.689419568532636
64.5983333333333,0.701308852779095
64.61,0.705814906849545
64.6216666666667,0.702462748433198
64.6333333333333,0.690874218722151
64.645,0.670777648310658
64.6566666666667,0.642016292622951
64.6683333333333,0.604554935373347
64.68,0.558484604614006
64.6916666666667,0.504025438183802
64.7033333333333,0.441527382574296
64.715,0.371468998906575
64.7266666666667,0.294453932178099
64.7383333333333,0.211205195304499
64.75,0.122557626548452
64.7616666666667,0.0294481777670092
64.7733333333333,-0.0670956019761508
64.785,-0.165968776246963
64.7966666666667,-0.266003770619038
64.8083333333333,-0.365986383775772
64.82,-0.464672939499151
64.8316666666667,-0.56080810691063
64.8433333333333,-0.653143273058715
64.855,-0.740455165180958
64.8666666666667,-0.821564311141994
64.8783333333333,-0.895353124886156
64.89,-0.960783271813933
64.9016666666667,-1.01691205490408
64.9133333333333,-1.06290752863839
64.925,-1.09806206993855
64.9366666666667,-1.12180416279319
64.9483333333333,-1.13370824178245
64.96,-1.13350233274637
64.9716666666667,-1.12107344609503
64.9833333333333,-1.09647056129678
64.995,-1.05990498747681
65.0066666666667,-1.01174851473938
65.0183333333333,-0.952529095864402
65.03,-0.882923746306399
65.0416666666667,-0.803749488946585
65.0533333333333,-0.715952004050167
65.065,-0.620592308393656
65.0766666666667,-0.518831588478267
65.0883333333333,-0.411914726839596
65.1,-0.301152327052982
65.1116666666667,-0.187901775644309
65.1233333333333,-0.073547857856811
65.135,0.0405177343561007
65.1466666666667,0.152915573145292
65.1583333333333,0.262298206683651
65.17,0.367369695462266
65.1816666666667,0.466903616240509
65.1933333333333,0.55976006040903
65.205,0.644900976850268
65.2166666666667,0.721404313004588
65.2283333333333,0.788475997925298
65.24,0.845459526443945
65.2516666666667,0.891843662231745
65.2633333333333,0.927267846708066
65.275,0.951524733223473
65.2866666666667,0.964561146465269
65.2983333333333,0.966476130050242
65.31,0.957516542831777
65.3216666666667,0.938070725230654
65.3333333333333,0.908659907225299
65.345,0.869927771900277
65.3566666666667,0.822628299960102
65.3683333333333,0.767612200296548
65.38,0.705811823032277
65.3916666666667,0.638225353897791
65.4033333333333,0.565900417006748
65.415,0.489916366991539
65.4266666666667,0.411368165579438
65.4383333333333,0.331349662664595
65.45,0.250936490439152
65.4616666666667,0.171170593984988
65.4733333333333,0.0930456652851151
65.485,0.0174932405048133
65.4966666666667,-0.0546289126321367
65.5083333333333,-0.122547080551454
65.52,-0.185580885556347
65.5316666666667,-0.243149873448596
65.5433333333333,-0.294779075028428
65.555,-0.340100463685723
65.5666666666667,-0.378856499769943
65.5783333333333,-0.410898145778606
65.59,-0.436182187095965
65.6016666666667,-0.454767030277423
65.6133333333333,-0.466806741669068
65.625,-0.472543923601215
65.6366666666667,-0.472300957880697
65.6483333333333,-0.466469594454347
65.66,-0.455501453266475
65.6716666666667,-0.439896485015561
65.6833333333333,-0.42019135271895
65.695,-0.396948550171431
65.7066666666667,-0.370743854314597
65.7183333333333,-0.342155142447931
65.73,-0.311752159608585
65.7416666666667,-0.280086335532582
65.7533333333333,-0.247681576470047
65.765,-0.215026460103907
65.7766666666667,-0.182567114268537
65.7883333333333,-0.150701315789319
65.8,-0.11977460426864
65.8116666666667,-0.0900772086976371
65.8233333333333,-0.0618424869494983
65.835,-0.0352469151270427
65.8466666666667,-0.0104110354961027
65.8583333333333,0.0125980565684809
65.87,0.0337630713108216
65.8816666666667,0.053112006560462
65.8933333333333,0.0707125940470982
65.905,0.0866663133542176
65.9166666666667,0.101101395256381
65.9283333333333,0.114165671268067
65.94,0.126019404639219
65.9516666666667,0.13682789353195
65.9633333333333,0.146754348367064
65.975,0.155952947460921
65.9866666666667,0.16456259859092
65.9983333333333,0.172701624861541
66.01,0.180462490333671
66.0216666666667,0.187908005462459
66.0333333333333,0.195068403985357
66.045,0.201939291459362
66.0566666666667,0.20848096039422
66.0683333333333,0.214618653698588
66.08,0.220243964268321
66.0916666666667,0.225217254047147
66.1033333333333,0.229371055331046
66.115,0.232514620089669
66.1266666666667,0.234438899799664
66.1383333333333,0.234922286305457
66.15,0.2337371488291
66.1616666666667,0.230656562863471
66.1733333333333,0.225461275467943
66.185,0.217946751102302
66.1966666666667,0.207930111801452
66.2083333333333,0.195256926790964
66.22,0.179807276269673
66.2316666666667,0.161501418767862
66.2433333333333,0.140304767706127
66.255,0.11623182208498
66.2666666666667,0.08934931147254
66.2783333333333,0.0597782595890745
66.29,0.0276948699243018
66.3016666666667,-0.00666968349979312
66.3133333333333,-0.0430307003033121
66.325,-0.0810524129358437
66.3366666666667,-0.12035177664848
66.3483333333333,-0.160503321089374
66.36,-0.201044780626935
66.3716666666667,-0.241483744821008
66.3833333333333,-0.281305173964101
66.395,-0.319979339084023
66.4066666666667,-0.356970357366517
66.4183333333333,-0.39174508422752
66.43,-0.423782138241719
66.4416666666667,-0.452580865340788
66.4533333333333,-0.477670114229511
66.465,-0.498616640841715
66.4766666666667,-0.51503303041431
66.4883333333333,-0.526584885546493
66.5,-0.53299717532653
66.5116666666667,-0.534059671055802
66.5233333333333,-0.529631314850911
66.535,-0.519643405841018
66.5466666666667,-0.50410164861679
66.5583333333333,-0.483086913946217
66.57,-0.456754682718975
66.5816666666667,-0.425333301115636
66.5933333333333,-0.389120981536765
66.605,-0.348481626270867
66.6166666666667,-0.303839544092631
66.6283333333333,-0.255673118887236
66.64,-0.204507761751661
66.6516666666667,-0.15090796753185
66.6633333333333,-0.0954687485390517
66.675,-0.038806835438865
66.6866666666667,0.0184486396554129
66.6983333333333,0.0756655542122266
66.71,0.132218040753998
66.7216666666667,0.1874955637234
66.7333333333333,0.240911569844052
66.745,0.291911771446634
66.7566666666667,0.339981594156665
66.7683333333333,0.384652755832052
66.78,0.425509175796924
66.7916666666667,0.462191785368614
66.8033333333333,0.494402240066109
66.815,0.521905598933726
66.8266666666667,0.544531830393874
66.8383333333333,0.562176235732765
66.85,0.574798688228681
66.8616666666667,0.582421835398795
66.8733333333333,0.585128342112365
66.885,0.583057109257715
66.8966666666667,0.57639870611371
66.9083333333333,0.565390156501751
66.92,0.550309037791634
66.9316666666667,0.531467159257992
66.9433333333333,0.509203836227372
66.955,0.483879197472554
66.9666666666667,0.455867272265875
66.9783333333333,0.425549030363632
66.99,0.393305977592418
67.0016666666667,0.359513955002843
67.0133333333333,0.324537450013529
67.025,0.288724380488838
67.0366666666667,0.252401678046632
67.0483333333333,0.215871701767765
67.06,0.179409105178385
67.0716666666667,0.143258783311108
67.0833333333333,0.107634578401714
67.095,0.0727187607874005
67.1066666666667,0.0386623749456905
67.1183333333333,0.00558632635748389
67.13,-0.0264167953725655
67.1416666666667,-0.0572803531567455
67.1533333333333,-0.0869606903501271
67.165,-0.115433752407581
67.1766666666667,-0.142691380573364
67.1883333333333,-0.16873736042074
67.2,-0.193583380971575
67.2116666666667,-0.217244989174439
67.2233333333333,-0.239737775642036
67.235,-0.261073568892778
67.2466666666667,-0.281257114476771
67.2583333333333,-0.300283350727913
67.27,-0.318134935959122
67.2816666666667,-0.334780460575693
67.2933333333333,-0.350173274906387
67.305,-0.364250983092755
67.3166666666667,-0.376935690095657
67.3283333333333,-0.388134784972878
67.34,-0.397742512415162
67.3516666666667,-0.405642148100513
67.3633333333333,-0.411708704765268
67.375,-0.415812253941215
67.3866666666667,-0.417821604186216
67.3983333333333,-0.417608308577195
67.41,-0.415050965252767
67.4216666666667,-0.410039624202156
67.4333333333333,-0.402480231782482
67.445,-0.392298934939918
67.4566666666667,-0.379446203821529
67.4683333333333,-0.363900647020829
67.48,-0.345672341241958
67.4916666666667,-0.324805671707943
67.5033333333333,-0.301381506893286
67.515,-0.275518718448049
67.5266666666667,-0.247374959405125
67.5383333333333,-0.217146546596803
67.55,-0.18506759076146
67.5616666666667,-0.15140827796812
67.5733333333333,-0.116472312366597
67.585,-0.0805935203708193
67.5966666666667,-0.0441317411314378
67.6083333333333,-0.00746805531890306
67.62,0.0290006730604757
67.6316666666667,0.0648677373094671
67.6433333333333,0.0997229027634816
67.655,0.133159104244514
67.6666666666667,0.16477928500104
67.6783333333333,0.194203140414138
67.69,0.221073897197595
67.7016666666667,0.245064817404454
67.7133333333333,0.265885270472557
67.725,0.28328643272568
67.7366666666667,0.297066234914259
67.7483333333333,0.307073570001483
67.76,0.313211788205169
67.7716666666667,0.315441203199616
67.7833333333333,0.313780609190587
67.795,0.308307867512723
67.8066666666667,0.299159339575654
67.8183333333333,0.286528311334025
67.83,0.270662398326874
67.8416666666667,0.251859909781919
67.8533333333333,0.23046534251212
67.865,0.20686382507419
67.8766666666667,0.181474928400732
67.8883333333333,0.154745887442366
67.9,0.127144067696935
67.9116666666667,0.0991491237437833
67.9233333333333,0.0712447962326961
67.935,0.0439107387711125
67.9466666666667,0.017614278369928
67.9583333333333,-0.00719781336562402
67.97,-0.0301069573039909
67.9816666666667,-0.0507300559183889
67.9933333333333,-0.0687261711459842
68.005,-0.0838024482602326
68.0166666666667,-0.0957192347478352
68.0283333333333,-0.104294187324167
68.04,-0.109405449269706
68.0516666666667,-0.110993693153596
68.0633333333333,-0.109063036334136
68.075,-0.103680887472761
68.0866666666667,-0.0949766123319941
68.0983333333333,-0.0831390750487369
68.11,-0.0684131562465681
68.1216666666667,-0.051095278924372
68.1333333333333,-0.0315279670875828
68.145,-0.0100936703819776
68.1566666666667,0.0127921111085537
68.1683333333333,0.0366883517101411
68.18,0.0611364065119309
68.1916666666667,0.0856681738610656
68.2033333333333,0.109814383024889
68.215,0.133112915815251
68.2266666666667,0.15511691618178
68.2383333333333,0.175402537263659
68.25,0.193576270906301
68.2616666666667,0.20928166769388
68.2733333333333,0.22220538543678
68.285,0.232082325373985
68.2966666666667,0.238699908664316
68.3083333333333,0.241901450752939
68.32,0.241588423799929
68.3316666666667,0.237721651823833
68.3433333333333,0.230321462191714
68.355,0.219466791348419
68.3666666666667,0.205293200908333
68.3783333333333,0.18798992613525
68.39,0.16779604684547
68.4016666666667,0.144995789172581
68.4133333333333,0.119913065386097
68.425,0.0929054396079917
68.4366666666667,0.0643575649795156
68.4483333333333,0.0346741706970491
68.46,0.00427289393972967
68.4716666666667,-0.0264230120833492
68.4833333333333,-0.0569919646722976
68.495,-0.087021075879846
68.5066666666667,-0.116113080564825
68.5183333333333,-0.143892789364019
68.53,-0.170012824212287
68.5416666666667,-0.194158904142362
68.5533333333333,-0.216054419047515
68.565,-0.235463954152072
68.5766666666667,-0.252196461150286
68.5883333333333,-0.266107347336648
68.6,-0.277099393440169
68.6116666666667,-0.285123077717475
68.6233333333333,-0.290175946428157
68.635,-0.292301093163604
68.6466666666667,-0.291584925510923
68.6583333333333,-0.288154090385912
68.67,-0.282171843558626
68.6816666666667,-0.273833791006851
68.6933333333333,-0.263363158295784
68.705,-0.251005801820923
68.7166666666667,-0.237024735327239
68.7283333333333,-0.22169463883804
68.74,-0.205296440396645
68.7516666666667,-0.188111847385709
68.7633333333333,-0.170418091467024
68.775,-0.152482861091689
68.7866666666667,-0.134559885652888
68.7983333333333,-0.116884803153036
68.81,-0.0996713899142568
68.8216666666667,-0.0831086193384879
68.8333333333333,-0.0673582853421059
68.845,-0.0525531771072979
68.8566666666667,-0.038796080020531
68.8683333333333,-0.0261593771860738
68.88,-0.0146853385894191
68.8916666666667,-0.0043870172327553
68.9033333333333,0.00475032160630032
68.915,0.0127669402909094
68.9266666666667,0.0197263005260047
68.9383333333333,0.025712319279086
68.95,0.0308258219357128
68.9616666666667,0.0351811447753953
68.9733333333333,0.0389024161760146
68.985,0.0421199014440431
68.9966666666667,0.0449662291780838
69.0083333333333,0.0475726417064848
69.02,0.0500656496844886
69.0316666666667,0.0525637737293028
69.0433333333333,0.0551746673663193
69.055,0.0579925031618206
69.0666666666667,0.061095917923179
69.0783333333333,0.0645464713376043
69.09,0.0683873004863414
69.1016666666667,0.0726424942044265
69.1133333333333,0.0773168919615592
69.125,0.0823963337528792
69.1366666666667,0.0878485242455219
69.1483333333333,0.093624231110056
69.16,0.0996587950238972
69.1716666666667,0.105874087831332
69.1833333333333,0.112180737499088
69.195,0.118480651183989
69.2066666666667,0.124669518695273
69.2183333333333,0.130639569208486
69.23,0.136282355288624
69.2416666666667,0.141491415372911
69.2533333333333,0.146164939570487
69.265,0.150208129151661
69.2766666666667,0.15353547079123
69.2883333333333,0.156072602227178
69.3,0.157758045302916
69.3116666666667,0.158544465769236
69.3233333333333,0.158399434599314
69.335,0.157306582807748
69.3466666666667,0.155264938708339
69.3583333333333,0.152288650206518
69.37,0.148406913194287
69.3816666666667,0.143662747661328
69.3933333333333,0.138111709097237
69.405,0.13182054061746
69.4166666666667,0.124865132427893
69.4283333333333,0.117328367417351
69.44,0.109298357518703
69.4516666666667,0.100866135381077
69.4633333333333,0.0921233238722747
69.475,0.0831604478852722
69.4866666666667,0.0740644131664256
69.4983333333333,0.0649162620344618
69.51,0.0557900653881769
69.5216666666667,0.0467512057129864
69.5333333333333,0.0378552250081713
69.545,0.029146694898903
69.5566666666667,0.0206589985122397
69.5683333333333,0.0124141392049653
69.58,0.00442249016671472
69.5916666666667,-0.00331658415627146
69.6033333333333,-0.0108140116426265
69.615,-0.0180899168270584
69.6266666666667,-0.0251723295614287
69.6383333333333,-0.0320956697683864
69.65,-0.0388989131929184
69.6616666666667,-0.0456237431197681
69.6733333333333,-0.0523125320327145
69.685,-0.0590064198598343
69.6966666666667,-0.0657432788570329
69.7083333333333,-0.072555591826569
69.72,-0.0794688482704768
69.7316666666667,-0.0864998504636157
69.7433333333333,-0.093655322295337
69.755,-0.100930659085042
69.7666666666667,-0.108309152305513
69.7783333333333,-0.115761649662638
69.79,-0.123246157917026
69.8016666666667,-0.130708052928946
69.8133333333333,-0.138080734921962
69.825,-0.145286119219902
69.8366666666667,-0.152236290323314
69.8483333333333,-0.15883514778261
69.86,-0.164979791356867
69.8716666666667,-0.170562824791409
69.8833333333333,-0.175474389684428
69.895,-0.179605016428861
69.9066666666667,-0.18284784970736
69.9183333333333,-0.185100544308521
69.93,-0.186268561573377
69.9416666666667,-0.186267238449116
69.9533333333333,-0.185024299541338
69.965,-0.182481269038876
69.9766666666667,-0.178595902445767
69.9883333333333,-0.173344242594296
70,-0.166720903727446
70.0116666666667,-0.158740208865535
70.0233333333333,-0.149436692351307
70.035,-0.138864828972643
70.0466666666667,-0.127098933407775
70.0583333333333,-0.114232464630907
70.07,-0.100376550686747
70.0816666666667,-0.0856584842181731
70.0933333333333,-0.0702197854766187
70.105,-0.0542139636520603
70.1166666666667,-0.0378039690147965
70.1283333333333,-0.0211594557600297
70.14,-0.00445391802913685
70.1516666666667,0.0121383320963214
70.1633333333333,0.0284451698229002
70.175,0.0442997097564604
70.1866666666667,0.0595431455768033
70.1983333333333,0.0740275432409983
70.21,0.0876183684483686
70.2216666666667,0.100196712906468
70.2333333333333,0.111661362126599
70.245,0.121929985225282
70.2566666666667,0.130940793428988
70.2683333333333,0.138653227084407
70.28,0.145048050544149
70.2916666666667,0.150127299361696
70.3033333333333,0.153913663892081
70.315,0.156449634734019
70.3266666666667,0.157795904191391
70.3383333333333,0.158029261268631
70.35,0.157240945752734
70.3616666666667,0.155533982206919
70.3733333333333,0.153020516029689
70.385,0.149819082998581
70.3966666666667,0.146051507432537
70.4083333333333,0.141839968992758
70.42,0.137304044261234
70.4316666666667,0.132557854511295
70.4433333333333,0.127707305453936
70.455,0.12284763576136
70.4666666666667,0.118061285609785
70.4783333333333,0.113415931670102
70.49,0.10896303848002
70.5016666666667,0.104736805138478
70.5133333333333,0.100753534361612
70.525,0.0970114912775571
70.5366666666667,0.0934911532323769
70.5483333333333,0.0901559847646757
70.56,0.0869537395658522
70.5716666666667,0.0838180482285467
70.5833333333333,0.0806704260998451
70.595,0.0774227346574255
70.6066666666667,0.0739798121963403
70.6183333333333,0.0702423131196882
70.63,0.0661098084305733
70.6416666666667,0.0614839597518555
70.6533333333333,0.0562716808103736
70.665,0.0503882772728037
70.6766666666667,0.0437604472540981
70.6883333333333,0.0363290596102463
70.7,0.0280517074977792
70.7116666666667,0.0189049031466084
70.7233333333333,0.00888587959476098
70.735,-0.00198599899336713
70.7466666666667,-0.0136683966699281
70.7583333333333,-0.0260956299441646
70.77,-0.0391787830244045
70.7816666666667,-0.0528064131463362
70.7933333333333,-0.0668457439446496
70.805,-0.0811444370949187
70.8166666666667,-0.0955328274136826
70.8283333333333,-0.109826542065307
70.84,-0.123829643407709
70.8516666666667,-0.137338058082609
70.8633333333333,-0.150143257619846
70.875,-0.162036326661732
70.8866666666667,-0.172811876050934
70.8983333333333,-0.182272079774892
70.91,-0.190230903582672
70.9216666666667,-0.196518015486992
70.9333333333333,-0.200982474125634
70.945,-0.203496331679681
70.9566666666667,-0.203957628965281
70.9683333333333,-0.202293012736288
70.98,-0.198460006126024
70.9916666666667,-0.192448623555878
71.0033333333333,-0.184282471104537
71.015,-0.174019061601257
71.0266666666667,-0.161749691359287
71.0383333333333,-0.147598751323976
71.05,-0.131722117977438
71.0616666666667,-0.11430514130522
71.0733333333333,-0.0955599962084596
71.085,-0.0757224875035367
71.0966666666667,-0.0550484629923245
71.1083333333333,-0.0338097071279619
71.12,-0.0122895605899482
71.1316666666667,0.00922175806208195
71.1433333333333,0.0304320017099972
71.155,0.0510517007084284
71.1666666666667,0.0707990918194216
71.1783333333333,0.0894049783405193
71.19,0.106617261716919
71.2016666666667,0.122205247590089
71.2133333333333,0.135963603487961
71.225,0.147715789207021
71.2366666666667,0.157317131193952
71.2483333333333,0.164657231077806
71.26,0.16966171297265
71.2716666666667,0.172293415999134
71.2833333333333,0.172552866186248
71.295,0.170478176779222
71.3066666666667,0.166144120332662
71.3183333333333,0.159660456507648
71.33,0.151170012798153
71.3416666666667,0.140845911445043
71.3533333333333,0.128888195137736
71.365,0.11552034063076
71.3766666666667,0.100985053982935
71.3883333333333,0.0855397205040091
71.4,0.0694518625748131
71.4116666666667,0.052994308648678
71.4233333333333,0.03644037322238
71.435,0.0200590601607719
71.4466666666667,0.00411037335161295
71.4583333333333,-0.0111590696731507
71.47,-0.0255201925180778
71.4816666666667,-0.0387652333658139
71.4933333333333,-0.0507110369695705
71.505,-0.061201827627345
71.5166666666667,-0.0701115210227416
71.5283333333333,-0.0773453891031882
71.54,-0.0828410472398341
71.5516666666667,-0.0865689203733345
71.5633333333333,-0.0885320420819654
71.575,-0.088765246662877
71.5866666666667,-0.0873337114841267
71.5983333333333,-0.0843310371123737
71.61,-0.0798768508557043
71.6216666666667,-0.0741138474264728
71.6333333333333,-0.067204531832431
71.645,-0.0593277120138162
71.6566666666667,-0.0506745468444057
71.6683333333333,-0.0414444268230176
71.68,-0.0318411511461618
71.6916666666667,-0.0220688186285932
71.7033333333333,-0.0123277050703695
71.715,-0.00281091137000893
71.7266666666667,0.00629961328759674
71.7383333333333,0.0148365762321316
71.75,0.0226497367472537
71.7616666666667,0.0296086241779682
71.7733333333333,0.035604387181332
71.785,0.0405518710430943
71.7966666666667,0.0443902337128866
71.8083333333333,0.047082649130031
71.82,0.0486174711738387
71.8316666666667,0.049007183916192
71.8433333333333,0.0482878165286775
71.855,0.0465165595333883
71.8666666666667,0.0437711166186744
71.8783333333333,0.040147160561177
71.89,0.0357555008142127
71.9016666666667,0.0307195022424471
71.9133333333333,0.0251720555512438
71.925,0.0192526910264754
71.9366666666667,0.013104385243924
71.9483333333333,0.00687011107627274
71.96,0.000690303229264162
71.9716666666667,-0.00530024823659903
71.9833333333333,-0.0109748418658606
71.995,-0.0162179999935365
72.0066666666667,-0.020926510568176
72.0183333333333,-0.025011295721382
72.03,-0.0283994126205886
72.0416666666667,-0.0310347546723053
72.0533333333333,-0.0328787672227339
72.065,-0.0339106239793546
72.0766666666667,-0.034127074369977
72.0883333333333,-0.0335418992633133
72.1,-0.0321850174328561
72.1116666666667,-0.0301013816686719
72.1233333333333,-0.0273492148129564
72.135,-0.0239989916087551
72.1466666666667,-0.0201307976828137
72.1583333333333,-0.0158321722154761
72.17,-0.0111964270692468
72.1816666666667,-0.00632033125697801
72.1933333333333,-0.00130195926743993
72.205,0.00376147632317884
72.2166666666667,0.0087761097617525
72.2283333333333,0.0136515020052064
72.24,0.0183040070918431
72.2516666666667,0.0226573405549041
72.2633333333333,0.0266439721296108
72.275,0.0302056721672384
72.2866666666667,0.0332945484142181
72.2983333333333,0.035873262594301
72.31,0.0379148994387591
72.3216666666667,0.0394028131534116
72.3333333333333,0.0403302027874175
72.345,0.0406990477418284
72.3566666666667,0.0405194729183609
72.3683333333333,0.0398092841364734
72.38,0.0385919589709858
72.3916666666667,0.036895741294613
72.4033333333333,0.0347523529040323
72.415,0.0321953220195108
72.4266666666667,0.029259442598347
72.4383333333333,0.02597943274876
72.45,0.0223887332814177
72.4616666666667,0.0185187206258152
72.4733333333333,0.0143981180840383
72.485,0.0100522913357884
72.4966666666667,0.00550324235690988
72.5083333333333,0.000769894345248391
72.52,-0.00413219437585084
72.5316666666667,-0.00919019397644276
72.5433333333333,-0.0143933585218356
72.555,-0.0197322251183879
72.5666666666667,-0.0251975531195078
72.5783333333333,-0.0307793368256351
72.59,-0.0364655115224441
72.6016666666667,-0.0422407434726537
72.6133333333333,-0.048085205372475
72.625,-0.0539733044077325
72.6366666666667,-0.0598726672462233
72.6483333333333,-0.065743181161136
72.66,-0.0715361957127394
72.6716666666667,-0.0771939726467473
72.6833333333333,-0.0826493988093254
72.695,-0.0878260740148589
72.7066666666667,-0.0926385202723317
72.7183333333333,-0.0969927453879754
72.73,-0.100787419381995
72.7416666666667,-0.10391514381665
72.7533333333333,-0.106264089334406
72.765,-0.107719969501304
72.7766666666667,-0.108168300721453
72.7883333333333,-0.107496920810864
72.8,-0.105598620044878
72.8116666666667,-0.102374012415429
72.8233333333333,-0.0977344767508645
72.835,-0.09160500924656
72.8466666666667,-0.0839271941417698
72.8583333333333,-0.074662039086841
72.87,-0.0637925201573617
72.8816666666667,-0.0513259329647058
72.8933333333333,-0.0372959165606937
72.905,-0.0217641357969517
72.9166666666667,-0.0048214013686448
72.9283333333333,0.0134117496233459
72.94,0.0327847499607204
72.9516666666667,0.0531174896499155
72.9633333333333,0.0742013929716913
72.975,0.0958010293312819
72.9866666666667,0.11765637364039
72.9983333333333,0.139485647541199
73.01,0.160988801758098
73.0216666666667,0.181851477040895
73.0333333333333,0.201749394381021
73.045,0.22035330554691
73.0566666666667,0.237334151404477
73.0683333333333,0.25236847351518
73.08,0.265144102826075
73.0916666666667,0.275365842160236
73.1033333333333,0.282761174083671
73.115,0.287085688127855
73.1266666666667,0.288128424834381
73.1383333333333,0.285716931457105
73.15,0.279721554822117
73.1616666666667,0.27005941880373
73.1733333333333,0.256697725711502
73.185,0.239656265755761
73.1966666666667,0.219009198176871
73.2083333333333,0.194885942958728
73.22,0.167471226190087
73.2316666666667,0.137004151704937
73.2433333333333,0.10377637209983
73.255,0.0681293733947429
73.2666666666667,0.0304507439559761
73.2783333333333,-0.00883034862112372
73.29,-0.0492484547363386
73.3016666666667,-0.0903079285410639
73.3133333333333,-0.131489667015653
73.325,-0.172258349463544
73.3366666666667,-0.212070122001996
73.3483333333333,-0.250380652074685
73.36,-0.286653379022915
73.3716666666667,-0.320367757220427
73.3833333333333,-0.351027444417591
73.395,-0.378168230569424
73.4066666666667,-0.401365644661256
73.4183333333333,-0.42024209867083
73.43,-0.43447331916663
73.4416666666667,-0.443794077221776
73.4533333333333,-0.448003135360117
73.465,-0.446967106488701
73.4766666666667,-0.440623419161302
73.4883333333333,-0.428982252409715
73.5,-0.412127215244298
73.5116666666667,-0.390214945728426
73.5233333333333,-0.363473549480217
73.535,-0.332199958937996
73.5466666666667,-0.296756099776745
73.5583333333333,-0.257563992170335
73.57,-0.21510003941185
73.5816666666667,-0.169888309604
73.5933333333333,-0.122493058404145
73.605,-0.0735105947522574
73.6166666666667,-0.0235606548568805
73.6283333333333,0.0267226417879163
73.64,0.0767001106200282
73.6516666666667,0.125736867837642
73.6633333333333,0.173211644209317
73.675,0.218525893622228
73.6866666666667,0.261112534506733
73.6983333333333,0.30044415367848
73.71,0.336040600185947
73.7216666666667,0.367475818834451
73.7333333333333,0.394383794437838
73.745,0.416463503385539
73.7566666666667,0.433482880232282
73.7683333333333,0.445281683692859
73.78,0.451773131019761
73.7916666666667,0.452944431923404
73.8033333333333,0.448856138099948
73.815,0.439640410155164
73.8266666666667,0.425498071473286
73.8383333333333,0.406694621270482
73.85,0.383555401866218
73.8616666666667,0.35645977946267
73.8733333333333,0.325834561053843
73.885,0.292146808965923
73.8966666666667,0.255896093577093
73.9083333333333,0.21760633136128
73.92,0.177817400875862
73.9316666666667,0.137076679614528
73.9433333333333,0.0959305592869121
73.955,0.0549162156320753
73.9666666666667,0.0145537095927288
73.9783333333333,-0.0246615811159667
73.99,-0.0622658750444856
74.0016666666667,-0.09783320578511
74.0133333333333,-0.130980940117778
74.025,-0.161374349220684
74.0366666666667,-0.188730357205225
74.0483333333333,-0.212820364546148
74.06,-0.233471942601752
74.0716666666667,-0.250569625939149
74.0833333333333,-0.264054786026554
74.095,-0.273924341834221
74.1066666666667,-0.280228738636857
74.1183333333333,-0.283069124001422
74.13,-0.282593559750896
74.1416666666667,-0.278992634811434
74.1533333333333,-0.272494464361025
74.165,-0.263359241746247
74.1766666666667,-0.251873365605978
74.1883333333333,-0.238343249719818
74.2,-0.223089144919375
74.2116666666667,-0.206438847603422
74.2233333333333,-0.188721512804239
74.235,-0.170261723447796
74.2466666666667,-0.151373834354825
74.2583333333333,-0.132356763100242
74.27,-0.113489266952942
74.2816666666667,-0.095025814590124
74.2933333333333,-0.0771931056110505
74.305,-0.0601872600713578
74.3166666666667,-0.0441717722027501
74.3283333333333,-0.0292761934086252
74.34,-0.015595563404634
74.3516666666667,-0.00319056952423073
74.3633333333333,0.00791159478107294
74.375,0.0177155838047405
74.3866666666667,0.0262558090131739
74.3983333333333,0.0335937695062552
74.41,0.0398147166274537
74.4216666666667,0.0450240855936953
74.4333333333333,0.0493435551259452
74.445,0.0529069514555166
74.4566666666667,0.0558559010693747
74.4683333333333,0.0583354618960074
74.48,0.0604900024818474
74.4916666666667,0.0624590621889112
74.5033333333333,0.0643735096755776
74.515,0.0663520375434103
74.5266666666667,0.0684979837474823
74.5383333333333,0.0708966828209246
74.55,0.0736132967250706
74.5616666666667,0.0766911682183135
74.5733333333333,0.0801507407999789
74.585,0.0839891231365683
74.5966666666667,0.0881801850008604
74.6083333333333,0.0926751806512842
74.62,0.0974040154824324
74.6316666666667,0.10227701317508
74.6433333333333,0.10718712626538
74.655,0.112012545005076
74.6666666666667,0.116619723850834
74.6783333333333,0.120866676256238
74.69,0.124606436410036
74.7016666666667,0.127690703552011
74.7133333333333,0.129973499754394
74.725,0.131314847433741
74.7366666666667,0.13158433397889
74.7483333333333,0.130664407277141
74.76,0.128453509566592
74.7716666666667,0.124868892084271
74.7833333333333,0.11984899065823
74.795,0.113355432435682
74.8066666666667,0.105374570513971
74.8183333333333,0.0959184776458041
74.83,0.0850254366008082
74.8416666666667,0.072759932638256
74.8533333333333,0.0592120842449408
74.865,0.0444965847921035
74.8766666666667,0.0287511948554129
74.8883333333333,0.0121346918880055
74.9,-0.0051755691291988
74.9116666666667,-0.0229864289308486
74.9233333333333,-0.041092024767622
74.935,-0.0592771560553188
74.9466666666667,-0.0773207903641952
74.9583333333333,-0.0949996939624675
74.97,-0.112092114952549
74.9816666666667,-0.128381420737377
74.9933333333333,-0.143659684519075
75.005,-0.157731007962313
75.0166666666667,-0.170414672234431
75.0283333333333,-0.181548048111967
75.04,-0.190989076171104
75.0516666666667,-0.198618429890121
75.0633333333333,-0.204341217787892
75.075,-0.208088270197384
75.0866666666667,-0.209817029886099
75.0983333333333,-0.209511828812285
75.11,-0.207183754509342
75.1216666666667,-0.202870124055568
75.1333333333333,-0.196633448127777
75.145,-0.188560000606687
75.1566666666667,-0.178758030983806
75.1683333333333,-0.167355629451976
75.18,-0.154498304115904
75.1916666666667,-0.140346315825956
75.2033333333333,-0.125071852043513
75.215,-0.108856069290368
75.2266666666667,-0.0918860534811319
75.2383333333333,-0.0743518017957359
75.25,-0.0564432629373713
75.2616666666667,-0.0383474692408686
75.2733333333333,-0.020245826681494
75.285,-0.00231160835156366
75.2966666666667,0.015292263913076
75.3083333333333,0.0324151795405242
75.32,0.0489205165542078
75.3316666666667,0.0646869485534726
75.3433333333333,0.0796093901229546
75.355,0.0935996227418658
75.3666666666667,0.10658660189263
75.3783333333333,0.118516373234866
75.39,0.129351594815809
75.4016666666667,0.139070852827482
75.4133333333333,0.147667656586636
75.425,0.155149173807978
75.4366666666667,0.161534821664439
75.4483333333333,0.166854598893388
75.46,0.17114736261968
75.4716666666667,0.174459000034189
75.4833333333333,0.176840517459631
75.495,0.178346308613169
75.5066666666667,0.179032241893773
75.5183333333333,0.178953907534047
75.53,0.178165133890026
75.5416666666667,0.176716512607008
75.5533333333333,0.174654213133804
75.565,0.172018910600386
75.5766666666667,0.168845011790806
75.5883333333333,0.16516020488604
75.6,0.160985070470231
75.6116666666667,0.156333084824195
75.6233333333333,0.151210841087305
75.635,0.145618409607115
75.6466666666667,0.139550049929413
75.6583333333333,0.132995054940261
75.67,0.125938750242319
75.6816666666667,0.118363660820367
75.6933333333333,0.110250758986321
75.705,0.101580819018085
75.7166666666667,0.0923357525794463
75.7283333333333,0.0824999853074129
75.74,0.0720618465184791
75.7516666666667,0.061014848690736
75.7633333333333,0.0493588583748269
75.775,0.0371011710732434
75.7866666666667,0.0242574748815916
75.7983333333333,0.0108525535641416
75.81,-0.00307915745153774
75.8216666666667,-0.0174931760952793
75.8333333333333,-0.0323348736389909
75.845,-0.0475394384689406
75.8566666666667,-0.0630321629804946
75.8683333333333,-0.0787290517991238
75.88,-0.0945373709754296
75.8916666666667,-0.110356503175661
75.9033333333333,-0.126079006640087
75.915,-0.14159171432191
75.9266666666667,-0.156777033626089
75.9383333333333,-0.171514306280259
75.95,-0.185681206066951
75.9616666666667,-0.199155214915177
75.9733333333333,-0.211815127316754
75.985,-0.223542472842984
75.9966666666667,-0.234222912658792
76.0083333333333,-0.24374774682436
76.02,-0.252015022442165
76.0316666666667,-0.25893072652096
76.0433333333333,-0.264409955860095
76.055,-0.268377184028071
76.0666666666667,-0.270767749967684
76.0783333333333,-0.271529070011548
76.09,-0.270619956721023
76.1016666666667,-0.268011366808676
76.1133333333333,-0.263686678681649
76.125,-0.257641310658545
76.1366666666667,-0.249883142159694
76.1483333333333,-0.240432368511434
76.16,-0.229320915517182
76.1716666666667,-0.216592164872681
76.1833333333333,-0.202300660589015
76.195,-0.186511198454268
76.2066666666667,-0.169298671720246
76.2183333333333,-0.150747939393564
76.23,-0.130952634723431
76.2416666666667,-0.110014893516071
76.2533333333333,-0.0880446971360111
76.265,-0.0651598244167568
76.2766666666667,-0.041484965854679
76.2883333333333,-0.0171506287399719
76.3,0.00770635580365476
76.3116666666667,0.0329436537660153
76.3233333333333,0.0584136779039608
76.335,0.0839643974572845
76.3466666666667,0.109439385282352
76.3583333333333,0.13467816807297
76.37,0.159517078414771
76.3816666666667,0.183789684853241
76.3933333333333,0.207327465124851
76.405,0.229960463781018
76.4166666666667,0.251518160290877
76.4283333333333,0.271830581180454
76.44,0.290729153872885
76.4516666666667,0.308047965195495
76.4633333333333,0.32362506863521
76.475,0.337304111777146
76.4866666666667,0.348935583432427
76.4983333333333,0.358378430774125
76.51,0.365502137955394
76.5216666666667,0.370188401193046
76.5333333333333,0.37233307155587
76.545,0.371848080140396
76.5566666666667,0.368663287154624
76.5683333333333,0.362728391164899
76.58,0.354014684825398
76.5916666666667,0.342516729997485
76.6033333333333,0.328253816120585
76.615,0.311271356435976
76.6266666666667,0.291641889322694
76.6383333333333,0.269465540230654
76.65,0.244870875738009
76.6616666666667,0.218014797203995
76.6733333333333,0.189082356653992
76.685,0.158285731247748
76.6966666666667,0.125863591266855
76.7083333333333,0.0920795443936314
76.72,0.0572198150211221
76.7316666666667,0.0215909944931066
76.7433333333333,-0.0144828081467055
76.755,-0.0506631361676726
76.7666666666667,-0.0866007205778336
76.7783333333333,-0.121939737514428
76.79,-0.156321576814776
76.8016666666667,-0.189389365451409
76.8133333333333,-0.220792755319348
76.825,-0.250191792025513
76.8366666666667,-0.277262504923679
76.8483333333333,-0.301701558299547
76.86,-0.323230294681527
76.8716666666667,-0.341599195614227
76.8833333333333,-0.356591920718262
76.895,-0.368029075150112
76.9066666666667,-0.375771351357506
76.9183333333333,-0.379722114277117
76.93,-0.379829846051125
76.9416666666667,-0.376089675092166
76.9533333333333,-0.368544250540321
76.965,-0.357284109207462
76.9766666666667,-0.342447174771483
76.9883333333333,-0.324217620585797
77,-0.302823905434609
77.0116666666667,-0.278536222615114
77.0233333333333,-0.251663327605727
77.035,-0.222548232985754
77.0466666666667,-0.191564032204826
77.0583333333333,-0.159109271786968
77.07,-0.125601829362205
77.0816666666667,-0.0914732756274918
77.0933333333333,-0.0571627158023173
77.105,-0.023110392455599
77.1166666666667,0.0102486199113034
77.1283333333333,0.0424909305341051
77.14,0.0732111015574342
77.1516666666667,0.1020277395362
77.1633333333333,0.128589169657702
77.175,0.152578793991576
77.1866666666667,0.173719891120723
77.1983333333333,0.191779655174538
77.21,0.206572742533806
77.2216666666667,0.217963996987486
77.2333333333333,0.225870330555707
77.245,0.230261842704889
77.2566666666667,0.231162052326607
77.2683333333333,0.22864720764957
77.28,0.222844706239403
77.2916666666667,0.213930752780207
77.3033333333333,0.202127147693273
77.315,0.187697344666552
77.3266666666667,0.170941778750089
77.3383333333333,0.152192615941272
77.35,0.131807986870789
77.3616666666667,0.110165743990137
77.3733333333333,0.0876569531838991
77.385,0.0646791387368063
77.3966666666667,0.041629507403135
77.4083333333333,0.0188982180912126
77.42,-0.00313831572434871
77.4316666666667,-0.0241237169720036
77.4433333333333,-0.0437275677123579
77.455,-0.0616509802379504
77.4666666666667,-0.0776313364157463
77.4783333333333,-0.0914462678707895
77.49,-0.102917308098968
77.5016666666667,-0.111912418423247
77.5133333333333,-0.118347578085155
77.525,-0.122187927302368
77.5366666666667,-0.123447396372387
77.5483333333333,-0.122187577633897
77.56,-0.118516085411223
77.5716666666667,-0.112583787667414
77.5833333333333,-0.104581204326469
77.595,-0.0947343871915852
77.6066666666667,-0.0832999829925014
77.6183333333333,-0.0705597588558779
77.63,-0.0568147547276088
77.6416666666667,-0.0423790898621687
77.6533333333333,-0.0275735976567632
77.665,-0.0127192084911171
77.6766666666667,0.00186944680905944
77.6883333333333,0.01589018512621
77.7,0.0290593499774705
77.7116666666667,0.041117386436963
77.7233333333333,0.0518338986159461
77.735,0.0610121147486949
77.7466666666667,0.0684925924522043
77.7583333333333,0.074156207136699
77.77,0.0779262953116178
77.7816666666667,0.0797699324649815
77.7933333333333,0.0796983092129395
77.805,0.0777661271206745
77.8166666666667,0.0740702465735725
77.8283333333333,0.0687474049713663
77.84,0.0619710690970964
77.8516666666667,0.0539475833365286
77.8633333333333,0.0449115706758171
77.875,0.0351209252899304
77.8866666666667,0.0248511703898989
77.8983333333333,0.0143893119784099
77.91,0.00402773538095097
77.9216666666667,-0.00594218655372656
77.9333333333333,-0.0152364975974346
77.945,-0.0235847901564122
77.9566666666667,-0.0307362449305516
77.9683333333333,-0.0364652606926821
77.98,-0.0405764988010627
77.9916666666667,-0.0429094096512356
78.0033333333333,-0.043342017055957
78.015,-0.0417939253628613
78.0266666666667,-0.0382285814839664
78.0383333333333,-0.0326546459560475
78.05,-0.0251262518333221
78.0616666666667,-0.0157425210994884
78.0733333333333,-0.0046461563164012
78.085,0.00797911362378422
78.0966666666667,0.0219114756336283
78.1083333333333,0.0368949867579458
78.12,0.0526445606898797
78.1316666666667,0.0688511935982058
78.1433333333333,0.0851878734764035
78.155,0.101315899952842
78.1666666666667,0.11689142540124
78.1783333333333,0.131572186338042
78.19,0.145024329733565
78.2016666666667,0.156929077970768
78.2133333333333,0.166989097416355
78.225,0.17493470754992
78.2366666666667,0.18052939071154
78.2483333333333,0.183574700474626
78.26,0.183914619142346
78.2716666666667,0.181439053663636
78.2833333333333,0.176086508831391
78.295,0.167845625428605
78.3066666666667,0.156756060951946
78.3183333333333,0.142908737451248
78.33,0.126444106463897
78.3416666666667,0.107550215758826
78.3533333333333,0.0864598029258174
78.365,0.0634458144042628
78.3766666666667,0.0388176001621719
78.3883333333333,0.0129154204380724
78.4,-0.0138959441654153
78.4116666666667,-0.041233467039693
78.4233333333333,-0.0687026097877012
78.435,-0.0959044347935075
78.4466666666667,-0.1224428451751
78.4583333333333,-0.147931489362101
78.47,-0.172000621361196
78.4816666666667,-0.194303824725301
78.4933333333333,-0.214523926286064
78.505,-0.232379171487913
78.5166666666667,-0.247627479101293
78.5283333333333,-0.260070547927868
78.54,-0.269557581024571
78.5516666666667,-0.275987505455212
78.5633333333333,-0.279310548662647
78.575,-0.279528580599434
78.5866666666667,-0.27669467239225
78.5983333333333,-0.270911791897848
78.61,-0.262330246916957
78.6216666666667,-0.251144455861541
78.6333333333333,-0.237588804480583
78.645,-0.221933044223712
78.6566666666667,-0.204476603883998
78.6683333333333,-0.185541993063291
78.68,-0.16546923170626
78.6916666666667,-0.144608771404174
78.7033333333333,-0.123314734954208
78.715,-0.101937631263533
78.7266666666667,-0.0808181918076106
78.7383333333333,-0.0602811127953468
78.75,-0.04062820582902
78.7616666666667,-0.0221331648255675
78.7733333333333,-0.00503637102662149
78.785,0.010458959218101
78.7966666666667,0.0241907742929161
78.8083333333333,0.0360408379772856
78.82,0.0459361106759593
78.8316666666667,0.0538497002189623
78.8433333333333,0.0598006910633104
78.855,0.0638527926583931
78.8666666666667,0.0661125837478869
78.8783333333333,0.0667268533408798
78.89,0.0658783759269525
78.9016666666667,0.063781632843548
78.9133333333333,0.0606778213508734
78.925,0.0568287093749642
78.9366666666667,0.0525111063639173
78.9483333333333,0.0480105823790168
78.96,0.0436146012467672
78.9716666666667,0.0396060390368204
78.9833333333333,0.0362568023446093
78.995,0.0338213268042625
79.0066666666667,0.0325310038074454
79.0183333333333,0.0325890770656985
79.03,0.034165185687499
79.0416666666667,0.0373916058134633
79.0533333333333,0.042359698919849
79.065,0.049117682927441
79.0766666666667,0.0576687532852262
79.0883333333333,0.0679703204785344
79.1,0.0799344738697419
79.1116666666667,0.093428914468393
79.1233333333333,0.108279715360816
79.135,0.124273097301846
79.1466666666667,0.141158502975608
79.1583333333333,0.158656302177156
79.17,0.176460863033995
79.1816666666667,0.194246752233572
79.1933333333333,0.21167418195299
79.205,0.228397613231337
79.2166666666667,0.244070541120507
79.2283333333333,0.258351791862575
79.24,0.270912938137987
79.2516666666667,0.281444955581611
79.2633333333333,0.289663460500021
79.275,0.29531624362081
79.2866666666667,0.298187115084396
79.2983333333333,0.298099969800696
79.31,0.294923145052342
79.3216666666667,0.288572214546076
79.3333333333333,0.279012172775929
79.345,0.266258331470808
79.3566666666667,0.25037645927005
79.3683333333333,0.231482693629844
79.38,0.209741425170729
79.3916666666667,0.185362840900143
79.4033333333333,0.158599816411338
79.415,0.129743333810603
79.4266666666667,0.0991177938193032
79.4383333333333,0.0670760850733026
79.45,0.0339933628738369
79.4616666666667,0.000260898040430053
79.4733333333333,-0.0337207653302365
79.485,-0.0675477996371723
79.4966666666667,-0.100820063254391
79.5083333333333,-0.133148085959904
79.52,-0.164158983834973
79.5316666666667,-0.19350248708449
79.5433333333333,-0.220856392540374
79.555,-0.245931545685689
79.5666666666667,-0.268476228448264
79.5783333333333,-0.288279410150344
79.59,-0.305173740332528
79.6016666666667,-0.319037445131353
79.6133333333333,-0.329795411802742
79.625,-0.33741947039898
79.6366666666667,-0.341927679592483
79.6483333333333,-0.343383046713304
79.66,-0.341891179907294
79.6716666666667,-0.337597330414552
79.6833333333333,-0.330682783909677
79.695,-0.321360449084166
79.7066666666667,-0.309870540306878
79.7183333333333,-0.296475173301923
79.73,-0.281452857132992
79.7416666666667,-0.265093077773309
79.7533333333333,-0.247690220418728
79.765,-0.229538466727762
79.7766666666667,-0.210927071739269
79.7883333333333,-0.192132905080026
79.8,-0.173417150198765
79.8116666666667,-0.155019997078755
79.8233333333333,-0.137158535349822
79.835,-0.120019962640826
79.8466666666667,-0.103761874319097
79.8583333333333,-0.0885098898560147
79.87,-0.0743560450552446
79.8816666666667,-0.0613582952891485
79.8933333333333,-0.0495409282872857
79.905,-0.0388950721977833
79.9166666666667,-0.0293800665678191
79.9283333333333,-0.0209269630815341
79.94,-0.0134404191210547
79.9516666666667,-0.00680216616909655
79.9633333333333,-0.000875107739838126
79.975,0.0044931778440584
79.9866666666667,0.00946562845402719
79.9983333333333,0.0142113928592947
80.01,0.0189010406269853
80.0216666666667,0.0237021516727196
80.0333333333333,0.0287747369511057
80.045,0.0342672924027542
80.0566666666667,0.0403130313882251
80.0683333333333,0.0470258065643841
80.08,0.05449744395347
80.0916666666667,0.0627951963861069
80.1033333333333,0.071959565795125
80.115,0.0820034539865273
80.1266666666667,0.0929110492302805
80.1383333333333,0.104637547949543
80.15,0.11710995061712
80.1616666666667,0.130228161819234
80.1733333333333,0.14386664234758
80.185,0.157876731186406
80.1966666666667,0.172089579291853
80.2083333333333,0.186319125731199
80.22,0.20036569870196
80.2316666666667,0.214019902036831
80.2433333333333,0.227066761351367
80.255,0.239289969846834
80.2666666666667,0.250475344352738
80.2783333333333,0.26041597676939
80.29,0.268916095359097
80.3016666666667,0.275794731330411
80.3133333333333,0.280889590325358
80.325,0.284059991191746
80.3366666666667,0.285189737879459
80.3483333333333,0.284189416624599
80.36,0.280998425700397
80.3716666666667,0.27558627267136
80.3833333333333,0.267953063177677
80.395,0.258130036148789
80.4066666666667,0.246179341813111
80.4183333333333,0.232192803699124
80.43,0.216290401326511
80.4416666666667,0.198618449821001
80.4533333333333,0.179347244363035
80.465,0.158668301783987
80.4766666666667,0.136790935791339
80.4883333333333,0.113939074378763
80.5,0.0903477151589009
80.5116666666667,0.0662591544724218
80.5233333333333,0.0419189432191987
80.535,0.0175725868432342
80.5466666666667,-0.00653854670324152
80.5583333333333,-0.030180967623631
80.57,-0.0531322144187709
80.5816666666667,-0.0751840542083342
80.5933333333333,-0.0961451113741379
80.605,-0.11584364347397
80.6166666666667,-0.134129466820728
80.6283333333333,-0.150875228001034
80.64,-0.165977838137492
80.6516666666667,-0.179359137510234
80.6633333333333,-0.190966175849102
80.675,-0.2007708945239
80.6866666666667,-0.208769542084124
80.6983333333333,-0.214981961856063
80.71,-0.219449866069449
80.7216666666667,-0.222235167847427
80.7333333333333,-0.223418047821615
80.745,-0.223094626868865
80.7566666666667,-0.221374481127442
80.7683333333333,-0.21837794330465
80.78,-0.214233664090806
80.7916666666667,-0.209075834587365
80.8033333333333,-0.203041463564698
80.815,-0.196268048410142
80.8266666666667,-0.188890688907007
80.8383333333333,-0.181039974611859
80.85,-0.172840046226493
80.8616666666667,-0.164406573165837
80.8733333333333,-0.155845596187141
80.885,-0.147251375744957
80.8966666666667,-0.138705960241738
80.9083333333333,-0.130279025918827
80.92,-0.122026923336411
80.9316666666667,-0.113992766911665
80.9433333333333,-0.106206712079778
80.955,-0.0986863859538117
80.9666666666667,-0.0914376888797921
80.9783333333333,-0.084455785622287
80.99,-0.077726303064372
81.0016666666667,-0.0712265780832509
81.0133333333333,-0.0649271439824778
81.025,-0.0587932735721744
81.0366666666667,-0.0527865013319472
81.0483333333333,-0.0468661494483275
81.06,-0.0409908804034404
81.0716666666667,-0.035120270251482
81.0833333333333,-0.0292158612636229
81.095,-0.0232428582182542
81.1066666666667,-0.0171714189998991
81.1183333333333,-0.0109769134208847
81.13,-0.00464095209506012
81.1416666666667,0.00184803081250038
81.1533333333333,0.00849434609675683
81.165,0.0152950340161624
81.1766666666667,0.0222399112508962
81.1883333333333,0.0293113543965421
81.2,0.0364850350721624
81.2116666666667,0.0437303220549199
81.2233333333333,0.0510110713601286
81.235,0.0582862374551024
81.2466666666667,0.0655105906292385
81.2583333333333,0.0726360969995349
81.27,0.079612687164315
81.2816666666667,0.0863892841264677
81.2933333333333,0.0929147798778513
81.305,0.0991390469284191
81.3166666666667,0.105013890672995
81.3283333333333,0.110493805588289
81.34,0.115536794336599
81.3516666666667,0.120105032482115
81.3633333333333,0.124165372074204
81.375,0.127689943940968
81.3866666666667,0.13065633263661
81.3983333333333,0.133047651124602
81.41,0.13485278351931
81.4216666666667,0.13606630310041
81.4333333333333,0.136688142238166
81.445,0.136723720960414
81.4566666666667,0.136183416580029
81.4683333333333,0.135081806037073
81.48,0.13343749348862
81.4916666666667,0.131272536286227
81.5033333333333,0.128611729813001
81.515,0.125482346835728
81.5266666666667,0.121913484764087
81.5383333333333,0.117935190227313
81.55,0.113578182723599
81.5616666666667,0.10887338186931
81.5733333333333,0.103851259451778
81.585,0.0985418395491687
81.5966666666667,0.0929745965604097
81.6083333333333,0.0871773137684371
81.62,0.0811765152673059
81.6316666666667,0.0749973023929904
81.6433333333333,0.0686632120360041
81.655,0.0621964942202261
81.6666666666667,0.0556179605568652
81.6783333333333,0.0489471302404112
81.69,0.0422025040758366
81.7016666666667,0.0354017398789738
81.7133333333333,0.0285618183676119
81.725,0.0216993920214361
81.7366666666667,0.0148309920499453
81.7483333333333,0.00797300165501084
81.76,0.00114206550320445
81.7716666666667,-0.0056448306946752
81.7833333333333,-0.0123702344652289
81.795,-0.0190161683184757
81.8066666666667,-0.0255641481539835
81.8183333333333,-0.0319950122355039
81.83,-0.0382891846201111
81.8416666666667,-0.0444267345940474
81.8533333333333,-0.0503874497171037
81.865,-0.0561514184808551
81.8766666666667,-0.0616987545771735
81.8883333333333,-0.0670098563432033
81.9,-0.0720659832382822
81.9116666666667,-0.0768494063101372
81.9233333333333,-0.0813436967905426
81.935,-0.0855339145042826
81.9466666666667,-0.08940698656645
81.9583333333333,-0.0929519238090768
81.97,-0.0961598521197577
81.9816666666667,-0.09902423054801
81.9933333333333,-0.101540820278323
82.005,-0.103707834052784
82.0166666666667,-0.105525955711436
82.0283333333333,-0.106998100629458
82.04,-0.108129258448306
82.0516666666667,-0.108926326884762
82.0633333333333,-0.109397740809354
82.075,-0.109553495031553
82.0866666666667,-0.109404692212033
82.0983333333333,-0.108962719435511
82.11,-0.108239294512377
82.1216666666667,-0.107246072635006
82.1333333333333,-0.105993942740577
82.145,-0.104493296656022
82.1566666666667,-0.10275329630638
82.1683333333333,-0.10078139336035
82.18,-0.0985833272673284
82.1916666666667,-0.09616286930841
82.2033333333333,-0.0935218338917877
82.215,-0.090659661986011
82.2266666666667,-0.087573785938484
82.2383333333333,-0.0842600069998718
82.25,-0.0807121890022819
82.2616666666667,-0.0769227758725164
82.2733333333333,-0.072882807113701
82.285,-0.0685830376380182
82.2966666666667,-0.0640138437033165
82.3083333333333,-0.0591653440165164
82.32,-0.0540285009896892
82.3316666666667,-0.0485955101446741
82.3433333333333,-0.0428603342386747
82.355,-0.0368191552936644
82.3666666666667,-0.0304710689736207
82.3783333333333,-0.0238186807056114
82.39,-0.0168683279340124
82.4016666666667,-0.0096302360810045
82.4133333333333,-0.00211989431385523
82.425,0.00564401810213398
82.4366666666667,0.0136377307669309
82.4483333333333,0.0218321739266165
82.46,0.0301937078955358
82.4716666666667,0.0386841982337094
82.4833333333333,0.0472614278478013
82.495,0.0558792609676749
82.5066666666667,0.0644876602295885
82.5183333333333,0.0730347485073738
82.53,0.0814663907080632
82.5416666666667,0.0897269822672639
82.5533333333333,0.0977608432608742
82.565,0.105511580298461
82.5766666666667,0.112923824510447
82.5883333333333,0.119944166239958
82.6,0.12652159462064
82.6116666666667,0.132608138941466
82.6233333333333,0.138159628362083
82.635,0.143136055741712
82.6466666666667,0.147502087873236
82.6583333333333,0.15122744579836
82.67,0.154287112170405
82.6816666666667,0.156661498910335
82.6933333333333,0.158336217403289
82.705,0.159302414460252
82.7166666666667,0.159556265300979
82.7283333333333,0.159098329631144
82.74,0.157933453993702
82.7516666666667,0.15607009496935
82.7633333333333,0.153519921363327
82.775,0.150296879437855
82.7866666666667,0.146416248253236
82.7983333333333,0.141894841266842
82.81,0.136749783958961
82.8216666666667,0.130997950292851
82.8333333333333,0.124655462266088
82.845,0.117737001997707
82.8566666666667,0.110256028172196
82.8683333333333,0.102223707394999
82.88,0.0936492308057149
82.8916666666667,0.0845398702939794
82.9033333333333,0.0749005874636521
82.915,0.0647354891849548
82.9266666666667,0.0540475073567382
82.9383333333333,0.0428391036362087
82.95,0.0311131064023274
82.9616666666667,0.0188736945144009
82.9733333333333,0.00612749115519628
82.985,-0.00711546227196202
82.9966666666667,-0.0208403693973552
83.0083333333333,-0.0350264167086102
83.02,-0.049645612255793
83.0316666666667,-0.0646615755172617
83.0433333333333,-0.0800284270188752
83.055,-0.0956896161626894
83.0666666666667,-0.111577200956232
83.0783333333333,-0.127611323159295
83.09,-0.143699397304042
83.1016666666667,-0.159736005111345
83.1133333333333,-0.175602890516785
83.125,-0.191169329405045
83.1366666666667,-0.206292709735941
83.1483333333333,-0.220819387326196
83.16,-0.234586114970838
83.1716666666667,-0.247421556199437
83.1833333333333,-0.2591482389436
83.195,-0.269584734282718
83.2066666666667,-0.278548049616005
83.2183333333333,-0.285856554449093
83.23,-0.291332778325762
83.2416666666667,-0.294806519050933
83.2533333333333,-0.296118170630144
83.265,-0.295121559697778
83.2766666666667,-0.291687592302659
83.2883333333333,-0.285707674267767
83.3,-0.277096356437267
83.3116666666667,-0.265794354949991
83.3233333333333,-0.251771198793394
83.335,-0.235027447542417
83.3466666666667,-0.215596776561352
83.3583333333333,-0.193547475747712
83.37,-0.168983412794936
83.3816666666667,-0.14204460932881
83.3933333333333,-0.112907180109874
83.405,-0.0817828166456967
83.4166666666667,-0.048917580412918
83.4283333333333,-0.0145900597164791
83.44,0.0208909386353275
83.4516666666667,0.0571893410832912
83.4633333333333,0.0939452742455722
83.475,0.130779100934174
83.4866666666667,0.167295876747886
83.4983333333333,0.203090147487456
83.51,0.237751208748207
83.5216666666667,0.270868558100164
83.5333333333333,0.30203757764141
83.545,0.330865231998229
83.5566666666667,0.356975832217676
83.5683333333333,0.380016825200438
83.58,0.399664205764322
83.5916666666667,0.41562777375077
83.6033333333333,0.427656021069052
83.615,0.435540517202005
83.6266666666667,0.439119816222518
83.6383333333333,0.438282771962193
83.65,0.432971145644951
83.6616666666667,0.423181487457973
83.6733333333333,0.408966287197072
83.685,0.390434229582939
83.6966666666667,0.367749754023805
83.7083333333333,0.341131751976599
83.72,0.310851337693533
83.7316666666667,0.277228924158223
83.7433333333333,0.240630456344828
83.755,0.201463040857252
83.7666666666667,0.160169770975271
83.7783333333333,0.117223956080579
83.79,0.0731229958517757
83.8016666666667,0.028381702143324
83.8133333333333,-0.0164746206285904
83.825,-0.0609174017950471
83.8366666666667,-0.104422080052675
83.8483333333333,-0.146475275550827
83.86,-0.186582012562336
83.8716666666667,-0.224272623417061
83.8833333333333,-0.259109301695481
83.895,-0.290692273929549
83.9066666666667,-0.318665399982542
83.9183333333333,-0.342721094724639
83.93,-0.362604573316657
83.9416666666667,-0.378117334374412
83.9533333333333,-0.389119794929746
83.965,-0.39553308463055
83.9766666666667,-0.397339848691513
83.9883333333333,-0.394584194351107
84,-0.387370757002267
84.0116666666667,-0.375862812735711
84.0233333333333,-0.360279561142395
84.035,-0.340892473695927
84.0466666666667,-0.318021037821535
84.0583333333333,-0.292027792942049
84.07,-0.263312593059318
84.0816666666667,-0.232306481899916
84.0933333333333,-0.199465101029758
84.105,-0.16526177840749
84.1166666666667,-0.130180427310104
84.1283333333333,-0.094708315613545
84.14,-0.0593289022634433
84.1516666666667,-0.024514761897057
84.1633333333333,0.00927922226218278
84.175,0.0416222811634694
84.1866666666667,0.0721138666190923
84.1983333333333,0.100389182277117
84.21,0.126123928007693
84.2216666666667,0.149038538381494
84.2333333333333,0.168901622682565
84.245,0.185532513246006
84.2566666666667,0.198803241889435
84.2683333333333,0.208639435474254
84.28,0.215020383625041
84.2916666666667,0.217978350273826
84.3033333333333,0.217597000868157
84.315,0.214009139098386
84.3266666666667,0.207393622079233
84.3383333333333,0.197971485415057
84.35,0.18600174841405
84.3616666666667,0.171776500664742
84.3733333333333,0.155615526291858
84.385,0.137860864459984
84.3966666666667,0.118870630805737
84.4083333333333,0.0990128603605866
84.42,0.0786596307310662
84.4316666666667,0.0581808719942848
84.4433333333333,0.0379384793007794
84.455,0.0182804887791888
84.4666666666667,-0.000464183303686483
84.4783333333333,-0.0179906038697856
84.49,-0.0340224803664531
84.5016666666667,-0.0483160353875913
84.5133333333333,-0.0606633266495781
84.525,-0.0708950977732489
84.5366666666667,-0.0788826365495033
84.5483333333333,-0.0845387974722568
84.56,-0.0878190985384148
84.5716666666667,-0.0887214213247879
84.5833333333333,-0.0872852419011864
84.595,-0.083590230439079
84.6066666666667,-0.0777541859191757
84.6183333333333,-0.069930265133396
84.63,-0.0603038180269364
84.6416666666667,-0.049088756474721
84.6533333333333,-0.0365233565222731
84.665,-0.022866144505908
84.6766666666667,-0.00839101492748129
84.6883333333333,0.0066178284687022
84.7,0.0218704163059058
84.7116666666667,0.0370760988580821
84.7233333333333,0.0519483802704136
84.735,0.0662096533486607
84.7466666666667,0.0795958186574395
84.7583333333333,0.0918599861233863
84.77,0.102776849321099
84.7816666666667,0.112145890892026
84.7933333333333,0.119794323282598
84.805,0.125579826918612
84.8166666666667,0.129392172814249
84.8283333333333,0.131154797297681
84.84,0.130825608209713
84.8516666666667,0.128397289794381
84.8633333333333,0.123896986492885
84.875,0.117385393702418
84.8866666666667,0.10895556949699
84.8983333333333,0.0987309928987644
84.91,0.0868631763112655
84.9216666666667,0.0735289641238961
84.9333333333333,0.058927477339857
84.945,0.0432764750597447
84.9566666666667,0.0268088612434594
84.9683333333333,0.00976914510767312
84.98,-0.00759098238812479
84.9916666666667,-0.025016548380558
85.0033333333333,-0.0422532545257817
85.015,-0.0590517435466883
85.0266666666667,-0.0751711009326102
85.0383333333333,-0.0903825061582295
85.05,-0.104472859027977
85.0616666666667,-0.117247792320556
85.0733333333333,-0.128534556787954
85.085,-0.138184279952673
85.0966666666667,-0.146074077749399
85.1083333333333,-0.152108714713589
85.12,-0.156221621449147
85.1316666666667,-0.15837564411691
85.1433333333333,-0.158563075148567
85.155,-0.156805927078045
85.1666666666667,-0.15315459797753
85.1783333333333,-0.147686596129429
85.19,-0.14050548085262
85.2016666666667,-0.131738723949018
85.2133333333333,-0.121535334513972
85.225,-0.110063671551721
85.2366666666667,-0.0975085534886315
85.2483333333333,-0.084066699533994
85.26,-0.0699452541401689
85.2716666666667,-0.0553577030489243
85.2833333333333,-0.0405205611056481
85.295,-0.0256499047817229
85.3066666666667,-0.0109580621418205
85.3183333333333,0.00334944631538107
85.33,0.0170773544951696
85.3416666666667,0.030043382434133
85.3533333333333,0.0420809696879148
85.365,0.0530416333128574
85.3766666666667,0.0627969861420919
85.3883333333333,0.0712406044460035
85.4,0.0782891962633677
85.4116666666667,0.0838836323568762
85.4233333333333,0.087989462848654
85.435,0.0905969602571348
85.4466666666667,0.0917209651316946
85.4583333333333,0.0914002427154036
85.47,0.0896962820016355
85.4816666666667,0.0866918920289632
85.4933333333333,0.0824894899634607
85.505,0.0772090195171542
85.5166666666667,0.0709852866096526
85.5283333333333,0.0639657214628473
85.54,0.0563075411434503
85.5516666666667,0.0481747829265645
85.5633333333333,0.039735460788922
85.575,0.0311582211144391
85.5866666666667,0.0226094335290895
85.5983333333333,0.0142505662355632
85.61,0.0062350956387549
85.6216666666667,-0.0012941684076171
85.6333333333333,-0.00820727981709367
85.645,-0.0143897911723222
85.6566666666667,-0.01974433719626
85.6683333333333,-0.0241922049734895
85.68,-0.0276745544131457
85.6916666666667,-0.0301532551492144
85.7033333333333,-0.0316115006479543
85.715,-0.032053225414706
85.7266666666667,-0.0315035280169902
85.7383333333333,-0.0300078983323082
85.75,-0.0276306861768306
85.7616666666667,-0.0244537701240393
85.7733333333333,-0.0205747593028637
85.785,-0.0161048582825475
85.7966666666667,-0.0111665428408063
85.8083333333333,-0.00589082096569932
85.82,-0.000414620731989312
85.8316666666667,0.00512212564603938
85.8433333333333,0.0105794871060834
85.855,0.015820162619241
85.8666666666667,0.0207126096574254
85.8783333333333,0.0251343224338263
85.89,0.0289737369317981
85.9016666666667,0.0321329470778707
85.9133333333333,0.0345297432662405
85.925,0.0360997087060945
85.9366666666667,0.0367975033263508
85.9483333333333,0.0365977665504785
85.96,0.0354962061432405
85.9716666666667,0.0335097606872155
85.9833333333333,0.0306764645113432
85.995,0.0270549681685947
86.0066666666667,0.022723445335961
86.0183333333333,0.0177782417379015
86.03,0.0123320490335998
86.0416666666667,0.0065117656940396
86.0533333333333,0.000455988981924713
86.065,-0.00568780654522583
86.0766666666667,-0.0117661829632537
86.0883333333333,-0.0176227573002479
86.1,-0.0231017787591617
86.1116666666667,-0.0280513425958544
86.1233333333333,-0.0323267569976847
86.135,-0.035793690903278
86.1466666666667,-0.0383314254447049
86.1583333333333,-0.0398357973663555
86.17,-0.0402217195834987
86.1816666666667,-0.039425506957576
86.1933333333333,-0.0374068923293193
86.205,-0.034150410393472
86.2166666666667,-0.0296664978617691
86.2283333333333,-0.0239921588678025
86.24,-0.0171909750040456
86.2516666666667,-0.00935265166769717
86.2633333333333,-0.000592015161925204
86.275,0.00895245895599089
86.2866666666667,0.0191206452668933
86.2983333333333,0.0297331338411656
86.31,0.040594192445662
86.3216666666667,0.0514950478409777
86.3333333333333,0.0622173113280107
86.345,0.0725373380760299
86.3566666666667,0.0822297497414043
86.3683333333333,0.0910715887135783
86.38,0.0988468864863009
86.3916666666667,0.105350754474778
86.4033333333333,0.110393475987208
86.415,0.113804366950237
86.4266666666667,0.11543578095606
86.4383333333333,0.115166217319296
86.45,0.112903142284166
86.4616666666667,0.108585591282703
86.4733333333333,0.10218608259788
86.485,0.0937120016440429
86.4966666666667,0.0832064531423121
86.5083333333333,0.0707487467036647
86.52,0.0564534981673971
86.5316666666667,0.0404697746183239
86.5433333333333,0.0229791671654141
86.555,0.00419408059088969
86.5666666666667,-0.0156458795139796
86.5783333333333,-0.036277106703729
86.59,-0.0574157079373539
86.6016666666667,-0.0787619648686996
86.6133333333333,-0.100004715649345
86.625,-0.120826789871204
86.6366666666667,-0.140909830874451
86.6483333333333,-0.159939077412869
86.66,-0.177609021639975
86.6716666666667,-0.193628330395821
86.6833333333333,-0.207725012843266
86.695,-0.219650804303848
86.7066666666667,-0.229185290547067
86.7183333333333,-0.23614032718052
86.73,-0.240363276333242
86.7416666666667,-0.241739810284529
86.7533333333333,-0.240196274778331
86.765,-0.235700595513665
86.7766666666667,-0.228264716336909
86.7883333333333,-0.217943346501482
86.8,-0.204833959180343
86.8116666666667,-0.189075536047534
86.8233333333333,-0.170846511745845
86.835,-0.150362516321247
86.8466666666667,-0.127872944472506
86.8583333333333,-0.10365714799121
86.87,-0.0780203477337976
86.8816666666667,-0.0512889514471638
86.8933333333333,-0.0238055062793436
86.905,0.00407648753726737
86.9166666666667,0.0319980998948397
86.9283333333333,0.0596005286715037
86.94,0.0865304911742133
86.9516666666667,0.112445659189413
86.9633333333333,0.137019693663219
86.975,0.159947542977971
86.9866666666667,0.180949532250058
86.9983333333333,0.199775456243889
87.01,0.216208302686855
87.0216666666667,0.230067203623971
87.0333333333333,0.241209774814981
87.045,0.249533867624898
87.0566666666667,0.254978602709448
87.0683333333333,0.257524802633765
87.08,0.257194558254933
87.0916666666667,0.254050287119014
87.1033333333333,0.24819308141385
87.115,0.239760377622607
87.1266666666667,0.228923322837208
87.1383333333333,0.215883430451198
87.15,0.200868703825306
87.1616666666667,0.184129555654728
87.1733333333333,0.165934297150957
87.185,0.146564853970805
87.1966666666667,0.126311566314546
87.2083333333333,0.105468418507077
87.22,0.0843284939080959
87.2316666666667,0.0631792492017317
87.2433333333333,0.0422981310239049
87.255,0.0219483432866741
87.2666666666667,0.0023750207664918
87.2783333333333,-0.0161979273391589
87.29,-0.0335709471316536
87.3016666666667,-0.049571263486214
87.3133333333333,-0.06405463152226
87.325,-0.076907003324382
87.3366666666667,-0.0880452358387146
87.3483333333333,-0.0974169374248922
87.36,-0.105000467931022
87.3716666666667,-0.110804010408249
87.3833333333333,-0.114864226882014
87.395,-0.117244292931104
87.4066666666667,-0.118031892367614
87.4183333333333,-0.117336542177696
87.43,-0.11528659356674
87.4416666666667,-0.112026120652489
87.4533333333333,-0.107711616034459
87.465,-0.102508552202293
87.4766666666667,-0.0965878684272405
87.4883333333333,-0.0901224135960436
87.5,-0.0832837959453872
87.5116666666667,-0.0762391103199767
87.5233333333333,-0.0691478978855265
87.535,-0.0621595010098224
87.5466666666667,-0.0554105690412921
87.5583333333333,-0.0490230199303053
87.57,-0.043102307708376
87.5816666666667,-0.0377361020216901
87.5933333333333,-0.0329934365751434
87.605,-0.0289239576507859
87.6166666666667,-0.0255581346678456
87.6283333333333,-0.0229075689884971
87.64,-0.0209654715503515
87.6516666666667,-0.0197077355428748
87.6633333333333,-0.0190942838499429
87.675,-0.0190706855273637
87.6866666666667,-0.0195700101984257
87.6983333333333,-0.0205147011872531
87.71,-0.0218189147042568
87.7216666666667,-0.0233907303426838
87.7333333333333,-0.0251343682843047
87.745,-0.0269527423242425
87.7566666666667,-0.0287494764757687
87.7683333333333,-0.0304308895663128
87.78,-0.0319082800760185
87.7916666666667,-0.0330996035080233
87.8033333333333,-0.0339313371576685
87.815,-0.0343393873540721
87.8266666666667,-0.0342702428990302
87.8383333333333,-0.0336826307937163
87.85,-0.0325474997461137
87.8616666666667,-0.0308483994942805
87.8733333333333,-0.0285817907663936
87.885,-0.0257562365633059
87.8966666666667,-0.0223923363549305
87.9083333333333,-0.0185222146274287
87.92,-0.0141883546816074
87.9316666666667,-0.00944254928680714
87.9433333333333,-0.004344637815936
87.955,0.001038671365086
87.9666666666667,0.00663527895345211
87.9783333333333,0.0123696032899749
87.99,0.0181636823445875
88.0016666666667,0.0239387038752617
88.0133333333333,0.0296168243809872
88.025,0.035121895290843
88.0366666666667,0.040381021207997
88.0483333333333,0.0453260573035675
88.06,0.0498944591475106
88.0716666666667,0.054030119600319
88.0833333333333,0.0576842279175305
88.095,0.0608156499621034
88.1066666666667,0.0633914039388156
88.1183333333333,0.065386993967288
88.13,0.0667863670520435
88.1416666666667,0.0675819265225713
88.1533333333333,0.0677740725958627
88.165,0.0673713156905102
88.1766666666667,0.0663894685795555
88.1883333333333,0.0648509629225263
88.2,0.0627844013857662
88.2116666666667,0.0602238033987987
88.2233333333333,0.0572079890320541
88.235,0.0537795632732344
88.2466666666667,0.0499839712556125
88.2583333333333,0.0458695462716507
88.27,0.041486186537448
88.2816666666667,0.0368847574432829
88.2933333333333,0.0321165755511507
88.305,0.0272325037553488
88.3166666666667,0.0222826645988399
88.3283333333333,0.0173159919994063
88.34,0.0123796936053921
88.3516666666667,0.0075189310965695
88.3633333333333,0.002776528344078
88.375,-0.00180733652115313
88.3866666666667,-0.00619494745797919
88.3983333333333,-0.0103517548753238
88.41,-0.0142462017794621
88.4216666666667,-0.0178497014972003
88.4333333333333,-0.0211372319628589
88.445,-0.0240865246581507
88.4566666666667,-0.026678934706553
88.4683333333333,-0.0288992442877649
88.48,-0.0307356792557856
88.4916666666667,-0.0321800076292201
88.5033333333333,-0.0332274336134964
88.515,-0.0338770730965922
88.5266666666667,-0.0341317696294667
88.5383333333333,-0.0339980153230325
88.55,-0.0334862069571132
88.5616666666667,-0.0326106772498784
88.5733333333333,-0.0313895929505717
88.585,-0.0298451882368754
88.5966666666667,-0.0280037103704769
88.6083333333333,-0.0258950534567104
88.62,-0.0235527893181362
88.6316666666667,-0.0210139657081372
88.6433333333333,-0.0183187264735828
88.655,-0.0155101356720353
88.6666666666667,-0.0126337667233556
88.6783333333333,-0.0097370047977345
88.69,-0.00686854343592284
88.7016666666667,-0.00407771957331759
88.7133333333333,-0.0014138822233826
88.725,0.00107455040927948
88.7366666666667,0.00334078369249314
88.7483333333333,0.00534048808637659
88.76,0.00703271094672764
88.7716666666667,0.00838068306573582
88.7833333333333,0.009352918666101
88.795,0.00992344772462765
88.8066666666667,0.0100728506583363
88.8183333333333,0.00978944207616472
88.83,0.00906927367123271
88.8416666666667,0.00791673526979402
88.8533333333333,0.0063448952238634
88.865,0.00437557840294735
88.8766666666667,0.00203933971561733
88.8883333333333,-0.000624700927211751
88.9,-0.00356915223986477
88.9116666666667,-0.00673897829733554
88.9233333333333,-0.010072202249699
88.935,-0.0135008061458639
88.9466666666667,-0.0169518483803764
88.9583333333333,-0.020348640116923
88.97,-0.0236121252026661
88.9816666666667,-0.0266623515885364
88.9933333333333,-0.0294199485030668
89.005,-0.0318078020705325
89.0166666666667,-0.0337527365279984
89.0283333333333,-0.0351869748082444
89.04,-0.0360497612249564
89.0516666666667,-0.0362888261840329
89.0633333333333,-0.0358617522118301
89.075,-0.0347372232540936
89.0866666666667,-0.0328959985984859
89.0983333333333,-0.0303317303974906
89.11,-0.0270515914502085
89.1216666666667,-0.0230766197850795
89.1333333333333,-0.018441718098958
89.145,-0.013195562707531
89.1566666666667,-0.00740006107053182
89.1683333333333,-0.00112942870982741
89.18,0.00553072292267439
89.1916666666667,0.0124847569496313
89.2033333333333,0.0196285662104299
89.215,0.0268513778758947
89.2266666666667,0.0340376660868735
89.2383333333333,0.0410691172791388
89.25,0.0478270380100046
89.2616666666667,0.0541945646097105
89.2733333333333,0.0600588349202776
89.285,0.0653134875741442
89.2966666666667,0.0698607275916274
89.3083333333333,0.0736131621567059
89.32,0.0764958197292688
89.3316666666667,0.0784478084976817
89.3433333333333,0.0794235364266445
89.355,0.07939406068742
89.3666666666667,0.0783478360196549
89.3783333333333,0.0762908313499452
89.39,0.0732467646427577
89.4016666666667,0.0692567796235885
89.4133333333333,0.0643786726744963
89.425,0.0586860214956328
89.4366666666667,0.0522667093657763
89.4483333333333,0.0452210939215437
89.46,0.0376601092805941
89.4716666666667,0.0297030042165557
89.4833333333333,0.0214748609048987
89.495,0.0131040184854288
89.5066666666667,0.0047193945516008
89.5183333333333,-0.00355228511803211
89.53,-0.0115892224261205
89.5416666666667,-0.0192771477028795
89.5533333333333,-0.0265117902633733
89.565,-0.0332012658114285
89.5766666666667,-0.0392679860899746
89.5883333333333,-0.044650247942263
89.6,-0.0493037642174738
89.6116666666667,-0.0532025390618236
89.6233333333333,-0.0563394018373248
89.635,-0.0587261362582774
89.6466666666667,-0.0603930169474926
89.6583333333333,-0.0613880281421231
89.67,-0.0617755920096703
89.6816666666667,-0.0616348846755396
89.6933333333333,-0.0610577270059304
89.705,-0.060146078459829
89.7166666666667,-0.0590093622954435
89.7283333333333,-0.0577614805729124
89.74,-0.0565175828383128
89.7516666666667,-0.0553907865693151
89.7633333333333,-0.0544888494023649
89.775,-0.0539108564088362
89.7866666666667,-0.0537440724986772
89.7983333333333,-0.0540609994357242
89.81,-0.0549166136504095
89.8216666666667,-0.056346059678418
89.8333333333333,-0.0583627126939907
89.845,-0.0609566480917524
89.8566666666667,-0.0640937916757573
89.8683333333333,-0.0677154742447038
89.88,-0.0717386040104031
89.8916666666667,-0.0760565116309039
89.9033333333333,-0.0805402637562495
89.915,-0.0850407899716987
89.9266666666667,-0.0893914266377858
89.9383333333333,-0.0934108905974525
89.95,-0.0969069311138935
89.9616666666667,-0.0996803196537428
89.9733333333333,-0.101529163906707
89.985,-0.102253605098825
89.9966666666667,-0.101660588147569
90.0083333333333,-0.0995685925022672
90.02,-0.0958125313454256
90.0316666666667,-0.0902484664041794
90.0433333333333,-0.0827580133261843
90.055,-0.073252608298188
90.0666666666667,-0.0616770281640991
90.0783333333333,-0.0480124828254026
90.09,-0.032279313896621
90.1016666666667,-0.0145387697006049
90.1133333333333,0.00510585743914884
90.125,0.0265090020198928
90.1366666666667,0.0494832695864212
90.1483333333333,0.073800750356225
90.16,0.0991953692814527
90.1716666666667,0.125365852454494
90.1833333333333,0.151979579897798
90.195,0.178677175235853
90.2066666666667,0.205077732358211
90.2183333333333,0.230784691623369
90.23,0.255392148051858
90.2416666666667,0.278491597560895
90.2533333333333,0.299678933839459
90.265,0.318561560389376
90.2766666666667,0.334765495912308
90.2883333333333,0.347942460882352
90.3,0.357776617482262
90.3116666666667,0.363990880774428
90.3233333333333,0.366352836588587
90.335,0.364679781481433
90.3466666666667,0.358843289391686
90.3583333333333,0.348772842591814
90.37,0.334458356914764
90.3816666666667,0.315951884707381
90.3933333333333,0.293368167843605
90.405,0.266884241714082
90.4166666666667,0.236737791515396
90.4283333333333,0.203224389997398
90.44,0.166693965655417
90.4516666666667,0.127546048004752
90.4633333333333,0.0862241711865863
90.475,0.0432094440854228
90.4866666666667,-0.000986688608870932
90.4983333333333,-0.0458301188972218
90.51,-0.0907723107130387
90.5216666666667,-0.13525885828083
90.5333333333333,-0.178738159693462
90.545,-0.22067019205886
90.5566666666667,-0.260535104484869
90.5683333333333,-0.297841402773542
90.58,-0.332133779990769
90.5916666666667,-0.363000357965437
90.6033333333333,-0.390079085996379
90.615,-0.413063441737467
90.6266666666667,-0.431707078749356
90.6383333333333,-0.445827318462092
90.65,-0.455307703038227
90.6616666666667,-0.460099317922404
90.6733333333333,-0.460220899974836
90.685,-0.455757826433445
90.6966666666667,-0.446859958137178
90.7083333333333,-0.433738149715123
90.72,-0.416659905888603
90.7316666666667,-0.395944059470315
90.7433333333333,-0.371954407861631
90.755,-0.345093033900752
90.7666666666667,-0.315792486863132
90.7783333333333,-0.284507513078925
90.79,-0.251707027194529
90.8016666666667,-0.217865511069955
90.8133333333333,-0.183454561898338
90.825,-0.148934564483408
90.8366666666667,-0.114746773560356
90.8483333333333,-0.0813059714364332
90.86,-0.0489935598096969
90.8716666666667,-0.0181515671112052
90.8833333333333,0.0109224928695546
90.895,0.0379797767984716
90.9066666666667,0.0628232197994309
90.9183333333333,0.0853095876827549
90.93,0.105350293040351
90.9416666666667,0.122911128516628
90.9533333333333,0.138010894182545
90.965,0.150718853440563
90.9766666666667,0.161151237443546
90.9883333333333,0.169466784258396
91,0.175861463915189
91.0116666666667,0.180562444293735
91.0233333333333,0.183821411429883
91.035,0.185907705661924
91.0466666666667,0.187100798740693
91.0583333333333,0.187682726406186
91.07,0.187930841597746
91.0816666666667,0.188110495193801
91.0933333333333,0.188468158877329
91.105,0.189225008190493
91.1166666666667,0.190571279090544
91.1283333333333,0.192661198048865
91.14,0.195608858202034
91.1516666666667,0.199485163154834
91.1633333333333,0.204315368705462
91.175,0.210078692694449
91.1866666666667,0.21670839670695
91.1983333333333,0.224092031877708
91.21,0.232074286970311
91.2216666666667,0.240460225809697
91.2333333333333,0.249019368674869
91.245,0.257491176832631
91.2566666666667,0.265590748920299
91.2683333333333,0.273015163870021
91.28,0.279450682093935
91.2916666666667,0.284580188874914
91.3033333333333,0.288090532531775
91.315,0.289680468141189
91.3266666666667,0.289068412194946
91.3383333333333,0.285998766966851
91.35,0.280249145446751
91.3616666666667,0.271636324486038
91.3733333333333,0.260022085673438
91.385,0.245316792947751
91.3966666666667,0.227483691642131
91.4083333333333,0.206541598099487
91.42,0.182566002056288
91.4316666666667,0.155689468087271
91.4433333333333,0.126100568493164
91.455,0.0940421098232648
91.4666666666667,0.0598080374464122
91.4783333333333,0.0237387614230665
91.49,-0.0137837535509713
91.5016666666667,-0.052342170930107
91.5133333333333,-0.0914904798250371
91.525,-0.130761752163522
91.5366666666667,-0.16967614356701
91.5483333333333,-0.207748926023587
91.56,-0.244499106724345
91.5716666666667,-0.279457836811864
91.5833333333333,-0.312176888726653
91.595,-0.342236285841999
91.6066666666667,-0.369251917945817
91.6183333333333,-0.392882520338926
91.63,-0.412835474813088
91.6416666666667,-0.42887203817948
91.6533333333333,-0.440811254095592
91.665,-0.448533232776145
91.6766666666667,-0.451980958368641
91.6883333333333,-0.451160615115214
91.7,-0.446141332182799
91.7116666666667,-0.437053343390922
91.7233333333333,-0.42408531345613
91.735,-0.407480101457452
91.7466666666667,-0.387529533749726
91.7583333333333,-0.364569482228633
91.77,-0.33897259638025
91.7816666666667,-0.311141178644054
91.7933333333333,-0.281499389897274
91.805,-0.250485205639022
91.8166666666667,-0.218542126973832
91.8283333333333,-0.186110808614094
91.84,-0.153621181934659
91.8516666666667,-0.12148459756039
91.8633333333333,-0.0900867005173165
91.875,-0.059780743641113
91.8866666666667,-0.030881694713344
91.8983333333333,-0.00366153526809752
91.91,0.0216548283938536
91.9216666666667,0.0448923375507996
91.9333333333333,0.0659278135335788
91.945,0.084690132997578
91.9566666666667,0.101159965220226
91.9683333333333,0.115368297360818
91.98,0.127393562937307
91.9916666666667,0.137358019236567
92.0033333333333,0.14542275625481
92.015,0.151782929484383
92.0266666666667,0.156661484549377
92.0383333333333,0.160301725033458
92.05,0.162960794423171
92.0616666666667,0.164902291473775
92.0733333333333,0.166388912602538
92.085,0.167675143189896
92.0966666666667,0.169000186798095
92.1083333333333,0.170581637105592
92.12,0.172609277534701
92.1316666666667,0.17523983949766
92.1433333333333,0.17859261259289
92.155,0.182745773113424
92.1666666666667,0.18773371282598
92.1783333333333,0.193546011862477
92.19,0.20012694683145
92.2016666666667,0.207376246319045
92.2133333333333,0.215151111998872
92.225,0.22326914368714
92.2366666666667,0.231512373768818
92.2483333333333,0.239632259826604
92.26,0.247355465524804
92.2716666666667,0.254390343099631
92.2833333333333,0.260434015205885
92.295,0.2651798408264
92.3066666666667,0.268325149098995
92.3183333333333,0.269579062487054
92.33,0.26867021795666
92.3416666666667,0.26535423809162
92.3533333333333,0.259420709889731
92.365,0.250699722110979
92.3766666666667,0.239067558658276
92.3883333333333,0.224451422317803
92.4,0.206833294986404
92.4116666666667,0.186252701628607
92.4233333333333,0.162808218263483
92.435,0.136657911307643
92.4466666666667,0.108018409065089
92.4583333333333,0.0771626854322065
92.47,0.0444167288550697
92.4816666666667,0.0101549862200645
92.4933333333333,-0.0252052441800532
92.505,-0.0612105272606501
92.5166666666667,-0.0973788046282955
92.5283333333333,-0.133207519764757
92.54,-0.1681825621662
92.5516666666667,-0.201787515050806
92.5633333333333,-0.23351310205667
92.575,-0.262866803409323
92.5866666666667,-0.289382188108427
92.5983333333333,-0.312627933054254
92.61,-0.332216435623331
92.6216666666667,-0.347811678051294
92.6333333333333,-0.359136227391636
92.645,-0.365977283255433
92.6566666666667,-0.368191591058568
92.6683333333333,-0.36570910643225
92.68,-0.358535343681603
92.6916666666667,-0.346752394309453
92.7033333333333,-0.330518530985306
92.715,-0.310066334222844
92.7266666666667,-0.285699548531417
92.7383333333333,-0.257788552636944
92.75,-0.226764538938405
92.7616666666667,-0.193112580618237
92.7733333333333,-0.157363591089861
92.785,-0.120085526179438
92.7966666666667,-0.0818737535923021
92.8083333333333,-0.0433407623336579
92.82,-0.00510570540889549
92.8316666666667,0.0322163167291071
92.8433333333333,0.0680249626772264
92.855,0.101745122597241
92.8666666666667,0.132837023832197
92.8783333333333,0.160805577298385
92.89,0.18520910664928
92.9016666666667,0.205667113402355
92.9133333333333,0.22186677444456
92.925,0.23356865836094
92.9366666666667,0.240610918951917
92.9483333333333,0.242911547811467
92.96,0.240470060177795
92.9716666666667,0.23336727614649
92.9833333333333,0.221763769274585
92.995,0.205896885873203
93.0066666666667,0.186076270923703
93.0183333333333,0.162678416270397
93.03,0.136139780759338
93.0416666666667,0.106948980376809
93.0533333333333,0.0756380809425787
93.065,0.0427731081998832
93.0766666666667,0.00894409826831956
93.0883333333333,-0.0252453204183125
93.1,-0.0591884455207619
93.1116666666667,-0.0922860074093902
93.1233333333333,-0.123956491054768
93.135,-0.153646113271408
93.1466666666667,-0.18083815868521
93.1583333333333,-0.205061509991279
93.17,-0.225898422216416
93.1816666666667,-0.242991239290706
93.1933333333333,-0.256047899745855
93.205,-0.264846420496668
93.2166666666667,-0.269237980852516
93.2283333333333,-0.269148559222347
93.24,-0.264579329218916
93.2516666666667,-0.255605768894082
93.2633333333333,-0.242375454707801
93.275,-0.225104539979286
93.2866666666667,-0.204073164958136
93.2983333333333,-0.179619788816673
93.31,-0.152134533551615
93.3216666666667,-0.122051772840292
93.3333333333333,-0.0898420294891242
93.345,-0.0560034477885111
93.3566666666667,-0.0210528229000217
93.3683333333333,0.0144834946277415
93.38,0.0500786136794494
93.3916666666667,0.0852140068477033
93.4033333333333,0.119388067204424
93.415,0.152124198137471
93.4266666666667,0.182978236140077
93.4383333333333,0.211545122871007
93.45,0.237464787527625
93.4616666666667,0.260427047131793
93.4733333333333,0.280175423375384
93.485,0.296510021244702
93.4966666666667,0.309289262910396
93.5083333333333,0.318430425667426
93.52,0.323909216044863
93.5316666666667,0.325758238418951
93.5433333333333,0.324064562180327
93.555,0.318966169519215
93.5666666666667,0.310647773240223
93.5783333333333,0.299335931181698
93.59,0.285293398547679
93.6016666666667,0.268813076059592
93.6133333333333,0.250211587467064
93.625,0.229822722961233
93.6366666666667,0.20799067446634
93.6483333333333,0.185063358253552
93.66,0.161386020306502
93.6716666666667,0.137295058266794
93.6833333333333,0.113112309869324
93.695,0.0891397988774261
93.7066666666667,0.0656551749499092
93.7183333333333,0.0429078388610896
93.73,0.0211157157503842
93.7416666666667,0.000462918929305761
93.7533333333333,-0.0189018549579841
93.765,-0.0368660476781801
93.7766666666667,-0.0533532120853065
93.7883333333333,-0.0683222404151732
93.8,-0.0817657635704077
93.8116666666667,-0.0937079578468666
93.8233333333333,-0.104201700699686
93.835,-0.11332525002254
93.8466666666667,-0.12117845349375
93.8583333333333,-0.127878629658112
93.87,-0.133556256613427
93.8816666666667,-0.138350475527583
93.8933333333333,-0.142404681510619
93.905,-0.14586205111725
93.9166666666667,-0.148861198992719
93.9283333333333,-0.151532453921228
93.94,-0.153994164342372
93.9516666666667,-0.15634955228097
93.9633333333333,-0.158684025186306
93.975,-0.161063039866444
93.9866666666667,-0.16353055572554
93.9983333333333,-0.166108178479894
94.01,-0.168794738445434
94.0216666666667,-0.171566502077553
94.0333333333333,-0.174378433972902
94.045,-0.177164798838637
94.0566666666667,-0.179841504138764
94.0683333333333,-0.182308947264683
94.08,-0.184454458001422
94.0916666666667,-0.186155442297469
94.1033333333333,-0.1872826869172
94.115,-0.187704174800583
94.1266666666667,-0.187288611322888
94.1383333333333,-0.185908803239579
94.15,-0.183445381462461
94.1616666666667,-0.179790236773293
94.1733333333333,-0.174849390369692
94.185,-0.168546317513798
94.1966666666667,-0.160824131258436
94.2083333333333,-0.151647478600102
94.22,-0.141004253983813
94.2316666666667,-0.12890664573458
94.2433333333333,-0.115391730390614
94.255,-0.100521417704253
94.2666666666667,-0.0843821163412881
94.2783333333333,-0.0670835580203354
94.29,-0.0487573710484193
94.3016666666667,-0.0295552761889102
94.3133333333333,-0.00964626170143118
94.325,0.0107850848058974
94.3366666666667,0.0315419445776499
94.3483333333333,0.0524192092230586
94.36,0.0732062784748517
94.3716666666667,0.0936904457638944
94.3833333333333,0.113660756818661
94.395,0.132910753933775
94.4066666666667,0.151241875703053
94.4183333333333,0.168467171802523
94.43,0.184413637737297
94.4416666666667,0.198925179671486
94.4533333333333,0.211863666658864
94.465,0.223113057871613
94.4766666666667,0.23257881227129
94.4883333333333,0.240189116884886
94.5,0.24589574692952
94.5116666666667,0.249674080906863
94.5233333333333,0.251522939438826
94.535,0.251463554488639
94.5466666666667,0.249538123864844
94.5583333333333,0.245809455664039
94.57,0.2403584506143
94.5816666666667,0.2332821192833
94.5933333333333,0.224691828170116
94.605,0.214709971690659
94.6166666666667,0.203467936587412
94.6283333333333,0.1911039444665
94.64,0.177760346981876
94.6516666666667,0.163581108287697
94.6633333333333,0.148709643642479
94.675,0.133286496174677
94.6866666666667,0.117447331402982
94.6983333333333,0.101321624042379
94.71,0.0850310373654919
94.7216666666667,0.0686883200124917
94.7333333333333,0.052396589085932
94.745,0.0362486115211825
94.7566666666667,0.0203267327256528
94.7683333333333,0.00470311684785626
94.78,-0.0105600452428015
94.7916666666667,-0.025409842674814
94.8033333333333,-0.0398018936040018
94.815,-0.0536991500121365
94.8266666666667,-0.0670707701405251
94.8383333333333,-0.0798909726012362
94.85,-0.092137634337391
94.8616666666667,-0.103790951464795
94.8733333333333,-0.114832079532466
94.885,-0.125241977335002
94.8966666666667,-0.135000481835882
94.9083333333333,-0.144084962826545
94.92,-0.152469763986326
94.9316666666667,-0.160125644411978
94.9433333333333,-0.167019397290104
94.955,-0.173113900324468
94.9666666666667,-0.17836822902139
94.9783333333333,-0.182738113202688
94.99,-0.186176663240231
95.0016666666667,-0.188635290615103
95.0133333333333,-0.19006490452311
95.025,-0.190417153223767
95.0366666666667,-0.18964593469028
95.0483333333333,-0.187709044445875
95.06,-0.184569855687692
95.0716666666667,-0.180199004226709
95.0833333333333,-0.174576032466629
95.095,-0.167691061738712
95.1066666666667,-0.159546359013582
95.1183333333333,-0.150157541166432
95.13,-0.139554772617364
95.1416666666667,-0.127783664700261
95.1533333333333,-0.114905891715308
95.165,-0.100999562466374
95.1766666666667,-0.0861591560713782
95.1883333333333,-0.0704951880726504
95.2,-0.0541335459943073
95.2116666666667,-0.0372144200043429
95.2233333333333,-0.0198909832411453
95.235,-0.0023275700381871
95.2466666666667,0.0153022887529158
95.2583333333333,0.0328180622114786
95.27,0.0500347866935686
95.2816666666667,0.0667657328802608
95.2933333333333,0.0828252745831904
95.305,0.098031792010237
95.3166666666667,0.112210535835144
95.3283333333333,0.125196696694996
95.34,0.13683819025814
95.3516666666667,0.146998347943114
95.3633333333333,0.155558412409277
95.375,0.162419753356239
95.3866666666667,0.167505867167387
95.3983333333333,0.170763947553525
95.41,0.172166073460742
95.4216666666667,0.171710028678781
95.4333333333333,0.169419638272181
95.445,0.16534470339501
95.4566666666667,0.159560443897125
95.4683333333333,0.152166482940286
95.48,0.143285399764972
95.4916666666667,0.133060865051815
95.5033333333333,0.121655409471135
95.515,0.109247760760118
95.5266666666667,0.0960299012978893
95.5383333333333,0.0822039908175775
95.55,0.0679789352434321
95.5616666666667,0.0535668888865781
95.5733333333333,0.0391796433620909
95.585,0.0250250230938023
95.5966666666667,0.0113033784911695
95.6083333333333,-0.0017958411697955
95.62,-0.0140973167076707
95.6316666666667,-0.0254428256256523
95.6433333333333,-0.0356939116846187
95.655,-0.0447342120036123
95.6666666666667,-0.0524712869078811
95.6783333333333,-0.0588380785051802
95.69,-0.0637939464738682
95.7016666666667,-0.0673251433708951
95.7133333333333,-0.0694448092229097
95.725,-0.0701924192094031
95.7366666666667,-0.0696328637744475
95.7483333333333,-0.0678549199858483
95.76,-0.0649692972499948
95.7716666666667,-0.0611063277847163
95.7833333333333,-0.0564132494810229
95.795,-0.0510511737343102
95.8066666666667,-0.0451917603384435
95.8183333333333,-0.0390137864582198
95.83,-0.0326995181997183
95.8416666666667,-0.0264309996684586
95.8533333333333,-0.0203864429269434
95.865,-0.0147364504664436
95.8766666666667,-0.0096407532029701
95.8883333333333,-0.00524501311429795
95.9,-0.0016777233014698
95.9116666666667,0.000952373065039604
95.9233333333333,0.00255856252049329
95.935,0.00307791260376601
95.9466666666667,0.00247264609055701
95.9583333333333,0.000731149374864584
95.97,-0.00213177412111686
95.9816666666667,-0.00607501693597539
95.9933333333333,-0.011031834742538
96.005,-0.016910981037868
96.0166666666667,-0.023598327145955
96.0283333333333,-0.0309590161127211
96.04,-0.0388398993459165
96.0516666666667,-0.0470724029845138
96.0633333333333,-0.0554757262286472
96.075,-0.0638601793307741
96.0866666666667,-0.0720308568433866
96.0983333333333,-0.0797913990700971
96.11,-0.0869477130287556
96.1216666666667,-0.0933117532023197
96.1333333333333,-0.098705178389203
96.145,-0.10296288151064
96.1566666666667,-0.105936303797709
96.1683333333333,-0.107496388941339
96.18,-0.107536259362663
96.1916666666667,-0.10597350016685
96.2033333333333,-0.102751998203142
96.215,-0.0978433097552381
96.2266666666667,-0.0912475445537797
96.2383333333333,-0.0829937340471607
96.25,-0.0731397019139373
96.2616666666667,-0.061771382094159
96.2733333333333,-0.0490016755182659
96.285,-0.0349688266384773
96.2966666666667,-0.0198342717397324
96.3083333333333,-0.0037801575353478
96.32,0.0129935227074518
96.3316666666667,0.0302721448772024
96.3433333333333,0.0478299073097015
96.355,0.065433466969691
96.3666666666667,0.0828457288627679
96.3783333333333,0.0998297482487394
96.39,0.116152524187909
96.4016666666667,0.131588789294872
96.4133333333333,0.145924657871267
96.425,0.158961038232128
96.4366666666667,0.170516855087374
96.4483333333333,0.180431888685118
96.46,0.188569248106521
96.4716666666667,0.194817488929055
96.4833333333333,0.199092250712713
96.495,0.201337417671512
96.5066666666667,0.201525816280267
96.5183333333333,0.199659480125176
96.53,0.195769305759167
96.5416666666667,0.189914286205562
96.5533333333333,0.182180301859224
96.565,0.172678356670492
96.5766666666667,0.161542541297913
96.5883333333333,0.14892760824871
96.6,0.135006165163212
96.6116666666667,0.119965661938485
96.6233333333333,0.104005106969057
96.635,0.0873317120596607
96.6466666666667,0.0701573886168255
96.6583333333333,0.0526952101365999
96.67,0.0351559736226517
96.6816666666667,0.0177448166900382
96.6933333333333,0.000658015887166784
96.705,-0.015919971893839
96.7166666666667,-0.0318192773115099
96.7283333333333,-0.0468870427775596
96.74,-0.0609894377067199
96.7516666666667,-0.0740133266341427
96.7633333333333,-0.0858675217331243
96.775,-0.0964836469321868
96.7866666666667,-0.105816500782709
96.7983333333333,-0.113843951945727
96.81,-0.120566525292541
96.8216666666667,-0.126006454184227
96.8333333333333,-0.130206393655786
96.845,-0.133227786084706
96.8566666666667,-0.135148811224054
96.8683333333333,-0.136062133070274
96.88,-0.136072395410884
96.8916666666667,-0.13529350765578
96.9033333333333,-0.133845808310433
96.915,-0.131853202808528
96.9266666666667,-0.129440189025226
96.9383333333333,-0.126728938842714
96.95,-0.123836595615839
96.9616666666667,-0.120872603293749
96.9733333333333,-0.117936295167179
96.985,-0.115114724326382
96.9966666666667,-0.1124807615861
97.0083333333333,-0.110091594784133
97.02,-0.107987509287228
97.0316666666667,-0.106191077046559
97.0433333333333,-0.104706783369273
97.055,-0.103520987599634
97.0666666666667,-0.102602311688765
97.0783333333333,-0.101902481692878
97.09,-0.101357503615852
97.1016666666667,-0.100889195895804
97.1133333333333,-0.100407054714011
97.125,-0.0998103855135048
97.1366666666667,-0.0989907566644531
97.1483333333333,-0.097834593372677
97.16,-0.0962259169136547
97.1716666666667,-0.0940492095423264
97.1833333333333,-0.09119226858076
97.195,-0.0875491334646562
97.2066666666667,-0.0830228388702016
97.2183333333333,-0.0775280522758214
97.23,-0.0709936102320295
97.2416666666667,-0.0633647240055481
97.2533333333333,-0.0546049677933303
97.265,-0.0446979004127996
97.2766666666667,-0.0336482971232036
97.2883333333333,-0.021483077482461
97.3,-0.0082517817947042
97.3116666666667,0.005973399731814
97.3233333333333,0.0210980107818502
97.335,0.0370061604171928
97.3466666666667,0.0535617481093482
97.3583333333333,0.0706100859707622
97.37,0.0879799370589625
97.3816666666667,0.105485908784935
97.3933333333333,0.122931095792356
97.405,0.140110079018517
97.4166666666667,0.156812144245654
97.4283333333333,0.172824458223902
97.44,0.18793554471828
97.4516666666667,0.201938808949081
97.4633333333333,0.21463580994039
97.475,0.225839972884426
97.4866666666667,0.235379634684811
97.4983333333333,0.243100883601623
97.51,0.248870546060117
97.5216666666667,0.252578609553155
97.5333333333333,0.254140346738391
97.545,0.253498037699881
97.5566666666667,0.250622283752081
97.5683333333333,0.245512919632241
97.58,0.238199310539617
97.5916666666667,0.228740319592444
97.6033333333333,0.217223750536971
97.615,0.203765229095705
97.6266666666667,0.188506665368548
97.6383333333333,0.171614362291758
97.65,0.15327668896503
97.6616666666667,0.133701339690769
97.6733333333333,0.113112214549702
97.685,0.0917462168175963
97.6966666666667,0.0698497653321997
97.7083333333333,0.0476749225154319
97.72,0.0254756378878767
97.7316666666667,0.00350397615026749
97.7433333333333,-0.0179937065938301
97.755,-0.038780429862521
97.7666666666667,-0.0586321723985857
97.7783333333333,-0.0773411245460234
97.79,-0.094718737058129
97.8016666666667,-0.110598455882862
97.8133333333333,-0.124837926856134
97.825,-0.137321143737915
97.8366666666667,-0.147959892924503
97.8483333333333,-0.156694482432948
97.86,-0.163494443390094
97.8716666666667,-0.168358505209763
97.8833333333333,-0.171314170893295
97.895,-0.172416696609512
97.9066666666667,-0.171747690385701
97.9183333333333,-0.169413376149432
97.93,-0.165542243626282
97.9416666666667,-0.160282490174078
97.9533333333333,-0.153799054814423
97.965,-0.146270529215658
97.9766666666667,-0.137885844170824
97.9883333333333,-0.128840557153939
98,-0.119333405037113
98.0116666666667,-0.109562717637808
98.0233333333333,-0.0997227954015118
98.035,-0.0900006300623873
98.0466666666667,-0.0805726535750375
98.0583333333333,-0.0716016733878446
98.07,-0.0632342037367075
98.0816666666667,-0.055598058789899
98.0933333333333,-0.0488004702326917
98.105,-0.0429263776932066
98.1166666666667,-0.0380373556760635
98.1283333333333,-0.0341710056531056
98.14,-0.0313406651335473
98.1516666666667,-0.0295357154497562
98.1633333333333,-0.0287222167274828
98.175,-0.0288441990906707
98.1866666666667,-0.0298250285054119
98.1983333333333,-0.031569384859103
98.21,-0.0339656750170657
98.2216666666667,-0.0368884338629363
98.2333333333333,-0.0402015801095309
98.245,-0.0437605443508928
98.2566666666667,-0.0474158230501119
98.2683333333333,-0.0510167846262131
98.28,-0.0544143071473589
98.2916666666667,-0.0574639904761559
98.3033333333333,-0.0600293420275549
98.315,-0.0619843259123522
98.3266666666667,-0.0632159932327929
98.3383333333333,-0.0636270945975989
98.35,-0.0631379102474651
98.3616666666667,-0.0616878095291744
98.3733333333333,-0.0592367266814507
98.385,-0.0557655341911221
98.3966666666667,-0.0512763609916711
98.4083333333333,-0.0457930679329247
98.42,-0.0393604225301951
98.4316666666667,-0.0320432086749986
98.4433333333333,-0.0239246686915146
98.455,-0.0151051497541003
98.4666666666667,-0.00569995002856849
98.4783333333333,0.00416340836721982
98.49,0.0143476141437507
98.5016666666667,0.024708403643789
98.5133333333333,0.0350974995952267
98.525,0.0453657743156491
98.5366666666667,0.0553662666937412
98.5483333333333,0.064957132201481
98.56,0.0740046553102975
98.5716666666667,0.0823859896705452
98.5833333333333,0.089991735060674
98.595,0.0967280833261648
98.6066666666667,0.102518758722844
98.6183333333333,0.10730683008635
98.63,0.111055669476909
98.6416666666667,0.113749774992432
98.6533333333333,0.115395057030437
98.665,0.11601877996603
98.6766666666667,0.115668995173715
98.6883333333333,0.114413313712442
98.7,0.112337576329521
98.7116666666667,0.109544074353664
98.7233333333333,0.106149051915652
98.735,0.102280629592454
98.7466666666667,0.098075940695683
98.7583333333333,0.0936776218002143
98.77,0.0892309830720386
98.7816666666667,0.0848806208272392
98.7933333333333,0.0807673110538596
98.805,0.0770244327570587
98.8166666666667,0.0737745787785271
98.8283333333333,0.0711273351769774
98.84,0.069176011952013
98.8516666666667,0.0679953541498634
98.8633333333333,0.067639042456879
98.875,0.0681385535404572
98.8866666666667,0.0695018339447852
98.8983333333333,0.071711608778115
98.91,0.0747255386730796
98.9216666666667,0.0784763299863063
98.9333333333333,0.0828721835998349
98.945,0.0877982849527443
98.9566666666667,0.0931182942022806
98.9683333333333,0.0986761673237229
98.98,0.104298912974849
98.9916666666667,0.109799475409591
99.0033333333333,0.114980034513376
99.015,0.119635498285135
99.0266666666667,0.123557348092972
99.0383333333333,0.126537636966101
99.05,0.128372959529015
99.0616666666667,0.128868591922612
99.0733333333333,0.12784244537739
99.085,0.12512908031606
99.0966666666667,0.120583274564722
99.1083333333333,0.114083474256772
99.12,0.105534982911672
99.1316666666667,0.0948725710867018
99.1433333333333,0.082063025627782
99.155,0.0671063359570315
99.1666666666667,0.0500374133451507
99.1783333333333,0.030926955587052
99.19,0.00988128092888749
99.2016666666667,-0.012958025443125
99.2133333333333,-0.0374152995020673
99.225,-0.0632821971635751
99.2366666666667,-0.0903197754416195
99.2483333333333,-0.11826174915141
99.26,-0.146817315988829
99.2716666666667,-0.175674835940447
99.2833333333333,-0.204505947726412
99.295,-0.232969777648063
99.3066666666667,-0.260717656631499
99.3183333333333,-0.287397941481382
99.33,-0.312660926981981
99.3416666666667,-0.33616378240348
99.3533333333333,-0.357575480142762
99.365,-0.376581690332373
99.3766666666667,-0.392889331156914
99.3883333333333,-0.406230903450504
99.4,-0.416368583515914
99.4116666666667,-0.423097861540565
99.4233333333333,-0.426250766377057
99.435,-0.4256985066802
99.4466666666667,-0.421353662746205
99.4583333333333,-0.413171918577798
99.47,-0.401153011227707
99.4816666666667,-0.385341141206915
99.4933333333333,-0.365824802865585
99.505,-0.342735978686667
99.5166666666667,-0.316248784534511
99.5283333333333,-0.286577538383433
99.54,-0.253974271947315
99.5516666666667,-0.218725753435136
99.5633333333333,-0.181150066541609
99.575,-0.141592803872092
99.5866666666667,-0.100422902979043
99.5983333333333,-0.0580281869092234
99.61,-0.0148107416222091
99.6216666666667,0.0288179001218533
99.6333333333333,0.0724416430749823
99.645,0.115644680318128
99.6566666666667,0.158016415878354
99.6683333333333,0.199156160773693
99.68,0.238677628859111
99.6916666666667,0.276213273207081
99.7033333333333,0.311418275198026
99.715,0.343974252645738
99.7266666666667,0.373592498473381
99.7383333333333,0.400016884595445
99.75,0.423026307459029
99.7616666666667,0.44243661784298
99.7733333333333,0.45810221866951
99.785,0.469916861393661
99.7966666666667,0.477814235183062
99.8083333333333,0.481768182739103
99.82,0.481792101699717
99.8316666666667,0.47793808142695
99.8433333333333,0.470295657327398
99.855,0.458990031817852
99.8666666666667,0.444180010070265
99.8783333333333,0.426055602747476
99.89,0.404835379338267
99.9016666666667,0.380763547168769
99.9133333333333,0.354106756319329
99.925,0.325150903814719
99.9366666666667,0.294197703639769
99.9483333333333,0.261561155832336
99.96,0.227564117849335
99.9716666666667,0.192534768591849
99.9833333333333,0.156803191781378
99.995,0.120698010803019
100.006666666667,0.0845432115033767
100.018333333333,0.0486550817276348
100.03,0.013339224497526
100.041666666667,-0.0211120848143276
100.053333333333,-0.0544223797802805
100.065,-0.0863332168850206
100.076666666667,-0.116606166997823
100.088333333333,-0.14502461199939
100.1,-0.171395128299169
100.111666666667,-0.19554869979373
100.123333333333,-0.217341614016148
100.135,-0.236656132657399
100.146666666667,-0.253400943485718
100.158333333333,-0.26751121602414
100.17,-0.278948494383665
100.181666666667,-0.287700337091867
100.193333333333,-0.293779785395586
100.205,-0.29722455657244
100.216666666667,-0.298095890431447
100.228333333333,-0.29647752780313
100.24,-0.292474361903384
100.251666666667,-0.286210883434022
100.263333333333,-0.277829538530256
100.275,-0.267488944544129
100.286666666667,-0.25536202886182
100.298333333333,-0.241634031471085
100.31,-0.226500423078948
100.321666666667,-0.210164825885592
100.333333333333,-0.192836870632231
100.345,-0.174729912429242
100.356666666667,-0.15605895430555
100.368333333333,-0.137038510825722
100.38,-0.117880325231284
100.391666666667,-0.0987913326599037
100.403333333333,-0.0799716188128234
100.415,-0.0616124056346545
100.426666666667,-0.043894221267762
100.438333333333,-0.0269851435957734
100.45,-0.0110392131553299
100.461666666667,0.00380502918602667
100.473333333333,0.0174259056884403
100.485,0.0297196018743936
100.496666666667,0.0406011248943761
100.508333333333,0.050005118881208
100.52,0.0578862657771271
100.531666666667,0.0642195891350806
100.543333333333,0.0690005667357941
100.555,0.0722447562193512
100.566666666667,0.0739873695670169
100.578333333333,0.0742828419833922
100.59,0.0732038085397588
100.601666666667,0.0708399077604129
100.613333333333,0.0672966925891148
100.625,0.0626937095131182
100.636666666667,0.0571627744554208
100.648333333333,0.0508465824168501
100.66,0.04389633977993
100.671666666667,0.03646974455671
100.683333333333,0.0287284598217517
100.695,0.0208362486837253
100.706666666667,0.0129570284090216
100.718333333333,0.00525139412616764
100.73,-0.00212504035068939
100.741666666667,-0.00902415932073244
100.753333333333,-0.0153068051366443
100.765,-0.0208459762116344
100.776666666667,-0.0255278750372944
100.788333333333,-0.0292534399541555
100.8,-0.031940026318089
100.811666666667,-0.0335225373264211
100.823333333333,-0.0339545269145766
100.835,-0.0332086334003339
100.846666666667,-0.0312768574419835
100.858333333333,-0.0281712076819503
100.87,-0.0239230625985444
100.881666666667,-0.018582931185538
100.893333333333,-0.0122191304977742
100.905,-0.00491773728041264
100.916666666667,0.00321918767543749
100.928333333333,0.0120758546309288
100.94,0.0215239900916726
100.951666666667,0.031424921391965
100.963333333333,0.0416317789452263
100.975,0.0519916146431547
100.986666666667,0.0623479610916257
100.998333333333,0.0725432838966564
101.01,0.0824213635879839
101.021666666667,0.0918296463689246
101.033333333333,0.1006220086069
101.045,0.108660306415397
101.056666666667,0.115816836802996
101.068333333333,0.121976640514026
101.08,0.127039009328292
101.091666666667,0.130919009698598
101.103333333333,0.133548790640355
101.115,0.13487831391342
101.126666666667,0.134877290849529
101.138333333333,0.133533763166781
101.15,0.130855315014273
101.161666666667,0.126868488898904
101.173333333333,0.121618496438052
101.185,0.115167980013048
101.196666666667,0.107596178017147
101.208333333333,0.0989976526340629
101.22,0.0894806172900082
101.231666666667,0.0791651189851307
101.243333333333,0.0681812683895189
101.255,0.0566668608195016
101.266666666667,0.0447648423898481
101.278333333333,0.032621896753282
101.29,0.0203856692971656
101.301666666667,0.00820244011675859
101.313333333333,-0.00378475289170997
101.325,-0.015438978671806
101.336666666667,-0.0266310541332399
101.348333333333,-0.0372411597987565
101.36,-0.0471607374405286
101.371666666667,-0.0562939925312936
101.383333333333,-0.0645589635595852
101.395,-0.0718887770717105
101.406666666667,-0.078232426304216
101.418333333333,-0.0835546977408523
101.43,-0.0878366592391818
101.441666666667,-0.0910755033440382
101.453333333333,-0.0932840794680141
101.465,-0.0944904013520032
101.476666666667,-0.0947365572021506
101.488333333333,-0.0940776590920687
101.5,-0.0925805589010736
101.511666666667,-0.0903222808904088
101.523333333333,-0.0873884450432662
101.535,-0.083871465141498
101.546666666667,-0.0798687060511969
101.558333333333,-0.075480594720426
101.57,-0.0708087764742023
101.581666666667,-0.0659542536838727
101.593333333333,-0.0610154822585708
101.605,-0.056086822355114
101.616666666667,-0.0512569194525897
101.628333333333,-0.0466070745876174
101.64,-0.0422100824235342
101.651666666667,-0.0381291206762349
101.663333333333,-0.0344168954283726
101.675,-0.0311148210425671
101.686666666667,-0.0282527255217633
101.698333333333,-0.025848776744541
101.71,-0.0239092694218672
101.721666666667,-0.0224289689889066
101.733333333333,-0.021391564932067
101.745,-0.0207703279467343
101.756666666667,-0.0205289671008505
101.768333333333,-0.0206225428604472
101.78,-0.0209987803937907
101.791666666667,-0.0215992896685483
101.803333333333,-0.0223608750296552
101.815,-0.023217121907622
101.826666666667,-0.0240998493489629
101.838333333333,-0.0249404598039485
101.85,-0.0256714665436607
101.861666666667,-0.026227933422743
101.873333333333,-0.026548835059764
101.885,-0.0265782037265278
101.896666666667,-0.0262663294676286
101.908333333333,-0.025570851410525
101.92,-0.0244574792498917
101.931666666667,-0.022900694351197
101.943333333333,-0.0208842704429768
101.955,-0.0184015382422231
101.966666666667,-0.0154555403976168
101.978333333333,-0.0120589718895088
101.99,-0.00823396151640872
102.001666666667,-0.00401165744405439
102.013333333333,0.00056838575406597
102.025,0.00545884363432514
102.036666666667,0.0106054721900851
102.048333333333,0.015948181279182
102.06,0.0214220271180978
102.071666666667,0.0269583610826881
102.083333333333,0.0324860326330001
102.095,0.0379325976201712
102.106666666667,0.0432255528902046
102.118333333333,0.0482935455542314
102.13,0.0530675661674009
102.141666666667,0.0574820787663566
102.153333333333,0.0614760588825103
102.165,0.0649939848006337
102.176666666667,0.0679867127542159
102.188333333333,0.0704121891416011
102.2,0.0722360664197359
102.211666666667,0.0734322041978769
102.223333333333,0.0739830332050506
102.235,0.0738797235609449
102.246666666667,0.0731222185291795
102.258333333333,0.0717192241034159
102.27,0.0696879787476743
102.281666666667,0.0670539075590189
102.293333333333,0.0638501650401405
102.305,0.0601170509265594
102.316666666667,0.0559013627710246
102.328333333333,0.0512556460465891
102.34,0.0462373547741311
102.351666666667,0.0409080075674608
102.363333333333,0.0353322570438116
102.375,0.0295769280774034
102.386666666667,0.0237101288925925
102.398333333333,0.0178003070932305
102.41,0.0119152773984431
102.421666666667,0.00612134767006569
102.433333333333,0.000482511635402927
102.445,-0.00494045114792246
102.456666666667,-0.0100906690103573
102.468333333333,-0.0149156973417522
102.48,-0.0193682401262335
102.491666666667,-0.0234066207802264
102.503333333333,-0.0269951514001223
102.515,-0.0301045664227919
102.526666666667,-0.0327121310394316
102.538333333333,-0.0348017380786377
102.55,-0.0363641010791045
102.561666666667,-0.0373966752420447
102.573333333333,-0.0379035529295172
102.585,-0.0378952104262602
102.596666666667,-0.0373883195671814
102.608333333333,-0.0364055233103094
102.62,-0.0349748782331568
102.631666666667,-0.0331294906536015
102.643333333333,-0.0309070302754184
102.655,-0.0283491609363943
102.666666666667,-0.025501087338493
102.678333333333,-0.0224109229172291
102.69,-0.0191290496393959
102.701666666667,-0.015707522583781
102.713333333333,-0.0121994711275509
102.725,-0.00865848615855583
102.736666666667,-0.00513790214279984
102.748333333333,-0.00169024403530626
102.76,0.00163334742064665
102.771666666667,0.0047837123952939
102.783333333333,0.00771421145066638
102.795,0.0103813396760084
102.806666666667,0.0127451209667784
102.818333333333,0.0147695229328818
102.83,0.0164230000171484
102.841666666667,0.0176788256798241
102.853333333333,0.0185154272684013
102.865,0.0189166874895541
102.876666666667,0.0188721130018269
102.888333333333,0.0183770676085343
102.9,0.0174328670330046
102.911666666667,0.0160468507524219
102.923333333333,0.0142323597817223
102.935,0.0120085934854738
102.946666666667,0.00940058757292866
102.958333333333,0.00643905415079174
102.97,0.00315994954696582
102.981666666667,-0.0003958247958948
102.993333333333,-0.00418280424879018
103.005,-0.00815146317787548
103.016666666667,-0.012248723624349
103.028333333333,-0.016418572736372
103.04,-0.0206027054619063
103.051666666667,-0.0247412272515697
103.063333333333,-0.0287733866469004
103.075,-0.0326382894998192
103.086666666667,-0.0362757988913961
103.098333333333,-0.0396273246145286
103.11,-0.0426365560312455
103.121666666667,-0.0452503229963302
103.133333333333,-0.0474193794097787
103.145,-0.0490991875725232
103.156666666667,-0.0502506206945208
103.168333333333,-0.050840612689936
103.18,-0.0508428197994375
103.191666666667,-0.0502381461680166
103.203333333333,-0.0490152116294776
103.215,-0.0471707246941582
103.226666666667,-0.044709702991734
103.238333333333,-0.041645615991816
103.25,-0.0380004889884955
103.261666666667,-0.033804805886612
103.273333333333,-0.029097248496846
103.285,-0.0239244930054682
103.296666666667,-0.0183407012026475
103.308333333333,-0.0124069068455071
103.32,-0.00619039159238445
103.331666666667,0.000236154256431719
103.343333333333,0.00679543478759454
103.355,0.0134066921259894
103.366666666667,0.0199866732422239
103.378333333333,0.026450597476223
103.39,0.0327134982610162
103.401666666667,0.0386913583827116
103.413333333333,0.0443023178031799
103.425,0.0494679545441133
103.436666666667,0.0541143999322534
103.448333333333,0.0581734557526313
103.46,0.0615837277071106
103.471666666667,0.0642916539771578
103.483333333333,0.0662523793019059
103.495,0.067430539376239
103.506666666667,0.0678010179271763
103.518333333333,0.0673494548361577
103.53,0.0660726150465166
103.541666666667,0.0639786475448372
103.553333333333,0.061087134142684
103.565,0.0574290440588939
103.576666666667,0.0530463956250764
103.588333333333,0.0479918220935956
103.6,0.042328018283833
103.611666666667,0.0361269525087173
103.623333333333,0.0294689883655981
103.635,0.0224417482669803
103.646666666667,0.0151390387788968
103.658333333333,0.0076596250618327
103.67,0.000105744519697439
103.681666666667,-0.00741830420291754
103.693333333333,-0.0148076040479131
103.705,-0.0219582207721318
103.716666666667,-0.0287686716716302
103.728333333333,-0.0351413744907154
103.74,-0.0409841744816356
103.751666666667,-0.0462117244881912
103.763333333333,-0.050746772074911
103.775,-0.0545213917543895
103.786666666667,-0.0574780569763059
103.798333333333,-0.0595705847233093
103.81,-0.0607648731712098
103.821666666667,-0.0610395261798541
103.833333333333,-0.0603862675042018
103.845,-0.0588101332564743
103.856666666667,-0.0563295804003134
103.868333333333,-0.052976280104959
103.88,-0.0487947529369198
103.891666666667,-0.0438418236211153
103.903333333333,-0.0381858418005019
103.915,-0.0319058990321028
103.926666666667,-0.0250905943811543
103.938333333333,-0.0178367587746175
103.95,-0.0102482463015944
103.961666666667,-0.00243438107296543
103.973333333333,0.0054915381537879
103.985,0.0134140386684927
103.996666666667,0.0212170167144386
104.008333333333,0.0287852503839337
104.02,0.0360063431239424
104.031666666667,0.0427722990335823
104.043333333333,0.0489810879555386
104.055,0.0545382675040147
104.066666666667,0.0593582789073244
104.078333333333,0.063365767282688
104.09,0.066496782882471
104.101666666667,0.0686997122929243
104.113333333333,0.0699361644515889
104.125,0.0701814559703588
104.136666666667,0.0694251443562279
104.148333333333,0.0676713747806455
104.16,0.0649386871608377
104.171666666667,0.0612598901098689
104.183333333333,0.0566816339270093
104.195,0.0512638071327242
104.206666666667,0.0450787662031455
104.218333333333,0.0382102947829667
104.23,0.0307524451953914
104.241666666667,0.0228081918496258
104.253333333333,0.0144880415608039
104.265,0.00590833568114211
104.276666666667,-0.00281035238662165
104.288333333333,-0.0115448176118814
104.3,-0.0201711624332787
104.311666666667,-0.028566533551187
104.323333333333,-0.0366109069950294
104.335,-0.0441888428088846
104.346666666667,-0.0511912197355037
104.358333333333,-0.0575169244363726
104.37,-0.0630742318712603
104.381666666667,-0.0677822281857058
104.393333333333,-0.0715720865773713
104.405,-0.0743880118586313
104.416666666667,-0.0761881847643711
104.428333333333,-0.0769454886754907
104.44,-0.0766479339456913
104.451666666667,-0.0752988919720467
104.463333333333,-0.0729171235983244
104.475,-0.0695365881163971
104.486666666667,-0.0652060449199581
104.498333333333,-0.0599883824377154
104.51,-0.0539597541373504
104.521666666667,-0.0472085476109076
104.533333333333,-0.039834113824128
104.545,-0.03194538265818
104.556666666667,-0.0236593088435278
104.568333333333,-0.0150991610658767
104.58,-0.00639275644436868
104.591666666667,0.00232944178206436
104.603333333333,0.0109362387278256
104.615,0.0192976439756318
104.626666666667,0.027286876195393
104.638333333333,0.0347822560227917
104.65,0.0416690142192388
104.661666666667,0.0478411016062185
104.673333333333,0.0532028455421185
104.685,0.0576703836246003
104.696666666667,0.0611730763732486
104.708333333333,0.0636547152852279
104.72,0.0650744050222191
104.731666666667,0.0654073241971962
104.743333333333,0.0646451935718662
104.755,0.0627965544186084
104.766666666667,0.0598867932205173
104.778333333333,0.05595779679794
104.79,0.0510675209471667
104.801666666667,0.0452892353095634
104.813333333333,0.0387104648690639
104.825,0.0314319420042674
104.836666666667,0.0235660011341901
104.848333333333,0.0152349062359907
104.86,0.00656921199081248
104.871666666667,-0.00229422267379502
104.883333333333,-0.011214281377762
104.895,-0.0200477052682053
104.906666666667,-0.0286512496542346
104.918333333333,-0.0368840470664846
104.93,-0.044609677584705
104.941666666667,-0.0516982605511291
104.953333333333,-0.0580289515195297
104.965,-0.0634910550607208
104.976666666667,-0.0679858424047994
104.988333333333,-0.0714293357193722
105,-0.0737530255137666
105.011666666667,-0.0749050800480755
105.023333333333,-0.0748515380347613
105.035,-0.0735766181558417
105.046666666667,-0.0710832076986196
105.058333333333,-0.0673931758268052
105.07,-0.0625472095526473
105.081666666667,-0.0566041669955967
105.093333333333,-0.0496406117644601
105.105,-0.0417494211935852
105.116666666667,-0.0330382956624118
105.128333333333,-0.0236288781480966
105.14,-0.0136545878119711
105.151666666667,-0.00325874917044395
105.163333333333,0.00740785459751663
105.175,0.0181888378172221
105.186666666667,0.0289243645514264
105.198333333333,0.0394545082000014
105.21,0.0496212967546871
105.221666666667,0.0592712789900958
105.233333333333,0.0682576968268174
105.245,0.0764433054417234
105.256666666667,0.0837023157356722
105.268333333333,0.0899221780798917
105.28,0.0950056808923847
105.291666666667,0.0988724668359573
105.303333333333,0.101460436204185
105.315,0.102726612602456
105.326666666667,0.102647958110652
105.338333333333,0.101222053494391
105.35,0.0984669379517251
105.361666666667,0.094420974271417
105.373333333333,0.0891420924349691
105.385,0.082707335007601
105.396666666667,0.0752114996606322
105.408333333333,0.0667652210993505
105.42,0.0574935935294812
105.431666666667,0.047534097360443
105.443333333333,0.0370343725113259
105.455,0.0261498217594184
105.466666666667,0.0150411964075664
105.478333333333,0.00387205809378283
105.49,-0.00719405880962766
105.501666666667,-0.017996170087093
105.513333333333,-0.0283785601585526
105.525,-0.0381932039491996
105.536666666667,-0.047301979978427
105.548333333333,-0.0555794007171919
105.56,-0.0629142681968118
105.571666666667,-0.0692116122516142
105.583333333333,-0.0743939501341382
105.595,-0.078402814508888
105.606666666667,-0.081199635030289
105.618333333333,-0.0827659687031534
105.63,-0.0831037880817303
105.641666666667,-0.082235386068834
105.653333333333,-0.0802028682616461
105.665,-0.0770672946903171
105.676666666667,-0.0729073210364559
105.688333333333,-0.0678180679757094
105.7,-0.0619092012468711
105.711666666667,-0.0553028248254705
105.723333333333,-0.048131702422472
105.735,-0.0405360911385269
105.746666666667,-0.0326615474950182
105.758333333333,-0.0246565727689725
105.77,-0.0166698576449459
105.781666666667,-0.00884757340577755
105.793333333333,-0.00133073680130249
105.805,0.00574718800035996
105.816666666667,0.0122625992782622
105.828333333333,0.0181040656977435
105.84,0.0231742152470206
105.851666666667,0.0273914279091084
105.863333333333,0.0306912232657489
105.875,0.0330272340980914
105.886666666667,0.0343721871845656
105.898333333333,0.0347181386282556
105.91,0.034076531735918
105.921666666667,0.0324779406074286
105.933333333333,0.0299711895509424
105.945,0.0266228624166172
105.956666666667,0.0225158807988254
105.968333333333,0.0177472467844085
105.98,0.0124267217120766
105.991666666667,0.00667461308760434
106.003333333333,0.000619455036283941
106.015,-0.00560434360808636
106.026666666667,-0.0118590720822535
106.038333333333,-0.0180062715353078
106.05,-0.0239094389877058
106.061666666667,-0.0294365323045964
106.073333333333,-0.0344624525451417
106.085,-0.0388714187635137
106.096666666667,-0.0425591117809868
106.108333333333,-0.0454346326050987
106.12,-0.0474222291805142
106.131666666667,-0.0484627457791325
106.143333333333,-0.0485146848001258
106.155,-0.0475551040143747
106.166666666667,-0.0455800593583383
106.178333333333,-0.0426045643497983
106.19,-0.0386624686863544
106.201666666667,-0.03380583876983
106.213333333333,-0.02810404108156
106.225,-0.0216425117121981
106.236666666667,-0.0145211917873444
106.248333333333,-0.00685277836433468
106.26,0.00123932690565438
106.271666666667,0.00962323084358225
106.283333333333,0.0181609292093165
106.295,0.0267107751221738
106.306666666667,0.0351299695033158
106.318333333333,0.0432771588695871
106.33,0.0510149683091682
106.341666666667,0.0582124176964848
106.353333333333,0.064747318256932
106.365,0.0705083169860689
106.376666666667,0.0753967573171037
106.388333333333,0.0793286490354744
106.4,0.0822360135793274
106.411666666667,0.0840679781054335
106.423333333333,0.0847917787287373
106.435,0.0843930088589871
106.446666666667,0.0828759027831635
106.458333333333,0.0802633057898428
106.47,0.0765961211849835
106.481666666667,0.0719324731714408
106.493333333333,0.0663466017056515
106.505,0.0599275081398482
106.516666666667,0.0527772759070464
106.528333333333,0.0450091685993446
106.54,0.0367456453086177
106.551666666667,0.028116124101306
106.563333333333,0.0192546836286182
106.575,0.0102977314345101
106.586666666667,0.00138161049276129
106.598333333333,-0.0073597615050078
106.61,-0.0157971849842463
106.621666666667,-0.0238083493052177
106.633333333333,-0.0312798660748915
106.645,-0.0381091052305868
106.656666666667,-0.0442058176712962
106.668333333333,-0.0494935120528854
106.68,-0.0539106024618363
106.691666666667,-0.0574112261730761
106.703333333333,-0.0599657527484115
106.715,-0.0615611283004242
106.726666666667,-0.0622007295644475
106.738333333333,-0.0619039441243273
106.75,-0.0607056124536711
106.761666666667,-0.0586550985793942
106.773333333333,-0.0558151371456597
106.785,-0.0522604158259604
106.796666666667,-0.0480760017276794
106.808333333333,-0.0433556418127475
106.82,-0.0381998651970389
106.831666666667,-0.0327140244257381
106.843333333333,-0.0270062955134275
106.855,-0.0211856721226153
106.866666666667,-0.0153599222297185
106.878333333333,-0.00963368392106938
106.89,-0.00410664440278929
106.901666666667,0.00112819265241754
106.913333333333,0.00598599300507367
106.925,0.0103915235282212
106.936666666667,0.0142803521786243
106.948333333333,0.0175995866269604
106.96,0.020308649076469
106.971666666667,0.0223797497626377
106.983333333333,0.0237979073571957
106.995,0.02456113645974
107.006666666667,0.0246801237744748
107.018333333333,0.0241773842432683
107.03,0.0230867080058734
107.041666666667,0.0214521900668624
107.053333333333,0.0193269978574166
107.065,0.016772312033086
107.076666666667,0.0138557754997984
107.088333333333,0.0106499069558797
107.1,0.00723073147237432
107.111666666667,0.00367612087858588
107.123333333333,6.42548314217571e-05
107.135,-0.00352794125610118
107.146666666667,-0.0070262338887192
107.158333333333,-0.0103603833093314
107.17,-0.0134655223521541
107.181666666667,-0.0162832044134438
107.193333333333,-0.0187623136288198
107.205,-0.0208599623583038
107.216666666667,-0.0225422857979372
107.228333333333,-0.0237843054467192
107.24,-0.0245704224171581
107.251666666667,-0.0248945425591547
107.263333333333,-0.0247593660174269
107.275,-0.0241770151148404
107.286666666667,-0.0231680777202553
107.298333333333,-0.0217603785690662
107.31,-0.0199886141602594
107.321666666667,-0.0178933233077801
107.333333333333,-0.0155199548001234
107.345,-0.0129176827005007
107.356666666667,-0.0101381802172071
107.368333333333,-0.00723473982269834
107.38,-0.00426092603837518
107.391666666667,-0.00126962161898217
107.403333333333,0.00168834651681022
107.415,0.00456460439997772
107.426666666667,0.00731438388035742
107.438333333333,0.00989763507663453
107.45,0.0122793850192771
107.461666666667,0.0144303324250539
107.473333333333,0.016327150331524
107.485,0.0179528522508353
107.496666666667,0.0192967578399011
107.508333333333,0.0203543627670829
107.52,0.0211272897658639
107.531666666667,0.0216228006931188
107.543333333333,0.0218536508078878
107.555,0.0218371227403542
107.566666666667,0.0215941224974058
107.578333333333,0.0211494958217159
107.59,0.0205305704181207
107.601666666667,0.0197665586208912
107.613333333333,0.0188874500500169
107.625,0.0179237996831464
107.636666666667,0.016905923767164
107.648333333333,0.0158623214819623
107.66,0.0148195613365308
107.671666666667,0.013801554037303
107.683333333333,0.0128292881354716
107.695,0.0119198969817119
107.706666666667,0.0110866173232871
107.718333333333,0.0103388610511262
107.73,0.00968187531671861
107.741666666667,0.00911680637580887
107.753333333333,0.00864098863080926
107.765,0.00824786052706764
107.776666666667,0.00792728687522396
107.788333333333,0.00766651019547069
107.8,0.00745030815719749
107.811666666667,0.00726155998603457
107.823333333333,0.00708210829853234
107.835,0.0068928472965088
107.846666666667,0.00667467342961338
107.858333333333,0.00640934605117598
107.87,0.00607990008628637
107.881666666667,0.00567122288552161
107.893333333333,0.00517076475318155
107.905,0.00456868105400301
107.916666666667,0.00385808765917844
107.928333333333,0.00303596931907835
107.94,0.00210301685154942
107.951666666667,0.00106380163937569
107.963333333333,-7.33643585267426e-05
107.975,-0.00129627355308959
107.986666666667,-0.00258917526045868
107.998333333333,-0.00393334718928919
108.01,-0.00530719977536522
108.021666666667,-0.0066868830636285
108.033333333333,-0.00804674986708312
108.045,-0.00936011170636667
108.056666666667,-0.0105999481699919
108.068333333333,-0.0117392649947949
108.08,-0.0127520256454232
108.091666666667,-0.0136137557258454
108.103333333333,-0.0143022220741401
108.115,-0.0147981051801682
108.126666666667,-0.0150854901057305
108.138333333333,-0.0151524379777135
108.15,-0.014991345353632
108.161666666667,-0.0145993011205293
108.173333333333,-0.0139783501222218
108.185,-0.0131355097677919
108.196666666667,-0.0120827887912422
108.208333333333,-0.0108371257653099
108.22,-0.00942019461325853
108.231666666667,-0.00785801142834153
108.243333333333,-0.00618048434804519
108.255,-0.00442094166705988
108.266666666667,-0.00261552042929351
108.278333333333,-0.000802358607705164
108.29,0.000979102708953887
108.301666666667,0.00268892206868131
108.313333333333,0.00428752256199334
108.325,0.00573639465654456
108.336666666667,0.00699909083783636
108.348333333333,0.00804204897866965
108.36,0.00883522883163054
108.371666666667,0.00935290478249094
108.383333333333,0.00957422747489138
108.395,0.0094838486356041
108.406666666667,0.0090723484471429
108.418333333333,0.00833646110981188
108.43,0.00727937269161807
108.441666666667,0.00591077717041678
108.453333333333,0.00424682963660373
108.465,0.00230998522255648
108.476666666667,0.000128683905763915
108.488333333333,-0.00226305668125043
108.5,-0.00482620009488916
108.511666666667,-0.00751732155272952
108.523333333333,-0.0102893449619412
108.535,-0.0130923219973947
108.546666666667,-0.0158743423509212
108.558333333333,-0.0185825639241668
108.57,-0.0211640469217573
108.581666666667,-0.023566724012322
108.593333333333,-0.0257405397271331
108.605,-0.0276379656937851
108.616666666667,-0.0292151705039603
108.628333333333,-0.0304330578145152
108.64,-0.0312577687564829
108.651666666667,-0.0316614224797602
108.663333333333,-0.0316225846210449
108.675,-0.0311268630546463
108.686666666667,-0.0301673182352206
108.698333333333,-0.0287442325496252
108.71,-0.0268654760274393
108.721666666667,-0.0245463947653473
108.733333333333,-0.0218094988596688
108.745,-0.0186843196090711
108.756666666667,-0.0152067962108164
108.768333333333,-0.0114186661188317
108.78,-0.00736689634814275
108.791666666667,-0.00310286093763559
108.803333333333,0.0013183951124226
108.815,0.00583925720475423
108.826666666667,0.0104004002864396
108.838333333333,0.0149416049426928
108.85,0.019402851181579
108.861666666667,0.0237252653872197
108.873333333333,0.0278520726536213
108.885,0.0317295286146693
108.896666666667,0.0353075362349216
108.908333333333,0.0385406079217549
108.92,0.0413885341631723
108.931666666667,0.0438168980228105
108.943333333333,0.0457975959132611
108.955,0.0473091827501719
108.966666666667,0.0483371032917748
108.978333333333,0.0488737373865146
108.99,0.0489184895826009
109.001666666667,0.0484776849481572
109.013333333333,0.0475641698718062
109.025,0.0461973019009399
109.036666666667,0.044402300654692
109.048333333333,0.0422095968020056
109.06,0.0396543840500546
109.071666666667,0.0367758952684686
109.083333333333,0.0336167723091523
109.095,0.0302220720861159
109.106666666667,0.0266385873807256
109.118333333333,0.0229143778939359
109.13,0.0190976171257699
109.141666666667,0.0152359944710815
109.153333333333,0.0113757760899294
109.165,0.00756150014182209
109.176666666667,0.00383527775065878
109.188333333333,0.000235819755129211
109.2,-0.00320177333381165
109.211666666667,-0.00644639061807054
109.223333333333,-0.0094714468580471
109.235,-0.0122547326917961
109.246666666667,-0.0147786953736289
109.258333333333,-0.0170307185168292
109.27,-0.0190029465152006
109.281666666667,-0.0206922024563281
109.293333333333,-0.0220995944697616
109.305,-0.0232306474643262
109.316666666667,-0.0240949308750715
109.328333333333,-0.0247052071024468
109.34,-0.0250773198517256
109.351666666667,-0.0252296756184212
109.363333333333,-0.0251828482409749
109.375,-0.0249588639879564
109.386666666667,-0.0245807231103225
109.398333333333,-0.0240722197330621
109.41,-0.0234572188282637
109.421666666667,-0.0227592482005585
109.433333333333,-0.022001135042635
109.445,-0.0212044737470306
109.456666666667,-0.020389365183067
109.468333333333,-0.0195741561060566
109.48,-0.0187751863462978
109.491666666667,-0.0180066001143096
109.503333333333,-0.0172801877568553
109.515,-0.0166053350595106
109.526666666667,-0.0159889875932086
109.538333333333,-0.0154357375537313
109.55,-0.0149478148760224
109.561666666667,-0.01452520268192
109.573333333333,-0.0141658985628211
109.585,-0.01386592251994
109.596666666667,-0.0136195428079515
109.608333333333,-0.0134196636339741
109.62,-0.0132579724866917
109.631666666667,-0.0131252247938288
109.643333333333,-0.0130113896558495
109.655,-0.0129060930770761
109.666666666667,-0.0127988595152127
109.678333333333,-0.012679035204097
109.69,-0.0125361857963534
109.701666666667,-0.0123603075652341
109.713333333333,-0.0121418071471774
109.725,-0.0118719143846761
109.736666666667,-0.0115427745794018
109.748333333333,-0.0111472844789751
109.76,-0.0106792702758163
109.771666666667,-0.0101335177399818
109.783333333333,-0.00950589968808905
109.795,-0.0087931746924896
109.806666666667,-0.00799292020310268
109.818333333333,-0.00710379333914302
109.83,-0.00612536706387586
109.841666666667,-0.00505805067154123
109.853333333333,-0.00390308233022026
109.865,-0.00266243678017998
109.876666666667,-0.00133883393536722
109.888333333333,6.43841780683612e-05
109.9,0.00154323100233301
109.911666666667,0.00309309604549343
109.923333333333,0.00470884123428747
109.935,0.00638461800480398
109.946666666667,0.00811405032801683
109.958333333333,0.00989030688785026
109.97,0.0117058491867538
109.981666666667,0.0135525751445834
109.993333333333,0.0154215803045501
110.005,0.0173034938227205
110.016666666667,0.0191882879070257
110.028333333333,0.0210648923067008
110.04,0.0229215336205519
110.051666666667,0.0247456346635071
110.063333333333,0.02652378651946
110.075,0.028241872581683
110.086666666667,0.0298850669838446
110.098333333333,0.0314378505470008
110.11,0.0328841132111959
110.121666666667,0.0342073060528393
110.133333333333,0.0353904804199458
110.145,0.0364166327428183
110.156666666667,0.0372688144553793
110.168333333333,0.0379301690211268
110.18,0.0383843380780725
110.191666666667,0.0386156579354111
110.203333333333,0.0386094675644021
110.215,0.038352203070445
110.226666666667,0.0378318719603701
110.238333333333,0.0370384053574254
110.25,0.0359637294124286
110.261666666667,0.0346021322689501
110.273333333333,0.032950422485423
110.285,0.0310082537111866
110.296666666667,0.0287783613020184
110.308333333333,0.0262665545690756
110.32,0.0234819289430912
110.331666666667,0.020436951723695
110.343333333333,0.0171474233042524
110.355,0.0136326205958657
110.366666666667,0.00991517637332366
110.378333333333,0.00602080213775343
110.39,0.00197825664856964
110.401666666667,-0.00218090439502682
110.413333333333,-0.00642264330684784
110.425,-0.0107106053074275
110.436666666667,-0.0150066529868006
110.448333333333,-0.0192713169572208
110.46,-0.0234641295002406
110.471666666667,-0.027544120456748
110.483333333333,-0.0314703022787285
110.495,-0.0352022730353531
110.506666666667,-0.0387005758170034
110.518333333333,-0.0419272324701506
110.53,-0.0448463928228351
110.541666666667,-0.0474247254477478
110.553333333333,-0.0496319633545729
110.565,-0.051441241089754
110.576666666667,-0.0528294812302789
110.588333333333,-0.0537779264500579
110.6,-0.0542723066157948
110.611666666667,-0.0543031216806773
110.623333333333,-0.0538658512907224
110.635,-0.0529610077072041
110.646666666667,-0.0515941947887521
110.658333333333,-0.0497761386428646
110.67,-0.0475226093081181
110.681666666667,-0.0448542482398371
110.693333333333,-0.0417963344191365
110.705,-0.0383785154536235
110.716666666667,-0.0346345661720106
110.728333333333,-0.0306018186074809
110.74,-0.0263208012494871
110.751666666667,-0.021834818243648
110.763333333333,-0.0171891509131569
110.775,-0.0124310427825909
110.786666666667,-0.00760890585578287
110.798333333333,-0.00277139223960503
110.81,0.00203290713381636
110.821666666667,0.00675606384987825
110.833333333333,0.0113513473023814
110.845,0.015773904872238
110.856666666667,0.0199812577753919
110.868333333333,0.0239335734897875
110.88,0.0275942710829171
110.891666666667,0.0309304187003773
110.903333333333,0.033912950374536
110.915,0.0365172067460361
110.926666666667,0.038723061485216
110.938333333333,0.0405149481043499
110.95,0.0418821043511656
110.961666666667,0.0428185771426168
110.973333333333,0.0433232919576704
110.985,0.0433998642248107
110.996666666667,0.0430564028127142
111.008333333333,0.0423056873167495
111.02,0.0411646985943659
111.031666666667,0.0396543389282208
111.043333333333,0.0377992568300183
111.055,0.0356273258389929
111.066666666667,0.0331693320966613
111.078333333333,0.0304585061832719
111.09,0.0275301824713006
111.101666666667,0.0244213628524946
111.113333333333,0.0211700455116031
111.125,0.0178151972870608
111.136666666667,0.0143961655865285
111.148333333333,0.0109519052533413
111.16,0.00752077009296357
111.171666666667,0.00414003188091834
111.183333333333,0.000845671320414574
111.195,-0.00232832516957001
111.206666666667,-0.00535032082207718
111.218333333333,-0.00819081181228645
111.23,-0.010823074094926
111.241666666667,-0.0132233106194055
111.253333333333,-0.0153710107934454
111.265,-0.0172487752377596
111.276666666667,-0.0188425573153439
111.288333333333,-0.0201420247169807
111.3,-0.0211403833571237
111.311666666667,-0.0218343978285405
111.323333333333,-0.0222244683859976
111.335,-0.0223143611424082
111.346666666667,-0.0221110715064254
111.358333333333,-0.021625021888513
111.37,-0.020869654897644
111.381666666667,-0.0198612849719793
111.393333333333,-0.0186188331726796
111.405,-0.0171636340622532
111.416666666667,-0.0155192429389869
111.428333333333,-0.0137109099874195
111.44,-0.0117653892455447
111.451666666667,-0.00971062667499028
111.463333333333,-0.00757535848415699
111.475,-0.00538890523666232
111.486666666667,-0.00318074348563445
111.498333333333,-0.000980126038589453
111.51,0.00118423322008443
111.521666666667,0.00328446671311535
111.533333333333,0.00529387681728703
111.545,0.00718728213904582
111.556666666667,0.00894127928497709
111.568333333333,0.0105344742308045
111.58,0.0119477614403494
111.591666666667,0.0131645617759296
111.603333333333,0.0141709453686554
111.615,0.0149558562487967
111.626666666667,0.0155112975624801
111.638333333333,0.015832268148251
111.65,0.0159168851843363
111.661666666667,0.0157663904119813
111.673333333333,0.015385094443141
111.685,0.014780411634869
111.696666666667,0.0139626543383793
111.708333333333,0.0129448604305128
111.72,0.0117427050612408
111.731666666667,0.010374250240475
111.743333333333,0.00885971568265791
111.755,0.00722115721829839
111.766666666667,0.00548218454410285
111.778333333333,0.00366770783944338
111.79,0.00180352647016096
111.801666666667,-8.39983305006585e-05
111.813333333333,-0.00196828506027608
111.825,-0.0038230275876974
111.836666666667,-0.00562254042313843
111.848333333333,-0.00734187722068235
111.86,-0.00895738297632909
111.871666666667,-0.0104470299619568
111.883333333333,-0.0117905857673871
111.895,-0.0129701748464512
111.906666666667,-0.013970245998451
111.918333333333,-0.0147778649362667
111.93,-0.0153829475861825
111.941666666667,-0.0157783162944644
111.953333333333,-0.0159600069656585
111.965,-0.0159268864726261
111.976666666667,-0.0156808353164153
111.988333333333,-0.0152271627183921
112,-0.0145740190125965
112.011666666667,-0.0137324112010576
112.023333333333,-0.012715957364828
112.035,-0.0115408509396214
112.046666666667,-0.0102254985425644
112.058333333333,-0.00878991828132014
112.07,-0.0072558097205763
112.081666666667,-0.00564609051882987
112.093333333333,-0.00398449709781991
112.105,-0.00229533045470486
112.116666666667,-0.000602964052493537
112.128333333333,0.0010684540258664
112.14,0.00269541393607559
112.151666666667,0.00425538730372288
112.163333333333,0.00572701727677102
112.175,0.00709071696667809
112.186666666667,0.00832895903528262
112.198333333333,0.00942618068128527
112.21,0.0103691613697304
112.221666666667,0.0111472163905547
112.233333333333,0.0117522032998493
112.245,0.0121788036422093
112.256666666667,0.01242449570354
112.268333333333,0.0124893569669972
112.28,0.0123761797089976
112.291666666667,0.0120903249209796
112.303333333333,0.0116395588329256
112.315,0.0110339907262889
112.326666666667,0.0102857169548275
112.338333333333,0.00940859206458017
112.35,0.00841803934944692
112.361666666667,0.00733073938230442
112.373333333333,0.00616433064876985
112.385,0.00493707171528157
112.396666666667,0.00366757001907094
112.408333333333,0.0023745610744472
112.42,0.00107650298031549
112.431666666667,-0.000208651170274912
112.443333333333,-0.0014637500945708
112.455,-0.00267259335507541
112.466666666667,-0.00382022692819372
112.478333333333,-0.00489317428462181
112.49,-0.00587947039755936
112.501666666667,-0.00676881073798038
112.513333333333,-0.0075526416418085
112.525,-0.00822415202944578
112.536666666667,-0.00877832669044259
112.548333333333,-0.00921197073247656
112.56,-0.00952356839875994
112.571666666667,-0.00971320221897217
112.583333333333,-0.00978246023816278
112.595,-0.00973428911941327
112.606666666667,-0.00957289092277019
112.618333333333,-0.0093035023968382
112.63,-0.00893221180976328
112.641666666667,-0.00846579508176214
112.653333333333,-0.00791154988545241
112.665,-0.00727713579008888
112.676666666667,-0.00657033184017538
112.688333333333,-0.00579889055911901
112.7,-0.00497048720615981
112.711666666667,-0.00409254228874054
112.723333333333,-0.00317210717547432
112.735,-0.0022159524437469
112.746666666667,-0.00123033557024707
112.758333333333,-0.000220932718259604
112.77,0.000806994176467745
112.781666666667,0.00184866839177717
112.793333333333,0.00289969420506178
112.805,0.00395603462077659
112.816666666667,0.00501394971956642
112.828333333333,0.00606982523660369
112.84,0.00712011253355893
112.851666666667,0.00816118963587989
112.863333333333,0.00918929389745976
112.875,0.0102003409503069
112.886666666667,0.0111898336127506
112.898333333333,0.0121528631091027
112.91,0.0130839548899454
112.921666666667,0.0139770235897199
112.933333333333,0.0148253081763279
112.945,0.015621428653441
112.956666666667,0.0163573882274101
112.968333333333,0.0170245033636693
112.98,0.0176135579491715
112.991666666667,0.0181148811699717
113.003333333333,0.0185184643340995
113.015,0.0188141916638488
113.026666666667,0.0189918887623073
113.038333333333,0.0190415181009439
113.05,0.0189534644101838
113.061666666667,0.01871870656116
113.073333333333,0.0183291104598011
113.085,0.0177775351504483
113.096666666667,0.0170580803590642
113.108333333333,0.0161664820240428
113.12,0.0151002033366771
113.131666666667,0.0138585963557103
113.143333333333,0.0124431543232255
113.155,0.0108575577293964
113.166666666667,0.00910778610301539
113.178333333333,0.00720220121065714
113.19,0.00515163854813425
113.201666666667,0.00296933957007608
113.213333333333,0.000670914676557745
113.225,-0.00172575522726211
113.236666666667,-0.00420060329840104
113.248333333333,-0.00673169354102945
113.26,-0.00929539859374241
113.271666666667,-0.011866585009666
113.283333333333,-0.0144191165316057
113.295,-0.0169258681974958
113.306666666667,-0.0193591394592931
113.318333333333,-0.0216913485820932
113.33,-0.0238951758341315
113.341666666667,-0.0259439955221278
113.353333333333,-0.0278122364295182
113.365,-0.0294758717421816
113.376666666667,-0.0309127650387498
113.388333333333,-0.0321028403634125
113.4,-0.0330285533204949
113.411666666667,-0.0336751844337994
113.423333333333,-0.0340309336195079
113.435,-0.0340874539321174
113.446666666667,-0.0338399923135203
113.458333333333,-0.0332868818603659
113.47,-0.0324301460005785
113.481666666667,-0.0312753480645738
113.493333333333,-0.0298315550295155
113.505,-0.028111160417624
113.516666666667,-0.0261299099520048
113.528333333333,-0.0239066706928657
113.54,-0.0214630617155129
113.551666666667,-0.0188232663963718
113.563333333333,-0.0160135056543848
113.575,-0.0130620928325764
113.586666666667,-0.00999886530076601
113.598333333333,-0.00685432140630906
113.61,-0.00365974090497271
113.621666666667,-0.000446595170637535
113.633333333333,0.00275384685736948
113.645,0.00591085100204227
113.656666666667,0.00899499808724792
113.668333333333,0.0119778902850161
113.68,0.0148329234969058
113.691666666667,0.0175354880482166
113.703333333333,0.0200630453368847
113.715,0.0223958623729203
113.726666666667,0.0245166843305631
113.738333333333,0.0264108469581971
113.75,0.0280666282979198
113.761666666667,0.0294751593966784
113.773333333333,0.0306305536943459
113.785,0.0315296505140905
113.796666666667,0.0321719445027169
113.808333333333,0.0325597011456237
113.82,0.0326976237315778
113.831666666667,0.0325926697472308
113.843333333333,0.0322540008262536
113.855,0.0316923353748913
113.866666666667,0.0309198661999849
113.878333333333,0.0299505154927591
113.89,0.0287991732558719
113.901666666667,0.027481502841462
113.913333333333,0.0260138913931004
113.925,0.0244129004848047
113.936666666667,0.0226951474391336
113.948333333333,0.0208771764147727
113.96,0.0189752939247891
113.971666666667,0.0170053633903297
113.983333333333,0.0149826030162436
113.995,0.0129217204411548
114.006666666667,0.0108366059128262
114.018333333333,0.00874025160363041
114.03,0.00664486919608108
114.041666666667,0.00456173582370855
114.053333333333,0.0025015863649806
114.065,0.000473973167906001
114.076666666667,-0.00151242308686721
114.088333333333,-0.00344925193011209
114.1,-0.00532879168339139
114.111666666667,-0.00714386005523522
114.123333333333,-0.00888747525599045
114.135,-0.0105531276344976
114.146666666667,-0.012135496518455
114.158333333333,-0.0136284193806417
114.17,-0.0150260921682186
114.181666666667,-0.0163227802254325
114.193333333333,-0.0175128187929108
114.205,-0.0185906037905024
114.216666666667,-0.0195504155234418
114.228333333333,-0.0203868026139964
114.24,-0.0210944543325657
114.251666666667,-0.0216683033566342
114.263333333333,-0.0221035887274384
114.275,-0.0223959326971849
114.286666666667,-0.0225415669488811
114.298333333333,-0.0225373382339938
114.31,-0.022380866812301
114.321666666667,-0.0220706480458083
114.333333333333,-0.0216061446601937
114.345,-0.0209879871147424
114.356666666667,-0.0202180957162488
114.368333333333,-0.0192996472937634
114.38,-0.0182371826360016
114.391666666667,-0.0170366682008473
114.403333333333,-0.0157056404151318
114.415,-0.0142529657850446
114.426666666667,-0.0126889312134795
114.438333333333,-0.0110252820687242
114.45,-0.00927511698254129
114.461666666667,-0.0074527763665087
114.473333333333,-0.00557368901177444
114.485,-0.00365427773768639
114.496666666667,-0.00171182442035689
114.508333333333,0.000235865012027246
114.52,0.00217059261068694
114.531666666667,0.00407394999197917
114.543333333333,0.0059276162514988
114.555,0.00771352134772357
114.566666666667,0.00941418353042751
114.578333333333,0.0110128120750998
114.59,0.0124936031879384
114.601666666667,0.0138420114350987
114.613333333333,0.0150445751929566
114.625,0.0160898342902597
114.636666666667,0.0169680689229953
114.648333333333,0.017671160191555
114.66,0.0181929154091765
114.671666666667,0.0185291528163524
114.683333333333,0.0186777171680445
114.695,0.0186385096875913
114.706666666667,0.0184133721248603
114.718333333333,0.0180061494294572
114.73,0.0174225762442583
114.741666666667,0.0166701590249052
114.753333333333,0.0157581853185457
114.765,0.0146972922805589
114.776666666667,0.0134991580936464
114.788333333333,0.0121770220997624
114.8,0.0107450445855642
114.811666666667,0.00921823063313758
114.823333333333,0.00761209245582474
114.835,0.00594278993296436
114.846666666667,0.00422679717666811
114.858333333333,0.00248033582615197
114.87,0.000719607879498748
114.881666666667,-0.0010394390802611
114.893333333333,-0.00278133996492673
114.905,-0.00449103537741983
114.916666666667,-0.00615416458144949
114.928333333333,-0.00775710589581646
114.94,-0.00928696528808609
114.951666666667,-0.0107317116060578
114.963333333333,-0.0120801033168787
114.975,-0.0133218439450762
114.986666666667,-0.0144476537818487
114.998333333333,-0.0154489052640513
115.01,-0.0163178516514703
115.021666666667,-0.0170475405661153
115.033333333333,-0.0176318907723606
115.045,-0.018065486426683
115.056666666667,-0.0183436315384127
115.068333333333,-0.0184624447249631
115.08,-0.0184187874096663
115.091666666667,-0.0182102618840352
115.103333333333,-0.0178352294779638
115.115,-0.0172929222373494
115.126666666667,-0.0165833779369694
115.138333333333,-0.0157074361803073
115.15,-0.0146669499101655
115.161666666667,-0.0134648186524624
115.173333333333,-0.0121050371720803
115.185,-0.0105928846592007
115.196666666667,-0.00893486883309311
115.208333333333,-0.00713886417279655
115.22,-0.00521426831736594
115.231666666667,-0.00317198627249912
115.243333333333,-0.00102470583442087
115.255,0.00121345450634168
115.266666666667,0.00352678511616794
115.278333333333,0.00589774154460319
115.29,0.00830714323311844
115.301666666667,0.0107342174953835
115.313333333333,0.0131567464929054
115.325,0.0155512998860916
115.336666666667,0.0178929369237627
115.348333333333,0.0201559118280119
115.36,0.0223138203505931
115.371666666667,0.0243398182900507
115.383333333333,0.0262071683529558
115.395,0.0278891679140682
115.406666666667,0.0293595529994631
115.418333333333,0.0305936202269309
115.43,0.031567980193365
115.441666666667,0.0322612405831341
115.453333333333,0.0326540081186404
115.465,0.0327300785264134
115.476666666667,0.0324762439275235
115.488333333333,0.0318824924682616
115.5,0.0309426588556723
115.511666666667,0.0296546066397909
115.523333333333,0.0280205115573272
115.535,0.0260469278566974
115.546666666667,0.0237448580264616
115.558333333333,0.0211301034008167
115.57,0.0182229806438611
115.581666666667,0.0150482708250001
115.593333333333,0.0116351707767426
115.605,0.0080167250405022
115.616666666667,0.00422954903894525
115.628333333333,0.000313824389857557
115.64,-0.00368749453514843
115.651666666667,-0.00772906653662681
115.663333333333,-0.0117641742125135
115.675,-0.0157444273339793
115.686666666667,-0.0196211568529424
115.698333333333,-0.0233462042192643
115.71,-0.0268723518959081
115.721666666667,-0.0301541210992646
115.733333333333,-0.0331484426591302
115.745,-0.0358153244651441
115.756666666667,-0.0381186901585105
115.768333333333,-0.0400266955997496
115.78,-0.0415123945552504
115.791666666667,-0.0425542397484305
115.803333333333,-0.0431363301044099
115.815,-0.0432489268256545
115.826666666667,-0.0428885845686753
115.838333333333,-0.0420581666964416
115.85,-0.0407669381240176
115.861666666667,-0.0390303666368365
115.873333333333,-0.0368702038835911
115.885,-0.0343136702962247
115.896666666667,-0.0313934543724606
115.908333333333,-0.0281472541798166
115.92,-0.024617079370736
115.931666666667,-0.020848627714728
115.943333333333,-0.0168905206956554
115.955,-0.0127937328140986
115.966666666667,-0.00861065168558296
115.978333333333,-0.00439410057747416
115.99,-0.000196738620058147
116.001666666667,0.00392981988981211
116.013333333333,0.00793587204884539
116.025,0.0117742510400305
116.036666666667,0.0154009988326396
116.048333333333,0.0187761510471957
116.06,0.0218643213555324
116.071666666667,0.0246351505249933
116.083333333333,0.0270635082474293
116.095,0.0291301935354624
116.106666666667,0.0308219015902921
116.118333333333,0.032131137571063
116.13,0.0330562860231252
116.141666666667,0.0336014797129807
116.153333333333,0.0337763168769909
116.165,0.0335955914756438
116.176666666667,0.0330786908189608
116.188333333333,0.0322491467948936
116.2,0.0311341004075094
116.211666666667,0.0297635892576803
116.223333333333,0.0281699173577386
116.235,0.0263868765566196
116.246666666667,0.0244489880273981
116.258333333333,0.0223908584228041
116.27,0.0202464633591001
116.281666666667,0.0180485063064481
116.293333333333,0.015827604279583
116.305,0.0136121666261334
116.316666666667,0.0114275793668484
116.328333333333,0.00929571579944644
116.34,0.00723483195433497
116.351666666667,0.00525928744917677
116.363333333333,0.00337953204608336
116.375,0.00160192991440895
116.386666666667,-7.11200736399582e-05
116.398333333333,-0.00164062674955335
116.41,-0.00311099836574026
116.421666666667,-0.00448960310217889
116.433333333333,-0.00578622009305757
116.445,-0.00701265645865413
116.456666666667,-0.00818196972302582
116.468333333333,-0.00930793300139296
116.48,-0.0104043853834992
116.491666666667,-0.011484533863554
116.503333333333,-0.0125605131358998
116.515,-0.0136422674423134
116.526666666667,-0.0147373759361631
116.538333333333,-0.0158507261164921
116.55,-0.016983789770938
116.561666666667,-0.0181343479109062
116.573333333333,-0.0192962450954078
116.585,-0.0204593195880192
116.596666666667,-0.0216094016187656
116.608333333333,-0.0227281855781072
116.62,-0.0237936723972311
116.631666666667,-0.0247804806147884
116.643333333333,-0.0256601700209026
116.655,-0.0264020568640456
116.666666666667,-0.0269750728303567
116.678333333333,-0.0273450483237838
116.69,-0.027478271493828
116.701666666667,-0.0273417326760468
116.713333333333,-0.0269041124467114
116.725,-0.0261365544660845
116.736666666667,-0.0250136601616286
116.748333333333,-0.0235144937792449
116.76,-0.0216233610694814
116.771666666667,-0.0193305638049706
116.783333333333,-0.0166331770034804
116.795,-0.0135354972833214
116.806666666667,-0.0100495144430114
116.818333333333,-0.00619538068412565
116.83,-0.00200144140113083
116.841666666667,0.00249571866976004
116.853333333333,0.007251528020305
116.865,0.0122136633242392
116.876666666667,0.0173224834239112
116.888333333333,0.0225120500617753
116.9,0.0277107863468285
116.911666666667,0.0328425255457595
116.923333333333,0.037827596099081
116.935,0.0425842157423393
116.946666666667,0.047029806944551
116.958333333333,0.051082335850118
116.97,0.0546618812742869
116.981666666667,0.0576921191873243
116.993333333333,0.0601018393157717
117.005,0.0618264138605227
117.016666666667,0.0628091915426022
117.028333333333,0.0630028297901077
117.04,0.0623704496995716
117.051666666667,0.0608867063199101
117.063333333333,0.0585386111485499
117.075,0.0553262837963059
117.086666666667,0.0512634078701414
117.098333333333,0.0463773871978162
117.11,0.0407094022203127
117.121666666667,0.0343141534016203
117.133333333333,0.027259427299904
117.145,0.0196252634286726
117.156666666667,0.0115030205101895
117.168333333333,0.00299429029606184
117.18,-0.0057905741000414
117.191666666667,-0.0147340463673652
117.203333333333,-0.023713093234878
117.215,-0.0326011788480852
117.226666666667,-0.0412702647185461
117.238333333333,-0.0495926682107051
117.25,-0.0574432720102453
117.261666666667,-0.0647016089906827
117.273333333333,-0.0712538793160547
117.285,-0.0769949636219491
117.296666666667,-0.0818302324398462
117.308333333333,-0.0856773083066342
117.32,-0.0884675850699445
117.331666666667,-0.0901475331016285
117.343333333333,-0.0906798605356436
117.355,-0.0900442070064176
117.366666666667,-0.0882377631483276
117.378333333333,-0.0852756016233512
117.39,-0.0811905823702911
117.401666666667,-0.0760330141688155
117.413333333333,-0.069870008639336
117.425,-0.0627845812053622
117.436666666667,-0.0548744570293292
117.448333333333,-0.0462505108483745
117.46,-0.0370351152380809
117.471666666667,-0.0273602260583875
117.483333333333,-0.0173652715898344
117.495,-0.00719492338775655
117.506666666667,0.00300327804544771
117.518333333333,0.013081281374791
117.53,0.02289296613596
117.541666666667,0.0322965726070874
117.553333333333,0.0411569905249842
117.565,0.0493480713597883
117.576666666667,0.0567547122339763
117.588333333333,0.0632746821182721
117.6,0.0688203620225106
117.611666666667,0.0733202112547741
117.623333333333,0.076719880235123
117.635,0.0789831579000595
117.646666666667,0.0800924881336407
117.658333333333,0.0800492072840823
117.67,0.0788734545928529
117.681666666667,0.0766037225738385
117.693333333333,0.0732962388175105
117.705,0.0690237072724571
117.716666666667,0.0638739481668829
117.728333333333,0.0579486162616902
117.74,0.051361141492759
117.751666666667,0.0442347375337259
117.763333333333,0.0367001400775985
117.775,0.0288933628771943
117.786666666667,0.0209532590423601
117.798333333333,0.0130189375200734
117.81,0.00522740181118122
117.821666666667,-0.00228889007751741
117.833333333333,-0.00940435035365824
117.845,-0.0160024183803034
117.856666666667,-0.0219775934509497
117.868333333333,-0.0272372279490469
117.88,-0.0317030976751589
117.891666666667,-0.0353126929924125
117.903333333333,-0.038020234134613
117.915,-0.0397972837593362
117.926666666667,-0.0406331618586047
117.938333333333,-0.0405350101986741
117.95,-0.0395274897235403
117.961666666667,-0.0376521561510569
117.973333333333,-0.0349665250855824
117.985,-0.0315429208327364
117.996666666667,-0.0274669861956446
118.008333333333,-0.0228359125420314
118.02,-0.0177565497434808
118.031666666667,-0.0123433371005807
118.043333333333,-0.00671605532619058
118.055,-0.000997577566841267
118.066666666667,0.00468849492694628
118.078333333333,0.0102202318436148
118.09,0.0154796125959354
118.101666666667,0.0203547824955431
118.113333333333,0.0247420741303392
118.125,0.0285480352435242
118.136666666667,0.0316911771433569
118.148333333333,0.0341032393852274
118.16,0.0357305476430365
118.171666666667,0.0365349537167191
118.183333333333,0.0364944269931073
118.195,0.0356034733297434
118.206666666667,0.0338730990962328
118.218333333333,0.0313305184228919
118.23,0.0280185655511635
118.241666666667,0.0239948134211387
118.253333333333,0.0193304286857449
118.265,0.0141087241000428
118.276666666667,0.00842353744795507
118.288333333333,0.00237744636215902
118.3,-0.00392021525500522
118.311666666667,-0.01035544285508
118.323333333333,-0.016811757850041
118.335,-0.0231723521928329
118.346666666667,-0.0293222764631071
118.358333333333,-0.0351506211476928
118.37,-0.0405525279264991
118.381666666667,-0.045431121284114
118.393333333333,-0.0496992324133844
118.405,-0.0532809875908439
118.416666666667,-0.0561131496202696
118.428333333333,-0.0581461255764305
118.44,-0.0593448303477298
118.451666666667,-0.059689216083582
118.463333333333,-0.0591744479095736
118.475,-0.0578109948825262
118.486666666667,-0.0556242867389613
118.498333333333,-0.0526539264167734
118.51,-0.0489529341310539
118.521666666667,-0.0445866067750239
118.533333333333,-0.039631141502976
118.545,-0.0341721835440999
118.556666666667,-0.0283030727898782
118.568333333333,-0.0221230031525249
118.58,-0.0157351180416959
118.591666666667,-0.0092445667578378
118.603333333333,-0.00275653293235067
118.615,0.00362578865027194
118.626666666667,0.00980305905543585
118.638333333333,0.0156815422372492
118.65,0.021174794022759
118.661666666667,0.02620516534286
118.673333333333,0.0307050911215559
118.685,0.0346182064749221
118.696666666667,0.0379002171232671
118.708333333333,0.0405194452786201
118.72,0.0424572385946922
118.731666666667,0.0437080586506049
118.743333333333,0.0442792505745088
118.755,0.0441907224546989
118.766666666667,0.043474247363725
118.778333333333,0.0421725232090225
118.79,0.0403381266196351
118.801666666667,0.0380322284688831
118.813333333333,0.035323160530802
118.825,0.0322848855086095
118.836666666667,0.0289953786585276
118.848333333333,0.0255349049366039
118.86,0.0219843102051244
118.871666666667,0.0184233659615715
118.883333333333,0.0149290911449724
118.895,0.0115742191302974
118.906666666667,0.00842573155043368
118.918333333333,0.00554357382588502
118.93,0.00297953050043953
118.941666666667,0.000776248977575106
118.953333333333,-0.0010334042194617
118.965,-0.00242702766002492
118.976666666667,-0.0033929351380677
118.988333333333,-0.00393004847139123
119,-0.00404784298080882
119.011666666667,-0.00376591048810281
119.023333333333,-0.00311340712450796
119.035,-0.00212815098471492
119.046666666667,-0.000855635715005077
119.058333333333,0.000651979402674557
119.07,0.00233725763495397
119.081666666667,0.00413883213862559
119.093333333333,0.00599284529149104
119.105,0.00783446402030646
119.116666666667,0.00959936545471584
119.128333333333,0.0112252296197716
119.14,0.012653134387921
119.151666666667,0.0138289180725694
119.163333333333,0.0147043749290651
119.175,0.0152383892959702
119.186666666667,0.0153978349903523
119.198333333333,0.0151582965543347
119.21,0.0145046631516021
119.221666666667,0.0134314226101995
119.233333333333,0.0119428916449713
119.245,0.0100530056560711
119.256666666667,0.00778506630023638
119.268333333333,0.00517136345789755
119.28,0.00225241161332794
119.291666666667,-0.000923880229003319
119.303333333333,-0.00430326194479207
119.315,-0.00782621861093506
119.326666666667,-0.0114292074027158
119.338333333333,-0.0150461442672867
119.35,-0.0186096952351375
119.361666666667,-0.0220526922733051
119.373333333333,-0.0253095915271238
119.385,-0.028317761646734
119.396666666667,-0.0310188174459003
119.408333333333,-0.0333598772665852
119.42,-0.0352946224601629
119.431666666667,-0.0367842418725794
119.443333333333,-0.0377982405478154
119.455,-0.0383150074430849
119.466666666667,-0.0383222517421624
119.478333333333,-0.0378172607374879
119.49,-0.0368068800345252
119.501666666667,-0.0353073649234094
119.513333333333,-0.0333439946807809
119.525,-0.0309504997206804
119.536666666667,-0.0281683334809455
119.548333333333,-0.0250457725343885
119.56,-0.0216368835261463
119.571666666667,-0.018000361057017
119.583333333333,-0.0141983463389033
119.595,-0.0102950487337697
119.606666666667,-0.00635545284187729
119.618333333333,-0.00244400994030702
119.63,0.00137671744696414
119.641666666667,0.00504725948277673
119.653333333333,0.00851255115655382
119.665,0.0117227727415446
119.676666666667,0.0146343306636415
119.688333333333,0.0172109120753243
119.7,0.0194239407377518
119.711666666667,0.0212530694936604
119.723333333333,0.0226864091596658
119.735,0.0237206521095756
119.746666666667,0.0243609833746309
119.758333333333,0.0246206644400159
119.77,0.0245206056782779
119.781666666667,0.0240886999153785
119.793333333333,0.0233590311699986
119.805,0.0223709039238506
119.816666666667,0.0211677648677651
119.828333333333,0.0197961138556844
119.84,0.0183042627936584
119.851666666667,0.0167410963616725
119.863333333333,0.0151548177046975
119.875,0.013591733497679
119.886666666667,0.0120951183979297
119.898333333333,0.0107040527400623
119.91,0.00945248650885384
119.921666666667,0.00836839818651375
119.933333333333,0.00747299023969085
119.945,0.00678033386774732
119.956666666667,0.00629696039832014
119.968333333333,0.00602154871850416
119.98,0.00594504801591171
119.991666666667,0.00605089338057169
120.003333333333,0.0063154561090627
120.015,0.00670858403975408
120.026666666667,0.00719437234241665
120.038333333333,0.00773219142113594
120.05,0.00827769840197506
120.061666666667,0.00878400906009585
120.073333333333,0.00920299340701796
120.085,0.00948656397858922
120.096666666667,0.00958804516069546
120.108333333333,0.00946352970158827
120.12,0.00907319642175682
120.131666666667,0.00838254990523384
120.143333333333,0.00736355001617582
120.155,0.00599570561622927
120.166666666667,0.0042669357254757
120.178333333333,0.00217421288878107
120.19,-0.000275889116947068
120.201666666667,-0.00306690211895776
120.213333333333,-0.00617234290480037
120.225,-0.0095559282843282
120.236666666667,-0.0131719657627366
120.248333333333,-0.0169658525029655
120.26,-0.0208749747546858
120.271666666667,-0.0248297197362647
120.283333333333,-0.0287546669385698
120.295,-0.0325700602341875
120.306666666667,-0.0361932820803124
120.318333333333,-0.0395404619220227
120.33,-0.0425282318202461
120.341666666667,-0.0450754810419391
120.353333333333,-0.047105122766698
120.365,-0.0485458800358107
120.376666666667,-0.0493339514491982
120.388333333333,-0.0494145687854501
120.4,-0.048743486043811
120.411666666667,-0.0472882400698534
120.423333333333,-0.0450292585072994
120.435,-0.0419606617702031
120.446666666667,-0.0380908580013612
120.458333333333,-0.0334430240064307
120.47,-0.0280551070471576
120.481666666667,-0.0219795920753508
120.493333333333,-0.0152830688982903
120.505,-0.00804535468699214
120.516666666667,-0.000358493393255162
120.528333333333,0.0076745142940361
120.54,0.0159413099718213
120.551666666667,0.0243219008993414
120.563333333333,0.0326906288995111
120.575,0.0409182127275788
120.586666666667,0.0488739449490446
120.598333333333,0.0564280177622255
120.61,0.0634537566830448
120.621666666667,0.0698299384402598
120.633333333333,0.0754429700066335
120.645,0.0801890394004547
120.656666666667,0.0839760990672855
120.668333333333,0.0867256118966583
120.68,0.0883741662521137
120.691666666667,0.0888747759008422
120.703333333333,0.0881979887967907
120.715,0.0863325472618167
120.726666666667,0.0832858305462124
120.738333333333,0.0790840712130291
120.75,0.0737720425285431
120.761666666667,0.0674125198643726
120.773333333333,0.0600854124467341
120.785,0.0518865247493238
120.796666666667,0.0429261144136283
120.808333333333,0.0333271464492911
120.82,0.023223291123114
120.831666666667,0.0127567424588003
120.843333333333,0.00207588294455542
120.855,-0.00866718865391825
120.866666666667,-0.0193191856861958
120.878333333333,-0.0297282007799519
120.89,-0.0397462465564704
120.901666666667,-0.0492317157233011
120.913333333333,-0.0580517848060572
120.925,-0.0660845669938799
120.936666666667,-0.0732211173272142
120.948333333333,-0.0793672699602055
120.96,-0.0844451174514478
120.971666666667,-0.0883942234380314
120.983333333333,-0.0911725135533209
120.995,-0.0927568598879258
121.006666666667,-0.0931432894932433
121.018333333333,-0.0923468582494557
121.03,-0.0904012134069917
121.041666666667,-0.0873577689115787
121.053333333333,-0.0832846308178542
121.065,-0.078265160290176
121.076666666667,-0.0723963057477104
121.088333333333,-0.0657867552758331
121.1,-0.0585548026354108
121.111666666667,-0.0508261271482367
121.123333333333,-0.0427314427009379
121.135,-0.0344040513861697
121.146666666667,-0.025977433478825
121.158333333333,-0.0175828407404237
121.17,-0.00934697013589071
121.181666666667,-0.00138976147035648
121.193333333333,0.00617765098628794
121.205,0.013254783056084
121.216666666667,0.0197534066007557
121.228333333333,0.0255988912911544
121.24,0.030731255081646
121.251666666667,0.0351059219727944
121.263333333333,0.0386941619182807
121.275,0.0414831714868222
121.286666666667,0.0434758781614147
121.298333333333,0.0446904425729906
121.31,0.0451594120240362
121.321666666667,0.044928617091715
121.333333333333,0.0440558355441807
121.345,0.0426091955860759
121.356666666667,0.0406654110453291
121.368333333333,0.0383078938907879
121.38,0.0356247245540751
121.391666666667,0.0327065668557179
121.403333333333,0.0296445917927304
121.415,0.0265283814692794
121.426666666667,0.0234439046374839
121.438333333333,0.0204716849963509
121.45,0.0176850543204261
121.461666666667,0.0151485878906067
121.473333333333,0.0129168092373534
121.485,0.011033063633485
121.496666666667,0.00952872750428556
121.508333333333,0.00842272213928134
121.52,0.00772126592636782
121.531666666667,0.00741795164363532
121.543333333333,0.00749410041257887
121.555,0.00791943772356727
121.566666666667,0.00865303233796826
121.578333333333,0.00964442363185722
121.59,0.0108350507496856
121.601666666667,0.0121598387254432
121.613333333333,0.0135489057773416
121.625,0.0149294766988691
121.636666666667,0.0162277907224852
121.648333333333,0.0173710353813419
121.66,0.0182893140389464
121.671666666667,0.0189175137848722
121.683333333333,0.0191971164880343
121.695,0.0190778062479007
121.706666666667,0.0185189245978753
121.718333333333,0.0174907579374842
121.73,0.0159755168515627
121.741666666667,0.0139680621410481
121.753333333333,0.011476360037216
121.765,0.00852161458647236
121.776666666667,0.00513810275787137
121.788333333333,0.0013727111845147
121.8,-0.00271583608605131
121.811666666667,-0.00705803395442261
121.823333333333,-0.0115749236674399
121.835,-0.0161796279742745
121.846666666667,-0.020779131908177
121.858333333333,-0.0252762497289301
121.87,-0.0295716708601034
121.881666666667,-0.0335661405694049
121.893333333333,-0.0371626659137841
121.905,-0.040268696113961
121.916666666667,-0.0427983060979897
121.928333333333,-0.0446742522352931
121.94,-0.0458298829525406
121.951666666667,-0.0462108659027523
121.963333333333,-0.0457766917579221
121.975,-0.0445019223123286
121.986666666667,-0.042377130025437
121.998333333333,-0.0394095641469221
122.01,-0.035623463968426
122.021666666667,-0.0310600031273589
122.033333333333,-0.0257769276542235
122.045,-0.0198478446038405
122.056666666667,-0.0133611223214942
122.068333333333,-0.00641853929026353
122.08,0.000866390964523276
122.091666666667,0.0083703856767941
122.103333333333,0.0159624897124875
122.115,0.0235065422055711
122.126666666667,0.0308636725992732
122.138333333333,0.0378947687123265
122.15,0.0444632103547731
122.161666666667,0.0504375176739515
122.173333333333,0.0556938836776963
122.185,0.0601187127194751
122.196666666667,0.0636109046551745
122.208333333333,0.0660839496619193
122.22,0.067467791084176
122.231666666667,0.0677103885776525
122.243333333333,0.0667789958384005
122.255,0.0646609904756797
122.266666666667,0.0613644389391702
122.278333333333,0.0569182663918162
122.29,0.0513719953207804
122.301666666667,0.0447951148128906
122.313333333333,0.0372760472126749
122.325,0.0289208268603821
122.336666666667,0.0198513651153935
122.348333333333,0.0102034049087962
122.36,0.000124251557938589
122.371666666667,-0.0102297399088492
122.383333333333,-0.0206958575382728
122.395,-0.0311078785432748
122.406666666667,-0.0412989707292517
122.418333333333,-0.0511046186278709
122.43,-0.0603655163736535
122.441666666667,-0.0689303977391664
122.453333333333,-0.0766587012665297
122.465,-0.0834230429169926
122.476666666667,-0.0891114811372084
122.488333333333,-0.0936294522753316
122.5,-0.0969014220149274
122.511666666667,-0.0988721919421379
122.523333333333,-0.0995078349768141
122.535,-0.0987961810970086
122.546666666667,-0.0967469699521091
122.558333333333,-0.0933916259937493
122.57,-0.088782571110496
122.581666666667,-0.0829921811724168
122.593333333333,-0.0761113823615707
122.605,-0.068247944178692
122.616666666667,-0.0595244371701048
122.628333333333,-0.0500759301213283
122.64,-0.0400475209030574
122.651666666667,-0.0295916599092325
122.663333333333,-0.0188654010265782
122.675,-0.00802755789941569
122.686666666667,0.00276413552364531
122.698333333333,0.0133557563227176
122.71,0.0235998843666191
122.721666666667,0.0333581155366857
122.733333333333,0.0425033552156638
122.745,0.0509218893006241
122.756666666667,0.0585151459506521
122.768333333333,0.0652011767447419
122.78,0.0709157571060765
122.791666666667,0.0756131387261516
122.803333333333,0.0792664887222788
122.815,0.0818677922772504
122.826666666667,0.0834275276861345
122.838333333333,0.0839740149053997
122.85,0.0835523157623182
122.861666666667,0.0822228852228743
122.873333333333,0.0800598589386982
122.885,0.07714924520729
122.896666666667,0.0735868086290141
122.908333333333,0.0694757128804878
122.92,0.0649242244601193
122.931666666667,0.0600432697552579
122.943333333333,0.0549440050664448
122.955,0.0497354406968907
122.966666666667,0.0445221386555303
122.978333333333,0.0394020656659518
122.99,0.0344646162680978
123.001666666667,0.0297888967327054
123.013333333333,0.0254422284056935
123.025,0.0214789504528479
123.036666666667,0.0179395613461527
123.048333333333,0.0148501567117436
123.06,0.012222211886172
123.071666666667,0.0100527153316634
123.083333333333,0.00832462262037579
123.095,0.00700761358068946
123.106666666667,0.00605919364372344
123.118333333333,0.00542603111254756
123.13,0.00504555416722109
123.141666666667,0.00484775228499686
123.153333333333,0.00475708654934224
123.165,0.00469467205563874
123.176666666667,0.00458038449862426
123.188333333333,0.00433498423879834
123.2,0.00388232338112299
123.211666666667,0.00315140689538735
123.223333333333,0.0020784012596503
123.235,0.000608372087007642
123.246666666667,-0.00130313867048901
123.258333333333,-0.00368863562472346
123.27,-0.00656765007603071
123.281666666667,-0.00994594040625537
123.293333333333,-0.0138149679035306
123.305,-0.0181518184284589
123.316666666667,-0.0229193337560146
123.328333333333,-0.0280665637079465
123.34,-0.0335296260173816
123.351666666667,-0.0392327926724262
123.363333333333,-0.0450899447877313
123.375,-0.0510061191018497
123.386666666667,-0.0568794068456137
123.398333333333,-0.0626030598270928
123.41,-0.0680676055996097
123.421666666667,-0.0731631308606823
123.433333333333,-0.0777815606625266
123.445,-0.0818189985903797
123.456666666667,-0.0851779751433392
123.468333333333,-0.087769521950321
123.48,-0.0895152139605241
123.491666666667,-0.090348951417617
123.503333333333,-0.0902185812248854
123.515,-0.0890871330781875
123.526666666667,-0.0869338090490272
123.538333333333,-0.0837548382226624
123.55,-0.0795637576898401
123.561666666667,-0.0743914408309918
123.573333333333,-0.0682858458768634
123.585,-0.0613113047871583
123.596666666667,-0.0535475699080165
123.608333333333,-0.045088573648259
123.62,-0.0360408648702441
123.631666666667,-0.0265217752489116
123.643333333333,-0.0166573893270891
123.655,-0.00658037776535202
123.666666666667,0.00357232792811723
123.678333333333,0.0136620378459419
123.69,0.0235507201473672
123.701666666667,0.0331034367037747
123.713333333333,0.0421907831932028
123.725,0.0506911102330428
123.736666666667,0.058492693732109
123.748333333333,0.0654956965386657
123.76,0.0716138529497253
123.771666666667,0.0767759404774209
123.783333333333,0.0809268977908592
123.795,0.0840287354718264
123.806666666667,0.0860610464634225
123.818333333333,0.0870211337446215
123.83,0.0869238929572293
123.841666666667,0.0858013107135543
123.853333333333,0.0837016869733135
123.865,0.0806885206870925
123.876666666667,0.0768390921792093
123.888333333333,0.0722428943494822
123.9,0.0669997429690659
123.911666666667,0.0612177531399286
123.923333333333,0.0550112223710965
123.935,0.0484983307724175
123.946666666667,0.0417988766991695
123.958333333333,0.0350320399014213
123.97,0.0283141236275106
123.981666666667,0.0217564087487259
123.993333333333,0.0154631540512818
124.005,0.00952978959203652
124.016666666667,0.00404129431041935
124.028333333333,-0.000929225420564549
124.04,-0.00532164667325344
124.051666666667,-0.00908963361477671
124.063333333333,-0.0122011984246206
124.075,-0.0146389477606798
124.086666666667,-0.0164000203620639
124.098333333333,-0.0174957052006344
124.11,-0.0179508085642448
124.121666666667,-0.0178027566820526
124.133333333333,-0.0171004250218194
124.145,-0.0159027957209107
124.156666666667,-0.0142774056606276
124.168333333333,-0.0122986375154333
124.18,-0.0100459114778096
124.191666666667,-0.0076018342335962
124.203333333333,-0.00505032370827526
124.215,-0.00247467884316728
124.226666666667,4.42201880934765e-05
124.238333333333,0.00242961565542132
124.25,0.00461049858986571
124.261666666667,0.00652304253323261
124.273333333333,0.00811185829212776
124.285,0.00933099169805489
124.296666666667,0.0101447136272406
124.308333333333,0.010528133296794
124.32,0.0104674446493977
124.331666666667,0.00995995907335078
124.343333333333,0.00901392324660851
124.355,0.00764800660542467
124.366666666667,0.00589061845137469
124.378333333333,0.00377902858452303
124.39,0.00135825883891617
124.401666666667,-0.00132015404610112
124.413333333333,-0.00419955041949751
124.425,-0.00721960463083351
124.436666666667,-0.0103178320296492
124.448333333333,-0.0134311735181803
124.46,-0.0164975097862048
124.471666666667,-0.0194571258501791
124.483333333333,-0.0222541212527077
124.495,-0.0248376728795771
124.506666666667,-0.0271631839462866
124.518333333333,-0.0291932027925308
124.53,-0.030898198492439
124.541666666667,-0.0322571386984652
124.553333333333,-0.0332577551216922
124.565,-0.0338967571791891
124.576666666667,-0.0341796864161854
124.588333333333,-0.03412049771851
124.6,-0.0337410649613816
124.611666666667,-0.0330704120116037
124.623333333333,-0.0321438489759746
124.635,-0.0310018155682496
124.646666666667,-0.029688690110403
124.658333333333,-0.028251569565748
124.67,-0.0267388602214032
124.681666666667,-0.0251989141417797
124.693333333333,-0.0236786364245338
124.705,-0.0222221792362032
124.716666666667,-0.0208696474608201
124.728333333333,-0.0196559405329314
124.74,-0.0186097658160861
124.751666666667,-0.0177527346366377
124.763333333333,-0.0170987834567432
124.775,-0.0166535261137308
124.786666666667,-0.0164140627936458
124.798333333333,-0.0163690594579574
124.81,-0.0164988419072166
124.821666666667,-0.0167758135165567
124.833333333333,-0.0171650804146194
124.845,-0.0176252928259756
124.856666666667,-0.018109651901463
124.868333333333,-0.0185670349085133
124.88,-0.0189433256408326
124.891666666667,-0.019182816287978
124.903333333333,-0.0192296821784897
124.915,-0.0190295016629836
124.926666666667,-0.0185307542393209
124.938333333333,-0.0176863228621088
124.95,-0.016454896660545
124.961666666667,-0.0148022649229889
124.973333333333,-0.0127025194225816
124.985,-0.0101389958074007
124.996666666667,-0.00710508544129872
125.008333333333,-0.00360488988680098
125.02,0.000346465021583061
125.031666666667,0.00472271210368901
125.043333333333,0.00948656391913252
125.055,0.0145901314782367
125.066666666667,0.0199755475636528
125.078333333333,0.0255758335567408
125.09,0.0313160115397223
125.101666666667,0.0371144013010971
125.113333333333,0.0428841001648838
125.125,0.0485346052948828
125.136666666667,0.0539735432269081
125.148333333333,0.0591085004117069
125.16,0.0638488710527528
125.171666666667,0.0681077190961235
125.183333333333,0.0718035996423233
125.195,0.0748622587194232
125.206666666667,0.077218270741806
125.218333333333,0.0788165255013669
125.23,0.0796134810817093
125.241666666667,0.0795782288136619
125.253333333333,0.0786933304043093
125.265,0.076955350876429
125.276666666667,0.0743751327131645
125.288333333333,0.0709778443499829
125.3,0.0668026529386058
125.311666666667,0.0619021505593732
125.323333333333,0.0563415467171148
125.335,0.0501974980383953
125.346666666667,0.0435567800104417
125.358333333333,0.0365147701884656
125.37,0.0291736683002675
125.381666666667,0.0216406214421938
125.393333333333,0.0140257424153666
125.405,0.00644000875875766
125.416666666667,-0.00100683989242361
125.428333333333,-0.00820832544371636
125.44,-0.0150632710154189
125.451666666667,-0.0214777164456689
125.463333333333,-0.0273666721361694
125.475,-0.032655751569376
125.486666666667,-0.0372825349417953
125.498333333333,-0.0411976999641602
125.51,-0.044365919602144
125.521666666667,-0.0467664315205976
125.533333333333,-0.0483933400572423
125.545,-0.0492556111559191
125.556666666667,-0.049376752302058
125.568333333333,-0.0487942140877869
125.58,-0.0475584938714565
125.591666666667,-0.045731977177409
125.603333333333,-0.043387552710623
125.615,-0.0406069529528749
125.626666666667,-0.0374789735112821
125.638333333333,-0.0340975895215425
125.65,-0.0305599006136488
125.661666666667,-0.0269640296615873
125.673333333333,-0.0234070072420597
125.685,-0.0199827299804018
125.696666666667,-0.0167799744907548
125.708333333333,-0.0138804623044401
125.72,-0.0113571799112871
125.731666666667,-0.00927283237494958
125.743333333333,-0.00767852696344283
125.755,-0.00661276875739808
125.766666666667,-0.00610065986895073
125.778333333333,-0.006153393694794
125.79,-0.00676808917221332
125.801666666667,-0.00792791986126666
125.813333333333,-0.00960250394099867
125.825,-0.0117486810975561
125.836666666667,-0.0143114940270061
125.848333333333,-0.01722536527835
125.86,-0.0204156332154778
125.871666666667,-0.0238001999115594
125.883333333333,-0.027291366437311
125.895,-0.0307977942781803
125.906666666667,-0.0342265060801466
125.918333333333,-0.0374849739899345
125.93,-0.0404831658404014
125.941666666667,-0.0431355364331596
125.953333333333,-0.0453629108019635
125.965,-0.047094275117626
125.976666666667,-0.0482683365350704
125.988333333333,-0.0488348685065663
126,-0.048755858568006
126.011666666667,-0.0480063618181751
126.023333333333,-0.046575096312118
126.035,-0.0444646740415849
126.046666666667,-0.0416915889254389
126.058333333333,-0.0382859263606442
126.07,-0.0342907160187883
126.081666666667,-0.0297610492219662
126.093333333333,-0.0247628661669765
126.105,-0.0193716020508313
126.116666666667,-0.0136705824159024
126.128333333333,-0.00774917717006989
126.14,-0.00170093072772465
126.151666666667,0.00437846513465417
126.163333333333,0.010393211396677
126.175,0.0162494143805805
126.186666666667,0.0218571448578276
126.198333333333,0.0271323606393108
126.21,0.0319986780352817
126.221666666667,0.0363890020442641
126.233333333333,0.0402469442780795
126.245,0.043528021518628
126.256666666667,0.0462005520872709
126.268333333333,0.0482462962054056
126.28,0.0496607783799193
126.291666666667,0.0504533070952711
126.303333333333,0.0506467466686954
126.315,0.0502768494603977
126.326666666667,0.0493914227374009
126.338333333333,0.0480492050023648
126.35,0.0463184313276086
126.361666666667,0.0442752460874362
126.373333333333,0.0420018347756791
126.385,0.0395845656145833
126.396666666667,0.037111890656746
126.408333333333,0.0346721763458482
126.42,0.0323516306785645
126.431666666667,0.0302321822265056
126.443333333333,0.0283894970619178
126.455,0.0268910203262233
126.466666666667,0.0257942813222949
126.478333333333,0.025145421133831
126.49,0.0249778309772918
126.501666666667,0.0253112078400865
126.513333333333,0.0261507744409989
126.525,0.0274869546679987
126.536666666667,0.0292952813546869
126.548333333333,0.0315365405052021
126.56,0.0341574238845998
126.571666666667,0.0370913921318174
126.583333333333,0.0402599341223074
126.595,0.0435739479404926
126.606666666667,0.0469354910512785
126.618333333333,0.0502398363463325
126.63,0.0533775145938193
126.641666666667,0.0562366056584826
126.653333333333,0.0587051198543769
126.665,0.0606733865903732
126.676666666667,0.0620364769424088
126.688333333333,0.062696546430487
126.7,0.0625650994934088
126.711666666667,0.0615651005189626
126.723333333333,0.0596328983638865
126.735,0.0567199015353862
126.746666666667,0.0527940102821105
126.758333333333,0.0478407305890428
126.77,0.0418639653152721
126.781666666667,0.0348864986474657
126.793333333333,0.0269500670082833
126.805,0.0181151421758944
126.816666666667,0.00846032590744158
126.828333333333,-0.0019186553874417
126.84,-0.0129102134719253
126.851666666667,-0.0243885008613767
126.863333333333,-0.0362152946638386
126.875,-0.048242126091061
126.886666666667,-0.0603126311289028
126.898333333333,-0.0722650471857128
126.91,-0.0839348484243286
126.921666666667,-0.0951574573424023
126.933333333333,-0.105770969852634
126.945,-0.115618831722737
126.956666666667,-0.124552463827845
126.968333333333,-0.132433816074426
126.98,-0.139137695335773
126.991666666667,-0.144553862599492
127.003333333333,-0.148588933402159
127.015,-0.151167968633694
127.026666666667,-0.152235782859016
127.038333333333,-0.151757907189541
127.05,-0.149721201192825
127.061666666667,-0.146134140144246
127.073333333333,-0.141026657125556
127.085,-0.134449831723071
127.096666666667,-0.126475100415521
127.108333333333,-0.117192967262832
127.12,-0.106711718727309
127.131666666667,-0.0951557227184788
127.143333333333,-0.0826635294906207
127.155,-0.0693856375723688
127.166666666667,-0.0554821868033907
127.178333333333,-0.0411206919468514
127.19,-0.0264734235753367
127.201666666667,-0.0117148520542009
127.213333333333,0.0029808795977465
127.225,0.0174424738470582
127.236666666667,0.0315038550207388
127.248333333333,0.0450065208721464
127.26,0.0578016420896028
127.271666666667,0.0697519689947011
127.283333333333,0.0807336023833802
127.295,0.0906373674162154
127.306666666667,0.0993700433333537
127.318333333333,0.106855384357984
127.33,0.113034712379721
127.341666666667,0.117867292285101
127.353333333333,0.121330410885597
127.365,0.123419222184217
127.376666666667,0.124146323622437
127.388333333333,0.123540983557285
127.4,0.121648305395947
127.411666666667,0.118528116549806
127.423333333333,0.114253628619583
127.435,0.108910110336804
127.446666666667,0.102593300068465
127.458333333333,0.0954077581508251
127.47,0.0874652004625401
127.481666666667,0.0788827894252666
127.493333333333,0.0697814744042733
127.505,0.0602842196477765
127.516666666667,0.0505144026640814
127.528333333333,0.0405943804898076
127.54,0.0306439400859476
127.551666666667,0.0207789863021313
127.563333333333,0.0111103355350956
127.575,0.00174262742443664
127.586666666667,-0.00722658835984157
127.598333333333,-0.0157076851389328
127.61,-0.0236195875162811
127.621666666667,-0.0308902625051
127.633333333333,-0.0374570993468578
127.645,-0.0432671463140848
127.656666666667,-0.0482771971171379
127.668333333333,-0.0524538117066568
127.68,-0.0557732175148885
127.691666666667,-0.0582211066278665
127.703333333333,-0.0597923879137684
127.715,-0.0604908351707757
127.726666666667,-0.0603287256439708
127.738333333333,-0.0593264080010937
127.75,-0.057511873523148
127.761666666667,-0.0549202762728133
127.773333333333,-0.0515934007459826
127.785,-0.0475792388803913
127.796666666667,-0.0429314473190183
127.808333333333,-0.0377088218469226
127.82,-0.0319748161302607
127.831666666667,-0.0257970069997755
127.843333333333,-0.0192466217857627
127.855,-0.0123979466465211
127.866666666667,-0.00532780622244945
127.878333333333,0.0018849182823814
127.89,0.00915990213004125
127.901666666667,0.0164159402585104
127.913333333333,0.0235716002686313
127.925,0.0305458088471698
127.936666666667,0.0372585199663503
127.948333333333,0.0436314646638319
127.96,0.0495888215346743
127.971666666667,0.0550579900652101
127.983333333333,0.0599703047675733
127.995,0.0642618852481272
128.006666666667,0.0678743910527765
128.018333333333,0.0707557071384734
128.03,0.0728607378856597
128.041666666667,0.074152110834212
128.053333333333,0.0746008971732593
128.065,0.074187060334415
128.076666666667,0.0729000412104932
128.088333333333,0.0707393105730457
128.1,0.0677145879796432
128.111666666667,0.0638460631941712
128.123333333333,0.0591644602928777
128.135,0.0537109582111686
128.146666666667,0.0475369727469702
128.158333333333,0.0407037264113638
128.17,0.033281698964453
128.181666666667,0.0253499290328963
128.193333333333,0.01699512798339
128.205,0.00831064518137119
128.216666666667,-0.000604680648258835
128.228333333333,-0.00964785043661611
128.24,-0.0187131167156442
128.251666666667,-0.0276934603251224
128.263333333333,-0.0364821702587934
128.275,-0.0449744799379863
128.286666666667,-0.053069176044781
128.298333333333,-0.0606701785332346
128.31,-0.0676881308075872
128.321666666667,-0.07404188635819
128.333333333333,-0.079659888972625
128.345,-0.0844814025853785
128.356666666667,-0.088457583673883
128.368333333333,-0.0915523997067523
128.38,-0.0937433152918389
128.391666666667,-0.0950217269011285
128.403333333333,-0.0953931685792307
128.415,-0.094877255509916
128.426666666667,-0.093507361618665
128.438333333333,-0.0913300728660834
128.45,-0.0884043531059508
128.461666666667,-0.0848004603398414
128.473333333333,-0.080598632630984
128.485,-0.0758875756736979
128.496666666667,-0.0707627911934521
128.508333333333,-0.0653246772154145
128.52,-0.0596765704099468
128.531666666667,-0.0539227057345999
128.543333333333,-0.0481660667268302
128.555,-0.0425063718736545
128.566666666667,-0.0370379865983996
128.578333333333,-0.0318478895138217
128.59,-0.0270138763419678
128.601666666667,-0.0226028684956833
128.613333333333,-0.0186694652016315
128.625,-0.0152546830389033
128.636666666667,-0.0123849994300488
128.648333333333,-0.0100717208045617
128.66,-0.00831060576452514
128.671666666667,-0.0070818650677979
128.683333333333,-0.00635045482179484
128.695,-0.00606675503020655
128.706666666667,-0.0061675711261352
128.718333333333,-0.00657736521624622
128.73,-0.00720988108679879
128.741666666667,-0.00797000915082159
128.753333333333,-0.00875587751557706
128.765,-0.00946108689125638
128.776666666667,-0.00997714203876157
128.788333333333,-0.010196060398291
128.8,-0.0100129234152364
128.811666666667,-0.00932843332841466
128.823333333333,-0.0080514597228945
128.835,-0.00610142042611808
128.846666666667,-0.00341055930826108
128.858333333333,7.40328170597919e-05
128.87,0.00438868521909964
128.881666666667,0.00955164614737338
128.893333333333,0.0155620133568263
128.905,0.022398919685774
128.916666666667,0.0300211854009562
128.928333333333,0.0383674887139288
128.94,0.0473567821344824
128.951666666667,0.0568891970221076
128.963333333333,0.0668473734690184
128.975,0.0770981685766048
128.986666666667,0.0874947857337295
128.998333333333,0.097879093878097
129.01,0.108084352761299
129.021666666667,0.117938191871951
129.033333333333,0.127265669537923
129.045,0.135892633632265
129.056666666667,0.143648999725263
129.068333333333,0.150372026960787
129.08,0.155909616671568
129.091666666667,0.160123425641922
129.103333333333,0.162891870824291
129.115,0.164112671523846
129.126666666667,0.163705247197507
129.138333333333,0.16161285814717
129.15,0.157804092879728
129.161666666667,0.152274022192567
129.173333333333,0.145044885886953
129.185,0.13616623723487
129.196666666667,0.125714632748203
129.208333333333,0.113792739962698
129.22,0.100528039270871
129.231666666667,0.0860710061932272
129.243333333333,0.0705927448981814
129.255,0.0542824518691522
129.266666666667,0.0373443274436695
129.278333333333,0.0199941013880427
129.29,0.00245552145307403
129.301666666667,-0.0150434733318403
129.313333333333,-0.032274630815368
129.325,-0.0490133216392364
129.336666666667,-0.0650424692412047
129.348333333333,-0.0801562672256484
129.36,-0.0941638120824108
129.371666666667,-0.106892443441202
129.383333333333,-0.118190736213235
129.395,-0.12793115398222
129.406666666667,-0.136012229976123
129.418333333333,-0.14236027353393
129.43,-0.146930581174107
129.441666666667,-0.149708100464618
129.453333333333,-0.150707512615279
129.465,-0.149972802891994
129.476666666667,-0.147576242492273
129.488333333333,-0.143616866129631
129.5,-0.138218443294869
129.511666666667,-0.131526947887908
129.523333333333,-0.123707705870216
129.535,-0.11494206123313
129.546666666667,-0.10542383878957
129.558333333333,-0.0953555771684236
129.57,-0.0849445802055804
129.581666666667,-0.0743989468399251
129.593333333333,-0.0639234986760487
129.605,-0.0537160100791175
129.616666666667,-0.0439634610311649
129.628333333333,-0.0348383849522993
129.64,-0.0264957965655635
129.651666666667,-0.0190703632302998
129.663333333333,-0.0126740247180586
129.675,-0.00739408933910279
129.686666666667,-0.00329178808215851
129.698333333333,-0.000401489734185921
129.71,0.00126963618605023
129.721666666667,0.00174136448696574
129.733333333333,0.0010595883083554
129.745,-0.000704924354581992
129.756666666667,-0.00345839960143698
129.768333333333,-0.00708641609838633
129.78,-0.011456542779783
129.791666666667,-0.0164213846008894
129.803333333333,-0.02182193779975
129.815,-0.0274911263396258
129.826666666667,-0.0332575085872727
129.838333333333,-0.0389489680444396
129.85,-0.0443964727049992
129.861666666667,-0.0494376971460696
129.873333333333,-0.05392039892342
129.885,-0.0577057535413098
129.896666666667,-0.0606711618606905
129.908333333333,-0.0627126680951675
129.92,-0.0637471111907977
129.931666666667,-0.0637136937250923
129.943333333333,-0.0625750812792077
129.955,-0.0603179426363265
129.966666666667,-0.0569529694431247
129.978333333333,-0.0525143861847482
129.99,-0.0470589015592084
130.001666666667,-0.040664177045701
130.013333333333,-0.0334268048049703
130.025,-0.0254599320303558
130.036666666667,-0.0168904783530134
130.048333333333,-0.00785602654768294
130.06,0.00149844951680561
130.071666666667,0.0110240435616815
130.083333333333,0.0205714150848587
130.095,0.0299943489401973
130.106666666667,0.0391531733082889
130.118333333333,0.0479179665769739
130.13,0.0561716130549777
130.141666666667,0.063812455237323
130.153333333333,0.0707566058804841
130.165,0.0769399306637069
130.176666666667,0.0823193695978571
130.188333333333,0.0868737650570008
130.2,0.0906042558977425
130.211666666667,0.0935340358125404
130.223333333333,0.0957075864458439
130.235,0.0971893452236506
130.246666666667,0.09806188446203
130.258333333333,0.0984235943011094
130.27,0.098385920267976
130.281666666667,0.0980702612650005
130.293333333333,0.097604519791158
130.305,0.0971194735314109
130.316666666667,0.0967449405108063
130.328333333333,0.0966059258172862
130.34,0.0968187838572477
130.351666666667,0.0974874749087131
130.363333333333,0.0987001229199378
130.375,0.100525684671764
130.386666666667,0.103011146404015
130.398333333333,0.106179199482994
130.41,0.110026272456012
130.421666666667,0.114521259241314
130.433333333333,0.119604834675237
130.445,0.125189343447773
130.456666666667,0.131159422056462
130.468333333333,0.137373347595108
130.48,0.143664952399014
130.491666666667,0.149846183179179
130.503333333333,0.155710315064516
130.515,0.161035643470467
130.526666666667,0.165589732070441
130.538333333333,0.169134011579639
130.55,0.171428720222509
130.561666666667,0.172238113485886
130.573333333333,0.171335659138286
130.585,0.168509554305828
130.596666666667,0.163567924933262
130.608333333333,0.156343692475376
130.62,0.146699470570198
130.631666666667,0.13453186023206
130.643333333333,0.119775337139864
130.655,0.102405450354676
130.666666666667,0.082441360808671
130.678333333333,0.0599478554198615
130.69,0.0350362829936978
130.701666666667,0.00786480085504473
130.713333333333,-0.0213622498021341
130.725,-0.0523958799576331
130.736666666667,-0.0849447780449201
130.748333333333,-0.11867856624802
130.76,-0.153231749347637
130.771666666667,-0.188208476225846
130.783333333333,-0.22318797425037
130.795,-0.257730458508044
130.806666666667,-0.291383657015985
130.818333333333,-0.323689716501455
130.83,-0.354192292202543
130.841666666667,-0.382443823665651
130.853333333333,-0.408012817978528
130.865,-0.430491034919769
130.876666666667,-0.449500425923018
130.888333333333,-0.464699679189753
130.9,-0.475790314651841
130.911666666667,-0.482522180371123
130.923333333333,-0.484698233560725
130.935,-0.4821785335047
130.946666666667,-0.47488336412661
130.958333333333,-0.462795442683781
130.97,-0.445961137062486
130.981666666667,-0.424490668191144
130.993333333333,-0.398557300533898
131.005,-0.368395508002992
131.016666666667,-0.334298173672154
131.028333333333,-0.296612825604091
131.04,-0.255736982219103
131.051666666667,-0.21211268568985
131.063333333333,-0.166220296586829
131.075,-0.118571709571864
131.086666666667,-0.0697030106574912
131.098333333333,-0.0201667353482219
