timestamp_ms,signal
0.0,2.5278207908015267
5.0,1.9161539132213667
10.0,0.8734063728507597
15.0,0.1714341852080717
20.0,0.019049939995375378
25.0,0.09127016681417319
30.0,0.0508036967896763
35.0,0.07798354117433852
40.0,0.10636846790576898
45.0,0.03796867189481377
50.0,0.1870343805990067
55.0,0.05341448395639649
60.0,0.11082723020835537
65.0,0.2126961910011754
70.0,0.10559172269132829
75.0,0.12159123513645408
80.0,0.10319877883183731
85.0,0.1434948453086234
90.0,0.0512604041494209
95.0,0.1164327216558442
100.0,0.21579909872632375
105.0,0.16196174575935057
110.0,0.1490996199583652
115.0,0.1785640523488713
120.0,0.18487846952056367
125.0,0.1787334764544764
130.0,0.19984831440198042
135.0,0.11406964679990447
140.0,0.2075392070463812
145.0,0.1600641964672093
150.0,0.2212290293521456
155.0,0.1914092516361267
160.0,0.15446026668171017
165.0,0.1932933716819846
170.0,0.1573458980838018
175.0,0.23924581025784666
180.0,0.1983550668713201
185.0,0.23403882091718214
190.0,0.1553820398796297
195.0,0.264482961688646
200.0,0.18703913935231606
205.0,0.25272197082965403
210.0,0.2309592431652122
215.0,0.15110362376386782
220.0,0.20607311015804128
225.0,0.16911914334479589
230.0,0.20453072954775778
235.0,0.2424676730607616
240.0,0.2094063187756816
245.0,0.22095219268830654
250.0,0.12743785776753894
255.0,0.178221765771659
260.0,0.17989494130821834
265.0,0.20426875065333389
270.0,0.1308377062916325
275.0,0.17299775487410649
280.0,0.16179602870946405
285.0,0.07776427155048651
290.0,0.0910270739874037
295.0,0.1440516400254872
300.0,0.0726317083023296
305.0,0.06383962230680951
310.0,0.14175171951818127
315.0,0.11020671130671576
320.0,0.08204827578399697
325.0,0.0881859824057061
330.0,0.06015116539462665
335.0,0.04708848001023305
340.0,0.04225655607395827
345.0,0.068131675018043
350.0,0.09745899017258107
355.0,0.01761678130539321
360.0,0.025477710494958526
365.0,0.011220830681950346
370.0,-0.038755836601531826
375.0,0.013396034166214826
380.0,0.029656338416276132
385.0,-0.04708562800626459
390.0,0.011684867565621548
395.0,-0.052768966717011145
400.0,0.007938427597293983
405.0,0.0023758609633725628
410.0,-0.06964655323211476
415.0,-0.1423318161781621
420.0,-0.08407618544658775
425.0,-0.13354561060610415
430.0,-0.1380915696051487
435.0,-0.10307283930920136
440.0,-0.045837412047847234
445.0,-0.11106129350143544
450.0,-0.12309546927916919
455.0,-0.19506903881436313
460.0,-0.15182072032732072
465.0,-0.18968429207683482
470.0,-0.11914068018792302
475.0,-0.16691349808564127
480.0,-0.15311687402567806
485.0,-0.15734292007403872
490.0,-0.16922769469090312
495.0,-0.12837539052503594
500.0,-0.15147882298733875
505.0,-0.18791128465833704
510.0,-0.17284750698321785
515.0,-0.16044782509646202
520.0,-0.13094909097713153
525.0,-0.18353131739929024
530.0,-0.13341361978469654
535.0,-0.2173472349989545
540.0,-0.20485929173033582
545.0,-0.25658065677364084
550.0,-0.1654609376315294
555.0,-0.24054114558658346
560.0,-0.24108953516257065
565.0,-0.16631459233715523
570.0,-0.22116490391298874
575.0,-0.22949642349719562
580.0,-0.16041720187878153
585.0,-0.20473359854266193
590.0,-0.15902801413112505
595.0,-0.21008886970684024
600.0,-0.16271821943769135
605.0,-0.1461135869660403
610.0,-0.18310541282120255
615.0,-0.11125541499941856
620.0,-0.1955612659127015
625.0,-0.18437315670821544
630.0,-0.16861205891998268
635.0,-0.12715083559019788
640.0,-0.17416962155170596
645.0,-0.17514139537735582
650.0,-0.14226639292736862
655.0,-0.09689557765281678
660.0,-0.15777068255136562
665.0,-0.18618781044956284
670.0,-0.13405494856002215
675.0,-0.09738592470790662
680.0,-0.13735132317449766
685.0,-0.10377222704661984
690.0,-0.1764152989973778
695.0,-0.09354195252382456
700.0,-0.08285692951669374
705.0,-0.05448893154057379
710.0,-0.05930252408817454
715.0,-0.032962596434394004
720.0,-0.09565812416532747
725.0,-0.021423946950753753
730.0,-0.10575512917955926
735.0,-0.055379453452724894
740.0,0.02098326494153654
745.0,0.019090915908178418
750.0,-0.080756402685103
755.0,0.025232958054451356
760.0,-0.007206689530594284
765.0,-0.012779698326525896
770.0,0.03479519497050029
775.0,0.040007104078997345
780.0,0.09879688452881019
785.0,-0.006556489337231741
790.0,0.04199727713588029
795.0,0.0613376621483716
800.0,0.0012049923980325533
805.0,0.12941489033425502
810.0,0.16025225026042877
815.0,0.0723654639742205
820.0,0.11982481342476421
825.0,0.10080935013990866
830.0,0.12920689245916414
835.0,0.09798159989718554
840.0,0.16465947012310717
845.0,0.0909395832080698
850.0,0.19802740257879584
855.0,0.16342507461724323
860.0,0.2515800067599724
865.0,0.09368956833704394
870.0,0.1607954328779316
875.0,0.1177826312009548
880.0,0.16790240903733644
885.0,0.1948975129159856
890.0,0.14439784226734126
895.0,0.12714629003802486
900.0,0.11824927820163755
905.0,0.19915907929905852
910.0,0.2437871862843416
915.0,0.24165489649481653
920.0,0.19785170136264918
925.0,0.15941578958990255
930.0,0.1843878787417283
935.0,0.1392961816961598
940.0,0.13690351523135047
945.0,0.24259360422253984
950.0,0.1884812359925011
955.0,0.21148972073126734
960.0,0.1869314221267702
965.0,0.24948457713666117
970.0,0.2522638213777594
975.0,0.1616534436870688
980.0,0.17565845741207606
985.0,0.16056557386656128
990.0,0.2372312737966613
995.0,0.23101112080233338
1000.0,0.16584730854371324
1005.0,0.2654382538956841
1010.0,0.170221456629802
1015.0,0.11593676769658445
1020.0,0.07836439218888756
1025.0,0.14879349918093165
1030.0,0.1619741158200776
1035.0,0.11997613499690149
1040.0,0.15203406418690563
1045.0,0.17914489943248305
1050.0,0.12255184902044938
1055.0,0.1520469476598887
1060.0,0.17809517174202932
1065.0,0.12440822160594338
1070.0,0.07408283166914283
1075.0,0.10721487877295663
1080.0,0.10389133678378404
1085.0,0.42375777947663773
1090.0,0.9692855801486523
1095.0,1.9440482460465878
1100.0,2.563003055538442
1105.0,2.002985438070675
1110.0,0.9378493370469682
1115.0,0.3126308752999245
1120.0,0.030992405956509483
1125.0,0.058391861504879496
1130.0,-0.03178215637202365
1135.0,-0.03480777224243965
1140.0,-0.015932813447169066
1145.0,-0.04363602455003705
1150.0,0.0192650627165128
1155.0,-0.016612543009300672
1160.0,-0.04879609845470317
1165.0,0.0051547244455276975
1170.0,-0.04384028043517983
1175.0,-0.03176298565672114
1180.0,-0.04725622811467124
1185.0,-0.09292955322431806
1190.0,-0.10007104515014253
1195.0,-0.10142530029247271
1200.0,-0.15244095551763528
1205.0,-0.12949733432880547
1210.0,-0.08822396253208536
1215.0,-0.11648836708239077
1220.0,-0.17288841001494581
1225.0,-0.046622474133132114
1230.0,-0.1881467455718402
1235.0,-0.1275598976541608
1240.0,-0.12870782713530443
1245.0,-0.11161868090568833
1250.0,-0.20178882332236062
1255.0,-0.17082565667153796
1260.0,-0.18356520397398596
1265.0,-0.13383517973451198
1270.0,-0.1675802826988933
1275.0,-0.16931303511853502
1280.0,-0.16720665190581283
1285.0,-0.11278149663889017
1290.0,-0.166306731915016
1295.0,-0.15974947610983536
1300.0,-0.2336388635346355
1305.0,-0.1696204836696367
1310.0,-0.24802032555856285
1315.0,-0.1605709593265305
1320.0,-0.1924056062869512
1325.0,-0.23336155582934695
1330.0,-0.2432161550195319
1335.0,-0.19998947226469238
1340.0,-0.18999054784922922
1345.0,-0.2157212287815532
1350.0,-0.2043605260650346
1355.0,-0.2011280757204517
1360.0,-0.20735906560810763
1365.0,-0.19077981007324718
1370.0,-0.16898566087459777
1375.0,-0.12426190712822169
1380.0,-0.1465761014861605
1385.0,-0.19046993601273604
1390.0,-0.09848378474808943
1395.0,-0.1109801110220421
1400.0,-0.16330559541682382
1405.0,-0.10693028472867555
1410.0,-0.1632587213802451
1415.0,-0.1661592446340438
1420.0,-0.1586765457748895
1425.0,-0.05867034766167477
1430.0,-0.111209321095593
1435.0,-0.09731138869411549
1440.0,-0.1002288182382962
1445.0,-0.11178539523943223
1450.0,-0.06889889806628373
1455.0,-0.05361322479708494
1460.0,0.005447506892222856
1465.0,-0.0990159666122858
1470.0,0.0041019440607317145
1475.0,-0.02238757665058968
1480.0,-0.10991953092504414
1485.0,0.006257984967942443
1490.0,0.04013614914500691
1495.0,0.027634309435503438
1500.0,0.002077976637129544
1505.0,0.007052262295362414
1510.0,-0.07020720218724451
1515.0,0.030203738553273303
1520.0,0.032846640971761105
1525.0,-0.003280382941723191
1530.0,0.05003431037311371
1535.0,0.02376155202419924
1540.0,0.14836748990875437
1545.0,0.01739599055774161
1550.0,0.037790391923688965
1555.0,-0.005034492355920489
1560.0,0.07263749646042131
1565.0,0.10039340120907807
1570.0,0.10325871304388666
1575.0,0.08418672838538437
1580.0,0.15160079591164483
1585.0,0.132773083773725
1590.0,0.1771926251492482
1595.0,0.1314951974424079
1600.0,0.0716799474120512
1605.0,0.1419089838096194
1610.0,0.11286384210510197
1615.0,0.19153001550032758
1620.0,0.13913761523593393
1625.0,0.15827133251017475
1630.0,0.17167508671517193
1635.0,0.11571612445616589
1640.0,0.16479813339551375
1645.0,0.21862200741906643
1650.0,0.16414622838347423
1655.0,0.18317534305185348
1660.0,0.1989330469837791
1665.0,0.16763071016801395
1670.0,0.1846929822915789
1675.0,0.2155383110300905
1680.0,0.18411559874431707
1685.0,0.20224596885075297
1690.0,0.1949840316020024
1695.0,0.15909632602260004
1700.0,0.14901625249564246
1705.0,0.2793590851848302
1710.0,0.25448124194603383
1715.0,0.1934832073633199
1720.0,0.2347385442246417
1725.0,0.23919032936633944
1730.0,0.23125813484302438
1735.0,0.17587854455173757
1740.0,0.13038180633083876
1745.0,0.13416210785050336
1750.0,0.17153401205537577
1755.0,0.23120753678791423
1760.0,0.23560665381078985
1765.0,0.15943031501024824
1770.0,0.15105800016245152
1775.0,0.2074842319140901
1780.0,0.2365112423236354
1785.0,0.11197271397150321
1790.0,0.16190642741249422
1795.0,0.1429983315677913
1800.0,0.11820750653444365
1805.0,0.11190178962870358
1810.0,0.10468587055316854
1815.0,0.11096092092323659
1820.0,0.04268048123158216
1825.0,0.09680560944669804
1830.0,0.12092610156012379
1835.0,0.11210670777374074
1840.0,0.10591163923340016
1845.0,0.07971787702515941
1850.0,0.06637264144958178
1855.0,0.1282151088884337
1860.0,0.03541895767163268
1865.0,0.04075524259408416
1870.0,0.07587416459558967
1875.0,0.019389200337815576
1880.0,-0.04204124916749666
1885.0,-0.0207834923825993
1890.0,-0.02432293971011039
1895.0,-0.021628117716964698
1900.0,-0.04168892140244869
1905.0,0.007550893057536132
1910.0,-0.011959210803913226
1915.0,-0.02888327414013285
1920.0,-0.07223230472125068
1925.0,-0.02324950892713174
1930.0,-0.0324353533730914
1935.0,0.007734158670952937
1940.0,-0.11127949628438412
1945.0,-0.0987255972590036
1950.0,-0.046461275395802595
1955.0,-0.15167071122620107
1960.0,-0.10483679880502435
1965.0,-0.11322736556358838
1970.0,-0.12620802398482886
1975.0,-0.17222060248645626
1980.0,-0.13896911701792036
1985.0,-0.2054808165164201
1990.0,-0.10431495202656496
1995.0,-0.17640319482801664
2000.0,-0.15577129291953762
2005.0,-0.16728355105876472
2010.0,-0.16362517197077725
2015.0,-0.1703093219756358
2020.0,-0.16219634967970922
2025.0,-0.19699339501718277
2030.0,-0.18444885315684376
2035.0,-0.23266210123354958
2040.0,-0.23268391370679706
2045.0,-0.227103965000514
2050.0,-0.23533410610558347
2055.0,-0.2512226355988598
2060.0,-0.2227517285381295
2065.0,-0.1736283591732101
2070.0,-0.18259972636095262
2075.0,-0.21567840060273652
2080.0,-0.18630927111515622
2085.0,-0.18361361570859647
2090.0,-0.09077528819829726
2095.0,-0.2590384695628163
2100.0,-0.18417149958851636
2105.0,-0.24420466397443918
2110.0,-0.13974238640007647
2115.0,-0.19556930597391628
2120.0,-0.16632290112637632
2125.0,-0.17254508794376675
2130.0,-0.14911915887241717
2135.0,-0.2888261812292748
2140.0,-0.21454412188183775
2145.0,-0.1607781498278009
2150.0,-0.21201398211538375
2155.0,-0.13216372245143873
2160.0,-0.09968565470968264
2165.0,-0.19456221107823554
2170.0,-0.15423991479717222
2175.0,-0.10606166523270683
2180.0,-0.0525330951932656
2185.0,-0.0779606994045452
2190.0,-0.08235389019248229
2195.0,-0.06262023602037489
2200.0,0.28900919089215976
2205.0,1.092527438739788
2210.0,2.0773387515501045
2215.0,2.3984407077847942
2220.0,1.5970078936641652
2225.0,0.617154857955828
2230.0,0.20761689114495835
2235.0,-0.04965294006627536
2240.0,0.039513612423208284
2245.0,-0.04198875237831423
2250.0,-0.021490990950564247
2255.0,-0.05973073304326851
2260.0,-0.024860995969964064
2265.0,0.06927055543206673
2270.0,0.015116199647765378
2275.0,-0.056692138149450524
2280.0,0.08742460547233812
2285.0,0.0034926733962034814
2290.0,0.03019855140263207
2295.0,0.053285378999584375
2300.0,-0.012013140952588153
2305.0,0.13199360190819898
2310.0,0.12944384800750167
2315.0,0.07265193237735154
2320.0,0.10733388767294517
2325.0,0.08905083694509096
2330.0,0.08385674009590334
2335.0,0.1051645952427687
2340.0,0.06381282152217983
2345.0,0.11150414363751936
2350.0,0.11166871923183506
2355.0,0.21614589955610425
2360.0,0.08753847719865626
2365.0,0.20172746279435783
2370.0,0.1851748646481804
2375.0,0.16765794749243795
2380.0,0.1425785399036335
2385.0,0.24292199066890796
2390.0,0.2331847035470077
2395.0,0.177313772933698
2400.0,0.17472458363146376
2405.0,0.19334084144386451
2410.0,0.2614275924678481
2415.0,0.15515416095534437
2420.0,0.19690848054794605
2425.0,0.240780975368671
2430.0,0.1417904699801412
2435.0,0.19508192265763113
2440.0,0.24362425671670568
2445.0,0.18238641264513866
2450.0,0.19554547833862812
2455.0,0.13825733822842634
2460.0,0.21451007434056762
2465.0,0.1515995763224307
2470.0,0.1818161257839454
2475.0,0.2092448302798992
2480.0,0.1716789220702156
2485.0,0.22635977643315414
2490.0,0.21766507877320668
2495.0,0.20561479727244902
2500.0,0.22227094524876867
2505.0,0.17310249112731352
2510.0,0.08993253500584669
2515.0,0.20601513170424532
2520.0,0.1981070181555256
2525.0,0.14367776295556722
2530.0,0.12416371324292072
2535.0,0.19833510386504555
2540.0,0.12787439899845782
2545.0,0.12557633834119328
2550.0,0.11703446612123795
2555.0,0.22152081305265514
2560.0,0.09327426761601669
2565.0,0.011833919941218699
2570.0,0.10306287486024884
2575.0,0.058539946011346634
2580.0,0.022304065204117055
2585.0,0.08889811036885738
2590.0,0.05459865850498516
2595.0,0.10272707496137276
2600.0,0.0464567225188761
2605.0,0.09867610006954108
2610.0,0.08252813353094338
2615.0,0.03628715180739785
2620.0,0.057625718459101034
2625.0,0.09054298661377819
2630.0,0.037681914439201936
2635.0,-0.05488454710797096
2640.0,-0.003227380019751951
2645.0,-0.006525352300814689
2650.0,0.026578966553873883
2655.0,-0.03639910338142216
2660.0,0.005202683570617907
2665.0,-0.052751637037004286
2670.0,-0.05470574231507169
2675.0,-0.07320450373258976
2680.0,-0.07139661822985939
2685.0,-0.08544779559712767
2690.0,-0.07393978222540912
2695.0,-0.12528596664381486
2700.0,-0.14390883217200218
2705.0,-0.11319892652065203
2710.0,-0.11098145360142142
2715.0,-0.1397819346300144
2720.0,-0.11454844731066785
2725.0,-0.12373916280643213
2730.0,-0.07634734093795792
2735.0,-0.20710349138826262
2740.0,-0.07652726917919529
2745.0,-0.25356216431338807
2750.0,-0.23637273824555805
2755.0,-0.1609683586129123
2760.0,-0.2141855351346191
2765.0,-0.19297339654913057
2770.0,-0.20290759646833603
2775.0,-0.24107770120079342
2780.0,-0.24701778195582869
2785.0,-0.21125093132316536
2790.0,-0.18466871116044628
2795.0,-0.17742202894701928
2800.0,-0.19663138622899626
2805.0,-0.21804814418672783
2810.0,-0.15920575033079865
2815.0,-0.2940362619921967
2820.0,-0.20713595482785774
2825.0,-0.1582749843744235
2830.0,-0.14464036124355506
2835.0,-0.16042758733915297
2840.0,-0.15392185049122892
2845.0,-0.165133136540371
2850.0,-0.19930672556018741
2855.0,-0.2914386342290096
2860.0,-0.22064362581586028
2865.0,-0.20899306926312108
2870.0,-0.132596908652421
2875.0,-0.2091514815283803
2880.0,-0.20263546418884043
2885.0,-0.15873062855893638
2890.0,-0.21918446450498713
2895.0,-0.1750016996269271
2900.0,-0.1497181344896516
2905.0,-0.1795604296628195
2910.0,-0.16395927695922852
2915.0,-0.22658431765176362
2920.0,-0.1997484003458359
2925.0,-0.15460165655293098
2930.0,-0.09308715449850918
2935.0,-0.154846039457642
2940.0,-0.16217691329931194
2945.0,-0.15056789277390784
2950.0,-0.08571324286856667
2955.0,-0.16130830630918802
2960.0,-0.09068100107372781
2965.0,-0.10418169187861541
2970.0,-0.07935443797723624
2975.0,-0.10396070239571528
2980.0,-0.06281398623275992
2985.0,-0.004317611793871426
2990.0,-0.06152368146765759
2995.0,-0.061519317349110925
3000.0,-0.1356636223912585
3005.0,-0.0064951045119606456
3010.0,-0.04263608119802758
3015.0,0.00654419033398405
3020.0,0.0040914339444149675
3025.0,-0.023400916135312075
3030.0,-0.009226624409335873
3035.0,-0.02874603769800694
3040.0,0.11216249804579415
3045.0,0.07820990983781176
3050.0,0.08247061203469008
3055.0,0.10509578359059
3060.0,0.1207672044544825
3065.0,0.10762810645459119
3070.0,0.12199648775798252
3075.0,0.18738567769589326
3080.0,0.02818316781604807
3085.0,0.1115574079289271
3090.0,0.08604346172435137
3095.0,0.1199691128548579
3100.0,0.02406000620880705
3105.0,0.08772239307779722
3110.0,0.1691158214369872
3115.0,0.09272768780412939
3120.0,0.17036138186845262
3125.0,0.12075080686539577
3130.0,0.15212096790540874
3135.0,0.10338781409206604
3140.0,0.14356558435259964
3145.0,0.11226033464568955
3150.0,0.19807831946103557
3155.0,0.11052710972380698
3160.0,0.1962300260794756
3165.0,0.16447843837583218
3170.0,0.18227889009297163
3175.0,0.24838190620401823
3180.0,0.1832388333724865
3185.0,0.16972012319580962
3190.0,0.19705104505290688
3195.0,0.22539003203745
3200.0,0.17646949118874106
3205.0,0.2662967826592819
3210.0,0.2054712127982066
3215.0,0.18386636445101134
3220.0,0.17132140643509383
3225.0,0.19026292432920092
3230.0,0.21727306411934338
3235.0,0.23511885594079898
3240.0,0.19400034645618758
3245.0,0.16511458740540802
3250.0,0.1839205505535031
3255.0,0.09873255341780862
3260.0,0.22349243757540163
3265.0,0.20848480815726425
3270.0,0.1636309196192599
3275.0,0.195047037387282
3280.0,0.12340820681678918
3285.0,0.23004060265514842
3290.0,0.14854086663115926
3295.0,0.13194125979980412
3300.0,0.2281800833331213
3305.0,0.10285988385283054
3310.0,0.15258482389857375
3315.0,0.0967745180633952
3320.0,0.10249798041586711
3325.0,0.3562259683014505
3330.0,0.9755211942001195
3335.0,2.074549845824238
3340.0,2.6391711452897675
3345.0,2.046840234117356
3350.0,1.1281935334220048
3355.0,0.3491590309890984
3360.0,0.10731071640642684
3365.0,0.0732127072147056
3370.0,0.007934361315794208
3375.0,0.09425132813978845
3380.0,-0.003912216379832859
3385.0,-0.02625448089075001
3390.0,0.057374236755339945
3395.0,-0.03008145437933054
3400.0,-0.012347363487270476
3405.0,-0.05911632064684373
3410.0,-0.03736804124764
3415.0,-0.024276709145921737
3420.0,-0.13238179488622878
3425.0,-0.04845383995719832
3430.0,-0.08593701129029506
3435.0,-0.006416852356081346
3440.0,0.010412766051080657
3445.0,-0.057044380399237773
3450.0,-0.06217452484948156
3455.0,-0.05124206722009254
3460.0,-0.05827799109405829
3465.0,-0.16477278723703664
3470.0,-0.16735730006578825
3475.0,-0.14146767982561972
3480.0,-0.1840593189340005
3485.0,-0.1485983023765061
3490.0,-0.13743966475940814
3495.0,-0.17925319263510126
3500.0,-0.13454078164308714
3505.0,-0.10109719770499265
3510.0,-0.1613091021245607
3515.0,-0.15075037039979514
3520.0,-0.17367443893364182
3525.0,-0.17954383983808497
3530.0,-0.20052156445918706
3535.0,-0.22812377254827318
3540.0,-0.16430526526126477
3545.0,-0.14630986304815508
3550.0,-0.19360696131977154
3555.0,-0.1898969419070135
3560.0,-0.25005861948695535
3565.0,-0.20663334793886046
3570.0,-0.1862400112715088
3575.0,-0.20284196990145342
3580.0,-0.19710122554665999
3585.0,-0.23916402730070602
3590.0,-0.24945219991161996
3595.0,-0.20833413557157904
3600.0,-0.13851329450071131
3605.0,-0.2111587676503154
3610.0,-0.253529958932384
3615.0,-0.21826650910278833
3620.0,-0.1980482505619666
3625.0,-0.1392343493664765
3630.0,-0.14131404661674118
3635.0,-0.2122424463386219
3640.0,-0.21668088192842805
3645.0,-0.18298105121352437
3650.0,-0.1689684132831001
3655.0,-0.20341076100816533
3660.0,-0.12117291281718628
3665.0,-0.1713314397394957
3670.0,-0.13869365581354223
3675.0,-0.1506995537543124
3680.0,-0.11681845812855153
3685.0,-0.13547420959777995
3690.0,-0.11476419188848344
3695.0,-0.0693430545806331
3700.0,-0.1018924565712217
3705.0,-0.047077897735611544
3710.0,-0.14686662309993276
3715.0,-0.09736033066208136
3720.0,-0.12332397451602051
3725.0,-0.130667534058035
3730.0,-0.06852427731803522
3735.0,0.01601613416903591
3740.0,-0.041496260111762974
3745.0,-0.0034802514570246718
3750.0,-0.11034440077936462
3755.0,-0.017646770117695134
3760.0,-0.06392842341252634
3765.0,-0.001503190651434682
3770.0,0.03827831587001547
3775.0,-0.013079931391857006
3780.0,0.056781514758151255
3785.0,-0.008845706766768154
3790.0,0.03422860337851143
3795.0,0.01311241032518325
3800.0,0.04920016660520012
3805.0,0.04746492680198065
3810.0,-0.025146882933210532
3815.0,0.05479985807402438
3820.0,0.05689561717077901
3825.0,0.15033826612920645
3830.0,-0.00728561456984235
3835.0,0.10142728249696102
3840.0,0.13754518647274003
3845.0,0.18697340593139264
3850.0,0.17006652981420448
3855.0,0.12331071557250792
3860.0,0.1884362268295873
3865.0,0.132237942744386
3870.0,0.13561169493655878
3875.0,0.13494405056234585
3880.0,0.13875397413578758
3885.0,0.2185795473757604
3890.0,0.09827528126209382
3895.0,0.10609308100541022
3900.0,0.20851773484138011
3905.0,0.1930997284459555
3910.0,0.2117669826119718
3915.0,0.17090661082469222
3920.0,0.20973301604869282
3925.0,0.17633202600403278
3930.0,0.16766735657735377
3935.0,0.17211861423872588
3940.0,0.19609372819811646
3945.0,0.1943373367013371
3950.0,0.17666018462746694
3955.0,0.2550646740615819
3960.0,0.2102064914435712
3965.0,0.17844434858043395
3970.0,0.1396037047566037
3975.0,0.18733548436634104
3980.0,0.12455455770469583
3985.0,0.15188896657545972
3990.0,0.13955504434084448
3995.0,0.1473129397286009
4000.0,0.18644169795885862
4005.0,0.048118063049696624
4010.0,0.22986238084490948
4015.0,0.18552054973735221
4020.0,0.14656910936429973
4025.0,0.13513413185473502
4030.0,0.18332590651400144
4035.0,0.14532027430910302
4040.0,0.2133490697076886
4045.0,0.13340934042993496
4050.0,0.09677713865422097
4055.0,0.07122811955261411
4060.0,0.11758865401407133
4065.0,0.15592418597340418
4070.0,0.060260958054854714
4075.0,0.1519134115578898
4080.0,0.12800792878218192
4085.0,0.07523585818606905
4090.0,0.13115042302273047
4095.0,0.003809535963465463
4100.0,-0.021302831511912493
4105.0,0.0684703936796168
4110.0,0.06629020720685413
4115.0,0.056573851672063316
4120.0,0.031981245865044715
4125.0,-0.03264682526424691
4130.0,0.03906211570589596
4135.0,-0.0051410317335335125
4140.0,0.035536507515760395
4145.0,0.0010122623917825607
4150.0,-0.061835921876506134
4155.0,6.985134671582023e-05
4160.0,-0.00038563057320732674
4165.0,-0.008929680745098888
4170.0,-0.07669927210457714
4175.0,-0.0980976258093565
4180.0,-0.0332243086130137
4185.0,-0.07512112898801084
4190.0,-0.08523477271218734
4195.0,-0.048536741485754056
4200.0,-0.05396165343864535
4205.0,-0.08308722294191799
4210.0,-0.11915756909427586
4215.0,-0.057800128485211745
4220.0,-0.16568133113759514
4225.0,-0.13128654128327819
4230.0,-0.12478423400089961
4235.0,-0.19877707719682353
4240.0,-0.17857202260980537
4245.0,-0.12092243958638665
4250.0,-0.16460713399257257
4255.0,-0.20876790522802724
4260.0,-0.10520339103826953
4265.0,-0.16879885749617507
4270.0,-0.17646549692018787
4275.0,-0.11181435069097259
4280.0,-0.24729720169895045
4285.0,-0.21342761351479028
4290.0,-0.2318323827300529
4295.0,-0.14545274653444087
4300.0,-0.23325238978964397
4305.0,-0.10885736891736666
4310.0,-0.18564996261054983
4315.0,-0.19404546804662406
4320.0,-0.16842822438707494
4325.0,-0.21698549909585432
4330.0,-0.24508037093957347
4335.0,-0.23327802036460754
4340.0,-0.2079407481648178
4345.0,-0.24758652071801004
4350.0,-0.20235792639633815
4355.0,-0.23191929916517146
4360.0,-0.2133654558268155
4365.0,-0.20619302777114265
4370.0,-0.13743473234343878
4375.0,-0.10592471091805243
4380.0,-0.11941998978860345
4385.0,-0.19455487785510792
4390.0,-0.21159136356882705
4395.0,-0.1370264340635669
4400.0,-0.12121461618628067
4405.0,-0.131713153172172
4410.0,-0.18755754812393624
4415.0,-0.14609230981245389
4420.0,-0.16359714392940178
4425.0,-0.10579582508415528
4430.0,-0.10409570435128732
4435.0,-0.12609208191290333
4440.0,-0.145023129585835
4445.0,-0.05192316070575069
4450.0,-0.10723338941666276
4455.0,-0.07478285004994162
4460.0,0.026040203250246436
4465.0,0.42115230429134903
4470.0,1.3167798719395731
4475.0,2.2168557093514623
4480.0,2.2968304192939324
4485.0,1.4564925018104316
4490.0,0.3853675404631067
4495.0,0.08228496465831134
4500.0,-0.05681654562768132
4505.0,-0.0004044701091082646
4510.0,-0.007585184297688561
4515.0,-0.02051893219466201
4520.0,-0.051112738660404805
4525.0,-0.0032493059510544362
4530.0,-0.0007280048695891966
4535.0,0.02294462141285524
4540.0,0.037262135365206284
4545.0,0.008411263895958396
4550.0,0.06569753679410785
4555.0,0.031578511912953036
4560.0,0.07722597123812863
4565.0,0.07983405132791911
4570.0,0.12639087850934427
4575.0,0.08346620897203143
4580.0,0.15528943901171324
4585.0,0.08442504773874697
4590.0,0.07089353808912167
4595.0,0.1384813461664561
4600.0,0.07014021713382333
4605.0,0.14080074578439697
4610.0,0.14786846706237494
4615.0,0.1459879266709408
4620.0,0.16072022349228543
4625.0,0.15824909335817852
4630.0,0.20664918079637226
4635.0,0.1559482309274822
4640.0,0.08781300716266142
4645.0,0.1557710686157145
4650.0,0.20795200227018318
4655.0,0.21819018098015208
4660.0,0.20955043659587874
4665.0,0.18711121109287843
4670.0,0.1519967012644628
4675.0,0.2537602922559902
4680.0,0.17067590648280134
4685.0,0.15207498421260462
4690.0,0.10065983794118455
4695.0,0.27463625857367246
4700.0,0.19926192288221517
4705.0,0.12643885952139838
4710.0,0.2348909509062004
4715.0,0.22681263106018112
4720.0,0.13310709784089936
4725.0,0.23031320367188424
4730.0,0.1988365043444912
4735.0,0.22361030374686358
4740.0,0.24942634604399472
4745.0,0.17603116157074084
4750.0,0.27717630555381334
4755.0,0.1833155344813579
4760.0,0.16065135506282346
4765.0,0.2280991720410348
4770.0,0.15047040637496223
4775.0,0.1591415474100308
4780.0,0.20139773894085938
4785.0,0.12844289739083256
4790.0,0.10460053977534255
4795.0,0.16409129872279005
4800.0,0.14633388383599705
4805.0,0.11822337606753092
4810.0,0.17215619197352733
4815.0,0.0808670083442764
4820.0,0.15150833546449136
4825.0,0.07190441077960538
4830.0,0.12635041578559467
4835.0,0.05172679672675189
4840.0,0.1186383394804956
4845.0,0.08281242519243294
4850.0,0.0605302101531838
4855.0,0.07219387192340082
4860.0,0.055751466676954714
4865.0,0.08619895210057987
4870.0,0.018643738664648142
4875.0,0.053960924398534185
4880.0,0.015908656844192768
4885.0,-0.0046101665672346505
4890.0,-0.008753988462470948
4895.0,-0.041036186274748004
4900.0,0.007393793503905185
4905.0,-0.010430038325679276
4910.0,-0.00839158938624966
4915.0,-0.0948556222908429
4920.0,-0.05708913274892126
4925.0,0.011847859921185006
4930.0,-0.007581712226679513
4935.0,-0.0684926944503994
4940.0,-0.07113377064515915
4945.0,-0.0715216410707542
4950.0,-0.044484710235112454
4955.0,-0.035696439055374514
4960.0,-0.0892940612393947
4965.0,-0.0980030366598716
4970.0,-0.11559977424932154
4975.0,-0.10832176020714546
4980.0,-0.05770627283678274
4985.0,-0.16043995615565437
4990.0,-0.11488307538337526
4995.0,-0.19190836375351306
5000.0,-0.19520889144038886
5005.0,-0.22423368439003977
5010.0,-0.1871003152858151
5015.0,-0.10983024080694043
5020.0,-0.10834439121114961
5025.0,-0.1458128515944339
5030.0,-0.1828272742958086
5035.0,-0.1432697267615232
5040.0,-0.23071218659438603
5045.0,-0.24838233516352531
5050.0,-0.22987720612075313
5055.0,-0.20627456772634234
5060.0,-0.2725278608484339
5065.0,-0.2335879891818391
5070.0,-0.13679781927090856
5075.0,-0.21291889832959512
5080.0,-0.22163919095850365
5085.0,-0.23213153658276114
5090.0,-0.17846534159293098
5095.0,-0.18071851929258245
5100.0,-0.20271392519762543
5105.0,-0.21203471397523327
5110.0,-0.28920481216162525
5115.0,-0.2613169711557438
5120.0,-0.2175208884027937
5125.0,-0.2217146972204279
5130.0,-0.2091952180525636
5135.0,-0.2127909043048531
5140.0,-0.12028955602466934
5145.0,-0.1426432496176257
5150.0,-0.2270120950499752
5155.0,-0.1498569333560664
5160.0,-0.1597298283182167
5165.0,-0.1718217686347479
5170.0,-0.1753167100176321
5175.0,-0.14579754110937046
5180.0,-0.08091992120136297
5185.0,-0.16979249329543344
5190.0,-0.14897011023539491
5195.0,-0.14068966734584512
5200.0,-0.19618837289761615
5205.0,-0.12233051876909119
5210.0,-0.14820469292124935
5215.0,-0.0980031494517407
5220.0,-0.08493725621920632
5225.0,-0.021951773054138438
5230.0,-0.09399671519536054
5235.0,-0.0884146631431717
5240.0,-0.040400720315093175
5245.0,0.017320950172342246
5250.0,-0.04567598297890667
5255.0,-0.024939588194285288
5260.0,-0.01341341869650189
5265.0,-0.007811195578194541
5270.0,-0.03922171208131274
5275.0,-0.04122587337720687
5280.0,-0.029173775120521432
5285.0,-0.008600706399634893
5290.0,0.02641847095694279
5295.0,-0.011415116274063518
5300.0,0.0004899529628250715
5305.0,0.039077444266424816
5310.0,0.04177641400094309
5315.0,0.058796338170371755
5320.0,0.013789888670349387
5325.0,0.14478986240753566
5330.0,0.06983598615117804
5335.0,0.07591784937336749
5340.0,0.05945758063839356
5345.0,0.11778525472338136
5350.0,0.14680588276311257
5355.0,0.11242972226034018
5360.0,0.11600605235903295
5365.0,0.11662998394608987
5370.0,0.21989475535316172
5375.0,0.16130638750958082
5380.0,0.12773523497223846
5385.0,0.15598674747789534
5390.0,0.1962204720232429
5395.0,0.16611566850980308
5400.0,0.17648239024130996
5405.0,0.1758050746242974
5410.0,0.1657213863499419
5415.0,0.19863599514107047
5420.0,0.24359930462303717
5425.0,0.2018870998067002
5430.0,0.1744369567415365
5435.0,0.15614524939249586
5440.0,0.18763659715074552
5445.0,0.17076554483106976
5450.0,0.16033709263079685
5455.0,0.21957837487259002
5460.0,0.2072563859533875
5465.0,0.23780378121153223
5470.0,0.21441797272912128
5475.0,0.1803343108036252
5480.0,0.23115351720203575
5485.0,0.20944995559400684
5490.0,0.24678426569853934
5495.0,0.15261727940019598
5500.0,0.1752003577102693
5505.0,0.18917985858268074
5510.0,0.24434944661371003
5515.0,0.1988946710431642
5520.0,0.1330988873100442
5525.0,0.13854257117711355
5530.0,0.19062139118330687
5535.0,0.10531908840683463
5540.0,0.13423647191538848
5545.0,0.15040882913787562
5550.0,0.13667072930808893
5555.0,0.15605562043584645
5560.0,0.1700507141171582
5565.0,0.14341705562516696
5570.0,0.07736140011245386
5575.0,0.17103138715126398
5580.0,0.15391791420892217
5585.0,0.07502281069332359
5590.0,0.086581524165737
5595.0,0.04084780413652803
5600.0,0.13897630319944357
5605.0,0.1205890813865586
5610.0,0.41310742874264644
5615.0,1.140952354877137
5620.0,2.1880398790567153
5625.0,2.5372672114664963
5630.0,1.8237468881197652
5635.0,0.842821801991803
5640.0,0.2697654930357652
5645.0,-0.006474838609671015
5650.0,0.0026595723666145363
5655.0,-0.06121240863678151
5660.0,0.043133040637211156
5665.0,-0.044649385079903695
5670.0,0.010266687753890634
5675.0,-0.00222023247375968
5680.0,-0.014037818998284629
5685.0,-0.01537721396807877
5690.0,-0.0900477387162442
5695.0,-0.05941709525768274
5700.0,-0.10227298478519885
5705.0,-0.08790851750541016
5710.0,-0.11883632749737966
5715.0,-0.00600684299759284
5720.0,-0.09556254132225514
5725.0,-0.07278303530308251
5730.0,-0.1431201953901723
5735.0,-0.055238314208503836
5740.0,-0.13385038719890102
5745.0,-0.14300441305934516
5750.0,-0.15313576208497048
5755.0,-0.20723820996713294
5760.0,-0.23095354154662484
5765.0,-0.15040947541401592
5770.0,-0.2043266660400718
5775.0,-0.1771939536997384
5780.0,-0.09523405246055948
5785.0,-0.1879864378414905
5790.0,-0.10189333428773491
5795.0,-0.1713496099862446
5800.0,-0.2291161611837958
5805.0,-0.16709176998970612
5810.0,-0.1491843582014031
5815.0,-0.16393512850518002
5820.0,-0.22264117814558673
5825.0,-0.23917640911177696
5830.0,-0.16529116637742347
5835.0,-0.12669554639219005
5840.0,-0.13194087485649567
5845.0,-0.21355881827966616
5850.0,-0.20821397249092297
5855.0,-0.18790270375902218
5860.0,-0.15479705358618662
5865.0,-0.17872035723383586
5870.0,-0.17725128273865592
5875.0,-0.19166969759253924
5880.0,-0.2914209839523054
5885.0,-0.23408783594358357
5890.0,-0.17770589814272217
5895.0,-0.2404597608994256
5900.0,-0.09707375191474606
5905.0,-0.20357791989867957
5910.0,-0.14208517132358162
5915.0,-0.1272090969060256
5920.0,-0.11428442154042019
5925.0,-0.19840684532346964
5930.0,-0.1553175275928992
5935.0,-0.08303464684681601
5940.0,-0.13364890535723467
5945.0,-0.09832344590531125
5950.0,-0.21898089300548634
5955.0,-0.1023075700985672
5960.0,-0.10475958597004129
5965.0,-0.10895883853584905
5970.0,-0.16605267057419013
5975.0,-0.11845623474107976
5980.0,-0.0928000567825627
5985.0,-0.08950591493918518
5990.0,-0.110003365673838
5995.0,-0.016610585106943028
6000.0,-0.014062083115369522
6005.0,-0.056722568703198986
6010.0,0.022257040355231468
6015.0,-0.07271055973038364
6020.0,-0.006177790372351969
6025.0,0.05397469603450115
6030.0,0.021108464533386655
6035.0,0.001109843647149421
6040.0,0.03475273112615334
6045.0,0.019182242907278116
6050.0,0.010604283421693835
6055.0,0.009540723674215188
6060.0,0.04867708324772922
6065.0,0.05033835823410561
6070.0,0.07636837997010515
6075.0,0.03908104080669133
6080.0,0.09004104840665145
6085.0,0.12394053530064139
6090.0,0.07043283757015778
6095.0,0.16347839578755402
6100.0,0.07950364969378948
6105.0,0.08633585550851663
6110.0,0.09750019683986082
6115.0,0.07992983426432951
6120.0,0.07291645543729189
6125.0,0.0937533842061963
6130.0,0.1354049717948571
6135.0,0.11864276558762663
6140.0,0.21368955081895155
6145.0,0.1529249865875626
6150.0,0.14907425435914726
6155.0,0.14749417218273264
6160.0,0.19189025087045145
6165.0,0.18172677029826967
6170.0,0.19452454887926382
6175.0,0.21761124847239086
6180.0,0.24826296199631753
6185.0,0.15635233940103324
6190.0,0.2209770555514602
6195.0,0.19787593987973648
6200.0,0.20777951632410904
6205.0,0.17647573075087858
6210.0,0.22420741034692887
6215.0,0.22447781901198616
6220.0,0.21511136202147021
6225.0,0.1708198199183741
6230.0,0.227345014611573
6235.0,0.1624346904369083
6240.0,0.13923582726745365
6245.0,0.22782917050174303
6250.0,0.1899898978584539
6255.0,0.1312122519309043
6260.0,0.16296361123216568
6265.0,0.18784950006726991
6270.0,0.22137931162463315
6275.0,0.17172749134788984
6280.0,0.14521123723086118
6285.0,0.13172019975080831
6290.0,0.11587609156998163
6295.0,0.15859328134089729
6300.0,0.12816006044701303
6305.0,0.1769874644039173
6310.0,0.12003818182221168
6315.0,0.18262514816894865
6320.0,0.12718976254805492
6325.0,0.13060791313175452
6330.0,0.11855738860566963
6335.0,0.11063418499850029
6340.0,0.1715643902709633
6345.0,0.07486775535788838
6350.0,0.0751751892857192
6355.0,0.07828176051294038
6360.0,0.10527704555306155
6365.0,0.03409133216427736
6370.0,0.12005136215448164
6375.0,0.019278355847934824
6380.0,0.02686747705680973
6385.0,0.04392013154726698
6390.0,0.03814455794133364
6395.0,-0.011999931805219376
6400.0,0.04930957270676618
6405.0,0.07763661128901495
6410.0,-0.0021008757852031597
6415.0,0.01952644674328468
6420.0,0.010725291254896827
6425.0,0.07368666412000434
6430.0,-0.025185931928218774
6435.0,-0.02428725158232199
6440.0,-0.05973964267010427
6445.0,-0.04345214488622391
6450.0,-0.07501610884659553
6455.0,-0.08632084706580483
6460.0,-0.08932573028766988
6465.0,-0.05297664100793941
6470.0,-0.10747403563564374
6475.0,-0.06967788490115505
6480.0,-0.11505501535825279
6485.0,-0.07110338008964341
6490.0,-0.169076060892085
6495.0,-0.17282337043243476
6500.0,-0.11213009672680278
6505.0,-0.08410632250339274
6510.0,-0.16524681957789517
6515.0,-0.23327596223194608
6520.0,-0.11527219501740338
6525.0,-0.1444680792752012
6530.0,-0.19566979091866796
6535.0,-0.1178105888739334
6540.0,-0.12357212238148349
6545.0,-0.20277377253650458
6550.0,-0.1976220505900773
6555.0,-0.16014843765604767
6560.0,-0.16271123635583876
6565.0,-0.13837131314598083
6570.0,-0.1739030393778907
6575.0,-0.11915514629004734
6580.0,-0.21100558107432046
6585.0,-0.23231649465988133
6590.0,-0.22249737419730692
6595.0,-0.22868239132682483
6600.0,-0.2044810210200802
6605.0,-0.23118195754621867
6610.0,-0.16810369367541375
6615.0,-0.15187429591379498
6620.0,-0.13367976187225203
6625.0,-0.2143383207487386
6630.0,-0.2419736095806177
6635.0,-0.2059023437722389
6640.0,-0.18649099534168698
6645.0,-0.20386986256232678
6650.0,-0.16428319095691074
6655.0,-0.15967329453728996
6660.0,-0.16169291004172046
6665.0,-0.2043170617045828
6670.0,-0.13423028756223743
6675.0,-0.19523906705344862
6680.0,-0.25097799040443614
6685.0,-0.15947749458260477
6690.0,-0.10323768998972663
6695.0,-0.14416188739925231
6700.0,-0.20033239388436314
6705.0,-0.14627568651304765
6710.0,-0.0823601990006655
6715.0,-0.11402422766038647
6720.0,-0.11833648778103946
6725.0,-0.15357849991129502
6730.0,-0.1022417213806751
6735.0,-0.11831796784703844
6740.0,-0.027784653361509586
6745.0,-0.06524975647343774
6750.0,-0.03781881959075173
6755.0,-0.12292971430844017
6760.0,0.10692530838404544
6765.0,0.6416817618170173
6770.0,1.6520162293545595
6775.0,2.4607059465456507
6780.0,2.172203503270433
6785.0,1.3279711804623786
6790.0,0.40258366345041835
6795.0,0.07796497069009982
6800.0,0.002008990325707269
6805.0,-0.020241920185587098
6810.0,0.017420253656433037
6815.0,0.012626971666950364
6820.0,0.02888721852082953
6825.0,0.027862609674030994
6830.0,0.05195271841959036
6835.0,0.09597441122958497
6840.0,0.05046005535474085
6845.0,0.03948601514089164
6850.0,0.11351162627020095
6855.0,0.09742582087895932
6860.0,0.13201150789170257
6865.0,0.07739415787201188
6870.0,0.11464097498151402
6875.0,0.09357176584422441
6880.0,0.08031000935335916
6885.0,0.11770863581570032
6890.0,0.13719993785257695
6895.0,0.15875953891174802
6900.0,0.10664950686724922
6905.0,0.18534513081714654
6910.0,0.201905183880278
6915.0,0.17777097317960625
6920.0,0.15282206920850347
6925.0,0.14029947835660772
6930.0,0.21326602097602118
6935.0,0.14742303065902881
6940.0,0.23064767292304586
6945.0,0.11350204210129043
6950.0,0.11159063495290705
6955.0,0.2033450142240902
6960.0,0.13982018994766895
6965.0,0.2271169010091921
6970.0,0.17268159452168486
6975.0,0.16999695790915337
6980.0,0.20148553915151726
6985.0,0.23071899246439373
6990.0,0.2204381258312685
6995.0,0.18036202133925475
7000.0,0.17334168787132304
7005.0,0.2152839058355147
7010.0,0.15267923684571227
7015.0,0.14375499057279426
7020.0,0.14269164391366942
7025.0,0.29872541351809895
7030.0,0.22844206342447546
7035.0,0.18793670075249577
7040.0,0.1524459632236948
7045.0,0.18182699632068225
7050.0,0.0949354799608021
7055.0,0.14248218194403436
7060.0,0.18215685496868064
7065.0,0.1497303608112375
7070.0,0.09223533971004752
7075.0,0.1279212842108852
7080.0,0.11682276496899668
7085.0,0.1707873396754134
7090.0,0.14345291650286845
7095.0,0.11143606946403078
7100.0,0.18223165611938036
7105.0,0.07319795695511729
7110.0,0.1299643402821668
7115.0,0.09608777437254779
7120.0,0.06703825153137705
7125.0,0.04394182555135895
7130.0,0.0752440862151701
7135.0,0.10529041849632206
7140.0,-0.022842890562308427
7145.0,0.03508864495252794
7150.0,0.05840656763263246
7155.0,-0.015495253747885483
7160.0,-0.02124875108625905
7165.0,0.05260877451630446
7170.0,-0.019094428266584508
7175.0,-0.03291031540599341
7180.0,-0.009852688780084141
7185.0,-0.02298862250670173
7190.0,-0.02023830768202878
7195.0,-0.028087875024722125
7200.0,-0.0025503954495920897
7205.0,-0.05091543098353231
7210.0,-0.038432777015188276
7215.0,-0.11091646245869315
7220.0,-0.07946704252648251
7225.0,-0.1156023668349419
7230.0,-0.04735976085248962
7235.0,-0.09747452969138537
7240.0,-0.07008380770924681
7245.0,-0.13080360609755867
7250.0,-0.16420442617702802
7255.0,-0.1056078197424724
7260.0,-0.1469799355464249
7265.0,-0.20304168370643833
7270.0,-0.16377797650527534
7275.0,-0.18709219229346133
7280.0,-0.10877194474378932
7285.0,-0.16986401083928865
7290.0,-0.1442139606377993
7295.0,-0.15470489642469723
7300.0,-0.1315163428356655
7305.0,-0.16340667917895
7310.0,-0.16440909027945544
7315.0,-0.17091188872850438
7320.0,-0.24028009968021824
7325.0,-0.19122946336550173
7330.0,-0.23993302045352094
7335.0,-0.24089575250384876
7340.0,-0.19467124903296829
7345.0,-0.2661281795557806
7350.0,-0.20909253612442916
7355.0,-0.16359875927200657
7360.0,-0.20406972320564057
7365.0,-0.17301826107485577
7370.0,-0.241568999686287
7375.0,-0.20193013344696095
7380.0,-0.2992828941115646
7385.0,-0.24063598045876775
7390.0,-0.22241216767903887
7395.0,-0.12639233212521822
7400.0,-0.1144991012913792
7405.0,-0.26121437612987686
7410.0,-0.19919483348908706
7415.0,-0.2078730535371335
7420.0,-0.11373998781709865
7425.0,-0.1369681879584987
7430.0,-0.17827099566340712
7435.0,-0.1284366595725909
7440.0,-0.1080440608855592
7445.0,-0.1728955822054721
7450.0,-0.1037536045372365
7455.0,-0.11331553614413746
7460.0,-0.09908345828824976
7465.0,-0.1863621012679466
7470.0,-0.11729686945411846
7475.0,-0.19831678820219562
7480.0,-0.08785655686313522
7485.0,-0.12273552824477754
7490.0,-0.03308886489333206
7495.0,-0.021398292217194893
7500.0,-0.13403567213819706
7505.0,-0.0010911467884111709
7510.0,-0.06945052143591325
7515.0,-0.006000949884354408
7520.0,-0.029733762384050674
7525.0,-0.0404607459894321
7530.0,-0.028183336551411246
7535.0,-0.028923108675288044
7540.0,0.05336325522112983
7545.0,0.009795685614025456
7550.0,-0.0241119886605572
7555.0,0.048690431815779686
7560.0,0.012714929345855126
7565.0,0.059598771189660754
7570.0,0.0175611566056188
7575.0,0.0690696177253746
7580.0,0.027638365792082058
7585.0,0.040556143937739195
7590.0,0.09153559208020694
7595.0,0.12080559907492705
7600.0,0.10079332472023046
7605.0,0.09881044154344332
7610.0,0.21033888070109236
7615.0,0.11152163444304852
7620.0,0.02290642496354156
7625.0,0.15178299666694955
7630.0,0.11326381319107844
7635.0,0.08318093595031281
7640.0,0.1871334043548078
7645.0,0.1849738462327451
7650.0,0.14272701161147838
7655.0,0.1429671836365145
7660.0,0.16647574616714533
7665.0,0.21141783446711232
7670.0,0.13937364180226602
7675.0,0.23162302548680597
7680.0,0.19286469182760843
7685.0,0.20261353842498933
7690.0,0.24985081226287506
7695.0,0.18162863687290626
7700.0,0.21928417320164514
7705.0,0.19797701656714806
7710.0,0.08131970625474283
7715.0,0.19193790894387427
7720.0,0.2001315592692716
7725.0,0.19231585549420532
7730.0,0.2463145924934102
7735.0,0.1783301362843019
7740.0,0.2166381187864534
7745.0,0.20930850699910453
7750.0,0.21187439167670466
7755.0,0.12578584982158114
7760.0,0.17252956493328725
7765.0,0.16912693253015446
7770.0,0.24735378425422722
7775.0,0.16833113232115002
7780.0,0.20262621485055082
7785.0,0.18420929420213877
7790.0,0.11606141523412053
7795.0,0.1219261824405464
7800.0,0.17143955219348053
7805.0,0.18478708622120196
7810.0,0.2127832605075593
7815.0,0.13544032636228218
7820.0,0.08992300510146686
7825.0,0.13105079256743
7830.0,0.07402550492408597
7835.0,0.17415989808893031
7840.0,0.10147673836011298
7845.0,0.10552923724487587
7850.0,0.17288950394063818
7855.0,0.1096095405408589
7860.0,0.035552114410759485
7865.0,0.09562710808749386
7870.0,0.044527357921256394
7875.0,0.013634867877045417
7880.0,0.021490887666326335
7885.0,-0.008920844374147315
7890.0,0.05841756255153442
7895.0,-0.0038311723368479045
7900.0,0.005615553755095315
7905.0,0.053581100703267354
7910.0,-0.002842016628801602
7915.0,0.14435312026939928
7920.0,0.6656809330792037
7925.0,1.604624068396147
7930.0,2.4220654462442543
7935.0,2.161874319291264
7940.0,1.196204523499387
7945.0,0.334053983723623
7950.0,-0.013813314950434537
7955.0,-0.08309754708494638
7960.0,-0.16002227942061242
7965.0,-0.08964792222381454
7970.0,-0.05987135730718579
7975.0,-0.022395709731684116
7980.0,-0.09098004166122972
7985.0,-0.06361515858889004
7990.0,-0.19155396609380487
7995.0,-0.07323862324134517
8000.0,-0.11506256326497255
8005.0,-0.09134715026855003
8010.0,-0.16389572027991953
8015.0,-0.1338683726103104
8020.0,-0.1486914076944401
8025.0,-0.17786762703474024
8030.0,-0.1704848603848186
8035.0,-0.11304481460420127
8040.0,-0.23475468640411887
8045.0,-0.19280348482496773
8050.0,-0.16534460018302002
8055.0,-0.1327125787035828
8060.0,-0.2332053163073981
8065.0,-0.2453113526139475
8070.0,-0.27459342670241627
8075.0,-0.1868725062000663
8080.0,-0.20775569319660536
8085.0,-0.2036059043964654
8090.0,-0.20736801911207717
8095.0,-0.2732929194751177
8100.0,-0.16276451847128814
8105.0,-0.16871770635298694
8110.0,-0.25669662418928746
8115.0,-0.23245370032155596
8120.0,-0.24135642873044186
8125.0,-0.23329337411091128
8130.0,-0.12965317658483325
8135.0,-0.1614728889096672
8140.0,-0.2377405893428378
8145.0,-0.11511012309161771
8150.0,-0.17195849161352972
8155.0,-0.1799138779298484
8160.0,-0.2146228747326197
8165.0,-0.20813385832375378
8170.0,-0.18117327368607208
8175.0,-0.05791260880012855
8180.0,-0.20640095303077777
8185.0,-0.18832109845754844
8190.0,-0.12037487354353674
8195.0,-0.1420619296615713
8200.0,-0.17412014596534336
8205.0,-0.031091386218335917
8210.0,-0.1401858537216098
8215.0,-0.1478737434236288
8220.0,-0.12546378530572733
8225.0,-0.0883589339104329
8230.0,-0.07708089504752524
8235.0,-0.0577534721515884
8240.0,-0.0765622726746138
8245.0,-0.09711521929817205
8250.0,-0.016920445871701967
8255.0,-0.07082834107452542
8260.0,-0.07829528932391897
8265.0,-0.019199387166144746
8270.0,0.006966225946737195
8275.0,-0.04983315857585993
8280.0,-0.04211168053484997
8285.0,-0.021986805904718486
8290.0,-0.036538427007698195
8295.0,-0.013232382665390015
8300.0,0.039428717186354156
8305.0,0.04340307782057522
8310.0,-0.06880821715915231
8315.0,0.09259286879609789
8320.0,0.09683601378192674
8325.0,0.007691011534806648
8330.0,0.11557693865160279
8335.0,0.015076337098860762
8340.0,0.1315479433805738
8345.0,0.06186503219470497
8350.0,0.11042618074033002
8355.0,0.10669406652708693
8360.0,0.12968279694633025
8365.0,0.06110369695729604
8370.0,0.1794563793181953
8375.0,0.15564641832217313
8380.0,0.13975776661358005
8385.0,0.18803528998747593
8390.0,0.14253195244746475
8395.0,0.23103445661789768
8400.0,0.21095513315455333
8405.0,0.24121318264389113
8410.0,0.1375737354593978
8415.0,0.18015435808994107
8420.0,0.10312838685576473
8425.0,0.18729689504559557
8430.0,0.15243430571226285
8435.0,0.15295813488128387
8440.0,0.22305686012192136
8445.0,0.1863924504556226
8450.0,0.23532560880927889
8455.0,0.1506560388169833
8460.0,0.16483333885505183
8465.0,0.20767690447136336
8470.0,0.10867184791244351
8475.0,0.15385592627110212
8480.0,0.19444509315586128
8485.0,0.11937719004088751
8490.0,0.21038671013158097
8495.0,0.15223715367271537
8500.0,0.22222870359738733
8505.0,0.1621875431246107
8510.0,0.2466931152461653
8515.0,0.11755971587656357
8520.0,0.23108297741628475
8525.0,0.12190375994506865
8530.0,0.23293400720063973
8535.0,0.17299731409837946
8540.0,0.09591430691190282
8545.0,0.1919501127620957
8550.0,0.14145127734290983
8555.0,0.15195735973869726
8560.0,0.15263442893281237
8565.0,0.18219539455916425
8570.0,0.12826312475822307
8575.0,0.16239777661114319
8580.0,0.09227154389346148
8585.0,0.10515903795140344
8590.0,0.1401310026973521
8595.0,0.1645345353215742
8600.0,0.1092697943401007
8605.0,0.09135333542442323
8610.0,0.11209789020075955
8615.0,0.10955951508978243
8620.0,0.044389026399308036
8625.0,0.19040571363637243
8630.0,0.04899944271426579
8635.0,0.007363731691258132
8640.0,0.048675526841986165
8645.0,0.05847327176361205
8650.0,0.03168311041410769
8655.0,0.001028566615733275
8660.0,0.015009931994543656
8665.0,0.029661990972217875
8670.0,-0.025090692463894233
8675.0,-0.04278406706109172
8680.0,-0.01030292994972042
8685.0,-0.01882302128447861
8690.0,-0.07813134667099639
8695.0,0.054183911738496765
8700.0,-0.010173371388510398
8705.0,0.009803565451770233
8710.0,-0.021970854371121756
8715.0,-0.12941180963647392
8720.0,0.00234748519817779
8725.0,-0.15121315207134056
8730.0,-0.13215888472482268
8735.0,-0.09029501251121391
8740.0,-0.13355728623064475
8745.0,-0.08725085559279401
8750.0,-0.08575580062223047
8755.0,-0.13168166748414978
8760.0,-0.06577795405832487
8765.0,-0.20026750315713931
8770.0,-0.12462870038836327
8775.0,-0.12094511609783407
8780.0,-0.0791089643595851
8785.0,-0.12542786102554915
8790.0,-0.22882755265832705
8795.0,-0.14595504782464053
8800.0,-0.18781715236209953
8805.0,-0.17114904650767984
8810.0,-0.1603427367941242
8815.0,-0.1358793448080397
8820.0,-0.2041518244606246
8825.0,-0.16952237510878235
8830.0,-0.14875312934871457
8835.0,-0.15841905082859178
8840.0,-0.15894462221274233
8845.0,-0.25613024071101587
8850.0,-0.17852075672144604
8855.0,-0.15363521340409722
8860.0,-0.21310312274411752
8865.0,-0.17945254651797304
8870.0,-0.21105411976335153
8875.0,-0.16821280680634482
8880.0,-0.1815725530990155
8885.0,-0.22703738584258082
8890.0,-0.1693007137744964
8895.0,-0.17008122203148432
8900.0,-0.2377443094390502
8905.0,-0.19314359670374767
8910.0,-0.1937039329189119
8915.0,-0.2269148635553293
8920.0,-0.13167795045778558
8925.0,-0.19776101692745088
8930.0,-0.16183757960867193
8935.0,-0.24412015346529062
8940.0,-0.16240776780516433
8945.0,-0.20396944877256304
8950.0,-0.13100872517644974
8955.0,-0.15131345989629258
8960.0,-0.09674430155706486
8965.0,-0.061885394861852364
8970.0,-0.19133378010442775
8975.0,-0.11140256199536264
8980.0,-0.11416946352563012
8985.0,-0.12361179034066516
8990.0,-0.12621134756592378
8995.0,-0.09034565755006399
9000.0,-0.056474954260105945
9005.0,-0.045391291086970056
9010.0,-0.01954229006206041
9015.0,-0.05498190635938408
9020.0,-0.0045413128807498745
9025.0,-0.009600089126740943
9030.0,0.013332884330274491
9035.0,0.019801612341949475
9040.0,0.014752046784481816
9045.0,0.03465409966083638
9050.0,-0.01998303762552717
9055.0,-0.06565669057310018
9060.0,-0.02625001782440628
9065.0,0.04941145232719711
9070.0,0.26694607698108397
9075.0,0.859163193387066
9080.0,1.9576950357696505
9085.0,2.587067256470686
9090.0,2.1757775294195048
9095.0,1.0469091894995455
9100.0,0.37219726985989404
9105.0,0.1671207521249693
9110.0,0.1381385023100475
9115.0,0.1667418544110715
9120.0,0.13120428985084726
9125.0,0.18453204150206215
9130.0,0.18098214716018868
9135.0,0.14427580306989046
9140.0,0.1992202792392287
9145.0,0.1660262071975984
9150.0,0.17430088916954478
9155.0,0.11795029874808272
9160.0,0.13270899529886154
9165.0,0.14086103291984825
9170.0,0.18561486624646362
9175.0,0.1322497887844701
9180.0,0.1093860702021816
9185.0,0.17752217244809348
9190.0,0.2896309771408913
9195.0,0.19360181217985376
9200.0,0.15234030430826453
9205.0,0.17954816017985376
9210.0,0.21749568354586793
9215.0,0.2405988098099926
9220.0,0.21559218801185237
9225.0,0.27110136844148025
9230.0,0.23392373759055313
9235.0,0.16297377772011934
9240.0,0.2479508288368708
9245.0,0.17741376163265196
9250.0,0.24803300163046663
9255.0,0.2082442732457438
9260.0,0.1173938587931618
9265.0,0.1187592807785885
9270.0,0.1865324400833942
9275.0,0.19804674331762073
9280.0,0.2339744548681464
9285.0,0.2092754597643715
9290.0,0.2420126400357039
9295.0,0.20911286209428867
9300.0,0.1776953930995029
9305.0,0.12938456781127994
9310.0,0.22199371561998538
9315.0,0.2034234126753907
9320.0,0.19521443343418907
9325.0,0.11880835598280078
9330.0,0.18714311066967793
9335.0,0.06251259938621179
9340.0,0.15326343804600573
9345.0,0.12496414800896473
9350.0,0.1173541296076338
9355.0,-0.007720852806041789
9360.0,0.18267583875700635
9365.0,0.050598643397407016
9370.0,0.054248788572989204
9375.0,0.061778034529306664
9380.0,0.04578274348916596
9385.0,-0.013406695127446272
9390.0,0.08227263619389659
9395.0,0.03789779409423527
9400.0,0.04602083208636663
9405.0,-0.032884174750978074
9410.0,0.036315499069078855
9415.0,0.01538421065069014
9420.0,0.06354627312925999
9425.0,-0.029746268777964036
9430.0,-0.09140064781434537
9435.0,-0.015642493913371587
9440.0,-0.011386707637023354
9445.0,0.011930559142855103
9450.0,-0.012106150180460656
9455.0,-0.08475697579252087
9460.0,-0.05527444110558116
9465.0,-0.11124166055838003
9470.0,-0.05143640833659126
9475.0,0.028472606656044563
9480.0,-0.13232950293716444
9485.0,-0.1556769251244985
9490.0,-0.16224134700190757
9495.0,-0.12595666538424283
9500.0,-0.10274327292630411
9505.0,-0.13895345035562295
9510.0,-0.21000835262833173
9515.0,-0.13321118770156712
9520.0,-0.12364016396801103
9525.0,-0.09798551363210624
9530.0,-0.13975853626048254
9535.0,-0.23195604796392674
9540.0,-0.13394423932737431
9545.0,-0.1917813026949516
9550.0,-0.2390325233417438
9555.0,-0.19015988949021664
9560.0,-0.1849572293288825
9565.0,-0.18108520646308776
9570.0,-0.23100841457657997
9575.0,-0.21863607687041547
9580.0,-0.20153151491439017
9585.0,-0.1903620784177728
9590.0,-0.18754981997979533
9595.0,-0.2592389213366324
9600.0,-0.16659912382045902
9605.0,-0.2642573152231536
9610.0,-0.19490510873984077
9615.0,-0.21016343048742586
9620.0,-0.32216207018315574
9625.0,-0.2415878838248573
9630.0,-0.21129778671578123
9635.0,-0.19437408794194708
9640.0,-0.21267184199932626
9645.0,-0.18389135808365117
9650.0,-0.20354359915677409
9655.0,-0.20870492772384674
9660.0,-0.15850235186989578
9665.0,-0.03448195506145538
9670.0,-0.20315908961606158
9675.0,-0.19374689445533802
9680.0,-0.15607858425596913
9685.0,-0.20309147220720827
9690.0,-0.13181539736496536
9695.0,-0.1631548435197913
9700.0,-0.08065678071212316
9705.0,-0.19374242790235374
9710.0,-0.13957132424575822
9715.0,-0.17658668343397724
9720.0,-0.11522587315635008
9725.0,-0.15314116037236333
9730.0,-0.16920043119049977
9735.0,-0.1475983167161495
9740.0,-0.13182509579564178
9745.0,-0.09237460597081346
9750.0,-0.12838536828643396
9755.0,-0.05528736476298253
9760.0,-0.08295559723920395
9765.0,-0.07425899292849472
9770.0,-0.07154876637467031
9775.0,-0.04807238460564662
9780.0,0.028518903890284754
9785.0,-0.06961698429175248
9790.0,-0.024325784026320015
9795.0,-0.008029177280761395
9800.0,0.010672729693433018
9805.0,-0.021067612679078487
9810.0,-0.08267595834142122
9815.0,0.045220557219189036
9820.0,0.05241481724104849
9825.0,0.07251686152742695
9830.0,0.06629658080670903
9835.0,0.009259109435593597
9840.0,0.11476027584034203
9845.0,0.056257050012515825
9850.0,0.0944945465762429
9855.0,0.16799549537535008
9860.0,0.14218539529735516
9865.0,0.0677088453804904
9870.0,0.11252769420112539
9875.0,0.17311866422812675
9880.0,0.16007360492709471
9885.0,0.12439244130423094
9890.0,0.08052014973012273
9895.0,0.10491718622365473
9900.0,0.1323237536429839
9905.0,0.1591789633210108
9910.0,0.2076830139462859
9915.0,0.20714349013432207
9920.0,0.09582958830883433
9925.0,0.1506816841409825
9930.0,0.137460025505297
9935.0,0.14942657079835042
9940.0,0.20226817220748308
9945.0,0.18026154960721358
9950.0,0.14163616170698654
9955.0,0.24968234244462392
9960.0,0.162149713904954
9965.0,0.1482869697524648
9970.0,0.17351685175280196
9975.0,0.269403077195538
9980.0,0.22769166059128104
9985.0,0.17121900959851258
9990.0,0.20966623275183568
9995.0,0.15956156435709343
10000.0,0.23491712614304483
10005.0,0.21088729352189922
10010.0,0.1011260946006276
10015.0,0.20057101706536953
10020.0,0.238596488442667
10025.0,0.13076973791723465
10030.0,0.18716607847491998
10035.0,0.16483555895206073
10040.0,0.19972327984400112
10045.0,0.11779385018410418
10050.0,0.20990646194083773
10055.0,0.15804464715564448
10060.0,0.22206397661663088
10065.0,0.192990596728511
10070.0,0.1426938741698902
10075.0,0.10390797719289764
10080.0,0.11933415334737013
10085.0,0.19396314063037273
10090.0,0.17341474791510755
10095.0,0.14220919444283153
10100.0,0.13921924081682172
10105.0,0.1099427906837058
10110.0,0.08190054975876704
10115.0,0.08897604733338665
10120.0,0.07899249203173726
10125.0,0.055248230305549435
10130.0,0.08770175813473319
10135.0,0.15529833690369343
10140.0,-0.012667435770232854
10145.0,0.07747950597270697
10150.0,0.04752547594737364
10155.0,-0.008926240522407536
10160.0,0.044437540040197517
10165.0,0.11162805316921953
10170.0,-0.04293792218354655
10175.0,0.01098108438867729
10180.0,-0.051735213484146864
10185.0,0.03293721063331441
10190.0,0.0027711075321186288
10195.0,-0.022534752856723225
10200.0,-0.04355999006956629
10205.0,-0.007202884118367434
10210.0,-0.010062664986138108
10215.0,-0.09993882939202345
10220.0,0.11361293886645159
10225.0,0.790243101376115
10230.0,1.8493563953320178
10235.0,2.4011615136557953
10240.0,1.9658490753508469
10245.0,0.8630297519721225
10250.0,0.156283126069497
10255.0,-0.052682061744055486
10260.0,-0.17704728296842337
10265.0,-0.1675640231262998
10270.0,-0.15329322871150705
10275.0,-0.16773905204094286
10280.0,-0.08119686568454379
10285.0,-0.11405111544150327
10290.0,-0.14715908038931946
10295.0,-0.1782838686473929
10300.0,-0.12438093435241962
10305.0,-0.12289051605581636
10310.0,-0.18769522248265813
10315.0,-0.23585601288932273
10320.0,-0.1681940872361659
10325.0,-0.19596382218328887
10330.0,-0.20795867054535805
10335.0,-0.19351163247049769
10340.0,-0.15542421414230168
10345.0,-0.20567442421319468
10350.0,-0.2028102014766911
10355.0,-0.22073272221886278
10360.0,-0.23061108302442446
10365.0,-0.24090391263154612
10370.0,-0.17353508213600216
10375.0,-0.1970375279284592
10380.0,-0.21726173319529152
10385.0,-0.2108643119609396
10390.0,-0.18147076733367717
10395.0,-0.1700112822404212
10400.0,-0.19019416462215324
10405.0,-0.18390875113240202
10410.0,-0.16807458214929766
10415.0,-0.216710551932316
10420.0,-0.242141656597409
10425.0,-0.0952142393351041
10430.0,-0.15000977341045335
10435.0,-0.11281366887754687
10440.0,-0.2047289259676643
10445.0,-0.15288333795472112
10450.0,-0.09738014312059975
10455.0,-0.08360436721985628
10460.0,-0.12645239397211513
10465.0,-0.09215586278931012
10470.0,-0.12091212972736146
10475.0,-0.16252813585764703
10480.0,-0.16475276471807682
10485.0,-0.17116251351822043
10490.0,-0.12976825943061346
10495.0,-0.05338725210158783
10500.0,-0.10247653360749401
10505.0,-0.00435249704899511
10510.0,-0.02952136681430187
10515.0,-0.03242603877687297
10520.0,-0.09489345851622644
10525.0,-0.055972317503447354
10530.0,-0.010285918356398333
10535.0,-0.06683112309805266
10540.0,0.010038333258924982
10545.0,0.029366062332654073
10550.0,0.013452646786519445
10555.0,-0.05662406031266319
10560.0,0.021136820312667608
10565.0,-0.03159186134782993
10570.0,0.08514130874343008
10575.0,0.009009895514811097
10580.0,0.019122625257206347
10585.0,0.052244957483701
10590.0,0.03497731012208182
10595.0,0.09992600009046834
10600.0,0.08561967846762172
10605.0,0.15602695017336518
10610.0,0.02777126562420222
10615.0,0.09634129069256565
10620.0,0.11623662733493718
10625.0,0.10269931074142893
10630.0,0.06660043531736809
10635.0,0.07335475193519272
10640.0,0.1448572821325229
10645.0,0.10578786517114336
10650.0,0.06674430545626502
10655.0,0.09488233889210265
10660.0,0.16052827591387409
10665.0,0.1774906504476062
10670.0,0.15835929929238104
10675.0,0.19336568501196533
10680.0,0.17428264414094044
10685.0,0.18560618920161362
10690.0,0.12745339916942108
10695.0,0.15293946970557332
10700.0,0.21826779210373654
10705.0,0.1995808740009552
10710.0,0.21476200229149514
10715.0,0.23449034540551722
10720.0,0.09716335401295227
10725.0,0.22233071260132584
10730.0,0.2267821182746826
10735.0,0.20433806246371908
10740.0,0.21107857063771593
10745.0,0.15224706165206392
10750.0,0.22363653736568848
10755.0,0.21927103105197204
10760.0,0.20719597742663293
10765.0,0.22741576508880246
10770.0,0.2555176002310156
10775.0,0.2020719188085302
10780.0,0.1750035538104578
10785.0,0.1931942239024477
10790.0,0.24009600810556742
10795.0,0.21572955412899908
10800.0,0.17716998709918136
10805.0,0.17538602084140612
10810.0,0.1866607879796955
10815.0,0.12056535231768585
10820.0,0.1268647083051132
10825.0,0.17610260080852644
10830.0,0.16635832799993303
10835.0,0.1276386982531161
10840.0,0.13452997932614477
10845.0,0.12104694509591413
10850.0,0.17829401163677078
10855.0,0.11012299961086813
10860.0,0.11783818025498372
10865.0,0.0950753691210844
10870.0,0.053189122890117096
10875.0,0.0015622047012808643
10880.0,0.053411513662169945
10885.0,0.17739438101688879
10890.0,0.04263032405534588
10895.0,0.08052407046963923
10900.0,0.0569700843729219
10905.0,0.09995787609003505
10910.0,0.009525416992159065
10915.0,-0.029284173733032003
10920.0,-0.06903935934802306
10925.0,0.06385027140909015
10930.0,0.0308734760926268
10935.0,-0.09929920661574672
10940.0,-0.0064324166875266665
10945.0,-0.05665508090152481
10950.0,-0.03425902554615472
10955.0,-0.06900295027116443
10960.0,-0.037263178914287653
10965.0,0.010230797919063069
10970.0,-0.05209554503544963
10975.0,-0.05543523160049787
10980.0,-0.06665192935756352
10985.0,-0.09523731724127128
10990.0,-0.10519323404778663
10995.0,-0.06235914747425728
11000.0,-0.04763981896348063
11005.0,-0.08673228967256574
11010.0,-0.1192739989691125
11015.0,-0.10027135734374056
11020.0,-0.09841824733794141
11025.0,-0.13329055831254352
11030.0,-0.1760238914731572
11035.0,-0.1221467368281282
11040.0,-0.2081214038441861
11045.0,-0.13842997257415357
11050.0,-0.20250451322046845
11055.0,-0.20945455579914848
11060.0,-0.18313821014436552
11065.0,-0.21348995662951373
11070.0,-0.18480070259589643
11075.0,-0.17684556191257883
11080.0,-0.198622950926064
11085.0,-0.17907805150561035
11090.0,-0.14621325929460957
11095.0,-0.1954717163569674
11100.0,-0.21133232060190657
11105.0,-0.18432203092887342
11110.0,-0.18616452955672758
11115.0,-0.2572271635155857
11120.0,-0.20818467230487606
11125.0,-0.24393941356113305
11130.0,-0.14863949868050116
11135.0,-0.24268248266570377
11140.0,-0.22335590144627648
11145.0,-0.19533550004570896
11150.0,-0.29044233261373653
11155.0,-0.27092557112570737
11160.0,-0.21803802352865737
11165.0,-0.2021397867118586
11170.0,-0.2462659550551855
11175.0,-0.1871551602801213
11180.0,-0.165135658305244
11185.0,-0.1598977014604424
11190.0,-0.1140424100507113
11195.0,-0.14341854307706997
11200.0,-0.17428952304020287
11205.0,-0.10705011998694453
11210.0,-0.10913554573436454
11215.0,-0.15862217283169208
11220.0,-0.16906422701165671
11225.0,-0.11262899229775866
11230.0,-0.10696465979153705
11235.0,-0.05847804590704219
11240.0,-0.09930014044550156
11245.0,-0.05985407160722401
11250.0,-0.04503852290379095
11255.0,-0.07345464471620843
11260.0,-0.04664509036192174
11265.0,-0.12409254413689987
11270.0,-0.09850693230305571
11275.0,-0.05294818792722266
11280.0,-0.058616273679198895
11285.0,-0.044065121832750936
11290.0,-0.022948523619307284
11295.0,-0.07265532636465376
11300.0,0.03395155935595483
11305.0,0.011874653683804496
11310.0,0.033990233498264535
11315.0,-0.06376134936914203
11320.0,-0.022034458876049035
11325.0,-0.041579500343064076
11330.0,-0.0102440737048059
11335.0,0.04691922438526038
11340.0,0.060729250532867006
11345.0,0.0967754732104823
11350.0,0.033947838323052766
11355.0,0.10835759416867166
11360.0,0.15889097456161777
11365.0,0.6156783578817705
11370.0,1.5314124982588204
11375.0,2.392443549639669
11380.0,2.45793439495503
11385.0,1.5890839930561171
11390.0,0.6883080966763732
11395.0,0.20443746025374962
11400.0,0.07101745906121602
11405.0,0.08960198551618856
11410.0,0.1667572049363385
11415.0,0.1777797374063272
11420.0,0.166620580607043
11425.0,0.19184438178752805
11430.0,0.19606630741883885
11435.0,0.18081154390487394
11440.0,0.22888640717758757
11445.0,0.10019851655607448
11450.0,0.12598034553826754
11455.0,0.1370721892033838
11460.0,0.1975011585638048
11465.0,0.10693974886259838
11470.0,0.26104725065491136
11475.0,0.25459435726694835
11480.0,0.25812727253004397
11485.0,0.1243497223867879
11490.0,0.2179109049217369
11495.0,0.20152593888951648
11500.0,0.2519170316447855
11505.0,0.1893139918421537
11510.0,0.20485051358799347
11515.0,0.13894517948036672
11520.0,0.2314403960954875
11525.0,0.2570225963095766
11530.0,0.1952337271641521
11535.0,0.10094610533716283
11540.0,0.15912850173593918
11545.0,0.13308090563395888
11550.0,0.19268313980244822
11555.0,0.16323717142528754
11560.0,0.1981655370986467
11565.0,0.18824564183632836
11570.0,0.1804623561226776
11575.0,0.20483463315866784
11580.0,0.11106020997529446
11585.0,0.19644465615569381
11590.0,0.12896160728597741
11595.0,0.10084896462244
11600.0,0.16910404678600216
11605.0,0.1497055345810049
11610.0,0.1643305992404538
11615.0,0.16654931242896867
11620.0,0.09579710553037421
11625.0,0.13630686723833774
11630.0,0.04287608166454466
11635.0,0.09114900515977158
11640.0,0.06557434523722405
11645.0,0.033352770889549826
11650.0,-0.0014939520930642158
11655.0,0.06970248195221206
11660.0,-0.024481442420398937
11665.0,0.014722781031038995
11670.0,0.09568103930500904
11675.0,0.08629821423194756
11680.0,0.033313742775581315
11685.0,-0.009229902191448845
11690.0,0.06207959148274804
11695.0,-0.018431435089899924
11700.0,-0.011515624902311753
11705.0,-0.001898783721226656
11710.0,-0.08027880812402831
11715.0,-0.11395241188752375
11720.0,-0.134169354264738
11725.0,-0.12285867127098138
11730.0,-0.12101363797160011
11735.0,-0.097287143648596
11740.0,-0.058732080600893244
11745.0,-0.10766509682945641
11750.0,-0.13263505322888708
11755.0,-0.08435939884798524
11760.0,-0.15892825028813254
11765.0,-0.07701046491190358
11770.0,-0.11169750812581844
11775.0,-0.07809810959622729
11780.0,-0.12201554378149033
11785.0,-0.13816037128224057
11790.0,-0.12890901045653302
11795.0,-0.1358377673124159
11800.0,-0.13371359930464882
11805.0,-0.15351590887434258
11810.0,-0.13197688795263052
11815.0,-0.20345344452245218
11820.0,-0.12536626310719484
11825.0,-0.19842373396621008
11830.0,-0.09674758803899351
11835.0,-0.2178211966777068
11840.0,-0.1888401666871814
11845.0,-0.1023290456479051
11850.0,-0.14819051232485547
11855.0,-0.22673593465373204
11860.0,-0.15054961960010238
11865.0,-0.19582601508234063
11870.0,-0.23648758930386626
11875.0,-0.12939562859620024
11880.0,-0.18527196149495231
11885.0,-0.1073504849840171
11890.0,-0.1974788628464907
11895.0,-0.18319999290585692
11900.0,-0.14233481296344186
11905.0,-0.2144052273058464
11910.0,-0.1849596500864133
11915.0,-0.26085556037146784
11920.0,-0.1405387412704002
11925.0,-0.11907122117853067
11930.0,-0.1275057047339758
11935.0,-0.16356364869874224
11940.0,-0.21271215362985274
11945.0,-0.09735480688830456
11950.0,-0.17992829988082665
11955.0,-0.15520852890747447
11960.0,-0.07995258018752376
11965.0,-0.11156715549091575
11970.0,-0.10365724283529863
11975.0,-0.03682553151735986
11980.0,-0.13174437573631093
11985.0,-0.07618769669066712
11990.0,-0.15508891621637158
11995.0,-0.11036193718987165
12000.0,-0.10209659523730762
12005.0,-0.08373317701790985
12010.0,-0.0783323434617369
12015.0,-0.14313767447813402
12020.0,-0.10261172939721118
12025.0,-0.03450059460785615
12030.0,-0.10703111560767568
12035.0,-0.0006353250103310684
12040.0,0.0201271287846123
12045.0,-0.09096525890033773
12050.0,-0.0773618248519974
12055.0,0.06232742145506806
12060.0,0.03537383009583698
12065.0,-0.024206412785360933
12070.0,-0.012369424533153834
12075.0,0.004111709026414135
12080.0,0.040258547032222244
12085.0,-0.014869677115005947
12090.0,0.10196364341121583
12095.0,0.01757568268698876
12100.0,0.03472036530005153
12105.0,0.07776697146424277
12110.0,0.11355735797484379
12115.0,0.08492183703391373
12120.0,0.10199351384459121
12125.0,0.16359165643323573
12130.0,0.10930292620772541
12135.0,0.11206470555043355
12140.0,0.16130355932827137
12145.0,0.154189332332889
12150.0,0.13360467880238006
12155.0,0.12031739227954712
12160.0,0.1729638745964891
12165.0,0.17728097599794798
12170.0,0.19045214906052715
12175.0,0.1423481039429345
12180.0,0.10732804360133755
12185.0,0.12413190103271984
12190.0,0.27217194518674226
12195.0,0.16251733083376738
12200.0,0.1580687088881409
12205.0,0.16963128864484242
12210.0,0.13537270629674208
12215.0,0.1530529347477228
12220.0,0.2253225223905601
12225.0,0.23827689197861374
12230.0,0.16125769840960427
12235.0,0.19385392170282065
12240.0,0.1895903759724738
12245.0,0.21500250448068642
12250.0,0.18763942460130612
12255.0,0.1884843703843705
12260.0,0.18059936060376103
12265.0,0.17733049039055965
12270.0,0.15517533252596255
12275.0,0.20880487417375782
12280.0,0.22262072243195036
12285.0,0.13248810076168477
12290.0,0.21642794702598156
12295.0,0.1549268087102081
12300.0,0.21691353480433273
12305.0,0.19837746873642575
12310.0,0.07665440675952485
12315.0,0.10051734254619422
12320.0,0.17153114778135056
12325.0,0.17942288361880543
12330.0,0.16370663543352437
12335.0,0.12014167399710556
12340.0,0.16126506189451745
12345.0,0.04906117530704496
12350.0,0.17329824944719377
12355.0,0.14593031484601615
12360.0,0.10445001330554707
12365.0,0.1475902826572498
12370.0,0.05652761540082258
12375.0,0.12163139740074269
12380.0,0.12059077058990421
12385.0,0.08226141021450452
12390.0,0.10464384838398808
12395.0,0.056765072654283474
12400.0,0.1396887113033319
12405.0,-0.03359997771649155
12410.0,0.044786494629623474
12415.0,0.06033570239891976
12420.0,0.07128776016781832
12425.0,0.09358486570490254
12430.0,0.017635706795234768
12435.0,-0.016151908807001247
12440.0,0.008184391865802129
12445.0,-0.02495089649519993
12450.0,-0.010000436585025061
12455.0,-0.04494034954915841
12460.0,-0.10188295560980243
12465.0,0.009543440530421915
12470.0,-0.09058430316131179
12475.0,-0.027192236573606293
12480.0,-0.025466413908499554
12485.0,-0.08194123958465953
12490.0,0.015078918407041154
12495.0,0.13037828250004171
12500.0,0.8038358275120964
12505.0,1.8578150395272164
12510.0,2.432441794464051
12515.0,1.7922083774394806
12520.0,0.7495539546531098
12525.0,0.1490810354224639
12530.0,-0.10812106762605056
12535.0,-0.18885364840885374
12540.0,-0.1066253924982527
12545.0,-0.08166984406836757
12550.0,-0.12743531492182494
12555.0,-0.12396719242924654
12560.0,-0.11043473335716619
12565.0,-0.20101155016302036
12570.0,-0.15105123283297542
12575.0,-0.20568925504584382
12580.0,-0.17184682537228096
12585.0,-0.1812314006876423
12590.0,-0.20235015622143124
12595.0,-0.2425702420590239
12600.0,-0.23564491188811254
12605.0,-0.26607588884791955
12610.0,-0.2392586545897053
12615.0,-0.22934570106302476
12620.0,-0.15953016597406205
12625.0,-0.17909444066236377
12630.0,-0.1827580616497935
12635.0,-0.23847990213885506
12640.0,-0.23445167629710192
12645.0,-0.21038681938146153
12650.0,-0.16054114931065602
12655.0,-0.26145082611870124
12660.0,-0.23450014951162845
12665.0,-0.17799205984207184
12670.0,-0.20194438970224354
12675.0,-0.14707774953476
12680.0,-0.16638679220547817
12685.0,-0.20854349104892853
12690.0,-0.2001362283638332
12695.0,-0.19765196256110476
12700.0,-0.18152067458214524
12705.0,-0.12368469347721872
12710.0,-0.16895339000916124
12715.0,-0.16923424089411837
12720.0,-0.10374616339582723
12725.0,-0.12939506336498957
12730.0,-0.06310487647716202
12735.0,-0.10645587214431881
12740.0,-0.1415288655044193
12745.0,-0.0748617493119556
12750.0,-0.11615123899838513
12755.0,-0.08006844873919183
12760.0,-0.07491520155829828
12765.0,-0.02421004113231675
12770.0,-0.018468379214662357
12775.0,-0.0624726632732236
12780.0,-0.04626254450527463
12785.0,-0.08149330601056647
12790.0,-0.07160491289683242
12795.0,-0.02530257414036099
12800.0,-0.015652952778609012
12805.0,-0.06317273354024194
12810.0,0.0020811622161495853
12815.0,-0.02039357139333759
12820.0,0.042328522351239344
12825.0,-0.03399655975340651
12830.0,0.0557419708408876
12835.0,0.0289462135202805
12840.0,0.0010110665294422241
12845.0,0.04823293786926522
12850.0,0.034957341788091296
12855.0,0.0043125364360658905
12860.0,0.010877693613378515
12865.0,0.11253483111794954
12870.0,0.07836474444720266
12875.0,0.12463911185734258
12880.0,0.16208993908548264
12885.0,0.09408561898871341
12890.0,0.09658405279717781
12895.0,0.05641280957009952
12900.0,0.13588203619868824
12905.0,0.09264164796196006
12910.0,0.08211828576198313
12915.0,0.13834026496276103
12920.0,0.18373762738792346
12925.0,0.1660430885883612
12930.0,0.09397936033159765
12935.0,0.24982249576490453
12940.0,0.21701886041898674
12945.0,0.1912073852263906
12950.0,0.22748291134782192
12955.0,0.17152954359510514
12960.0,0.20478026586032422
12965.0,0.2267965802785852
12970.0,0.19506525515929365
12975.0,0.2510713249676494
12980.0,0.17319493304836714
12985.0,0.21096469988296676
12990.0,0.2071988417773546
12995.0,0.150257491117041
13000.0,0.16109727853162925
13005.0,0.15029790101326512
13010.0,0.25920515351492335
13015.0,0.20897587695878828
13020.0,0.14349795342059374
13025.0,0.17804297986484663
13030.0,0.15603636934300646
13035.0,0.2504525029139079
13040.0,0.13555199161447873
13045.0,0.24373172145443373
13050.0,0.1667194052381388
13055.0,0.20076499317136076
13060.0,0.15414691421710439
13065.0,0.09148058754967386
13070.0,0.21454440857147797
13075.0,0.1945222981813601
13080.0,0.18267344687116535
13085.0,0.18028714741580754
13090.0,0.19978123917383936
13095.0,0.10460143112546134
13100.0,0.118255829831509
13105.0,0.15120522834978575
13110.0,0.08610770983253586
13115.0,0.09589572219841552
13120.0,0.06795687048195112
13125.0,0.14461890696508567
13130.0,0.06576448095115311
13135.0,0.13038963515591773
13140.0,0.10819447342693564
13145.0,0.09500052829705065
13150.0,0.055472260828492305
13155.0,0.09268218648328115
13160.0,-0.0022456342900191023
13165.0,0.08003833814146709
13170.0,-0.02663143928640669
13175.0,0.06354479990599148
13180.0,0.021991485691153605
13185.0,0.004224040141615908
13190.0,0.031143666659816365
13195.0,0.01204665103900394
13200.0,-0.01717933680384063
13205.0,-0.014504659875445735
13210.0,-0.10648185917237224
13215.0,-0.00822476616612262
13220.0,-0.07234521280082654
13225.0,-0.022786217886581518
13230.0,-0.06640270947043161
13235.0,-0.030282156983861983
13240.0,-0.10581873441971543
13245.0,-0.11465580459300193
13250.0,-0.07595519099221508
13255.0,-0.10653692143855037
13260.0,-0.14114046152680895
13265.0,-0.09843689257069256
13270.0,-0.16329383416776158
13275.0,-0.1620140751125097
13280.0,-0.12899507705978724
13285.0,-0.14645218716468467
13290.0,-0.1525811846345563
13295.0,-0.14491634350631843
13300.0,-0.1996914501840655
13305.0,-0.1563440142062746
13310.0,-0.17104153406793834
13315.0,-0.17237163148004989
13320.0,-0.18872585918924234
13325.0,-0.2535014700077813
13330.0,-0.14595626481350094
13335.0,-0.26148967573956244
13340.0,-0.2126730845212268
13345.0,-0.18745592609999231
13350.0,-0.13040165117445662
13355.0,-0.25147806769795894
13360.0,-0.18878489992558295
13365.0,-0.19848413212200025
13370.0,-0.19178733717066548
13375.0,-0.24085669132691986
13380.0,-0.17365895123022937
13385.0,-0.2334679227520861
13390.0,-0.2257654042126861
13395.0,-0.2165461278866734
13400.0,-0.18675826008370852
13405.0,-0.23404512648232065
13410.0,-0.20033852257819912
13415.0,-0.20274051977484944
13420.0,-0.21052884575720252
13425.0,-0.25012426087106515
13430.0,-0.19157329316034533
13435.0,-0.17267807764013465
13440.0,-0.17887300729324637
13445.0,-0.13638081472021488
13450.0,-0.17874364048960742
13455.0,-0.12954040103679965
13460.0,-0.15433828079430426
13465.0,-0.14980001655002328
13470.0,-0.103758771002441
13475.0,-0.14799780954052652
13480.0,-0.16903253736300428
13485.0,-0.10076202891177954
13490.0,-0.11302318671039678
13495.0,-0.16133697684236956
13500.0,-0.1466742334693736
13505.0,-0.09317379467323676
13510.0,-0.06962874886649059
13515.0,-0.10788070575215214
13520.0,-0.05588068343046791
13525.0,-0.09732329401764359
13530.0,-0.023820277977516152
13535.0,-0.1498785805679152
13540.0,-0.02523023621976021
13545.0,-0.018556283520643566
13550.0,-0.03171220852111953
13555.0,-0.07934643385432069
13560.0,-0.027281135537777723
13565.0,-0.07014071872147028
13570.0,0.03169564275246524
13575.0,-0.06780218489100476
13580.0,0.014579613237486013
13585.0,-0.0156479195269533
13590.0,-0.05595629109694965
13595.0,0.036407068826161765
13600.0,0.11520691203899633
13605.0,0.1022063631418724
13610.0,0.035583161488759146
13615.0,0.3179557926174553
13620.0,0.9734222215172341
13625.0,2.0434422970678194
13630.0,2.5935299649649757
13635.0,2.1486015128597247
13640.0,1.0618032889130986
13645.0,0.40981818733298364
13650.0,0.1723969429901701
13655.0,0.12472023395566352
13660.0,0.14459531131322736
13665.0,0.13713558769615292
13670.0,0.23432948863762165
13675.0,0.08270524167032373
13680.0,0.23147199062157842
13685.0,0.20491558493299017
13690.0,0.1860103042445983
13695.0,0.22816481388123439
13700.0,0.2319855856286216
13705.0,0.15583884350994334
13710.0,0.13394456872638766
13715.0,0.29829877493196083
13720.0,0.2335727990877709
13725.0,0.21870352193711387
13730.0,0.3079976935716687
13735.0,0.19400918673903536
13740.0,0.18268160394956318
13745.0,0.25042163464611256
13750.0,0.21655443316662534
13755.0,0.1999922370472616
13760.0,0.18016200953805708
13765.0,0.21561987601613153
13770.0,0.16115263519458775
13775.0,0.26189084749439606
13780.0,0.158175696599915
13785.0,0.17362786842612182
13790.0,0.18654336961889204
13795.0,0.14807223924915983
13800.0,0.26553925586167865
13805.0,0.16209277126212665
13810.0,0.22054953282328088
13815.0,0.1389551621699368
13820.0,0.29511199310047703
13825.0,0.20110162304674617
13830.0,0.21315069493841104
13835.0,0.16739691080718513
13840.0,0.18858015956369462
13845.0,0.1250216845477827
13850.0,0.1453578388207389
13855.0,0.16875181184598229
13860.0,0.08628711755801675
13865.0,0.10729942578395958
13870.0,0.18759497600153752
13875.0,0.16261418946012046
13880.0,0.11796778079539337
13885.0,0.15127029181420287
13890.0,0.10937012180216299
13895.0,0.15280605313184997
13900.0,0.06882885504116029
13905.0,0.024143793128765037
13910.0,0.049788261095809826
13915.0,0.1363227663423828
13920.0,0.0012830659457172822
13925.0,0.038581002293448394
13930.0,0.04503393276635506
13935.0,-0.010862762079355801
13940.0,0.03591468035581661
13945.0,-0.006990842776584468
13950.0,0.024228462460415472
13955.0,-0.017247212135619732
13960.0,0.02725644191285788
13965.0,-0.04766790046427821
13970.0,-0.1115820570240725
13975.0,0.05104504472094905
13980.0,0.0139817826213567
13985.0,-0.05942766690341607
13990.0,-0.06613429799105298
13995.0,-0.10245633085393657
14000.0,-0.0008552742792077017
14005.0,-0.12666483189470573
14010.0,-0.055862892787112976
14015.0,-0.0737202262820153
14020.0,-0.13417214032727634
14025.0,-0.04715432823287173
14030.0,-0.1704661243435603
14035.0,-0.10362976790564073
14040.0,-0.13650049345166063
14045.0,-0.12574077682815213
14050.0,-0.2227406142119429
14055.0,-0.16214338114179488
14060.0,-0.13188403119825837
14065.0,-0.21994454004548927
14070.0,-0.15241180841403093
14075.0,-0.1252539904397231
14080.0,-0.13599665805081124
14085.0,-0.2297882465086422
14090.0,-0.13710176368613067
14095.0,-0.2336065683466641
14100.0,-0.15771564519416353
14105.0,-0.2702856322177017
14110.0,-0.2204766751390308
14115.0,-0.26545960714288563
14120.0,-0.12771459418187198
14125.0,-0.16880582291388252
14130.0,-0.2550519915160399
14135.0,-0.24692574485830565
14140.0,-0.17048202601861961
14145.0,-0.1874055503887087
14150.0,-0.21520459902984684
14155.0,-0.20036144317408655
14160.0,-0.18492994389433892
14165.0,-0.2155674175582391
14170.0,-0.27062644013784687
14175.0,-0.23339162196945232
14180.0,-0.17242047027468604
14185.0,-0.16175598830463836
14190.0,-0.1438341102859038
14195.0,-0.1435045431315199
14200.0,-0.1773784814496774
14205.0,-0.17929202129782085
14210.0,-0.10454473909118821
14215.0,-0.20748683299374976
14220.0,-0.18252243079061317
14225.0,-0.09138821597852528
14230.0,-0.11068574851525995
14235.0,-0.17355036221229342
14240.0,-0.20657948222091266
14245.0,-0.18823854308855614
14250.0,-0.09967742571304576
14255.0,-0.13812333724318368
14260.0,-0.08265205409276469
14265.0,-0.17243057427303032
14270.0,-0.0594833370771313
14275.0,-0.11315730970230428
14280.0,-0.06852123296087634
14285.0,0.013778621751375258
14290.0,-0.04088782255170115
14295.0,-0.014035305963330635
14300.0,-0.09030420302729258
14305.0,-0.0707845207597518
14310.0,-0.08744265632852055
14315.0,0.02361014098630253
14320.0,-0.048323457965130476
14325.0,0.01241743300281466
14330.0,0.07555181274953315
14335.0,-0.03146573503149263
14340.0,0.02173003629972905
14345.0,-0.03158836446421315
14350.0,0.06048550581100159
14355.0,0.040540649156039416
14360.0,0.09418527052727829
14365.0,0.07877470436071193
14370.0,0.11714293537379909
14375.0,0.014912495119142583
14380.0,0.039785857729774166
14385.0,0.12706900407043997
14390.0,0.11695920327014893
14395.0,0.09656687554925743
14400.0,0.08165263642910764
14405.0,0.09913551624999986
14410.0,0.08227679608981495
14415.0,0.15012957503471097
14420.0,0.09846857299466619
14425.0,0.14213041697258283
14430.0,0.090099229844713
14435.0,0.20926973867203497
14440.0,0.16484221816572772
14445.0,0.14963518505444287
14450.0,0.14339525289638194
14455.0,0.11270760109321407
14460.0,0.18947848942190784
14465.0,0.2097730494445384
14470.0,0.247784928702218
14475.0,0.1830667679895312
14480.0,0.13466737396773457
14485.0,0.15475192874099558
14490.0,0.2012278628768187
14495.0,0.16067745626132113
14500.0,0.1291591540901687
14505.0,0.2504481932918761
14510.0,0.16720776492844042
14515.0,0.17866884337069344
14520.0,0.2785891796689174
14525.0,0.1531314192250151
14530.0,0.21800021983397105
14535.0,0.22871278153118074
14540.0,0.1932445790759664
14545.0,0.17434540043852623
14550.0,0.17108589593031126
14555.0,0.19174190720809206
14560.0,0.14984823969882916
14565.0,0.23069131659252687
14570.0,0.24926600634781765
14575.0,0.07816824904296374
14580.0,0.19698190853532324
14585.0,0.1611867556412918
14590.0,0.1642579243440442
14595.0,0.1696912592805289
14600.0,0.14390020212662832
14605.0,0.1556248914259812
14610.0,0.09970501546475288
14615.0,0.1660086867955859
14620.0,0.16750958728751206
14625.0,0.14184174477089015
14630.0,0.16214537402028914
14635.0,0.08310224662762611
14640.0,0.13257701917436826
14645.0,0.1416564946420538
14650.0,0.06182237360300637
14655.0,0.08572399739234865
14660.0,0.052205418575974445
14665.0,0.039481568325885244
14670.0,0.12934935191878394
14675.0,0.04899439003249184
14680.0,0.013986280207773455
14685.0,0.029322988337815274
14690.0,0.031941082816881024
14695.0,0.13459522595898424
14700.0,0.05780552032144838
14705.0,-0.020383993442380382
14710.0,0.0028649050784340414
14715.0,-0.010612101985933728
14720.0,0.09374967261762336
14725.0,0.5389460494286874
14730.0,1.4585303547230786
14735.0,2.359760058763069
14740.0,2.287785861808651
14745.0,1.229934662579456
14750.0,0.3729967783979239
14755.0,0.0016204971021494194
14760.0,-0.05596932278756523
14765.0,-0.13832483223143224
14770.0,-0.13695019698843686
14775.0,-0.08374659615594579
14780.0,-0.1596212246866692
14785.0,-0.2024933730276192
14790.0,-0.0945576094340131
14795.0,-0.15779228902878992
14800.0,-0.12185860733366169
14805.0,-0.18256404922141503
14810.0,-0.21756241172271115
14815.0,-0.2248439211545838
14820.0,-0.0763876552683924
14825.0,-0.08276067260451445
14830.0,-0.11290481737790148
14835.0,-0.09870635419969849
14840.0,-0.1914635501230167
14845.0,-0.173304273281107
14850.0,-0.2750461043536923
14855.0,-0.1989628686131553
14860.0,-0.16245364715153593
14865.0,-0.20061159848890883
14870.0,-0.1010236949543567
14875.0,-0.23701657734338266
14880.0,-0.18894905895354325
14885.0,-0.22801635185245586
14890.0,-0.21753216846421852
14895.0,-0.23050827057201764
14900.0,-0.2031383355466405
14905.0,-0.2731753298777996
14910.0,-0.1668996894187608
14915.0,-0.2076494140218661
14920.0,-0.23531620718754828
14925.0,-0.2546844635876309
14930.0,-0.18879384785931366
14935.0,-0.21045494028955533
14940.0,-0.19104842621030624
14945.0,-0.20742357818628343
14950.0,-0.13840254358662765
14955.0,-0.1250651633442678
14960.0,-0.20215868050870311
14965.0,-0.09988921158484011
14970.0,-0.13468819475436467
14975.0,-0.15380440958967287
14980.0,-0.11929501458071208
14985.0,-0.1647693208962501
14990.0,-0.11729484000548332
14995.0,-0.13304747318517987
15000.0,-0.0772358923227919
15005.0,-0.13613275377347722
15010.0,-0.10549716080589988
15015.0,-0.07442954102582686
15020.0,-0.06028141309305345
15025.0,-0.1479272458442044
15030.0,-0.008720493442676044
15035.0,-0.08611797218050159
15040.0,-0.08746135271704614
15045.0,-0.045734055711142564
15050.0,-0.11404154439549469
15055.0,-0.097000794132236
15060.0,-0.053507040721833654
15065.0,-0.08298228123559197
15070.0,0.04311393193662693
15075.0,-0.013500346752901887
15080.0,-0.0017553256564828326
15085.0,0.017083110990108646
15090.0,0.049138860814770105
15095.0,0.05432561405913108
15100.0,0.008655674011607717
15105.0,0.09307333731294376
15110.0,0.09614108372376315
15115.0,0.14580015344106917
15120.0,0.07645056733132138
15125.0,0.07657144232418141
15130.0,0.06486846195944254
15135.0,0.040744343512656885
15140.0,0.09037756363024865
15145.0,0.05089499801780315
15150.0,0.10357542427378198
15155.0,0.1771852122633359
15160.0,0.17071438740806036
15165.0,0.19953143152378516
15170.0,0.08153947046435034
15175.0,0.18405114018014557
15180.0,0.1651546868290786
15185.0,0.16872163986887567
15190.0,0.20215907595150595
15195.0,0.17744150011477566
15200.0,0.18007389843742394
15205.0,0.1425829755951259
15210.0,0.2595297157846073
15215.0,0.17161161926823498
15220.0,0.22312401104078897
15225.0,0.16435926404007442
15230.0,0.16065457181973644
15235.0,0.2170003618880279
15240.0,0.18699741519334614
15245.0,0.2379819939567408
15250.0,0.20610260558788346
15255.0,0.22838397673658486
15260.0,0.250437366294488
15265.0,0.15254341380903802
15270.0,0.22957665971353935
15275.0,0.11332500784685272
15280.0,0.17331610447796536
15285.0,0.1751265140474298
15290.0,0.14632592535237163
15295.0,0.196872332811303
15300.0,0.17515713342395517
15305.0,0.14694522254437875
15310.0,0.255929965452434
15315.0,0.17142239738858175
15320.0,0.17097488822600856
15325.0,0.15655799175739926
15330.0,0.2031696633388285
15335.0,0.18567801738792533
15340.0,0.14834184949257823
15345.0,0.25975366300634556
15350.0,0.2045198251571233
15355.0,0.16212769134796462
15360.0,0.06690619798641846
15365.0,0.14877991384385683
15370.0,0.12559496742805928
15375.0,0.10544095089196481
15380.0,0.07946971862248262
15385.0,0.1519813420727081
15390.0,0.15326607270019213
15395.0,0.08006893056964547
15400.0,0.028900979853622943
15405.0,0.026215990318701046
15410.0,0.067427886639211
15415.0,0.028977564399412147
15420.0,0.04734511256135327
15425.0,0.08440066681394134
15430.0,0.07447107780233898
15435.0,0.030202314035516698
15440.0,-0.028886596552723444
15445.0,0.05004997299727898
15450.0,0.030863450894797237
15455.0,-0.035146352639468983
15460.0,0.006261542509429536
15465.0,0.020487302465411722
15470.0,0.05700131796127213
15475.0,-0.017443049449795578
15480.0,-0.0019213950730626872
15485.0,-0.05331463006465867
15490.0,-0.029544430711757677
15495.0,-0.05241650396942254
15500.0,-0.028444100723118662
15505.0,-0.12335161833602068
15510.0,-0.07785984241950206
15515.0,-0.17560382718246798
15520.0,-0.14738065441078738
15525.0,-0.13799992908908806
15530.0,-0.1512021663542464
15535.0,-0.12407222364217413
15540.0,-0.11194480969640946
15545.0,-0.09230800997178713
15550.0,-0.12608009932818312
15555.0,-0.13171724536476317
15560.0,-0.1376795011901206
15565.0,-0.10901305240269785
15570.0,-0.17111662482114295
15575.0,-0.06490659872384132
15580.0,-0.12591831587488786
15585.0,-0.17635325556121365
15590.0,-0.26198375307350136
15595.0,-0.19475642571321644
15600.0,-0.194256873058485
15605.0,-0.17282045107872512
15610.0,-0.17519377483553591
15615.0,-0.11509330388500565
15620.0,-0.23824620087322285
15625.0,-0.19684013094706507
15630.0,-0.1710343310504514
15635.0,-0.15240856084171833
15640.0,-0.24702970174908906
15645.0,-0.13840840142707006
15650.0,-0.218991447963543
15655.0,-0.22243789956806134
15660.0,-0.18612386060368355
15665.0,-0.15995643109412283
15670.0,-0.17560458977333118
15675.0,-0.1652364280404559
15680.0,-0.18132891655283032
15685.0,-0.15112861534185146
15690.0,-0.20400048368232954
15695.0,-0.1774654974587582
15700.0,-0.1616110099965845
15705.0,-0.16928105651689998
15710.0,-0.1381944504919571
15715.0,-0.19260370664426707
15720.0,-0.18511843971089598
15725.0,-0.11190611111979776
15730.0,-0.14581865208703462
15735.0,-0.12861106635946323
15740.0,-0.11326683075536846
15745.0,-0.09070405540321916
15750.0,-0.16587186236833112
15755.0,-0.0639659604861395
15760.0,-0.16127688079016333
15765.0,-0.0784002495681708
15770.0,-0.15730655064017796
15775.0,-0.10570388392034033
15780.0,-0.09988056601463824
15785.0,-0.06745340459656735
15790.0,-0.05841860149368355
15795.0,-0.11085427735623818
15800.0,-0.06512541724250631
15805.0,-0.06389671116604632
15810.0,-0.030512982476276648
15815.0,0.19203071498493893
15820.0,0.8187877275169224
15825.0,1.893059872852754
15830.0,2.5225961966279464
15835.0,1.9052923816184468
15840.0,1.004889902283116
15845.0,0.3005108914681075
15850.0,0.10693848214544259
15855.0,0.015922259506776754
15860.0,0.010257260538630332
15865.0,0.08164644528513441
15870.0,0.04758662390655026
15875.0,0.03958475963509816
15880.0,0.07215543031014597
15885.0,0.126447327615772
15890.0,0.1324472176676349
15895.0,0.15354473738170452
15900.0,0.10278995835305162
15905.0,0.04799099656858337
15910.0,0.1734926205741219
15915.0,0.12914819754464507
15920.0,0.08328405241074165
15925.0,0.11102486986039231
15930.0,0.12151881192189715
15935.0,0.09710275148216338
15940.0,0.15819823626775184
15945.0,0.17120715920233298
15950.0,0.1817534152138122
15955.0,0.19507013595873124
15960.0,0.18520940547603662
15965.0,0.1138190894281237
15970.0,0.15238116569389604
15975.0,0.20487884787223293
15980.0,0.1806986627276839
15985.0,0.18527864408509076
15990.0,0.159418164564999
15995.0,0.20795171186640699
16000.0,0.18369995929143693
16005.0,0.20548365699110352
16010.0,0.22059859237354632
16015.0,0.26598368038648107
16020.0,0.2242778824622084
16025.0,0.18430023675400767
16030.0,0.14699656324461788
16035.0,0.2694857253768605
16040.0,0.24025440078057653
16045.0,0.1269403871428297
16050.0,0.19911591696720532
16055.0,0.229542862079316
16060.0,0.17539662577338153
16065.0,0.19365629658078345
16070.0,0.15070715254089395
16075.0,0.21442334516342487
16080.0,0.20030334646554912
16085.0,0.13428187237845413
16090.0,0.1731286637110534
16095.0,0.11686247483275085
16100.0,0.18491581874502022
16105.0,0.10270152317369494
16110.0,0.17138199858945694
16115.0,0.11086435689879963
16120.0,0.09962508372418358
16125.0,0.16836710630201823
16130.0,0.12358691618311159
16135.0,0.11760853209418923
16140.0,0.10823520979346575
16145.0,0.04751047008095149
16150.0,0.11112328525800878
16155.0,0.057814122387429674
16160.0,0.10815865644846383
16165.0,0.1269397130654502
16170.0,0.10568314993338246
16175.0,0.04731061173934512
16180.0,0.010274353832151958
16185.0,0.10981147360928213
16190.0,0.026132447561181764
16195.0,0.044026585538782706
16200.0,-0.052798663029990665
16205.0,-0.025053756684219684
16210.0,-0.006494091380568246
16215.0,-0.05536431165616811
16220.0,-0.006798837918709015
16225.0,-0.05248452415662308
16230.0,-0.031220168270892953
16235.0,-0.10397393417666281
16240.0,-0.02438656026552036
16245.0,-0.02705101380710463
16250.0,-0.05464440813716303
16255.0,-0.11333312327675932
16260.0,-0.15222084530721985
16265.0,-0.13223502766245032
16270.0,-0.10867705844483162
16275.0,-0.13814397022120284
16280.0,-0.12675203787096245
16285.0,-0.06330666240912136
16290.0,-0.14867163702958908
16295.0,-0.1992622117856201
16300.0,-0.08990299807902816
16305.0,-0.11729170014109372
16310.0,-0.08012520014315969
16315.0,-0.13436218354342655
16320.0,-0.14923577406628852
16325.0,-0.13321721720866891
16330.0,-0.14213026403470652
16335.0,-0.0782940918527628
16340.0,-0.21918442242008226
16345.0,-0.19158123607908212
16350.0,-0.19423824963642577
16355.0,-0.22942578971196556
16360.0,-0.08193675743112919
16365.0,-0.16967269061045198
16370.0,-0.1646721107190626
16375.0,-0.15085038218111352
16380.0,-0.23043073105848474
16385.0,-0.1767340292764642
16390.0,-0.15812326209893032
16395.0,-0.21991156546984372
16400.0,-0.11971785707573876
16405.0,-0.1624081737467414
16410.0,-0.14396245603346128
16415.0,-0.18087780674566611
16420.0,-0.2275843122170112
16425.0,-0.25612034953242035
16430.0,-0.1651917028323981
16435.0,-0.17029279454799187
16440.0,-0.15823611059096546
16445.0,-0.24175111757182444
16450.0,-0.08459840352375017
16455.0,-0.20684883768010773
16460.0,-0.20626396071676056
16465.0,-0.1254023365218365
16470.0,-0.18916803469020016
16475.0,-0.10146165074265613
16480.0,-0.12492739865565602
16485.0,-0.18131709481808608
16490.0,-0.22386531780493224
16495.0,-0.13392515347902195
16500.0,-0.1061370295484794
16505.0,-0.16154140107250697
16510.0,-0.09095005690172124
16515.0,-0.10958651922887984
16520.0,-0.11578120975987462
16525.0,-0.07693474735003761
16530.0,-0.08592841467748606
16535.0,-0.05328591382571541
16540.0,-0.20513876235510697
16545.0,-0.12461495906177478
16550.0,-0.029508933643552775
16555.0,-0.008859987708505594
16560.0,0.03335402723401229
16565.0,0.006664214554329431
16570.0,0.02463009642533383
16575.0,0.004828531434559375
16580.0,-0.04084716299204833
16585.0,-0.01646379573908358
16590.0,0.031713971832604965
16595.0,0.005600470564682254
16600.0,-0.0073705934781500455
16605.0,0.09956356418811513
16610.0,0.014417129294612998
16615.0,0.062240145336750166
16620.0,0.005467604300704636
16625.0,0.08145032859363138
16630.0,0.06065341701848054
16635.0,0.026260700092726658
16640.0,0.16619173925814312
16645.0,0.08627206609269554
16650.0,0.1006628866472642
16655.0,0.12102657923920229
16660.0,0.15932511011525324
16665.0,0.09314525162885476
16670.0,0.15762973119136456
16675.0,0.14225479840999203
16680.0,0.05225885094748338
16685.0,0.14408032910526927
16690.0,0.055271455825388255
16695.0,0.14666018933708772
16700.0,0.10803359492233457
16705.0,0.14271867557649962
16710.0,0.1702471914475479
16715.0,0.15313037432591928
16720.0,0.2033959458049755
16725.0,0.18974356280455887
16730.0,0.23764146766853944
16735.0,0.1471297682847934
16740.0,0.17889214988860555
16745.0,0.17757958778114497
16750.0,0.14409731202438786
16755.0,0.19929897949080747
16760.0,0.23351293057214761
16765.0,0.22033574693352598
16770.0,0.2247457175766146
16775.0,0.20435984722521575
16780.0,0.1840063185262178
16785.0,0.15715531919320352
16790.0,0.18558599836962436
16795.0,0.17469682778473059
16800.0,0.2030549679483371
16805.0,0.21293684832167825
16810.0,0.19555161570088422
16815.0,0.23748096628431886
16820.0,0.202202694733747
16825.0,0.16181879355821455
16830.0,0.16663893949647626
16835.0,0.23430631487151152
16840.0,0.1531825869772401
16845.0,0.18232870155902936
16850.0,0.1569679155419347
16855.0,0.2088832365902122
16860.0,0.1030041763771607
16865.0,0.23290603751038566
16870.0,0.1445106968554264
16875.0,0.1210295845554439
16880.0,0.18824228724718334
16885.0,0.12444458435914418
16890.0,0.1696201265417577
16895.0,0.3274171251001833
16900.0,1.0552231960922127
16905.0,2.0598171988389407
16910.0,2.5516366702430746
16915.0,1.9706443748836768
16920.0,0.9493051929198232
16925.0,0.3953705109979725
16930.0,0.0832697178155061
16935.0,0.011142802747331135
16940.0,0.01399989434138716
16945.0,-0.010891465982408748
16950.0,0.09477965344120352
16955.0,0.05347883009379173
16960.0,0.004637591518347559
16965.0,0.04223840165438446
16970.0,-0.05333146493192517
16975.0,0.018351496900442184
16980.0,0.0261162002881396
16985.0,-0.07535812475148021
16990.0,-0.06925846846400165
16995.0,-0.005068560722706679
17000.0,-0.00427639260127486
17005.0,-0.10556430664078478
17010.0,-0.12697230700219173
17015.0,-0.03414633503085873
17020.0,-0.09209274622703534
17025.0,-0.07795394465641534
17030.0,-0.08608888207604917
17035.0,-0.06042564710733914
17040.0,-0.19955215736849571
17045.0,-0.13449657988540975
17050.0,-0.10606226062852316
17055.0,-0.12400854083979342
17060.0,-0.17897788805011772
17065.0,-0.18988435639670662
17070.0,-0.058039107358099515
17075.0,-0.21603131140651174
17080.0,-0.07441937432626566
17085.0,-0.1646021072334609
17090.0,-0.1789751851143612
17095.0,-0.21870537720534916
17100.0,-0.16213450612461736
17105.0,-0.17091433759353894
17110.0,-0.17803281728507053
17115.0,-0.19398786665358317
17120.0,-0.21680597760730305
17125.0,-0.21288255019129593
17130.0,-0.2195294676924513
17135.0,-0.217325956117549
17140.0,-0.1949896615739877
17145.0,-0.23085706733730169
17150.0,-0.1501023611631829
17155.0,-0.22370763429222879
17160.0,-0.20524545952462137
17165.0,-0.18340147679312255
17170.0,-0.18110442567286644
17175.0,-0.20415844547558837
17180.0,-0.17152982945678988
17185.0,-0.14963230575304703
17190.0,-0.22723163533328164
17195.0,-0.17016783139627598
17200.0,-0.17127359262827427
17205.0,-0.19740420485591317
17210.0,-0.18137394870813509
17215.0,-0.17141024511921282
17220.0,-0.17234594090578775
17225.0,-0.19975315373724942
17230.0,-0.14934435741026952
17235.0,-0.17007366235861301
17240.0,-0.08083166361406292
17245.0,-0.14524711060409098
17250.0,-0.08925654007309465
17255.0,-0.17029205991717727
17260.0,-0.121088009391746
17265.0,-0.16001619248071722
17270.0,-0.13892508496334388
17275.0,-0.05171708719861639
17280.0,-0.06949484873093109
17285.0,-0.14717142049079093
17290.0,-0.06221293302984751
17295.0,-0.11882862333596902
17300.0,-0.06405214458391245
17305.0,-0.024457486242774586
17310.0,-0.04689779417755489
17315.0,-0.06249256789504837
17320.0,0.014349976126132952
17325.0,-0.02801965664379706
17330.0,0.025485524293215978
17335.0,0.03268355917267741
17340.0,0.025518306946019434
17345.0,-0.02662954037498924
17350.0,0.027674509360327715
17355.0,0.003833743926137289
17360.0,0.051302721664183114
17365.0,0.04726004778349016
17370.0,0.05602758186939029
17375.0,0.06017685733520045
17380.0,0.0940452643825993
17385.0,0.08440341181698284
17390.0,0.11574358454770983
17395.0,0.12127385186198976
17400.0,0.09012211764628873
17405.0,0.08506334161814451
17410.0,0.11184659837067447
17415.0,0.09832416208394945
17420.0,0.14906712344340536
17425.0,0.13208519480623404
17430.0,0.08871901413208991
17435.0,0.09899985038916698
17440.0,0.21326637304235124
17445.0,0.09646498337336526
17450.0,0.1404471433257181
17455.0,0.16060528249333886
17460.0,0.19331635958343846
17465.0,0.10574684965691479
17470.0,0.15426447808230342
17475.0,0.16347257112819497
17480.0,0.2541983751227532
17485.0,0.19120816934349835
17490.0,0.2589721404460056
17495.0,0.1660862522590388
17500.0,0.1595249858090633
17505.0,0.20143478255317418
17510.0,0.18909072783420874
17515.0,0.16353799136951688
17520.0,0.17767687107023833
17525.0,0.19619130661611237
17530.0,0.24811823747145012
17535.0,0.21372012832166307
17540.0,0.1986747017110416
17545.0,0.16590586532324988
17550.0,0.20644693777910544
17555.0,0.18716873125357042
17560.0,0.160171821169685
17565.0,0.17321138728456842
17570.0,0.21924398967128894
17575.0,0.2706640268420136
17580.0,0.1765529296899337
17585.0,0.18918788271195347
17590.0,0.21129116218444058
17595.0,0.13122782171296848
17600.0,0.18855175182371778
17605.0,0.14097479994131118
17610.0,0.17815703182123316
17615.0,0.13895273592773905
17620.0,0.08414476040262021
17625.0,0.17803619563617346
17630.0,0.06589826028469695
17635.0,0.0527170633506491
17640.0,0.14300165256896363
17645.0,0.07276899025344155
17650.0,0.1499558496399657
17655.0,0.07942518117808056
17660.0,0.11565713703469711
17665.0,0.15290361544855013
17670.0,0.1292797344480369
17675.0,0.09379456674784503
17680.0,0.054455261080899556
17685.0,0.08267136765780866
17690.0,0.026184215867340474
17695.0,0.03203249386708582
17700.0,0.1339180118806842
17705.0,-0.005255233351275524
17710.0,0.06354745439783452
17715.0,0.010433154059744385
17720.0,-0.06919970255609453
17725.0,0.006380554404688352
17730.0,-0.06632373041408951
17735.0,-0.029153073861427587
17740.0,0.014924800048451994
17745.0,-0.14449655161097216
17750.0,-0.03154915409689099
17755.0,-0.11442117355793927
17760.0,-0.08588419730599178
17765.0,-0.09796876527898614
17770.0,-0.07664204095937814
17775.0,-0.10116284576648589
17780.0,-0.07284789555509621
17785.0,-0.1173680599145573
17790.0,-0.15217375606391825
17795.0,-0.039572716155835894
17800.0,-0.0814327150688984
17805.0,-0.14636211851687025
17810.0,-0.07211318173976843
17815.0,-0.09413644469078318
17820.0,-0.11342897086091186
17825.0,-0.19065808549074975
17830.0,-0.17056818136293697
17835.0,-0.10536334141888147
17840.0,-0.1376879144440837
17845.0,-0.13600537584377936
17850.0,-0.21027583241087908
17855.0,-0.18412723750489324
17860.0,-0.2058698450727007
17865.0,-0.17408937253659323
17870.0,-0.10901442708925378
17875.0,-0.23924898865907127
17880.0,-0.183923086062901
17885.0,-0.18183795692252608
17890.0,-0.20369439773491446
17895.0,-0.3227142143316529
17900.0,-0.20783473281747133
17905.0,-0.2206485372052956
17910.0,-0.13939117899742615
17915.0,-0.2161724481401565
17920.0,-0.14455817680170058
17925.0,-0.17818241985607228
17930.0,-0.2794659682876445
17935.0,-0.23544781903132994
17940.0,-0.1646412935902251
17945.0,-0.1944073285336784
17950.0,-0.21497344837941798
17955.0,-0.1082320163318433
17960.0,-0.09438344712743585
17965.0,0.3365135472158412
17970.0,1.2458483949211845
17975.0,2.18917211635662
17980.0,2.1206014271065885
17985.0,1.2905214758027719
17990.0,0.41645398357820834
17995.0,0.04496938337080306
18000.0,-0.15894248356623883
18005.0,-0.12184726118854951
18010.0,-0.07210593327311933
18015.0,-0.0924650662978017
18020.0,-0.13980066926990298
18025.0,-0.14055510745628064
18030.0,-0.0014159822935257693
18035.0,-0.03220513875816812
18040.0,-0.14297482859440472
18045.0,-0.05660583093399907
18050.0,-0.07497251803240325
18055.0,-0.08938062784309528
18060.0,-0.009019551817419313
18065.0,-0.029873250289361757
18070.0,-0.0571459825292588
18075.0,-0.007339717512087222
18080.0,0.018587203195552543
18085.0,-0.032644897323412914
18090.0,-0.003942221755040212
18095.0,0.07156026305694782
18100.0,-0.037903784186251455
18105.0,0.061556410355953634
18110.0,0.03773319269884581
18115.0,0.030068923236285936
18120.0,0.05196098397798879
18125.0,0.09856113613969876
18130.0,0.14026428989073772
18135.0,0.12456040632394907
18140.0,0.13099694714829685
18145.0,0.0621617868288698
18150.0,0.047303900225313694
18155.0,0.14521855485263593
18160.0,0.1471072716620127
18165.0,0.12159993675734296
18170.0,0.15744896566513547
18175.0,0.18413690243094216
18180.0,0.18972206633763117
18185.0,0.05460729266686615
18190.0,0.11065959970958973
18195.0,0.18479959651263972
18200.0,0.15443509221269175
18205.0,0.20008808457020544
18210.0,0.1229851582492757
18215.0,0.19087539722582536
18220.0,0.26799941663920435
18225.0,0.16544205601539988
18230.0,0.18307185025373773
18235.0,0.10178524274788313
18240.0,0.2087312378401987
18245.0,0.20837773472377003
18250.0,0.18665129008991255
18255.0,0.18567060402904365
18260.0,0.17453917873965805
18265.0,0.17209081267441448
18270.0,0.21218953373348567
18275.0,0.28268396442858607
18280.0,0.1710964587344034
18285.0,0.19258639148553264
18290.0,0.18212153466343556
18295.0,0.19691458911508497
18300.0,0.23581190155708312
18305.0,0.22031453967188397
18310.0,0.18044442543574435
18315.0,0.19850021205146368
18320.0,0.17668516217281674
18325.0,0.16578270816010282
18330.0,0.15015882298569072
18335.0,0.2203335045568235
18340.0,0.16521978627595232
18345.0,0.17016121912184426
18350.0,0.25407727966500737
18355.0,0.12096552533228724
18360.0,0.1985942162780823
18365.0,0.1854603695041876
18370.0,0.19466068582266915
18375.0,0.16701746108956322
18380.0,0.15235056455480714
18385.0,0.1816732173873591
18390.0,0.09191905774345163
18395.0,0.07170706806376154
18400.0,0.016821863894364644
18405.0,0.11628830039224555
18410.0,0.13351857892495234
18415.0,0.11995322653256155
18420.0,0.035216730874432015
18425.0,0.05246316561617259
18430.0,0.050207773779654685
18435.0,0.06049517946771805
18440.0,0.06252990700854104
18445.0,0.12347445222700221
18450.0,0.1226455421709205
18455.0,0.031167604634325385
18460.0,0.11664706128733238
18465.0,0.09567489120600176
18470.0,0.05984511484343804
18475.0,0.01603174623369385
18480.0,-0.05635058075858612
18485.0,0.07650024786323473
18490.0,0.02529665690102099
18495.0,-0.06171296404165419
18500.0,-0.03084412056313348
18505.0,-0.044561098516358554
18510.0,-0.02982745400865467
18515.0,-0.12394492687293143
18520.0,-0.09336980624049845
18525.0,-0.0824121383662362
18530.0,-0.1359487308248404
18535.0,-0.10071347451573708
18540.0,-0.10729599784219765
18545.0,-0.13139152598485682
18550.0,-0.08583698762053654
18555.0,-0.24193945078506934
18560.0,-0.14091023224982197
18565.0,-0.1705374144885115
18570.0,-0.04635553806745847
18575.0,-0.13523004582964543
18580.0,-0.2036736507110128
18585.0,-0.1376942957056294
18590.0,-0.14805386850053623
18595.0,-0.10788798376644733
18600.0,-0.15809409697872534
18605.0,-0.11360857402362912
18610.0,-0.20219810533382418
18615.0,-0.20255983413223771
18620.0,-0.16615615150593713
18625.0,-0.18025126523132587
18630.0,-0.24962640310651643
18635.0,-0.2171039920799794
18640.0,-0.15415265359181912
18645.0,-0.24854241862339566
18650.0,-0.09719781558848017
18655.0,-0.2506204244140344
18660.0,-0.13265305359472795
18665.0,-0.22153332534946232
18670.0,-0.14793705085274217
18675.0,-0.14843953486923117
18680.0,-0.19636939839253295
18685.0,-0.160144875034228
18690.0,-0.17428498251726454
18695.0,-0.18288016203393753
18700.0,-0.18371662652297358
18705.0,-0.18191438824309367
18710.0,-0.17796596741506845
18715.0,-0.13916846400031474
18720.0,-0.14940726260845041
18725.0,-0.17767403378495164
18730.0,-0.26473412856732437
18735.0,-0.13676455185165964
18740.0,-0.13102744942547903
18745.0,-0.13713358551419466
18750.0,-0.13739414746714812
18755.0,-0.16226499364170072
18760.0,-0.15650543307411066
18765.0,-0.1169584325504971
18770.0,-0.0858633744362321
18775.0,-0.13134319934217015
18780.0,-0.10455860794175979
18785.0,-0.045205581108548665
18790.0,-0.11043351064133324
18795.0,-0.03571642164133335
18800.0,-0.0809356176619402
18805.0,-0.0621591597442778
18810.0,-0.046047270876087176
18815.0,-0.07700769190767756
18820.0,-0.06554946015806343
18825.0,0.0055872691705855584
18830.0,-0.0203143853617422
18835.0,0.03157939906069475
18840.0,-0.01096898461653142
18845.0,-0.0009058423691929302
18850.0,-0.005689011662766093
18855.0,0.049012263131715916
18860.0,0.0029973989936961203
18865.0,0.0018521159648289404
18870.0,0.061780184231446114
18875.0,0.031515236097972424
18880.0,0.01817424407159568
18885.0,0.05110290300771812
18890.0,-0.040462748918071376
18895.0,0.037027107627429945
18900.0,0.18809620313664788
18905.0,0.06539367058212561
18910.0,0.11979129653502146
18915.0,0.05505818486699371
18920.0,0.177593079955364
18925.0,0.14942698035405916
18930.0,0.12130557185954688
18935.0,0.16004777548285692
18940.0,0.21910547392305704
18945.0,0.12845515297375187
18950.0,0.15641756922569447
18955.0,0.16077668534463108
18960.0,0.08164304685554263
18965.0,0.09624615195565851
18970.0,0.15051594770388443
18975.0,0.11111952861046148
18980.0,0.15568675810340638
18985.0,0.16534385919996972
18990.0,0.16932835352628933
18995.0,0.15835409983248014
19000.0,0.16917494234464117
19005.0,0.20344945904439277
19010.0,0.10718687197719558
19015.0,0.19402296092756705
19020.0,0.39874232901235845
19025.0,1.1371708830246958
19030.0,2.080195968289948
19035.0,2.6887471780342005
19040.0,2.185674395877593
19045.0,1.1310761606151156
19050.0,0.5095220942833552
19055.0,0.16872393674256914
19060.0,0.2338606746705878
19065.0,0.19423900456493012
19070.0,0.2570799740564767
19075.0,0.1938910447967606
19080.0,0.16285893494175008
19085.0,0.1911471144349007
19090.0,0.17588029296486252
19095.0,0.16331215599470997
19100.0,0.19376387056899866
19105.0,0.1845452646654738
19110.0,0.18571188505588732
19115.0,0.15487101116894034
19120.0,0.15932186274213475
19125.0,0.10454296605499329
19130.0,0.05720085401641262
19135.0,0.1697097794811293
19140.0,0.1518068095254108
19145.0,0.12397836689690307
19150.0,0.15899919783407745
19155.0,0.14580958170066566
19160.0,0.10419108141757939
19165.0,0.01964701631642292
19170.0,0.06056046880163679
19175.0,0.07748402127644682
19180.0,0.05812946746739954
19185.0,0.029636667376669125
19190.0,-0.018733603816347123
19195.0,0.029567396006645305
19200.0,0.042796149445645415
19205.0,0.06313044796860037
19210.0,0.009558404914660583
19215.0,0.0976589232528102
19220.0,-0.021023634820406485
19225.0,-0.02324725637735378
19230.0,0.029331295052437988
19235.0,0.047110127238543756
19240.0,0.052736055300082005
19245.0,0.007856343076035655
19250.0,-0.04663330864022567
19255.0,0.041151451579820066
19260.0,-0.0545319033097848
19265.0,-0.015540345880331055
19270.0,-0.10963750849494974
19275.0,-0.066223651802888
19280.0,-0.03185077338505455
19285.0,-0.13376217643065635
19290.0,-0.1381146875892852
19295.0,-0.04866831014232772
19300.0,-0.07201092883110327
19305.0,-0.10149785115650348
19310.0,-0.1620742381244606
19315.0,-0.1432332648130164
19320.0,-0.15763834519258693
19325.0,-0.11817534848924742
19330.0,-0.14614414082489458
19335.0,-0.20332275470792183
19340.0,-0.18695549674786882
19345.0,-0.18288592060678177
19350.0,-0.16995190038269187
19355.0,-0.15421208511290727
19360.0,-0.19436113278102557
19365.0,-0.23595418761390616
19370.0,-0.20948554499951974
19375.0,-0.23995247035509448
19380.0,-0.1582705459380158
19385.0,-0.2243141569189591
19390.0,-0.20997274283524267
19395.0,-0.19408768129673376
19400.0,-0.22435304530867325
19405.0,-0.19804809974124707
19410.0,-0.20411494115989964
19415.0,-0.22125374385731164
19420.0,-0.19284547976928465
19425.0,-0.22696301018622103
19430.0,-0.1911397496072857
19435.0,-0.20374600253331354
19440.0,-0.19706017411763505
19445.0,-0.15555603719682104
19450.0,-0.19732958004770482
19455.0,-0.17946079166663334
19460.0,-0.19854045949351226
19465.0,-0.1661383082617782
19470.0,-0.16849003862292028
19475.0,-0.19782208912139415
19480.0,-0.21249718428462544
19485.0,-0.15260374898643203
19490.0,-0.04336756088557492
19495.0,-0.09615510750921158
19500.0,-0.12322398645611271
19505.0,-0.1591422391185467
19510.0,-0.024958723800836094
19515.0,-0.12430520613769208
19520.0,-0.1574326686778132
19525.0,-0.11493227166612521
19530.0,-0.06130948175705192
19535.0,-0.10850297297928786
19540.0,-0.1456353781557313
19545.0,-0.12607125160391155
19550.0,-0.10734847522067012
19555.0,-0.04794469021398083
19560.0,-0.08489131254403279
19565.0,-0.05300613223822291
19570.0,-0.035123498451405416
19575.0,0.025603631910722194
19580.0,-0.05216616347432574
19585.0,-0.07622343258097064
19590.0,0.026165268738101124
19595.0,-0.06114540891461581
19600.0,0.008584074764123203
19605.0,-0.03554705976373508
19610.0,0.0268387142114485
19615.0,-0.06316521485263375
19620.0,0.062497543298144144
19625.0,0.0765291555314837
19630.0,0.03897866300710494
19635.0,0.041553870812715804
19640.0,0.11186703080045432
19645.0,0.07846826410103093
19650.0,0.03696873083922658
19655.0,0.08839357320393476
19660.0,0.09687843897776494
19665.0,0.08735256519501836
19670.0,0.10388199666725785
19675.0,0.09932157974751923
19680.0,0.08214958994702214
19685.0,0.06409300922672863
19690.0,0.14891748671114385
19695.0,0.15075290467063598
19700.0,0.06795548171339359
19705.0,0.14633161468721287
19710.0,0.13165590761860882
19715.0,0.139184057890833
19720.0,0.16254900239048942
19725.0,0.17800665504629723
19730.0,0.13573016585748646
19735.0,0.17698724595461718
19740.0,0.16303800890232595
19745.0,0.182089283619697
19750.0,0.20406518480577662
19755.0,0.1941058079133835
19760.0,0.24151479946992568
19765.0,0.27004387776318844
19770.0,0.23927486917552676
19775.0,0.21558933769213146
19780.0,0.13189295943712576
19785.0,0.24397361263016018
19790.0,0.1604661957904142
19795.0,0.20175181944802248
19800.0,0.21914050630232354
19805.0,0.1956472308671165
19810.0,0.23585410427156092
19815.0,0.19579136627824925
19820.0,0.15680576501799875
19825.0,0.18147741105515083
19830.0,0.10480369154340954
19835.0,0.21166427126290285
19840.0,0.19717818867750203
19845.0,0.1989277685268758
19850.0,0.19532138596541648
19855.0,0.08104676461708762
19860.0,0.17647119425234487
19865.0,0.09480936315163513
19870.0,0.21534461108136665
19875.0,0.19943651599945048
19880.0,0.1354959543289554
19885.0,0.21024939369052453
19890.0,0.12542713083130552
19895.0,0.11892856990995702
19900.0,0.07518128912446098
19905.0,0.09171163760455762
19910.0,0.1004328117829121
19915.0,0.16126371439316492
19920.0,0.11430372988451945
19925.0,0.016735971015262474
19930.0,0.11154188462364815
19935.0,0.009432946468015457
19940.0,0.060005730918384736
19945.0,0.0830899730621459
19950.0,0.056596352365840784
19955.0,-0.010322561399871956
19960.0,0.1295399347667599
19965.0,0.026724738647745546
19970.0,-0.002158722898246059
19975.0,0.02979312231128309
19980.0,-0.015180684857661076
19985.0,0.04288614520101933
19990.0,-0.011672625135494535
19995.0,-0.03819281857839589
20000.0,-0.06823866264994644
20005.0,-0.0629344488923362
20010.0,-0.010631540036134021
20015.0,-0.10730031109714605
20020.0,-0.10808930740881373
20025.0,-0.13115754484083697
20030.0,-0.08397972575166437
20035.0,-0.061286553363737645
20040.0,-0.05238816319192334
20045.0,-0.0466754318102149
20050.0,-0.15544811294613772
20055.0,-0.09730850775491244
20060.0,-0.09260168456585921
20065.0,-0.14439879621125346
20070.0,0.044538068788079754
20075.0,0.6779659819294912
20080.0,1.7234121588408455
20085.0,2.3535564950081738
20090.0,1.8159700724808459
20095.0,0.8607090545771289
20100.0,0.2376085663771449
20105.0,-0.1657238704946591
20110.0,-0.13024164959688256
20115.0,-0.1637086889487808
20120.0,-0.1735327518256471
20125.0,-0.20315218846651334
20130.0,-0.2416774941713859
20135.0,-0.13117254741825027
20140.0,-0.17941151982235173
20145.0,-0.17428449120902448
20150.0,-0.2688503031518914
20155.0,-0.24115104442791788
20160.0,-0.21200434972101867
20165.0,-0.11715654277334141
20170.0,-0.23695369601296132
20175.0,-0.147053462263234
20180.0,-0.15965365412749866
20185.0,-0.22803814553955054
20190.0,-0.25792571098903455
20195.0,-0.22469310065809125
20200.0,-0.1472865238128509
20205.0,-0.18050394124149607
20210.0,-0.18243157603552143
20215.0,-0.19774423428986207
20220.0,-0.21708886476046121
20225.0,-0.17868033287766588
20230.0,-0.10232687541399514
20235.0,-0.1372516813134062
20240.0,-0.10169637856512229
20245.0,-0.22559795830368604
20250.0,-0.08088691542897394
20255.0,-0.07516611995877459
20260.0,-0.165879755432425
20265.0,-0.13443942797105407
20270.0,-0.08910790761429302
20275.0,-0.11809368040584386
20280.0,-0.15598143973971434
20285.0,-0.12339420290960242
20290.0,-0.10138124610684135
20295.0,-0.12159065267433163
20300.0,-0.07406501133851695
20305.0,-0.09826236455681146
20310.0,-0.07225544192472748
20315.0,-0.12760113273761073
20320.0,-0.08183141617427772
20325.0,-0.08669273864570928
20330.0,-0.07822394595692464
20335.0,-0.010354438453822435
20340.0,-0.08810439470480806
20345.0,0.037185059894293646
20350.0,-0.0176485853642461
20355.0,0.05052927310668351
20360.0,0.04274743634749689
20365.0,-0.037454967780971064
20370.0,0.000688759917479978
20375.0,0.06774932533024443
20380.0,0.056024075363875304
20385.0,0.009222268515710168
20390.0,0.028761292361258958
20395.0,0.09538609910996063
20400.0,0.04782687552077787
20405.0,0.13177218048913725
20410.0,0.11102432100271077
20415.0,0.06878606123156913
20420.0,0.08356869562378795
20425.0,0.07854911272107111
20430.0,0.1303113336009942
20435.0,0.10823459587519718
20440.0,0.16687197030416048
20445.0,0.18369061263390557
20450.0,0.1430998202200454
20455.0,0.11133269923195703
20460.0,0.174736415211605
20465.0,0.14188866633566716
20470.0,0.15115917165253612
20475.0,0.13420080237626977
20480.0,0.18676334026752736
20485.0,0.1278446875784993
20490.0,0.19773211398975887
20495.0,0.13825547170746358
20500.0,0.1955304377721378
20505.0,0.2503589205448621
20510.0,0.19604265617903477
20515.0,0.19787019393937608
20520.0,0.17895409067710924
20525.0,0.15832678196905364
20530.0,0.2172107121541624
20535.0,0.2290544901262222
20540.0,0.1719269512596383
20545.0,0.20275984787915557
20550.0,0.12111171775534615
20555.0,0.2123865299082956
20560.0,0.19180867809060712
20565.0,0.19079150730354347
20570.0,0.2171058663057337
20575.0,0.2306837063003492
20580.0,0.14695769323669158
20585.0,0.1989613716043662
20590.0,0.18760980481059528
20595.0,0.1902397623743944
20600.0,0.11791216341062322
20605.0,0.22785108015031483
20610.0,0.13305292788046472
20615.0,0.18159753529184994
20620.0,0.1641069756711668
20625.0,0.2002419161856928
20630.0,0.15656129688384735
20635.0,0.22593043513708727
20640.0,0.13715583897062245
20645.0,0.1705845012887932
20650.0,0.09763710285501796
20655.0,0.0895128663111377
20660.0,0.06557378179471252
20665.0,0.1084435936231953
20670.0,0.0053904984869107275
20675.0,-0.010196091335946927
20680.0,0.06907736308623774
20685.0,0.020721681382966282
20690.0,0.0763121810213363
20695.0,0.031909080208741315
20700.0,0.04027443125778797
20705.0,0.03420785332724871
20710.0,0.040884664689735714
20715.0,0.022581260592593876
20720.0,0.06608068225549
20725.0,-0.008736449315547894
20730.0,-0.05505763776402947
20735.0,0.06091727333633915
20740.0,-0.04367841011693371
20745.0,0.00224630325773513
20750.0,-0.032276526096522824
20755.0,-0.0995057757544953
20760.0,-0.049482339251547054
20765.0,0.009068707656605973
20770.0,-0.023003099648708357
20775.0,-0.038783570493498315
20780.0,-0.06471976484652242
20785.0,-0.1535515239965138
20790.0,-0.11576469143931975
20795.0,-0.12831187210839834
20800.0,-0.09278985985971222
20805.0,-0.12205936684040984
20810.0,-0.12624135833101915
20815.0,-0.1394140577472907
20820.0,-0.14724245598117192
20825.0,-0.12855525954424368
20830.0,-0.15785967284423053
20835.0,-0.16171443206928232
20840.0,-0.18637067504068416
20845.0,-0.07953496717000766
20850.0,-0.25942684379015046
20855.0,-0.12921964643138367
20860.0,-0.11756433273786109
20865.0,-0.14161823637055518
20870.0,-0.21037192345407033
20875.0,-0.16918549671225747
20880.0,-0.2502530694852011
20885.0,-0.14395144842358557
20890.0,-0.2228950838513911
20895.0,-0.2296661581614385
20900.0,-0.2659539627658074
20905.0,-0.18452887850768607
20910.0,-0.17064768861747354
20915.0,-0.2595258845582742
20920.0,-0.197656651364229
20925.0,-0.19469215526238248
20930.0,-0.12882103526449062
20935.0,-0.16639763626127235
20940.0,-0.14137057936476677
20945.0,-0.17439183916309656
20950.0,-0.12670318320851748
20955.0,-0.1010558828332965
20960.0,-0.17592653214001047
20965.0,-0.21427365564166856
20970.0,-0.1322075111499683
20975.0,-0.1344413342367771
20980.0,-0.18362559719253155
20985.0,-0.1908847364887255
20990.0,-0.14880716666103677
20995.0,-0.14233040233781413
21000.0,-0.07274470009964179
21005.0,-0.13080012718714093
21010.0,-0.169750080468717
21015.0,-0.1741070073853124
21020.0,-0.17526226886416624
21025.0,-0.06752509983680671
21030.0,-0.19232126145550973
21035.0,-0.1304028217088769
21040.0,-0.1110045650543617
21045.0,-0.01589827281342447
21050.0,-0.059232687458538956
21055.0,-0.0883074748589433
21060.0,-0.05532043722486273
21065.0,-0.12538055778915258
21070.0,-0.13238704998522455
21075.0,-0.10034289847533415
21080.0,-0.008692023784508361
21085.0,-0.010855118417608917
21090.0,-0.07656157673549335
21095.0,-0.09412520586353765
21100.0,-0.02477967578994951
21105.0,-0.030687729304628278
21110.0,0.009356429724465917
21115.0,0.17775930104273052
21120.0,0.6263867763853725
21125.0,1.5988549723407783
21130.0,2.514484710048943
21135.0,2.240011892829014
21140.0,1.2374330161253837
21145.0,0.4517093188387455
21150.0,0.17406591033516458
21155.0,0.10701154592230541
21160.0,0.0675561582932618
21165.0,0.029029974498953663
21170.0,0.10744723146911274
21175.0,0.1004893326139855
21180.0,0.07461229463339868
21185.0,0.12354359562585869
21190.0,0.12126104133862108
21195.0,0.09611946963084284
21200.0,0.13814499038741634
21205.0,0.18352309046785859
21210.0,0.12998481541050005
21215.0,0.13106918864109407
21220.0,0.13927503335191974
21225.0,0.13914596443737648
21230.0,0.1394600457645938
21235.0,0.2122942737551295
21240.0,0.23293867968089393
21245.0,0.24457394615887468
21250.0,0.18980273995676564
21255.0,0.19606833446433633
21260.0,0.2141585731366247
21265.0,0.23478656044444968
21270.0,0.14862546046479774
21275.0,0.16161328384094992
21280.0,0.1679249271543255
21285.0,0.19839079856265476
21290.0,0.21177316061932777
21295.0,0.21931729824182783
21300.0,0.2112635537063645
21305.0,0.22813922790975982
21310.0,0.20006105460788387
21315.0,0.1874867014072198
21320.0,0.23627877336329725
21325.0,0.2035256073881716
21330.0,0.2359316828598277
21335.0,0.21528398362147766
21340.0,0.2381418973394724
21345.0,0.144237916345445
21350.0,0.20891031440994878
21355.0,0.235712715643075
21360.0,0.17693855517193144
21365.0,0.14626536736505133
21370.0,0.14377015314873123
21375.0,0.1155660596503624
21380.0,0.17076575215368664
21385.0,0.10044400395116185
21390.0,0.19574850852904008
21395.0,0.08120324728285594
21400.0,0.1307814534169078
21405.0,0.1247851401027201
21410.0,0.11183082247693961
21415.0,0.049787980059375056
21420.0,0.14207111102922867
21425.0,0.12228922089455242
21430.0,0.06817998255156053
21435.0,0.025741908322711553
21440.0,0.04277013290539863
21445.0,0.02089075634425403
21450.0,0.10968566754792962
21455.0,0.054140468526674326
21460.0,0.01985438394359705
21465.0,0.03685084612906879
21470.0,0.0416917451538982
21475.0,0.038119076654390044
21480.0,0.014604999494304157
21485.0,-0.013338999484208473
21490.0,0.062070278008878266
21495.0,-0.04037682974145864
21500.0,-0.07013579262001268
21505.0,-0.04126925388901579
21510.0,-0.022414957064040154
21515.0,-0.08853730840039814
21520.0,-0.09825233973848338
21525.0,-0.047426333079701455
21530.0,-0.050663841707527954
21535.0,-0.07023015172661083
21540.0,-0.02080463671328657
21545.0,-0.11665281842771141
21550.0,-0.15452522681541417
21555.0,-0.10797893850132846
21560.0,-0.05182344170256641
21565.0,-0.08432245046133721
21570.0,-0.10993669253277208
21575.0,-0.13936524939636516
21580.0,-0.15733923512647394
21585.0,-0.1468416324144784
21590.0,-0.19026766391480032
21595.0,-0.1355236007300313
21600.0,-0.1444932464880624
21605.0,-0.11132694914788058
21610.0,-0.2356094779157809
21615.0,-0.22779922546675196
21620.0,-0.14638723347481641
21625.0,-0.18830441157431219
21630.0,-0.1972815587296129
21635.0,-0.19445284818931807
21640.0,-0.2243067079071845
21645.0,-0.18292738301029507
21650.0,-0.20045200658020362
21655.0,-0.20819999549314963
21660.0,-0.17157378976282647
21665.0,-0.22181248071002294
21670.0,-0.13517078316247638
21675.0,-0.16018278301668532
21680.0,-0.17373788450752298
21685.0,-0.18642667263843563
21690.0,-0.24774465591768186
21695.0,-0.179726089936516
21700.0,-0.12132994670576278
21705.0,-0.18070058812280085
21710.0,-0.22298680401856474
21715.0,-0.15351922710452334
21720.0,-0.17012537977995862
21725.0,-0.13383984495784113
21730.0,-0.1327090551295153
21735.0,-0.2192379202987354
21740.0,-0.21549969629675025
21745.0,-0.22240125148660772
21750.0,-0.13225655546948467
21755.0,-0.11942101071235273
21760.0,-0.09511615024941314
21765.0,-0.10011343261133263
21770.0,-0.13547561893763038
21775.0,-0.1290445978385995
21780.0,-0.09238628778782786
21785.0,-0.09843383702129035
21790.0,-0.1089452021717938
21795.0,-0.06922104837561374
21800.0,-0.08342766393521255
21805.0,-0.10980843588974024
21810.0,-0.03690247295326939
21815.0,-0.09915197991569867
21820.0,0.015277582552615021
21825.0,-0.06927575677007548
21830.0,-0.04701368139884435
21835.0,-0.014947337216384741
21840.0,-0.05634483023288742
21845.0,-0.12034443073370425
21850.0,0.03571264162558796
21855.0,0.03163685758477138
21860.0,-0.07280644144369049
21865.0,0.029033297575287498
21870.0,0.08596521660078098
21875.0,-0.023479713315658676
21880.0,0.05692045307805345
21885.0,0.044994810410214595
21890.0,0.12269388116404414
21895.0,0.09314020743793508
21900.0,0.01482787338370039
21905.0,0.026243691642007266
21910.0,0.06113412428362913
21915.0,0.03398956195629858
21920.0,0.06809910064467428
21925.0,0.1694159429790474
21930.0,0.061952971674089856
21935.0,0.11443633865155584
21940.0,0.20932679659115816
21945.0,0.20499418416800158
21950.0,0.14234725844213095
21955.0,0.08025477990911656
21960.0,0.10370732498675572
21965.0,0.15641724362563073
21970.0,0.2062136818652078
21975.0,0.20686967354214786
21980.0,0.19878474919741979
21985.0,0.15896231286313073
21990.0,0.23480340346487436
21995.0,0.16469700814050117
22000.0,0.22488506587668453
22005.0,0.1738202319674432
22010.0,0.1700573711093497
22015.0,0.2568555620247564
22020.0,0.2606382437905975
22025.0,0.19548027502236484
22030.0,0.2494557464093202
22035.0,0.22229269701885238
22040.0,0.1541070563651536
22045.0,0.20649339187686963
22050.0,0.1753880040903304
22055.0,0.1939506051267846
22060.0,0.1519198132313179
22065.0,0.16378442777242072
22070.0,0.1478780656481895
22075.0,0.26824988035270025
22080.0,0.2196388487197564
22085.0,0.18126728145866455
22090.0,0.18325178440887174
22095.0,0.1281788441049705
22100.0,0.24180980091885135
22105.0,0.17437374240167597
22110.0,0.14201982530901902
22115.0,0.18977555495210424
22120.0,0.12815499538095093
22125.0,0.09143389524007826
22130.0,0.15023519578565703
22135.0,0.09448654293553767
22140.0,0.15569129096340392
22145.0,0.17294089483075523
22150.0,0.09288662163766456
22155.0,0.09539042747401012
22160.0,0.3886405182484711
22165.0,0.8059657161722513
22170.0,1.7341817212090416
22175.0,2.503446949403827
22180.0,2.2496494998598155
22185.0,1.3120732477701877
22190.0,0.5247978451181523
22195.0,0.1762756905904065
22200.0,0.16943303291683587
22205.0,0.025740391871581267
22210.0,0.046652196132318816
22215.0,0.06396955727419289
22220.0,0.0351090498794727
22225.0,0.0011468260033894312
22230.0,0.04275624394674689
22235.0,0.037341857559438335
22240.0,-0.0007707643009566643
22245.0,-0.019572378427498278
22250.0,-0.010080015974755913
22255.0,0.02934357437073495
22260.0,-0.030556908142527917
22265.0,-0.06931622393373608
22270.0,-0.05590306072543254
22275.0,-0.016462814596053525
22280.0,-0.031032258335354102
22285.0,-0.11026910017047595
22290.0,-0.020635213106488873
22295.0,-0.021026828920043816
22300.0,-0.1078202442711751
22305.0,-0.14802978737929928
22310.0,-0.15157093341482708
22315.0,-0.10552884886076717
22320.0,-0.11880403734010196
22325.0,-0.0864929821307996
22330.0,-0.12093582347104478
22335.0,-0.10672754779407831
22340.0,-0.12638366147972088
22345.0,-0.13702542882479438
22350.0,-0.24225927494415106
22355.0,-0.15289339941186605
22360.0,-0.18613246562702748
22365.0,-0.2059496557936593
22370.0,-0.19346217119574166
22375.0,-0.1895401174631006
22380.0,-0.21694279432843308
22385.0,-0.22707204042633738
22390.0,-0.21090049659884152
22395.0,-0.2348368024419949
22400.0,-0.21365146384504843
22405.0,-0.1476074736513071
22410.0,-0.1479714440390224
22415.0,-0.1721332731742309
22420.0,-0.17172283670777447
22425.0,-0.1987701377205097
22430.0,-0.16476927424387114
22435.0,-0.19162877389847224
22440.0,-0.10784681564326609
22445.0,-0.21096429713345172
22450.0,-0.12694022678094033
22455.0,-0.1702244586345017
22460.0,-0.2252522652947248
22465.0,-0.23413082365978913
22470.0,-0.15049894297547095
22475.0,-0.20654451312568797
22480.0,-0.1661267406117407
22485.0,-0.18120578053457398
22490.0,-0.20995495649092238
22495.0,-0.19541501602265374
22500.0,-0.15606351476214161
22505.0,-0.17440811718569674
22510.0,-0.13047371828368992
22515.0,-0.13767823868099344
22520.0,-0.1310127354279358
22525.0,-0.11661762029420597
22530.0,-0.17423855512813935
22535.0,-0.09878166121966053
22540.0,-0.11677067906295989
22545.0,-0.21124198776835912
22550.0,-0.05226365138587595
22555.0,-0.056873728517596187
22560.0,-0.02921422795822229
22565.0,-0.1919372961791429
22570.0,-0.034056925737163284
22575.0,-0.1111270743924179
22580.0,-0.08021828116033512
22585.0,-0.13510592212082498
22590.0,-0.02986420684007867
22595.0,-0.06008345191763178
22600.0,0.03180332067012009
22605.0,-0.04682075839198689
22610.0,-0.009589425617971322
22615.0,0.05367179185755422
22620.0,-0.01588588217517201
22625.0,-0.0405857008938794
22630.0,0.04356201429146174
22635.0,-0.006069038339233737
22640.0,0.01374149916628124
22645.0,0.060643748513488444
22650.0,0.06825704253379215
22655.0,0.12475921355309419
22660.0,0.04848233349911
22665.0,0.06296931084116232
22670.0,0.14201085672081445
22675.0,0.10642642535840258
22680.0,0.08262834510535266
22685.0,0.10973149700821057
22690.0,0.13368158764860122
22695.0,0.09044724479585432
22700.0,0.11149805489257208
22705.0,0.05394265068029751
22710.0,0.19105413359334017
22715.0,0.08295994223843967
22720.0,0.1848797136690221
22725.0,0.16690179385706247
22730.0,0.21637576715329432
22735.0,0.15718203429498298
22740.0,0.20993685060258505
22745.0,0.18317232343482118
22750.0,0.12521919697118525
22755.0,0.19820455819398966
22760.0,0.20754269662039898
22765.0,0.14152532778163834
22770.0,0.22428366410673925
22775.0,0.2408053869474091
22780.0,0.20624081176149864
22785.0,0.2621959211175163
22790.0,0.21828887155597193
22795.0,0.2250510206615309
22800.0,0.24861692734470248
22805.0,0.18820566456195206
22810.0,0.2373306275387379
22815.0,0.24220911791427405
22820.0,0.22374084962812402
22825.0,0.16908949217640887
22830.0,0.1952458701136739
22835.0,0.2436431844990361
22840.0,0.20218689614982308
22845.0,0.21705930477444652
22850.0,0.2530089060956425
22855.0,0.14128169268388704
22860.0,0.17076636529839534
22865.0,0.1472091026908895
22870.0,0.1741893264463245
22875.0,0.21802450158062014
22880.0,0.14856785735977876
22885.0,0.24725347457321523
22890.0,0.13102766749079392
22895.0,0.16985825278769076
22900.0,0.19556909261631988
22905.0,0.10641994008023653
22910.0,0.06975333922424595
22915.0,0.0999267414471525
22920.0,0.19404203936269826
22925.0,0.1902196334272471
22930.0,-0.021313349899122522
22935.0,0.11103612044921271
22940.0,0.09878189966456108
22945.0,0.021797196487607785
22950.0,0.06705360601305224
22955.0,0.1153900747971719
22960.0,0.025525679110990518
22965.0,0.11692073175644421
22970.0,0.05926350553643703
22975.0,0.032057589071103496
22980.0,-0.0008777532174562633
22985.0,0.03307866843339526
22990.0,0.06593246562812927
22995.0,-0.008012279850516892
23000.0,-0.039389199697030676
23005.0,-0.03517000657655144
23010.0,-0.04538641129545981
23015.0,-0.0056483518592502675
23020.0,-0.05213675617385682
23025.0,-0.10740847092604097
23030.0,-0.02587285922691559
23035.0,-0.053195508290922705
23040.0,-0.07247796420166433
23045.0,-0.05390091867169737
23050.0,-0.0032187392166486972
23055.0,-0.06526559627320933
23060.0,-0.07089633809886442
23065.0,-0.1601093661086946
23070.0,-0.14032313946413477
23075.0,-0.17374157410679264
23080.0,-0.08442748092001065
23085.0,-0.16398967555821758
23090.0,-0.15390586972164277
23095.0,-0.1410295403860318
23100.0,-0.13250998925318194
23105.0,-0.19229652370766565
23110.0,-0.17954740957157317
23115.0,-0.09995774073181676
23120.0,-0.16499064769401514
23125.0,-0.1216607175678738
23130.0,-0.19786053155912914
23135.0,-0.15077437658489562
23140.0,-0.138034992591298
23145.0,-0.11277689178572191
23150.0,-0.19656190502639687
23155.0,-0.227640392568429
23160.0,-0.17561122012444014
23165.0,-0.2017850155473629
23170.0,-0.22699627368940187
23175.0,-0.19627633847282241
23180.0,-0.16584895861130527
23185.0,-0.18819306577957615
23190.0,-0.14540605126421963
23195.0,-0.20978915200563156
23200.0,-0.24235928801398607
23205.0,-0.13303215486632733
23210.0,0.16826758412212112
23215.0,0.8018441622845464
23220.0,1.880561416757763
23225.0,2.3489275191048433
23230.0,1.6210289108235438
23235.0,0.7242282098012152
23240.0,-0.05362274781175698
23245.0,-0.23358658336455687
23250.0,-0.1495580695970288
23255.0,-0.15876286008058008
23260.0,-0.18922455270911587
23265.0,-0.18345552598749057
23270.0,-0.18960126213710024
23275.0,-0.1894207819099661
23280.0,-0.10288277870870854
23285.0,-0.1545366363802875
23290.0,-0.09432631978943043
23295.0,-0.143803185288365
23300.0,-0.13569896873030848
23305.0,-0.09304749132346934
23310.0,-0.07989350238543369
23315.0,-0.010372067433130322
23320.0,-0.09099103887184068
23325.0,-0.1380688391991383
23330.0,-0.05365847527224458
23335.0,-0.07207869667482052
23340.0,-0.018028298837479126
23345.0,-0.05469897557044536
23350.0,-0.07799776477822742
23355.0,-0.06721178900519643
23360.0,-0.005094031129536249
23365.0,-0.052814048551793474
23370.0,0.05829299216040955
23375.0,0.026517522341088014
23380.0,-0.014097744975517943
23385.0,-0.02917789302580573
23390.0,0.05489007418305283
23395.0,0.01864085713623599
23400.0,-0.0005149453004266169
23405.0,0.020291222266244767
23410.0,0.069507491482777
23415.0,0.03090175989530821
23420.0,0.10920528685174677
23425.0,0.15345781512591625
23430.0,0.0716398566757198
23435.0,0.08958910275580775
23440.0,0.18895567091660906
23445.0,0.08834929476018331
23450.0,0.1885506071953768
23455.0,0.029322566646196382
23460.0,0.052621072598589586
23465.0,0.06594688565566555
23470.0,0.20310756577641134
23475.0,0.1393368789457777
23480.0,0.1825983270861706
23485.0,0.12711879335271184
23490.0,0.19012376482639706
23495.0,0.1297304044737606
23500.0,0.19102498569523124
23505.0,0.12287302180204464
23510.0,0.20364414403478975
23515.0,0.220557962218506
23520.0,0.17931403322099823
23525.0,0.23128672955275273
23530.0,0.2209152072879065
23535.0,0.16069926470988305
23540.0,0.1773862517456173
23545.0,0.25291308147029523
23550.0,0.1577381705565617
23555.0,0.21316715066229008
23560.0,0.1971482623082753
23565.0,0.23374211778409498
23570.0,0.2701050234185016
23575.0,0.21633850288135695
23580.0,0.20431377490330171
23585.0,0.14310193720099884
23590.0,0.19802017494179966
23595.0,0.12901813766234596
23600.0,0.19508775981029422
23605.0,0.12050876358864739
23610.0,0.20211924577391704
23615.0,0.2295827288298734
23620.0,0.14634748390483135
23625.0,0.09631698700787696
23630.0,0.20423623697369386
23635.0,0.12758699367680795
23640.0,0.13186343602162193
23645.0,0.1486863909508081
23650.0,0.1296308728845964
23655.0,0.14991572495764402
23660.0,0.20240357541076903
23665.0,0.12007986470183193
23670.0,0.13659353050895695
23675.0,0.12083090253231589
23680.0,0.1275215689264563
23685.0,0.05665873887384096
23690.0,0.09554986637201549
23695.0,0.14670789747033364
23700.0,0.11270331599955447
23705.0,0.07347819289577985
23710.0,0.08485394044103212
23715.0,0.08613710803456065
23720.0,0.04262288360324617
23725.0,-0.006780628565840122
23730.0,0.081502161507053
23735.0,0.0713400464444804
23740.0,-0.001247533695524699
23745.0,-0.012982907534870993
23750.0,0.06866668077789818
23755.0,0.07184940121884806
23760.0,-0.10442837378125742
23765.0,-0.013093975254234351
23770.0,-0.002649623187373964
23775.0,-0.034102752861166596
23780.0,-0.07232142070414524
23785.0,-0.024232294374697733
23790.0,0.015219669228804203
23795.0,-0.13832781318436627
23800.0,-0.16408683506579072
23805.0,-0.032783802602492085
23810.0,-0.07727269317941535
23815.0,-0.1020009393701333
23820.0,-0.08705843172703048
23825.0,-0.03565191241906883
23830.0,-0.19750662286142406
23835.0,-0.2075212792177525
23840.0,-0.07501915217616077
23845.0,-0.1933505832031178
23850.0,-0.08658858625526848
23855.0,-0.22706450310448079
23860.0,-0.21134820780496705
23865.0,-0.24658640401636622
23870.0,-0.16875471189807537
23875.0,-0.13747642455929338
23880.0,-0.1339074405107469
23885.0,-0.17392601326501794
23890.0,-0.20278294638741268
23895.0,-0.15882751484190696
23900.0,-0.25266837067250103
23905.0,-0.1695589241529148
23910.0,-0.1517695269280735
23915.0,-0.15809459453781569
23920.0,-0.20602476030251404
23925.0,-0.23483658610354774
23930.0,-0.09960976884525262
23935.0,-0.2685969457998043
23940.0,-0.2458708010647643
23945.0,-0.14769309076223852
23950.0,-0.15168363313060884
23955.0,-0.24703696376398568
23960.0,-0.24118947740682814
23965.0,-0.20784445613369215
23970.0,-0.18626618192517946
23975.0,-0.19785198230327067
23980.0,-0.1591367846942036
23985.0,-0.10939929069889248
23990.0,-0.2357572857953804
23995.0,-0.1965848253511322
24000.0,-0.20508841337150502
24005.0,-0.16541366267391702
24010.0,-0.1783500310971785
24015.0,-0.11596049803617109
24020.0,-0.1725668336219723
24025.0,-0.1413892913384922
24030.0,-0.1001214300405909
24035.0,-0.10431656815639109
24040.0,-0.1319168382502094
24045.0,-0.10778788920642901
24050.0,-0.1182216207790789
24055.0,-0.08174340717653614
24060.0,-0.09752726444852078
24065.0,-0.0441792426475601
24070.0,-0.1439834755580147
24075.0,-0.13381325830749902
24080.0,-0.07076705447588792
24085.0,-0.08259276766102042
24090.0,-0.06156647812970506
24095.0,-0.02547327185313118
24100.0,-0.10528002208243824
24105.0,-0.05767379267558324
24110.0,-0.055380205570658175
24115.0,0.02477143246596874
24120.0,0.013019361388727274
24125.0,0.004462983281476328
24130.0,0.0006891410290441589
24135.0,-0.034245753583320174
24140.0,0.02991946527186265
24145.0,0.01572507632525013
24150.0,0.0679322624056202
24155.0,0.016690038848942435
24160.0,0.054715518880552684
24165.0,0.05067654277488398
24170.0,0.035780324596834924
24175.0,0.12128647023794789
24180.0,0.03714495241012459
24185.0,0.11085684448692003
24190.0,0.08798218888523722
24195.0,0.09891290667826792
24200.0,0.10577342098636891
24205.0,0.1590947301277314
24210.0,0.169499614271303
24215.0,0.12585585042297676
24220.0,0.17207523537421432
24225.0,0.0953307051944351
24230.0,0.22639874484867828
24235.0,0.08160161784552916
24240.0,0.1527162871873487
24245.0,0.23480842023417772
24250.0,0.13291665146844409
24255.0,0.16750804621663024
24260.0,0.26234701281598255
24265.0,0.64526514082859
24270.0,1.5638193530895979
24275.0,2.4816374652735944
24280.0,2.4934360143623193
24285.0,1.7797797379113627
24290.0,0.7602603180749035
24295.0,0.3421042465482698
24300.0,0.17895172220874975
24305.0,0.2038105053495571
24310.0,0.13121411741279876
24315.0,0.21401742990389092
24320.0,0.19886244390528504
24325.0,0.13154224930562253
24330.0,0.17385505581449529
24335.0,0.18280100536497765
24340.0,0.264275181690209
24345.0,0.2029061145356053
24350.0,0.15049785404490465
24355.0,0.18975410417065935
24360.0,0.22481677321588614
24365.0,0.2553049665647047
24370.0,0.18047331827422466
24375.0,0.1857143706601271
24380.0,0.1470127479911869
24385.0,0.18093642629291742
24390.0,0.17061824230887468
24395.0,0.10834361153835217
24400.0,0.14606994668662696
24405.0,0.1510852782901429
24410.0,0.1420881857327525
24415.0,0.11448843229443811
24420.0,0.14476422009835935
24425.0,0.1013684232102044
24430.0,0.15494932517660556
24435.0,0.119124427541809
24440.0,0.14653895107180223
24445.0,0.052278278988513366
24450.0,0.1768015137135424
24455.0,0.03149108682608894
24460.0,0.024559242172240113
24465.0,0.06277647947975748
24470.0,0.036881776264266405
24475.0,0.04650080944775245
24480.0,0.012838017106178577
24485.0,-0.00532202684024477
24490.0,0.051818238228844925
24495.0,-0.008254729744329479
24500.0,-0.07284239619843477
24505.0,-0.029944528338147695
24510.0,0.01611706475513238
24515.0,0.019860741722362442
24520.0,-0.06808152872408353
24525.0,-0.06432272628598762
24530.0,-0.04419783450621528
24535.0,-0.07951806102982514
24540.0,-0.09443117089411471
24545.0,-0.13059118951920162
24550.0,-0.060998184733241034
24555.0,-0.03957050267312434
24560.0,-0.11105323963268196
24565.0,-0.10658969485080722
24570.0,-0.09409758868349596
24575.0,-0.14786212583769667
24580.0,-0.11556565765892444
24585.0,-0.12610485289534468
24590.0,-0.19345938237253166
24595.0,-0.15740723226060307
24600.0,-0.14001124500089793
24605.0,-0.12354783098652615
24610.0,-0.10240189891984505
24615.0,-0.14708305409641273
24620.0,-0.15755639928443432
24625.0,-0.16567770464304504
24630.0,-0.16161194696062012
24635.0,-0.12454895388981752
24640.0,-0.0982865897542141
24645.0,-0.17056017578845406
24650.0,-0.19161241989135563
24655.0,-0.19123941384129398
24660.0,-0.20380368485319428
24665.0,-0.2074519641085552
24670.0,-0.13646690092501496
24675.0,-0.19642722610292754
24680.0,-0.20882923276558243
24685.0,-0.16371839073864128
24690.0,-0.17806027826992296
24695.0,-0.23468474533275396
24700.0,-0.15962038080421945
24705.0,-0.21335605692709567
24710.0,-0.18209974448599808
24715.0,-0.20297093426143625
24720.0,-0.2621596528394917
24725.0,-0.1822989861245418
24730.0,-0.23625198982806403
24735.0,-0.18218562647991368
24740.0,-0.2091790343144973
24745.0,-0.19859503301057754
24750.0,-0.21465996036368518
24755.0,-0.16535992579093545
24760.0,-0.1750732821659486
24765.0,-0.25298979894369417
24770.0,-0.174591875741188
24775.0,-0.14960358048670502
24780.0,-0.10290777696468403
24785.0,-0.15281348750181656
24790.0,-0.12763324023074585
24795.0,-0.1303552366974153
24800.0,-0.09758935214206285
24805.0,-0.1896938415293499
24810.0,-0.15229511255195988
24815.0,-0.14434013042555435
24820.0,-0.12573134376249193
24825.0,-0.12745625994727583
24830.0,-0.08009120345470648
24835.0,0.005076527375870679
24840.0,-0.04811750884734443
24845.0,-0.02814844152328185
24850.0,-0.03483991921959898
24855.0,-0.03317432099383415
24860.0,-0.03358098097696463
24865.0,-0.05739599608347502
24870.0,-0.039228317825040826
24875.0,-0.08288004230951254
24880.0,-0.01850224579078655
24885.0,0.04840168077544819
24890.0,0.06626348773127069
24895.0,0.10563992753485492
24900.0,0.016799682344815967
24905.0,0.06915520412834836
24910.0,0.020101255716304688
24915.0,0.019034942650346595
24920.0,0.06739937040405888
24925.0,0.12098356472238248
24930.0,0.11008373684477524
24935.0,0.07745163467447139
24940.0,0.054787837292277104
24945.0,0.04877941037961826
24950.0,0.12958085591762342
24955.0,0.15417994231751822
24960.0,0.15889944267645903
24965.0,0.15960186843512508
24970.0,0.15158822017915566
24975.0,0.24104046064285078
24980.0,0.1794751961614623
24985.0,0.15644854548431067
24990.0,0.17681045795563005
24995.0,0.20130623616427795
25000.0,0.09638942375621594
25005.0,0.1940287484572534
25010.0,0.1871426793233523
25015.0,0.15695815341500655
25020.0,0.1634975760141195
25025.0,0.20860948255159306
25030.0,0.25119608157559137
25035.0,0.2256579476307032
25040.0,0.23094592990323115
25045.0,0.22276462357254795
25050.0,0.1863271109275584
25055.0,0.18323732305140944
25060.0,0.21725083791636216
25065.0,0.19849091342208855
25070.0,0.13260418860878154
25075.0,0.17008135706306746
25080.0,0.2149870989946682
25085.0,0.12138766144778992
25090.0,0.2251848342910409
25095.0,0.18995718093627234
25100.0,0.2194201498231873
25105.0,0.22352240665872009
25110.0,0.18597352417739424
25115.0,0.1461521668221029
25120.0,0.23410938528601807
25125.0,0.18426360227040195
25130.0,0.13771589428881725
25135.0,0.10246811149738916
25140.0,0.2096590163209798
25145.0,0.15659947509737418
25150.0,0.09716661834966113
25155.0,0.09717063263885335
25160.0,0.14143637555067942
25165.0,0.09288841360329506
25170.0,0.22180569519085294
25175.0,0.1853193523010046
25180.0,0.16125530740509836
25185.0,0.16175812724095082
25190.0,0.10969756457280216
25195.0,0.11853315728506944
25200.0,0.16747718531212102
25205.0,0.10432608110522419
25210.0,0.09108716520225599
25215.0,0.06932774166571003
25220.0,0.09040615349277495
25225.0,0.048889889817804
25230.0,0.08581800716104766
25235.0,0.07460076381488098
25240.0,0.06066826281636428
25245.0,0.003213475839863391
25250.0,-0.01642029738733565
25255.0,0.027638314163461387
25260.0,0.00039397435127177995
25265.0,0.0015078025686310302
25270.0,-0.017148614755781888
25275.0,-0.1255182146011692
25280.0,-0.07560986973702312
25285.0,-0.07373760463598067
25290.0,-0.0380084525264745
25295.0,-0.08375578783524154
25300.0,-0.07760160681226556
25305.0,-0.06437859999228612
25310.0,-0.03721363189799562
25315.0,-0.09235690779501271
25320.0,-0.07099363084088546
25325.0,0.13683061713153802
25330.0,0.7166362281575468
25335.0,1.8483951640275762
25340.0,2.398959824689077
25345.0,1.807089685379406
25350.0,0.7881517814258298
25355.0,0.15363178110550874
25360.0,-0.12593439184774896
25365.0,-0.17311740304251041
25370.0,-0.16987951211822216
25375.0,-0.16975752096195101
25380.0,-0.21818437784657652
25385.0,-0.18901420298701566
25390.0,-0.1985542082644037
25395.0,-0.2264511888365125
25400.0,-0.2061370299237571
25405.0,-0.16764507258406236
25410.0,-0.24086472716138016
25415.0,-0.1960938816282552
25420.0,-0.206935867622587
25425.0,-0.18188428538852766
25430.0,-0.20152230140017238
25435.0,-0.2100302930492843
25440.0,-0.22652178324642788
25445.0,-0.14444597620160032
25450.0,-0.23502068363325013
25455.0,-0.246573760071212
25460.0,-0.2286202170382067
25465.0,-0.26264965424903736
25470.0,-0.11671410104697832
25475.0,-0.23639112300070686
25480.0,-0.2034786259044068
25485.0,-0.22116529461126014
25490.0,-0.22724946856298045
25495.0,-0.1538298002215404
25500.0,-0.11859814755100889
25505.0,-0.14646570339868803
25510.0,-0.1747892379738955
25515.0,-0.15002859258074538
25520.0,-0.14150548149577152
25525.0,-0.1725251230102074
25530.0,-0.08090413396643349
25535.0,-0.1909284467407062
25540.0,-0.17813501490937525
25545.0,-0.08537397948646402
25550.0,-0.07449808681530018
25555.0,-0.07156124955094456
25560.0,-0.0389535466948492
25565.0,-0.14977127742652674
25570.0,-0.11130024062941926
25575.0,-0.08688471582673843
25580.0,-0.058009941161910446
25585.0,-0.07132923762584369
25590.0,-0.12783872378441988
25595.0,-0.02875015660081002
25600.0,-0.09215914746318318
25605.0,-0.03003821082863943
25610.0,-0.07596651007076541
25615.0,0.04623604761462116
25620.0,-0.054988213722038076
25625.0,0.022053537463497808
25630.0,-0.05951397369611511
25635.0,0.00260671617442971
25640.0,0.0007897830497454504
25645.0,0.007191234562349866
25650.0,-0.01767511661818914
25655.0,0.10316721017782145
25660.0,0.014827715844897248
25665.0,0.03344840269713555
25670.0,0.038905544865010265
25675.0,0.06291564013623852
25680.0,0.09749923351319627
25685.0,0.04435652851608774
25690.0,0.11677516747867722
25695.0,0.12282009480600724
25700.0,0.1552181013074708
25705.0,0.09138071089394134
25710.0,0.0804471813315901
25715.0,0.1237141831616954
25720.0,0.18944954499596547
25725.0,0.2145341323854415
25730.0,0.18299810716079273
25735.0,0.18917596397252895
25740.0,0.10692746545633951
25745.0,0.16420974279314898
25750.0,0.15230378181404183
25755.0,0.14176939325397786
25760.0,0.23131954114891942
25765.0,0.19099775526640095
25770.0,0.20641277307081574
25775.0,0.290333248270897
25780.0,0.18979811353753534
25785.0,0.1504063952040546
25790.0,0.262870509807532
25795.0,0.06897350274006081
25800.0,0.23318796033419692
25805.0,0.28389311597145267
25810.0,0.1620870666213196
25815.0,0.28472842080082506
25820.0,0.1510447379946881
25825.0,0.18416571178497784
25830.0,0.2577491253598491
25835.0,0.22910550473314045
25840.0,0.25313964963187496
25845.0,0.17846478142471933
25850.0,0.19419246991848546
25855.0,0.15050334067786283
25860.0,0.16855857886049525
25865.0,0.17604867612974734
25870.0,0.17623179301125422
25875.0,0.2146585517210711
25880.0,0.17644561135025608
25885.0,0.17288176275198142
25890.0,0.17178214935571798
25895.0,0.1883313856894968
25900.0,0.16722925559480775
25905.0,0.13431162298067884
25910.0,0.07481808701868246
25915.0,0.13390823414046782
25920.0,0.12130127795395657
25925.0,0.14454895401531212
25930.0,0.1450375200539277
25935.0,0.07597574854602795
25940.0,0.060103655041162135
25945.0,0.13513855799225288
25950.0,0.022105976341124517
25955.0,0.08860457287212457
25960.0,0.09803302267053658
25965.0,0.1485367751899396
25970.0,0.06825694224178754
25975.0,0.03153083646496976
25980.0,0.11398000847087789
25985.0,0.071112280116492
25990.0,0.014024022952376165
25995.0,-0.01360731253572775
26000.0,-0.007161194779950364
26005.0,0.006214706138059319
26010.0,-0.03197288637241798
26015.0,0.008391809076667318
26020.0,-0.004657926687047554
26025.0,0.03479550148467922
26030.0,0.008252017121267993
26035.0,-0.0690054205720342
26040.0,-0.0860747602003447
26045.0,-0.033633783985138055
26050.0,-0.0924389570837147
26055.0,-0.06994874563681697
26060.0,-0.11238937149841925
26065.0,-0.09807624389750323
26070.0,-0.02604283885595736
26075.0,-0.15430807808897964
26080.0,-0.14301718355694426
26085.0,-0.14255016658708838
26090.0,-0.07714867900853098
26095.0,-0.047572200925021166
26100.0,-0.15075308025472295
26105.0,-0.15441046040388784
26110.0,-0.14090182179242985
26115.0,-0.1435804251813694
26120.0,-0.13745048552417244
26125.0,-0.21111820325620329
26130.0,-0.16770743559881018
26135.0,-0.11093505932737091
26140.0,-0.17568442653029784
26145.0,-0.2460353930104222
26150.0,-0.172870673152442
26155.0,-0.19093515276563144
26160.0,-0.16792385392033718
26165.0,-0.18508939989421452
26170.0,-0.18391938290360108
26175.0,-0.19549837333341857
26180.0,-0.14501573038742258
26185.0,-0.1756958741718519
26190.0,-0.1891591059994686
26195.0,-0.21446021958290373
26200.0,-0.18746428387079836
26205.0,-0.24465382250548387
26210.0,-0.19110509229891826
26215.0,-0.21458720390068037
26220.0,-0.1941713187252813
26225.0,-0.2034415938303909
26230.0,-0.17598972151537007
26235.0,-0.21680210328060764
26240.0,-0.22272821454797348
26245.0,-0.2514641265852093
26250.0,-0.18304863748416156
26255.0,-0.2184096632784601
26260.0,-0.14667817111641726
26265.0,-0.16484168878786307
26270.0,-0.11976618510452075
26275.0,-0.18134687611600941
26280.0,-0.17840981512834794
26285.0,-0.14241338126216652
26290.0,-0.20911338874033647
26295.0,-0.13273767631099398
26300.0,-0.13451246146402107
26305.0,-0.20765132370110928
26310.0,-0.22551920994790242
26315.0,-0.1981503515513861
26320.0,-0.17872875366905172
26325.0,-0.02614388608993845
26330.0,-0.10354055312839003
26335.0,-0.07732384842939136
26340.0,-0.10154213893830238
26345.0,-0.05321411443217778
26350.0,-0.037922085256664996
26355.0,-0.07365250964364084
26360.0,-0.08291330634224904
26365.0,0.010611827140940326
26370.0,-0.08963079008924522
26375.0,-0.039846212614174856
26380.0,-0.057811875782522164
26385.0,-0.06104591976233654
26390.0,-0.05781523640895799
26395.0,0.055140517419561205
26400.0,0.4198579747409815
26405.0,1.2056484228196065
26410.0,2.222163195784763
26415.0,2.445084948935432
26420.0,1.7456133699471965
26425.0,0.7636585317261976
26430.0,0.20899545615210038
26435.0,0.05556039451420586
26440.0,0.029713729163632574
26445.0,0.06526859285651694
26450.0,0.11853152142300008
26455.0,0.12050696563379806
26460.0,0.10940777046044313
26465.0,0.13837593517128405
26470.0,0.16723513297894083
26475.0,0.059669584202016
26480.0,0.10478871024555395
26485.0,0.14013490960869723
26490.0,0.2327946175229605
26495.0,0.14513631060557483
26500.0,0.1807669312274569
26505.0,0.11341848648270864
26510.0,0.10685338767694777
26515.0,0.19771427995178775
26520.0,0.20350375605275242
26525.0,0.20801165551379106
26530.0,0.20162660995413678
26535.0,0.14495126158431854
26540.0,0.22352402617361386
26545.0,0.10181684785687613
26550.0,0.1737820180853746
26555.0,0.23114718134026258
26560.0,0.18587459694038136
26565.0,0.25925171190675167
26570.0,0.13857420717527003
26575.0,0.1634302121372284
26580.0,0.1869565320471153
26585.0,0.24508204373824105
26590.0,0.16936432135792048
26595.0,0.21767868092990042
26600.0,0.131558054444178
26605.0,0.17537277702927198
26610.0,0.11542995346719728
26615.0,0.24827129019654987
26620.0,0.22219459131379493
26625.0,0.24398229282321496
26630.0,0.16398915277451342
26635.0,0.21133250635105771
26640.0,0.17518561270559552
26645.0,0.2110558118349469
26650.0,0.14023685647627654
26655.0,0.17289263742280042
26660.0,0.16484458610436345
26665.0,0.13721088609000678
26670.0,0.1407248215962726
26675.0,0.09775553777463264
26680.0,0.12503918303642078
26685.0,0.12587969910405716
26690.0,0.10438903827112972
26695.0,0.09221823330883412
26700.0,0.07073733155236683
26705.0,0.14469915981864526
26710.0,0.025438049201846072
26715.0,0.036003612043375176
26720.0,0.11776338323505828
26725.0,0.03260736476827517
26730.0,-0.0200794119193489
26735.0,0.09100020462646166
26740.0,0.04593213583898942
26745.0,-0.00457753539649132
26750.0,0.02655813088796498
26755.0,-0.007818648870382219
26760.0,-0.01854396150320871
26765.0,-0.06553529350717606
26770.0,-0.007002978683154337
26775.0,-0.047527280886916864
26780.0,0.03482028294026731
26785.0,-0.040968679432307115
26790.0,0.03185663972116905
26795.0,-0.05871997713421424
26800.0,-0.0020393729214345235
26805.0,-0.058281330385867615
26810.0,-0.07907731816691885
26815.0,-0.10740574272668191
26820.0,-0.12991362683372576
26825.0,-0.08982462533965392
26830.0,-0.10189397699660792
26835.0,-0.11704189744159489
26840.0,-0.13880953267711338
26845.0,-0.09334865000287018
26850.0,-0.10352043365160511
26855.0,-0.10332250908863895
26860.0,-0.12095896398233352
26865.0,-0.12859360300615127
26870.0,-0.14116212740455145
26875.0,-0.1346680459438357
26880.0,-0.08481228700718926
26885.0,-0.14170256755242552
26890.0,-0.08906040640684644
26895.0,-0.1500580878302326
26900.0,-0.1436232780967758
26905.0,-0.1560489726575657
26910.0,-0.23037652426874877
26915.0,-0.13531485233039647
26920.0,-0.14317628446350733
26925.0,-0.14459618514328015
26930.0,-0.18202930065259143
26935.0,-0.1294185596665612
26940.0,-0.09754907157943084
26945.0,-0.21347314285646873
26950.0,-0.2207389232166202
26955.0,-0.24512827310956647
26960.0,-0.18216548355185214
26965.0,-0.25294922019837723
26970.0,-0.19119433565482644
26975.0,-0.19964007715120544
26980.0,-0.12688899007466586
26985.0,-0.18238375078683164
26990.0,-0.12636288896018152
26995.0,-0.16050034243731515
27000.0,-0.11396893231003401
27005.0,-0.19191045645049537
27010.0,-0.17243798707368413
27015.0,-0.16677088084691538
27020.0,-0.23191439865658403
27025.0,-0.07808609530944731
27030.0,-0.19968791367156893
27035.0,-0.21517617819658735
27040.0,-0.21318211409036916
27045.0,-0.09806782771558045
27050.0,-0.10904086015833574
27055.0,-0.12005292538878977
27060.0,-0.11499031874810899
27065.0,-0.07830838665835332
27070.0,-0.09569884898734993
27075.0,-0.11743939391366032
27080.0,-0.060811483860345385
27085.0,-0.039236193538403366
27090.0,-0.05508532426983925
27095.0,-0.09465289103506103
27100.0,-0.04330148862889373
27105.0,-0.08399892046686273
27110.0,-0.07649571437842723
27115.0,-0.03959514427225915
27120.0,-0.021634496625454663
27125.0,-0.007947548088022768
27130.0,0.03039238772236077
27135.0,-0.0032242388645748205
27140.0,-0.036422372114793856
27145.0,0.014274550418367211
27150.0,0.0667240496751798
27155.0,0.040498144715844946
27160.0,0.05711973984673481
27165.0,0.09909938552291171
27170.0,0.09474656372095486
27175.0,0.007895013438087996
27180.0,0.04334411264738809
27185.0,0.04779450621423982
27190.0,0.006304558560510987
27195.0,0.03914238587257916
27200.0,0.08263109214998453
27205.0,0.1301664179003102
27210.0,0.11835147260054804
27215.0,0.16451687141039226
27220.0,0.13468124213142668
27225.0,0.20672491632846077
27230.0,0.18398589960019834
27235.0,0.15293871955923638
27240.0,0.1726653651875409
27245.0,0.1929020114882721
27250.0,0.14679607615890125
27255.0,0.09378739382292382
27260.0,0.16405698539951993
27265.0,0.19921950895695284
27270.0,0.15047422779466413
27275.0,0.2205070561561602
27280.0,0.13264966562672675
27285.0,0.13704458689520974
27290.0,0.2595346204023825
27295.0,0.15498948934624618
27300.0,0.15022754866577107
27305.0,0.19603057733871268
27310.0,0.18898759160053175
27315.0,0.1772002480440217
27320.0,0.19507131630509744
27325.0,0.18249888578918386
27330.0,0.2091487019822423
27335.0,0.24277097812132986
27340.0,0.1928309070039072
27345.0,0.1527369458512923
27350.0,0.19537836520651933
27355.0,0.16480328011470613
27360.0,0.23072609931222096
27365.0,0.23856971212480188
27370.0,0.24149336765144877
27375.0,0.11261630293744729
27380.0,0.1540506732618763
27385.0,0.21142359493329207
27390.0,0.19392009860994838
27395.0,0.18941195001040845
27400.0,0.13113104030454376
27405.0,0.12429626433102639
27410.0,0.17522018826354588
27415.0,0.14816460243783638
27420.0,0.11755246058233232
27425.0,0.1529331935605915
27430.0,0.16813881199976816
27435.0,0.16725954554361627
27440.0,0.1796324899434649
27445.0,0.1409466892497321
27450.0,0.04286351160244077
27455.0,0.05588656124668955
27460.0,0.10305268516330388
27465.0,0.09805445899516611
27470.0,-0.011824673134694597
27475.0,0.02335683509998051
27480.0,0.14949317759999653
27485.0,0.30054856775867517
27490.0,0.9477336504473584
27495.0,1.9816818269084213
27500.0,2.511064122099281
27505.0,1.947560900856303
27510.0,0.8954391413455207
27515.0,0.3386359633116297
27520.0,0.06526418472691542
27525.0,-0.0230443606157627
27530.0,-0.05824823675113512
27535.0,0.0011573673316204874
27540.0,0.014950337502236101
27545.0,-0.02307742120247786
27550.0,-0.005933013359510748
27555.0,-0.00025350679495874523
27560.0,-0.053201386009019226
27565.0,-0.07483206343961438
27570.0,-0.10791520606805875
27575.0,-0.13957741120057485
27580.0,-0.11443040371254054
27585.0,-0.11216103816812564
27590.0,-0.09167884030791264
27595.0,-0.14162883511983723
27600.0,-0.1468520722269792
27605.0,-0.17567210516286144
27610.0,-0.10719794689732091
27615.0,-0.15201837043047567
27620.0,-0.20373146774270462
27625.0,-0.12356987595937138
27630.0,-0.08548578980754871
27635.0,-0.1259619640742373
27640.0,-0.2137091898829439
27645.0,-0.2339506800495675
27650.0,-0.1462056197269478
27655.0,-0.16224702211572498
27660.0,-0.19914211664308618
27665.0,-0.16389198705148456
27670.0,-0.18040735723971968
27675.0,-0.13400300460539982
27680.0,-0.18699635533853287
27685.0,-0.22099177469619008
27690.0,-0.12617321782677493
27695.0,-0.22777869367855985
27700.0,-0.14926127933708289
27705.0,-0.25791569900528427
27710.0,-0.16646678148070887
27715.0,-0.25505701776036765
27720.0,-0.22199087518550295
27725.0,-0.20696700931391276
27730.0,-0.2695863322764014
27735.0,-0.27670686404018946
27740.0,-0.21648729054273946
27745.0,-0.21794313994029205
27750.0,-0.20547562002992092
27755.0,-0.19103412054314567
27760.0,-0.13382069669207247
27765.0,-0.18950551040325037
27770.0,-0.1347198501034455
27775.0,-0.2631865048203502
27780.0,-0.16511985586339414
27785.0,-0.12389650964942953
27790.0,-0.1326398901652977
27795.0,-0.19828709606000938
27800.0,-0.12418813742149079
27805.0,-0.0816774781328955
27810.0,-0.144517646947587
27815.0,-0.14465947923838274
27820.0,-0.10066756092971021
27825.0,-0.09679024483822368
27830.0,-0.14062790337895387
27835.0,-0.04843692685046184
27840.0,-0.03658835518287521
27845.0,-0.09977235573158023
27850.0,-0.05799131939839623
27855.0,-0.054812079848386944
27860.0,-0.12656124437848726
27865.0,-0.08985510036290331
27870.0,-0.06602156840412123
27875.0,-0.06918288136358863
27880.0,0.03167632445420329
27885.0,-0.02441215242677108
27890.0,-0.024457934405519688
27895.0,-0.015308193338822629
27900.0,0.04047477964252638
27905.0,-0.0250972735697257
27910.0,0.036742127508545136
27915.0,-0.04683050998783787
27920.0,0.017240613162441052
27925.0,0.04053085202949505
27930.0,0.09583844006605355
27935.0,0.05640589756657898
27940.0,0.012202338749583035
27945.0,0.12676854909292615
27950.0,0.10730487603864916
27955.0,0.054669988677824154
27960.0,0.08351456943505352
27965.0,0.16253095626059302
27970.0,0.11599315133151743
27975.0,0.080779538735233
27980.0,0.16134429379774073
27985.0,0.13777308363965649
27990.0,0.20500865460100243
27995.0,0.192691813399269
28000.0,0.14054997847624873
28005.0,0.17370624544825924
28010.0,0.28961675502460027
28015.0,0.1489376989564138
28020.0,0.15970636981849062
28025.0,0.2350419765641258
28030.0,0.22418811652224158
28035.0,0.2090326318409267
28040.0,0.2348905197009747
28045.0,0.1255586723813668
28050.0,0.13051939424940381
28055.0,0.21217424210497923
28060.0,0.17913575876119636
28065.0,0.20259701068425645
28070.0,0.20272161509045097
28075.0,0.13035369384929935
28080.0,0.17411255437507697
28085.0,0.19708843643869978
28090.0,0.2149237616588047
28095.0,0.22316157375588078
28100.0,0.170914897722134
28105.0,0.23927842948755845
28110.0,0.18926942845764202
28115.0,0.12320432344114102
28120.0,0.15482520235053082
28125.0,0.22698797954585412
28130.0,0.1642436354575846
28135.0,0.22915865331321988
28140.0,0.17148188406206705
28145.0,0.14317790825269155
28150.0,0.11270005955802458
28155.0,0.12091306316379016
28160.0,0.15478639040132877
28165.0,0.15345131297245881
28170.0,0.12678307923425336
28175.0,0.12737124955048418
28180.0,0.1854915042844259
28185.0,0.14273692476978977
28190.0,0.09121452940750574
28195.0,0.10757283525112182
28200.0,0.13559818499032983
28205.0,0.10333608907337405
28210.0,0.07604427429583428
28215.0,0.14800075928540884
28220.0,0.06422909988644526
28225.0,0.049113358256699144
28230.0,0.06645575466829719
28235.0,0.057581962724332185
28240.0,0.05278378105364344
28245.0,0.020049226224092012
28250.0,-0.001357249074103603
28255.0,0.03266905938256402
28260.0,0.038790152507099974
28265.0,0.07928170330639976
28270.0,0.04914805403988281
28275.0,-0.023871821493884757
28280.0,0.022810178643316296
28285.0,-0.03211227449937267
28290.0,-0.01930770918852296
28295.0,-0.04352737769325713
28300.0,-0.04063698845332775
28305.0,-0.012402806579342111
28310.0,-0.0627540418425856
28315.0,-0.06468689750135091
28320.0,-0.014936788447942037
28325.0,-0.19901668587903096
28330.0,-0.15331032734527383
28335.0,-0.014151727737978528
28340.0,-0.03760077127836134
28345.0,-0.11869190749968332
28350.0,-0.10372832049111855
28355.0,-0.15099071896769073
28360.0,-0.13569599035276203
28365.0,-0.12406409652290126
28370.0,-0.10767743695535933
28375.0,-0.17991114548492163
28380.0,-0.1712773409086446
28385.0,-0.10612031961085529
28390.0,-0.1573927947465679
28395.0,-0.10735283494248371
28400.0,-0.12691241151939658
28405.0,-0.2507293155105928
28410.0,-0.13296186622237957
28415.0,-0.21223027213342655
28420.0,-0.1893488366843102
28425.0,-0.29417861027167186
28430.0,-0.24915778819565815
28435.0,-0.22128194303654514
28440.0,-0.14665876800768396
28445.0,-0.16689701261005624
28450.0,-0.2579689161308733
28455.0,-0.1889999668667054
28460.0,-0.20154898174944744
28465.0,-0.12809619327278396
28470.0,-0.2389723767479053
28475.0,-0.22289262027682288
28480.0,-0.21757636478557313
28485.0,-0.20087429855716032
28490.0,-0.21365204509519375
28495.0,-0.09979912436123395
28500.0,-0.2361923452211893
28505.0,-0.17176665431877838
28510.0,-0.22987116000196015
28515.0,-0.1791413482029894
28520.0,-0.2677695594817843
28525.0,-0.21363929965890885
28530.0,-0.14916555035133358
28535.0,-0.1847436430498831
28540.0,-0.17865179155750283
28545.0,-0.12973689718469592
28550.0,-0.15567559547816645
28555.0,-0.14520079782120016
28560.0,-0.20290073753737517
28565.0,-0.10030082106810814
28570.0,-0.14965443491290614
28575.0,-0.1305915893844754
28580.0,-0.11656663917344134
28585.0,-0.12387277477933331
28590.0,-0.15967488819720696
28595.0,-0.0816488004553453
28600.0,-0.11705433500288032
28605.0,-0.07745443870901267
28610.0,-0.0805766032334398
28615.0,-0.057755766108468526
28620.0,-0.006351418246853667
28625.0,-0.0022133629162488996
28630.0,0.0013955024486939985
28635.0,-0.07046862135430428
28640.0,0.0038316155496886557
28645.0,-0.03286119056623689
28650.0,-0.019343057816459203
28655.0,0.04320145524539737
28660.0,0.03565371239127741
28665.0,-0.011931551902568862
28670.0,0.03991496637622097
28675.0,0.03494361555691072
28680.0,0.05695554376668869
28685.0,0.09721593476416762
28690.0,0.11312659980426545
28695.0,0.06366847657603318
28700.0,0.118427471274968
28705.0,0.02822140024615119
28710.0,0.12455585791798755
28715.0,0.16423220462301846
28720.0,0.047402567214938386
28725.0,0.13412444717673794
28730.0,0.12455938842547085
28735.0,0.15299644253730119
28740.0,0.16038663491436944
28745.0,0.10222546560579503
28750.0,0.1350049112699185
28755.0,0.15359148821453705
28760.0,0.13100868598553303
28765.0,0.13451719328758502
28770.0,0.14025353570625307
28775.0,0.20340630326331943
28780.0,0.24565493029056906
28785.0,0.1423253103037043
28790.0,0.20097051344017108
28795.0,0.1622953117877096
28800.0,0.1954787120030365
28805.0,0.1736548721242484
28810.0,0.2214781461850488
28815.0,0.09626395899601327
28820.0,0.11807401338265346
28825.0,0.23315639247980255
28830.0,0.2580940228868251
28835.0,0.13218299276610357
28840.0,0.1441277894850872
28845.0,0.18397865486328388
28850.0,0.23808726808364328
28855.0,0.16708625304768915
28860.0,0.18635307278116214
28865.0,0.2078033326126198
28870.0,0.16406083540373817
28875.0,0.2095254134561881
28880.0,0.14838085415245575
28885.0,0.16515630132746803
28890.0,0.17018509946711186
28895.0,0.24739609855749523
28900.0,0.16556227206113197
28905.0,0.12676708367199185
28910.0,0.23145797643179605
28915.0,0.12913953592780375
28920.0,0.147484769753079
28925.0,0.14715660022920884
28930.0,0.1861821545607053
28935.0,0.17795606583039847
28940.0,0.17415004393865885
28945.0,0.08531407364411459
28950.0,0.07492816926596974
28955.0,0.1943563044087686
28960.0,0.15400674292804084
28965.0,0.07322434706976363
28970.0,0.062070984543215094
28975.0,0.07283028927110123
28980.0,0.07585628798794349
28985.0,0.10598352057813719
28990.0,0.01162981313951262
28995.0,0.10021410232180736
29000.0,0.09507511099562463
29005.0,0.01749443844663026
29010.0,0.010906876074559167
29015.0,-0.01490362995678552
29020.0,0.0047577035476778495
29025.0,0.007274118252015058
29030.0,-0.07981168436556497
29035.0,-0.017279837381692364
29040.0,-0.06148275803588508
29045.0,-0.0003479731953019462
29050.0,-0.03124574650534348
29055.0,-0.0003369273256874916
29060.0,-0.029743319515986782
29065.0,-0.046996922197655375
29070.0,-0.01866160443863965
29075.0,-0.07545801200029063
29080.0,-0.0558420420383427
29085.0,-0.0848177791152828
29090.0,-0.11972539151976262
29095.0,-0.1077408726574126
29100.0,-0.05645411134445462
29105.0,-0.12013431106628344
29110.0,-0.10732556732310848
29115.0,-0.10368806722417506
29120.0,-0.14387863466019551
29125.0,-0.20226395926816929
29130.0,-0.10972222220703039
29135.0,-0.06650269618681522
29140.0,-0.1388485649295145
29145.0,-0.16060938753651055
29150.0,-0.14121011209493475
29155.0,-0.22498050143433157
29160.0,-0.15738207865507578
29165.0,-0.16728619886721935
29170.0,-0.15536240159278913
29175.0,-0.18750546552196248
29180.0,-0.17135246343919502
29185.0,-0.2678709545861345
29190.0,-0.17080298096650864
29195.0,-0.17141185254722768
29200.0,-0.18978118995996904
29205.0,-0.18848085729666098
29210.0,-0.12596849417436004
29215.0,-0.15055700674505307
29220.0,-0.24684574542668095
29225.0,-0.19691292679521533
29230.0,-0.19189533293408292
29235.0,-0.248891401368595
29240.0,-0.1511333531639935
29245.0,-0.23847506293518922
29250.0,-0.1756523641345024
29255.0,-0.2333709014848244
29260.0,-0.14795940878599362
29265.0,-0.2443779640935417
29270.0,-0.20768284558270744
29275.0,-0.18444236128217864
29280.0,-0.17123096607729804
29285.0,-0.17712071443124366
29290.0,-0.10003908343068213
29295.0,-0.19201385315162195
29300.0,-0.12484732175033199
29305.0,-0.14984998574453828
29310.0,-0.15530330499398928
29315.0,-0.0964896088805237
29320.0,-0.08089511542032238
29325.0,-0.1332225707749798
29330.0,-0.07310556652536926
29335.0,-0.1424393565449245
29340.0,-0.10533087739062938
29345.0,-0.13010401807052027
29350.0,-0.050027565165060496
29355.0,-0.0845886261852562
29360.0,-0.08968881421784172
29365.0,-0.07667690880581172
29370.0,-0.04277914753141594
29375.0,-0.012098761952609123
29380.0,-0.04586021831927197
29385.0,-0.04295885102844288
29390.0,-0.013780064398177305
29395.0,0.007845766494444729
29400.0,-0.006574246682900948
29405.0,-0.13648758566409777
29410.0,0.04443747539413767
29415.0,0.07363676044974807
29420.0,0.09153343511888525
29425.0,-0.04669682137002416
29430.0,0.035741421413054
29435.0,0.06614508912237345
29440.0,-0.030427676313623815
29445.0,0.015382419644504305
29450.0,0.05748484359784832
29455.0,0.14282073456039082
29460.0,0.09115214870883098
29465.0,0.1983498356873755
29470.0,0.08681670422676256
29475.0,0.17783173553593312
29480.0,0.1155696561449011
29485.0,0.1366774511202696
29490.0,0.14322358066482221
29495.0,0.1560840921938589
29500.0,0.14979919155959473
29505.0,0.16214552059182513
29510.0,0.1740551786087376
29515.0,0.08525185512629745
29520.0,0.16826094868836602
29525.0,0.1962524983757337
29530.0,0.19597426325288878
29535.0,0.1883339023860328
29540.0,0.13437682958502256
29545.0,0.13174361907112858
29550.0,0.16220990215461167
29555.0,0.2616501441842161
29560.0,0.20813522980622123
29565.0,0.17499593016765552
29570.0,0.24690897947190257
29575.0,0.1887022772708635
29580.0,0.2289757754675433
29585.0,0.23923938605911982
29590.0,0.21980855590270568
29595.0,0.2281527410791812
