timestamp_ms,signal
0.0,2.399838888399864
5.0,1.8897745398133359
10.0,0.9639216711446947
15.0,0.25174694412856646
20.0,0.06997236085490863
25.0,0.09787856554838245
30.0,-0.05156640533006999
35.0,0.1287042452895587
40.0,0.0237435340317807
45.0,0.21984045483039416
50.0,0.13195113862026436
55.0,0.05076155390597644
60.0,0.10998925303668038
65.0,0.1181614125839805
70.0,0.133228086836754
75.0,0.21454768911147726
80.0,0.16097304174928578
85.0,0.24635841380419618
90.0,0.18072315999564548
95.0,0.12986319631555945
100.0,0.04132681874513819
105.0,0.044270921391466864
110.0,0.1730506840234075
115.0,0.21201541373268334
120.0,0.2693255883506779
125.0,0.1297182271913119
130.0,0.1821489763250122
135.0,0.1235450343183973
140.0,0.15432566010695817
145.0,0.02744384791224605
150.0,0.2415158956884162
155.0,0.1416767468676012
160.0,0.18929891180042135
165.0,0.2273799191593655
170.0,0.2213652976764848
175.0,0.10674031039528463
180.0,0.30577073973604274
185.0,0.25292713604047184
190.0,0.23499373276197022
195.0,0.15353444387766801
200.0,0.08678230378479025
205.0,0.08400027823015163
210.0,0.1822078856294902
215.0,0.2063884280482012
220.0,0.14391169395836167
225.0,0.3188783145511229
230.0,0.20923604547119806
235.0,0.2550649086884845
240.0,0.2453193246137595
245.0,0.10330174128398009
250.0,0.24387221084052532
255.0,0.20157812999592073
260.0,0.07672798622596569
265.0,0.21135361974657751
270.0,0.23065291987445546
275.0,0.2186079562486602
280.0,0.21824693473236595
285.0,0.040028860929196525
290.0,0.11529123981105002
295.0,0.08806460297378621
300.0,0.12349478188987688
305.0,0.12035377653419917
310.0,0.18476757419584136
315.0,0.15143461409769743
320.0,0.033428115268834165
325.0,0.14706869322550253
330.0,0.1901611198466706
335.0,0.09001057496447241
340.0,-0.04471310678187769
345.0,0.007559875790278975
350.0,0.03204126441789686
355.0,-0.07718759957818007
360.0,0.018543312286713763
365.0,-0.06913455034964841
370.0,0.06712849336705581
375.0,0.05122477553728675
380.0,-0.010367084839526627
385.0,-0.10117333071257721
390.0,-0.0013943006098706898
395.0,-0.07452522987046
400.0,-0.0862557784945493
405.0,0.03144356923095217
410.0,-0.1073240940432807
415.0,-0.15867098867293247
420.0,-0.014830697160564121
425.0,0.046564737082730706
430.0,0.02714708423557606
435.0,-0.038288120581627436
440.0,0.04619126459564683
445.0,-0.1322639203152798
450.0,0.037962646238346665
455.0,0.02584334416123378
460.0,-0.1515384735487187
465.0,-0.1049607612560517
470.0,-0.23003134601873415
475.0,-0.2176188738830154
480.0,-0.11175235720854942
485.0,-0.2381266703271374
490.0,-0.14667558593025026
495.0,-0.13408797259292415
500.0,-0.16114614520872644
505.0,-0.1066452191179775
510.0,-0.0419879538439292
515.0,-0.16887022420688833
520.0,-0.11425002878953827
525.0,-0.0827299950300538
530.0,-0.22191744210026482
535.0,-0.23902701605681811
540.0,-0.36444692983481375
545.0,-0.16544898115469828
550.0,-0.12296004713716088
555.0,-0.16697608276561354
560.0,-0.05088459532923423
565.0,-0.09095505058531032
570.0,-0.14067652605294176
575.0,-0.1999965033474079
580.0,-0.25810681781567824
585.0,-0.18760543438946248
590.0,-0.15862106868144388
595.0,-0.19653614373700412
600.0,-0.21104145041149827
605.0,-0.21411184023147203
610.0,-0.1352455375535276
615.0,-0.30081773456611594
620.0,-0.19988108432381166
625.0,-0.16877222730883062
630.0,-0.12093743429985077
635.0,-0.11601597185586213
640.0,-0.17649472796988977
645.0,-0.1965033184434272
650.0,-0.23236968903458344
655.0,-0.06299355383785848
660.0,-0.09791487846655675
665.0,-0.11848357707136532
670.0,-0.17755048586862351
675.0,-0.199152195937073
680.0,-0.031548982277484997
685.0,-0.10731291772752237
690.0,-0.0662948659134999
695.0,0.034122164509969646
700.0,-0.19209384081015674
705.0,-0.1314598915948417
710.0,-0.04359996765685449
715.0,-0.01776988446435608
720.0,-0.12666248044480627
725.0,-0.05121074788161681
730.0,-0.07987573472619841
735.0,-0.06990206918099726
740.0,0.005920620839155972
745.0,0.001074248769246701
750.0,0.07814106019534688
755.0,0.0463975593610534
760.0,0.11703554763208876
765.0,-0.03699007300912052
770.0,0.05745765763950375
775.0,-0.06316949058792733
780.0,-0.0722972038446689
785.0,-0.04551416701858428
790.0,0.11007167688266012
795.0,0.08192970733789538
800.0,-0.039357989354364575
805.0,0.17471334993965495
810.0,0.15824022414260894
815.0,0.08475865846329825
820.0,0.08761485656045796
825.0,0.3742413329114526
830.0,0.952446591337061
835.0,2.2365895470095487
840.0,2.5984559328149563
845.0,2.0708096515178704
850.0,1.0401900988691295
855.0,0.3655076052117988
860.0,0.09063670276755019
865.0,0.18291982653089955
870.0,0.07752787157711113
875.0,0.09551004729289518
880.0,0.11631583143790197
885.0,0.23352245216167558
890.0,0.1108361469441842
895.0,0.11415790318113504
900.0,0.2099503995448235
905.0,0.11022913971595413
910.0,0.16921363471154433
915.0,0.2566265049419325
920.0,0.22472496579416973
925.0,0.19937416759817722
930.0,0.30522301323083
935.0,0.16952692911876605
940.0,0.15656300831977574
945.0,0.07592358713973321
950.0,0.20110387989424333
955.0,0.24234151478981245
960.0,0.15009174351636922
965.0,0.3276245754708027
970.0,0.26540632749768744
975.0,0.2566111046220081
980.0,0.10480554829570983
985.0,0.2072196603643859
990.0,0.2093618778995243
995.0,0.03694861409799258
1000.0,0.17482322364472536
1005.0,0.15557274395581294
1010.0,0.0463036056672696
1015.0,0.19813183210740562
1020.0,0.30262342368284634
1025.0,0.2062681250760212
1030.0,0.08839158191550033
1035.0,0.12442360902726346
1040.0,0.21540236817970737
1045.0,0.07197754155163136
1050.0,0.14905667034397113
1055.0,0.1198825900215863
1060.0,0.1234558618760227
1065.0,0.22002540739529425
1070.0,-0.010298148913359645
1075.0,0.17156227157325182
1080.0,0.10055322281294203
1085.0,0.06775604940035766
1090.0,-0.05047975241556989
1095.0,0.08020498256502911
1100.0,0.02180838322540609
1105.0,-0.1640717300852259
1110.0,-0.06213985891794111
1115.0,-0.05838236401884252
1120.0,-0.05353925771579878
1125.0,-0.03377325351695425
1130.0,-0.0575891683009683
1135.0,0.10214779368980918
1140.0,0.05940357571936598
1145.0,-0.02961530488910962
1150.0,0.06550634524769482
1155.0,0.10980286362656153
1160.0,-0.013930746442708253
1165.0,-0.1491488919364905
1170.0,-0.037865248734683596
1175.0,0.02840825118214213
1180.0,-0.1499411565799268
1185.0,-0.08785157611342867
1190.0,-0.028869384928255096
1195.0,-0.018712212391466962
1200.0,-0.0492218927524881
1205.0,-0.08962930408057587
1210.0,-0.1323757496938922
1215.0,-0.16899423160183472
1220.0,-0.06480779549594946
1225.0,-0.07623438622643423
1230.0,-0.18111432928128818
1235.0,-0.20107216341098694
1240.0,-0.06954464988366207
1245.0,-0.09259263925364702
1250.0,-0.2213879793361464
1255.0,-0.28802457234106726
1260.0,-0.16791003946998018
1265.0,-0.12318514194545513
1270.0,-0.11594896209915542
1275.0,-0.12932113352966462
1280.0,-0.29809284896395494
1285.0,-0.18882866020256067
1290.0,-0.22127824481697972
1295.0,-0.24795708072489892
1300.0,-0.012908115676958182
1305.0,-0.19894895897353723
1310.0,-0.18202265999032607
1315.0,-0.22141923365920987
1320.0,-0.1523972723105248
1325.0,-0.11835368246467666
1330.0,-0.21952279819968992
1335.0,-0.20084506170956917
1340.0,-0.22891750585054388
1345.0,-0.26775936015739793
1350.0,-0.20696526313226138
1355.0,-0.16742925031237643
1360.0,-0.18799924859006698
1365.0,-0.20357554298761615
1370.0,-0.31479567447007983
1375.0,-0.1561922931177323
1380.0,-0.16418558803596153
1385.0,-0.06423991783917171
1390.0,-0.21264057282076199
1395.0,-0.2600130937464318
1400.0,-0.29350086778182605
1405.0,-0.19821569225189944
1410.0,-0.15235338759438408
1415.0,-0.12395554042474692
1420.0,-0.2466372299522233
1425.0,-0.16900174376653182
1430.0,-0.05186149010842954
1435.0,-0.11165755039189738
1440.0,-0.13301649783970515
1445.0,-0.12789531773193716
1450.0,-0.2054899581628974
1455.0,-0.18581577819385614
1460.0,-0.11664677196252236
1465.0,0.01382273953986847
1470.0,0.01659478790444361
1475.0,-0.06707282019751858
1480.0,-0.0043431155929520085
1485.0,-0.010374121456164814
1490.0,0.04955143361408907
1495.0,-0.07255222396957535
1500.0,0.003615143519729972
1505.0,0.0599932433589515
1510.0,-0.08654234852364331
1515.0,0.005237630516152424
1520.0,0.03614088752872526
1525.0,0.05626146003073337
1530.0,0.07177561709917088
1535.0,0.08495619585337066
1540.0,0.12193976620542989
1545.0,0.15737860185608404
1550.0,0.09424486911367125
1555.0,0.2296997388325471
1560.0,0.05025095798496706
1565.0,0.07752914111717076
1570.0,0.12133361160305806
1575.0,0.05111012798805688
1580.0,0.009468696321708658
1585.0,0.027331664526997368
1590.0,0.20756771767345
1595.0,0.08672094686172158
1600.0,0.044784489609132644
1605.0,0.27672076358022224
1610.0,0.17632203961227197
1615.0,0.16909407138965205
1620.0,0.09318848115197852
1625.0,0.1843312215499023
1630.0,0.13396549571512129
1635.0,0.1909183792883592
1640.0,0.1758163794858562
1645.0,0.16496201996805823
1650.0,0.19927771846620124
1655.0,0.12389390003158517
1660.0,0.1600945612476568
1665.0,0.1365390724682805
1670.0,0.22112936824270166
1675.0,0.3670579534161342
1680.0,0.7930523919192249
1685.0,1.5129625831879285
1690.0,2.681664220764771
1695.0,2.5174724221693836
1700.0,1.5888166980267169
1705.0,0.7031550490982434
1710.0,0.30519444292113795
1715.0,0.2840105882156293
1720.0,0.20385175455228596
1725.0,0.21394771678939614
1730.0,0.2573656206927287
1735.0,0.28056055674302655
1740.0,0.1148282604149792
1745.0,0.09742055527443819
1750.0,0.04479613708109456
1755.0,0.04235444845688824
1760.0,0.19308109584761685
1765.0,0.17379999934327606
1770.0,0.16069148273665185
1775.0,0.18150288987230445
1780.0,0.17409048666863758
1785.0,0.2310779918432171
1790.0,0.2611125284282245
1795.0,0.07991779945841737
1800.0,0.23465748667373543
1805.0,0.1983672472691257
1810.0,0.061497521052241474
1815.0,0.12339746954685336
1820.0,0.07368819068501947
1825.0,-0.02191147578914006
1830.0,0.09214805013769563
1835.0,-0.03188528115705207
1840.0,0.07725434419187555
1845.0,-0.006469657432452952
1850.0,0.03521660941397164
1855.0,0.10665472871708469
1860.0,0.05047787885691384
1865.0,-0.0219228755172087
1870.0,0.04178563064811745
1875.0,0.06570709921512455
1880.0,0.07679571172875244
1885.0,-0.057138429954481804
1890.0,0.07148619209734106
1895.0,-0.02771951826577939
1900.0,-0.06241230405026175
1905.0,0.05001766841158041
1910.0,0.0032722297793291097
1915.0,-0.000924796668229956
1920.0,-0.04710017420387538
1925.0,-0.1897420736526771
1930.0,-0.0397596915306093
1935.0,-0.04050700192247839
1940.0,-0.09522474155475537
1945.0,0.023751689331883583
1950.0,-0.09249617952623317
1955.0,0.010174849041641426
1960.0,-0.032263554468225764
1965.0,-0.1685073034910876
1970.0,-0.18567897186309704
1975.0,-0.15596098287836505
1980.0,-0.14314818752915456
1985.0,-0.09718439197679607
1990.0,-0.1927776861944172
1995.0,-0.22921215379215337
2000.0,-0.011080163830701928
2005.0,-0.1627096163205981
2010.0,-0.14914043711704889
2015.0,-0.05105826349659598
2020.0,-0.16859434039468368
2025.0,-0.3419892753802808
2030.0,-0.1495904074019639
2035.0,-0.22914962670896158
2040.0,-0.1185483682078341
2045.0,-0.3158864008443299
2050.0,-0.17870334099637974
2055.0,-0.1370137296884731
2060.0,-0.09526498249739936
2065.0,-0.1270255386895908
2070.0,-0.1297197126931126
2075.0,-0.19554916923097881
2080.0,-0.1964293760691955
2085.0,-0.2641922235628487
2090.0,-0.12598133042180104
2095.0,-0.08353259266885601
2100.0,-0.14766441476872277
2105.0,-0.24888886392053425
2110.0,-0.2837790669499002
2115.0,-0.21929886935924486
2120.0,-0.07049524128860801
2125.0,-0.16501040685500998
2130.0,-0.2407851425145729
2135.0,-0.19394418572667807
2140.0,-0.10763097834388248
2145.0,-0.20600143009787392
2150.0,-0.18865324721309654
2155.0,-0.18795316846594728
2160.0,-0.20725877661780975
2165.0,-0.004075863159706178
2170.0,-0.18936644746098097
2175.0,-0.1083189737886435
2180.0,-0.03855657683573874
2185.0,-0.12199968252939236
2190.0,-0.13581617137553856
2195.0,-0.11124096904710301
2200.0,-0.09346585774219864
2205.0,-0.10047672799570123
2210.0,-0.10933128669150005
2215.0,-0.09768740072307228
2220.0,-0.05535325340485537
2225.0,0.0673668956770617
2230.0,-0.0758922268878235
2235.0,0.016530826231766237
2240.0,-0.04389021791391843
2245.0,-0.08968414353760931
2250.0,-0.09437250041791446
2255.0,0.016531641201464747
2260.0,-0.08835613944189966
2265.0,0.041122979458068476
2270.0,-0.0046376975703624635
2275.0,0.1448033884526862
2280.0,-0.03669901562292702
2285.0,0.11991262088066457
2290.0,0.1486730654031181
2295.0,0.11760985056636974
2300.0,0.03128448678000112
2305.0,0.10051376009232173
2310.0,0.09360734232603174
2315.0,0.0813681392704828
2320.0,0.16196269675430264
2325.0,0.1011391282361732
2330.0,0.13056771849139787
2335.0,0.19610663789325214
2340.0,0.12025480714424612
2345.0,0.10858440170431391
2350.0,0.15421957104365652
2355.0,0.11152576237653783
2360.0,-0.008840381305773082
2365.0,0.12213930201500695
2370.0,0.15116699249554788
2375.0,0.08611403150455166
2380.0,0.04229717771255989
2385.0,0.20869523882422303
2390.0,0.13505067313762736
2395.0,0.2293456743593956
2400.0,0.22055981635209573
2405.0,0.2978320962778091
2410.0,0.2349616239080297
2415.0,0.2609153058730483
2420.0,0.2949224913028836
2425.0,0.1777406526573857
2430.0,0.28049371832968434
2435.0,0.2879291606193899
2440.0,0.0801796111993718
2445.0,0.13208074844089174
2450.0,0.2163320733240489
2455.0,0.3252180452582516
2460.0,0.18206858084612143
2465.0,0.11501035381715063
2470.0,0.09289270693801195
2475.0,0.22279514560809807
2480.0,0.21377206682039304
2485.0,0.15157846426100907
2490.0,0.2143080652828133
2495.0,0.16496920397143824
2500.0,0.26683972951906637
2505.0,0.08645411732189387
2510.0,0.14662433987317097
2515.0,0.253316782845539
2520.0,0.1272364277219499
2525.0,0.10605915022733917
2530.0,0.14079815511589894
2535.0,0.2839721110987671
2540.0,0.3598723072791766
2545.0,0.9814897819721734
2550.0,1.8100587904831598
2555.0,2.5912585646252975
2560.0,2.310346065572217
2565.0,1.255820351510469
2570.0,0.4304811507968645
2575.0,0.017811183453529444
2580.0,0.13388394377855672
2585.0,0.1416600370982313
2590.0,0.11476359671684677
2595.0,-0.04423466548542768
2600.0,-0.033288259737350584
2605.0,0.01646610306915585
2610.0,-0.022234930088925374
2615.0,0.11375533956599729
2620.0,-0.043777994439631526
2625.0,0.001005654093751692
2630.0,-0.061540388701481985
2635.0,-0.11406382000516034
2640.0,0.06805728377709598
2645.0,0.0014741440283798837
2650.0,-0.06706036223867735
2655.0,-0.024893128889973703
2660.0,-0.1863004786456525
2665.0,0.06666173515804252
2670.0,-0.1230984674160415
2675.0,-0.192129107377416
2680.0,-0.1408160091423722
2685.0,-0.05933497869961585
2690.0,-0.08197916385447802
2695.0,-0.04361258244470676
2700.0,-0.04908134425295143
2705.0,-0.10151837771238051
2710.0,-0.040125607850827444
2715.0,-0.24564822974322678
2720.0,-0.09247669453084598
2725.0,-0.09895504866027716
2730.0,-0.1135081188336558
2735.0,-0.1548006751065537
2740.0,-0.1864358105406243
2745.0,-0.19686760863226696
2750.0,-0.27829128974085665
2755.0,-0.20005821460277437
2760.0,-0.09480699635999591
2765.0,-0.07309805962773615
2770.0,-0.21137162602208692
2775.0,-0.2194027428938447
2780.0,-0.2205917697201198
2785.0,-0.19827907870331685
2790.0,-0.19096033438292684
2795.0,-0.16036083565118636
2800.0,-0.09596035685145726
2805.0,-0.33803865250095455
2810.0,-0.2729535553886441
2815.0,-0.2328879756022316
2820.0,-0.20473257869374994
2825.0,-0.17296294938497003
2830.0,-0.07713943497723878
2835.0,-0.2649705416947846
2840.0,-0.1546067147131213
2845.0,-0.20417449645342006
2850.0,-0.19243064327014794
2855.0,-0.17365595093718533
2860.0,-0.13297289305881727
2865.0,-0.18148561137033048
2870.0,-0.2640016889198944
2875.0,-0.15137373326306994
2880.0,-0.1469974718428075
2885.0,-0.28519715542749124
2890.0,-0.1427683213505878
2895.0,-0.17424622217800168
2900.0,-0.17614112521323083
2905.0,-0.15336335093462775
2910.0,-0.03353344703740706
2915.0,-0.2644094762388793
2920.0,-0.1304634629426798
2925.0,-0.2675550112577646
2930.0,-0.13008371380204456
2935.0,-0.06094010527052297
2940.0,-0.24427974073462966
2945.0,-0.03193057677607604
2950.0,-0.07105850594159062
2955.0,-0.10512076150269502
2960.0,-0.10170544953798119
2965.0,-0.08253222481895246
2970.0,-0.06927803300001321
2975.0,-0.0682397405627795
2980.0,0.015807553184307266
2985.0,0.0066851975305200345
2990.0,-0.10283874703912052
2995.0,0.04323103440068075
3000.0,0.10425222115533382
3005.0,0.09817666979381051
3010.0,0.014729511834466314
3015.0,-0.10705671585487161
3020.0,-0.024477168595731232
3025.0,0.0118556074899447
3030.0,0.022819021004570457
3035.0,-0.06532693821730072
3040.0,0.08783742471334566
3045.0,0.11676389024269553
3050.0,-0.03144152256931587
3055.0,0.01827774139879427
3060.0,0.008637582658871115
3065.0,0.08975040155500909
3070.0,0.17496440769846738
3075.0,-0.0423345179155408
3080.0,0.22004585475612734
3085.0,0.18604300419996667
3090.0,0.03391554504546325
3095.0,0.2453056565871263
3100.0,0.22078716905365142
3105.0,0.18243625996036478
3110.0,0.17394432898373255
3115.0,0.09399050421603816
3120.0,0.19674014111301266
3125.0,0.11014349737433866
3130.0,0.17718690118137234
3135.0,0.2501631062364535
3140.0,0.15598036674769716
3145.0,0.1415336536641289
3150.0,0.22637302188451125
3155.0,0.2600195985716285
3160.0,0.26543720714942143
3165.0,0.18396770818442632
3170.0,0.2988201572581565
3175.0,0.3190208637695253
3180.0,0.1826286611641014
3185.0,0.24910115638066466
3190.0,0.08373462891862406
3195.0,0.19810802691656504
3200.0,0.1360091309937858
3205.0,0.21844556421293948
3210.0,0.16541988585601522
3215.0,0.04432030231933218
3220.0,0.2500479383562558
3225.0,0.13472081040144773
3230.0,0.2865292641092331
3235.0,0.3033577336081819
3240.0,0.24059865910673808
3245.0,0.19136350354080692
3250.0,0.21069113933715564
3255.0,0.09105693226341288
3260.0,0.19321433735566088
3265.0,0.2508285532031806
3270.0,0.2282591798256287
3275.0,0.1018359122625909
3280.0,0.27565472010296405
3285.0,0.2002212963179672
3290.0,0.09280034328685746
3295.0,0.18504260300102407
3300.0,0.08175238277741992
3305.0,0.10732733500413257
3310.0,0.13787611854134196
3315.0,0.25801590221237847
3320.0,0.2956951163228544
3325.0,0.008818763130372512
3330.0,0.10241723901454047
3335.0,0.08828375535374837
3340.0,0.13741426997870326
3345.0,0.10914637654298456
3350.0,0.03335079977337847
3355.0,0.08974038679977374
3360.0,0.013932735328583683
3365.0,-0.006363562558906591
3370.0,0.0817715636460294
3375.0,0.04697869732951181
3380.0,-0.015931534901614162
3385.0,0.06284759514840624
3390.0,-0.018872961008009396
3395.0,-0.05372682443393489
3400.0,-0.016550756949949605
3405.0,0.0264321374709655
3410.0,0.0032418441511755103
3415.0,0.43214495985369683
3420.0,1.0792066114861405
3425.0,2.122259873384545
3430.0,2.4660112002452275
3435.0,1.6527841861022439
3440.0,0.6077656702724156
3445.0,0.09046662004056055
3450.0,-0.02202327498673741
3455.0,-0.008338506001488513
3460.0,-0.058793187241356286
3465.0,-0.141541139680312
3470.0,-0.18363219401383118
3475.0,-0.16255156505658466
3480.0,-0.1614846811015249
3485.0,-0.1193490859821191
3490.0,-0.14261701733190524
3495.0,-0.20059374454669143
3500.0,-0.10348528647622765
3505.0,-0.20735857611917285
3510.0,-0.1564990805381763
3515.0,-0.21826436300217444
3520.0,-0.09795973390800028
3525.0,-0.14610822351980826
3530.0,-0.16399057566236358
3535.0,-0.10488882431551498
3540.0,-0.1181210491781607
3545.0,-0.275610727608093
3550.0,-0.17492581341540192
3555.0,-0.26259023557792754
3560.0,-0.23356076505151566
3565.0,-0.2238416113100577
3570.0,-0.2946382294319374
3575.0,-0.281316430170368
3580.0,-0.19011333047398637
3585.0,-0.1892607112341248
3590.0,-0.1606519161637762
3595.0,-0.205948674852689
3600.0,-0.22250216554253527
3605.0,-0.2160845200484506
3610.0,-0.21386403795612866
3615.0,-0.24386915538817455
3620.0,-0.18151996263685727
3625.0,-0.25088525545023044
3630.0,-0.2535917925297976
3635.0,-0.2840682500352981
3640.0,-0.16892239627519678
3645.0,-0.2209100023226357
3650.0,-0.18652350309844726
3655.0,-0.1586392576539148
3660.0,-0.2219469626071936
3665.0,-0.14182966401265856
3670.0,-0.14616521248815137
3675.0,-0.14588917652809516
3680.0,-0.267869588826312
3685.0,-0.06157224970749803
3690.0,-0.08958970434245851
3695.0,-0.07789531192965224
3700.0,0.0061900407826991355
3705.0,-0.1747947818349358
3710.0,0.03560069285121334
3715.0,-0.1034674369954839
3720.0,-0.019614618005745148
3725.0,0.007453766841671108
3730.0,-0.13480000397599676
3735.0,-0.037578957173547235
3740.0,-0.08822386810022662
3745.0,-0.010267777061626033
3750.0,-0.1316486144890613
3755.0,0.09202001951182043
3760.0,0.013711912997052243
3765.0,-0.023733499607973902
3770.0,-0.057756796059937415
3775.0,0.10081437306322592
3780.0,-0.01717964196494778
3785.0,0.08001811046699625
3790.0,-0.04672101032494603
3795.0,0.07941468749742807
3800.0,-0.07816547168165322
3805.0,0.0818242633525268
3810.0,-0.0019147644114643064
3815.0,0.003604772168236056
3820.0,0.1439913758966747
3825.0,0.1351876922277922
3830.0,0.05302176495860526
3835.0,0.050484027091992296
3840.0,0.18216003979985
3845.0,0.011542882967371562
3850.0,0.10236426992689544
3855.0,0.07843106269363098
3860.0,0.1346744868571295
3865.0,0.13553553732429463
3870.0,0.13378624438504758
3875.0,0.0678429706955547
3880.0,0.17331941894846542
3885.0,0.19373224422811647
3890.0,0.13606354316891706
3895.0,0.2872315534577001
3900.0,0.14355081529140445
3905.0,0.17810198366729849
3910.0,0.3157701515869984
3915.0,0.16514946645122236
3920.0,0.17950660160079804
3925.0,0.08878771385086223
3930.0,0.19282260901151402
3935.0,0.16466938953633253
3940.0,0.21583887373469715
3945.0,0.12268833931455612
3950.0,0.278513732854401
3955.0,0.23307527867717204
3960.0,0.2581458534132595
3965.0,0.17224046969334447
3970.0,0.07647968491026619
3975.0,0.21888738582300007
3980.0,0.19268021493958845
3985.0,0.15950377757614925
3990.0,0.301737751006453
3995.0,0.20816934490957342
4000.0,0.19574574834518563
4005.0,0.21422374897688007
4010.0,0.2038643767623447
4015.0,0.20494109072537972
4020.0,0.22691879695332057
4025.0,0.17657145345453418
4030.0,0.1343699118159676
4035.0,0.10408524033977959
4040.0,0.16977768205688165
4045.0,0.18234725095103577
4050.0,0.19708931913552627
4055.0,0.08303878992644337
4060.0,0.029055635919730746
4065.0,0.02702825089652071
4070.0,0.21811156439629148
4075.0,0.15273967216410408
4080.0,0.10366243847151184
4085.0,0.07702590039383948
4090.0,0.23934888449413927
4095.0,0.13722992301683723
4100.0,0.12357923658672725
4105.0,0.031380654305275334
4110.0,0.1389911258865743
4115.0,0.024877376904602046
4120.0,-0.00853164653992277
4125.0,0.12898514941323436
4130.0,0.051333759601548956
4135.0,0.0662764867920515
4140.0,-0.09008511930496735
4145.0,-0.023485310660147807
4150.0,-0.06479396267484896
4155.0,-0.00043884350262843666
4160.0,-0.03087987157911165
4165.0,-0.034105052294966444
4170.0,-0.093073658385729
4175.0,0.04592952606313651
4180.0,-0.14662312922958792
4185.0,-0.034989884892563765
4190.0,-0.07738862858929102
4195.0,-0.012126398255106932
4200.0,-0.1562785455163021
4205.0,-0.027834004862889825
4210.0,-0.16206899218937584
4215.0,-0.09544454234483699
4220.0,-0.13316089574369536
4225.0,0.03626850904737297
4230.0,-0.2221402471743797
4235.0,-0.185521383782629
4240.0,-0.27173748582331037
4245.0,-0.22495742933423185
4250.0,-0.1730563344149932
4255.0,-0.19166111650439488
4260.0,-0.22873859600551483
4265.0,-0.22317195203526463
4270.0,-0.19643415413345502
4275.0,-0.17800951563410194
4280.0,-0.07651724490230798
4285.0,-0.1661484794333116
4290.0,-0.1003693844801937
4295.0,0.2406041297014643
4300.0,1.168117058173014
4305.0,2.174445573787173
4310.0,2.175004161070951
4315.0,1.3837760036359394
4320.0,0.4152179366863302
4325.0,-0.21642948240974075
4330.0,-0.07758715967508235
4335.0,-0.14584569204414902
4340.0,-0.30419837370128083
4345.0,-0.34178920252782957
4350.0,-0.19397317048956408
4355.0,-0.2405317561560219
4360.0,-0.16940146803387007
4365.0,-0.2290887498754925
4370.0,-0.11495109412440133
4375.0,-0.2357313899693285
4380.0,-0.16439967905115865
4385.0,-0.14412231981667792
4390.0,-0.2054910037399444
4395.0,-0.1203069214863231
4400.0,-0.1689227241803505
4405.0,-0.17299266225488646
4410.0,-0.18232609058306246
4415.0,-0.3262007712095384
4420.0,-0.22721987772155106
4425.0,-0.025312059021252997
4430.0,-0.1716133832185051
4435.0,-0.19420556926006355
4440.0,-0.14666691600920465
4445.0,-0.14148063371997746
4450.0,0.023531449762207862
4455.0,-0.1890084483951906
4460.0,-0.15447595824874732
4465.0,-0.05431418304160237
4470.0,-0.2130149163516931
4475.0,-0.1942065745548895
4480.0,-0.1627409107277527
4485.0,-0.1157843269446305
4490.0,0.010731705084638068
4495.0,0.039980547469110936
4500.0,-0.00819735965700566
4505.0,0.10087820934861212
4510.0,-0.15596838710948444
4515.0,0.05465602828212721
4520.0,-0.05725379253638278
4525.0,0.03222852971976412
4530.0,-0.011790821347874457
4535.0,-0.08301270368263322
4540.0,0.1036079414537926
4545.0,0.13167823211580376
4550.0,0.058831933634282525
4555.0,-0.007445767338867489
4560.0,0.197499284083583
4565.0,-0.09625248497676316
4570.0,0.08764776752435285
4575.0,0.020013266695782045
4580.0,0.039956342106201206
4585.0,0.16351138700334417
4590.0,0.07225407489673003
4595.0,0.17960405188523
4600.0,0.13492127112857527
4605.0,0.22063325109095794
4610.0,0.19684733724325798
4615.0,0.19604402690424433
4620.0,0.14533692110766555
4625.0,0.14515645212387104
4630.0,0.08742409928244356
4635.0,0.1900917931568154
4640.0,0.2142190957794318
4645.0,0.1215000484738399
4650.0,0.19967004441954195
4655.0,0.12371142544287216
4660.0,0.17823933441105277
4665.0,0.10941318454022635
4670.0,0.18770975899392062
4675.0,0.26363576634310415
4680.0,0.21143181819930393
4685.0,0.07409109545771518
4690.0,0.24131821866873443
4695.0,0.17414413004457707
4700.0,0.2862178434521539
4705.0,0.2470841612212587
4710.0,0.24632051269808902
4715.0,0.1782966776203125
4720.0,0.2090791261310664
4725.0,0.14602311556902045
4730.0,0.2029568809231126
4735.0,0.24924498558261354
4740.0,0.0912156064200269
4745.0,0.16901306558349874
4750.0,0.24003407033219326
4755.0,0.11586647353860505
4760.0,0.17302340892023987
4765.0,0.21361962772179527
4770.0,0.19897811676434557
4775.0,0.21411796422190876
4780.0,0.22115580810176433
4785.0,0.24651671066649045
4790.0,0.13783028238608067
4795.0,0.1876779837808331
4800.0,0.17641953261862148
4805.0,0.0616844049299823
4810.0,0.1088533025005226
4815.0,0.1807469866506879
4820.0,0.14870556226896312
4825.0,0.16538532271427947
4830.0,0.11002448053947067
4835.0,0.10160475826887856
4840.0,0.1619770036210512
4845.0,-0.04418901094019996
4850.0,-0.032527954106488094
4855.0,0.07699886586064672
4860.0,0.08428601550402681
4865.0,0.1037824833106267
4870.0,0.09619781243884765
4875.0,0.055334777931005885
4880.0,-0.04568430254514706
4885.0,0.06120963158591654
4890.0,0.03145105991201675
4895.0,-0.05928432640170761
4900.0,-0.11496706772207806
4905.0,-0.03871093560630059
4910.0,0.02964469305367097
4915.0,-0.023609624075223594
4920.0,0.04559327483038073
4925.0,-0.06681197891148534
4930.0,-0.09839229784316109
4935.0,-0.0984695501494224
4940.0,-0.06256416475061763
4945.0,-0.05465495847611063
4950.0,-0.019501880590483855
4955.0,-0.09681613588207504
4960.0,-0.1768371589722385
4965.0,-0.1583436969746206
4970.0,-0.09356851420069644
4975.0,-0.1267940176156351
4980.0,-0.11278849043046553
4985.0,-0.17046421923678576
4990.0,-0.16598342685452028
4995.0,-0.1764400861461528
5000.0,-0.19037499008972467
5005.0,-0.14329868041255048
5010.0,-0.04641030517673163
5015.0,-0.16434375208695182
5020.0,-0.15932979509466955
5025.0,-0.3025608246937125
5030.0,-0.14273513482359854
5035.0,-0.1985299342030042
5040.0,-0.09504505349670399
5045.0,-0.15245038245133025
5050.0,-0.09364588787268978
5055.0,-0.258221516686471
5060.0,-0.14689920539076357
5065.0,-0.1350603767226175
5070.0,-0.22275945102016478
5075.0,-0.11778647951371174
5080.0,-0.2914105662881847
5085.0,-0.18212864865116543
5090.0,-0.22938509240360977
5095.0,-0.14306546564235972
5100.0,-0.3312450611573009
5105.0,-0.1385365008323822
5110.0,-0.08235008893597326
5115.0,-0.2640845599624739
5120.0,-0.12882811297826324
5125.0,-0.24863511405908623
5130.0,-0.125983083952537
5135.0,-0.10602144129597618
5140.0,-0.25961128936612426
5145.0,-0.06329354707074407
5150.0,-0.17882868395443274
5155.0,-0.1641562803361189
5160.0,-0.1099055920592722
5165.0,-0.0935828972012707
5170.0,-0.1003957513707727
5175.0,0.1723939738471462
5180.0,0.8503252046648352
5185.0,1.7654199447925276
5190.0,2.3899663667595004
5195.0,1.8112090922391166
5200.0,0.779642815369243
5205.0,0.19082639233435333
5210.0,-0.13681461863979855
5215.0,-0.21478579662815533
5220.0,-0.04453279252137768
5225.0,-0.053676243222467585
5230.0,-0.07273891734177326
5235.0,-0.09814638350713592
5240.0,0.09332285020661502
5245.0,-0.04214031488216278
5250.0,-0.11141840446699401
5255.0,-0.011820259224354979
5260.0,0.010352595395354772
5265.0,-0.11079100194587584
5270.0,0.035853630017684796
5275.0,-0.1426097587368978
5280.0,-0.020018748642330338
5285.0,0.07513468036561805
5290.0,0.1001773889852928
5295.0,0.05871584797375344
5300.0,0.09496520151830554
5305.0,-0.0068934504589186485
5310.0,0.0630398459299892
5315.0,0.11129737658195732
5320.0,-0.044638390898208785
5325.0,0.10056805251724112
5330.0,0.13142593795034896
5335.0,0.1717861861251581
5340.0,0.1568660535873122
5345.0,0.17998678054554776
5350.0,0.17570435577885513
5355.0,0.06359999452723605
5360.0,0.068885869664634
5365.0,0.09733527565703455
5370.0,0.05866005873657311
5375.0,0.20473426005866638
5380.0,0.2706258196220287
5385.0,0.24949282281039625
5390.0,0.18042616160266298
5395.0,0.24244326724761361
5400.0,0.17856491756235077
5405.0,0.21148059913190936
5410.0,0.260032023153635
5415.0,0.11545822997544153
5420.0,0.14900539417536326
5425.0,0.22085162467167485
5430.0,0.3953582981456002
5435.0,0.24124284669434937
5440.0,0.253614965387474
5445.0,0.2992086216713067
5450.0,0.17000940216783184
5455.0,0.05930017304200233
5460.0,0.1258808033367399
5465.0,0.13458179987628477
5470.0,0.32285843303597234
5475.0,0.18473947133920748
5480.0,0.1837409189570717
5485.0,0.18297258934903646
5490.0,0.17901790913186685
5495.0,0.18843831332288938
5500.0,0.19512505053228787
5505.0,0.2677034961858761
5510.0,0.19761714930719607
5515.0,0.08269116993374942
5520.0,0.23220967725198474
5525.0,0.20721401536497275
5530.0,0.1441055503898935
5535.0,0.18017191635786786
5540.0,0.11711392048845082
5545.0,0.30873430884946246
5550.0,0.22682531781218662
5555.0,0.16484216474316293
5560.0,0.08302136655930951
5565.0,0.17747248480219813
5570.0,0.16972305460251347
5575.0,0.12557035372137357
5580.0,0.09622700254749432
5585.0,0.24423347611717133
5590.0,0.07659537691528157
5595.0,0.15733602844588665
5600.0,0.17091245719015485
5605.0,0.006507771475203858
5610.0,0.08767393842733433
5615.0,0.13326924610082183
5620.0,0.06132072252194727
5625.0,-0.05007904748012199
5630.0,0.08343348826828109
5635.0,0.17128759032115803
5640.0,0.05812831943369186
5645.0,0.03954354848226113
5650.0,-0.041920480513491516
5655.0,-0.011352238775316568
5660.0,0.023992423903996772
5665.0,-0.10518284482887484
5670.0,-0.08654001156475431
5675.0,-0.02844240216310526
5680.0,-0.04194017747960888
5685.0,-0.042984861932583995
5690.0,-0.06108124906087249
5695.0,0.029342807948866123
5700.0,-0.0806472535593408
5705.0,-0.08409228900338186
5710.0,-0.14302386217046564
5715.0,-0.15200271846738805
5720.0,-0.11038240619953404
5725.0,0.061566145690867866
5730.0,-0.04110667018277929
5735.0,-0.21057970793185887
5740.0,-0.022407964429782115
5745.0,-0.13467918598203388
5750.0,-0.2269217634057762
5755.0,-0.12806662130211863
5760.0,-0.21771938905262408
5765.0,-0.2025901067412779
5770.0,-0.22833561486239679
5775.0,-0.17804530577383362
5780.0,-0.30774711853355186
5785.0,-0.11083634017453425
5790.0,-0.06737713092862423
5795.0,-0.19409588671654412
5800.0,-0.1820468393944249
5805.0,-0.15954909726402336
5810.0,-0.20562945215751605
5815.0,-0.21012780085881538
5820.0,-0.14833999282340998
5825.0,-0.12660090710766653
5830.0,-0.2234771130618831
5835.0,-0.151391355048632
5840.0,-0.17658770454496225
5845.0,-0.2388223143507791
5850.0,-0.2022302428541092
5855.0,-0.3247797449944617
5860.0,-0.2726841501890285
5865.0,-0.1761827962837538
5870.0,-0.15623620324833828
5875.0,-0.1207513186046781
5880.0,-0.09104672459239481
5885.0,-0.2612103657039657
5890.0,-0.1639344535311519
5895.0,-0.29034549692745315
5900.0,-0.1823862458543719
5905.0,-0.212723081986919
5910.0,-0.14040217930332735
5915.0,-0.1734758744009256
5920.0,-0.15760313112545138
5925.0,-0.1935424070650045
5930.0,-0.1509668445208345
5935.0,-0.056371968672870976
5940.0,-0.08578850355606057
5945.0,-0.13012393609375872
5950.0,-0.23572673456668486
5955.0,-0.23754082152452788
5960.0,-0.11592562800227216
5965.0,-0.08198496499458954
5970.0,-0.05959464433122213
5975.0,-0.0750776122933508
5980.0,-0.13460832424863928
5985.0,-0.18993008339528686
5990.0,-0.013355804061287474
5995.0,-0.02240244103430089
6000.0,0.027708441572414734
6005.0,-0.15431841410521377
6010.0,0.006190060948917955
6015.0,0.018374126042253146
6020.0,-0.09157678395534859
6025.0,-0.0772241649848594
6030.0,-0.07316475145100311
6035.0,-0.04941287392504438
6040.0,0.00584499649150138
6045.0,-0.0048028003396003716
6050.0,0.11879894278894672
6055.0,0.27066028307911344
6060.0,0.7839620790961424
6065.0,1.8543070294412558
6070.0,2.497937780509126
6075.0,2.0174250694499096
6080.0,1.171606309337471
6085.0,0.3804556762426108
6090.0,0.23865281009528594
6095.0,0.09352223168638694
6100.0,0.199638309940265
6105.0,0.1698373301791807
6110.0,0.019715979776098597
6115.0,0.23978580673605582
6120.0,0.10668496224734533
6125.0,0.13684684005123005
6130.0,0.07052576354664178
6135.0,0.11380546714559074
6140.0,0.33353083421121477
6145.0,0.17292336211578285
6150.0,-0.07248706097328311
6155.0,0.28979416363468297
6160.0,0.18960063756903717
6165.0,0.13704973429618594
6170.0,0.22724108093388884
6175.0,0.2111072977761267
6180.0,0.14410029515239003
6185.0,0.2958861354473454
6190.0,0.23179450797200601
6195.0,0.27188370459988337
6200.0,0.21231150355147446
6205.0,0.1962711381291601
6210.0,0.21125364149517178
6215.0,0.13351658586712922
6220.0,0.14189183545406137
6225.0,0.25993888203903315
6230.0,0.19312780916558442
6235.0,0.23768362426892778
6240.0,0.19632039494621056
6245.0,0.1644359282561032
6250.0,0.26537737625603947
6255.0,0.15227857289645122
6260.0,0.1252058677289659
6265.0,0.18444795477130588
6270.0,0.2533008187023424
6275.0,0.24873692908062017
6280.0,0.10056870576215252
6285.0,0.09964025295633877
6290.0,0.12859415912832375
6295.0,0.09149738647513127
6300.0,0.15324827549257752
6305.0,0.20748183143808338
6310.0,0.12180079552094544
6315.0,0.017769814086998167
6320.0,0.007059090458237827
6325.0,0.01332778248802896
6330.0,0.08459785515683411
6335.0,0.14211104377779715
6340.0,-0.006480554860560053
6345.0,0.12015605605977708
6350.0,0.13104590359400914
6355.0,0.24862445529939237
6360.0,-0.0019453119447125217
6365.0,0.07144368734547969
6370.0,0.10683900828069523
6375.0,0.08065932021781952
6380.0,0.10180576037768879
6385.0,0.062059558255041565
6390.0,0.0796034082150214
6395.0,0.01038804889527111
6400.0,0.006242264748202754
6405.0,-0.11369763641601709
6410.0,0.1331820291004101
6415.0,-0.10579669875308946
6420.0,-0.011540633734100351
6425.0,-0.018256219825101592
6430.0,-0.0949573287718159
6435.0,-0.15514727504805448
6440.0,-0.03631394307176079
6445.0,-0.17601007791435846
6450.0,0.004786978714586249
6455.0,0.10856890421149044
6460.0,0.010736746131256386
6465.0,-0.2699299367386306
6470.0,-0.06883729274941922
6475.0,-0.10016734052662979
6480.0,-0.125466211542671
6485.0,-0.058650270214399815
6490.0,-0.15830211605826433
6495.0,-0.09356508630574943
6500.0,-0.18325324561285025
6505.0,-0.2133588640905049
6510.0,-0.10862544154129022
6515.0,-0.08035185083834205
6520.0,-0.1994346968793298
6525.0,-0.053839535964858534
6530.0,-0.17984346587863478
6535.0,-0.23427860883749813
6540.0,-0.22688170793424647
6545.0,-0.22287235641959857
6550.0,-0.13426954443467723
6555.0,-0.13439373254015669
6560.0,-0.18301216090095163
6565.0,-0.09671361149534223
6570.0,-0.2555378799348258
6575.0,-0.16327369933677066
6580.0,-0.1759174200935925
6585.0,-0.34550122253725735
6590.0,-0.1748128948782699
6595.0,-0.23025056321265355
6600.0,-0.09157012692421031
6605.0,-0.22915089830124122
6610.0,-0.10244677067717461
6615.0,-0.15839963500138257
6620.0,-0.29600208991146754
6625.0,-0.11258491260500873
6630.0,-0.14126613877686572
6635.0,-0.16104113142479679
6640.0,-0.1942112908737397
6645.0,-0.05048917573922779
6650.0,-0.19508291349200155
6655.0,-0.09127827954786534
6660.0,-0.12453736004496632
6665.0,-0.1736609753153554
6670.0,-0.20839811630319294
6675.0,-0.12781509545781575
6680.0,-0.15188930786644808
6685.0,-0.2227216001409868
6690.0,-0.10804898479386782
6695.0,-0.0912808511966641
6700.0,-0.11820383637784362
6705.0,-0.2367392236754608
6710.0,-0.07006760794923245
6715.0,-0.12477822183799929
6720.0,-0.0391827711730198
6725.0,-0.11289353523271078
6730.0,-0.1277331433735812
6735.0,-0.0855982375433795
6740.0,-0.07387993619768575
6745.0,0.08771220683562214
6750.0,-0.12364156096603415
6755.0,-0.14976917415648527
6760.0,-0.04967219223385392
6765.0,-0.035835363648201723
6770.0,-0.14987980380043558
6775.0,-0.13263005135874992
6780.0,-0.06995906190770215
6785.0,-0.018697779661123976
6790.0,-0.013861664920260326
6795.0,0.07278477307931297
6800.0,0.021287316123095187
6805.0,-0.021086995025115997
6810.0,0.033878131280276245
6815.0,0.06725571368904694
6820.0,0.09671198546632254
6825.0,-0.13350461001667785
6830.0,0.07390233215741379
6835.0,0.09929160353496687
6840.0,0.18535614368930242
6845.0,0.06876440719838517
6850.0,0.10968145680566896
6855.0,-0.0033025353013584335
6860.0,0.16963580584012297
6865.0,0.19103548544668658
6870.0,0.06734762581500105
6875.0,0.1405849127664738
6880.0,0.10730083828996521
6885.0,0.21971645415619578
6890.0,0.1344233015966714
6895.0,0.17003292421577815
6900.0,0.17793154295373817
6905.0,0.14272927226540882
6910.0,0.1861266261139772
6915.0,0.2882269383697468
6920.0,0.17942137020857005
6925.0,0.13137270463083384
6930.0,0.3981993267036885
6935.0,0.8892802183709599
6940.0,1.7524116463877866
6945.0,2.5825505536947095
6950.0,2.5038032786253512
6955.0,1.5982466531864592
6960.0,0.7546110521278055
6965.0,0.5053910755479596
6970.0,0.36623845345851297
6975.0,0.12970015300303145
6980.0,0.2576472030616478
6985.0,0.30182634793035906
6990.0,0.24847855294054708
6995.0,0.1943158737014495
7000.0,0.15221073456232873
7005.0,0.24009237458633853
7010.0,0.2424808467163094
7015.0,0.21480941303338857
7020.0,0.12574394503807415
7025.0,0.051257495933024505
7030.0,0.2978276860868953
7035.0,0.10908262609941867
7040.0,0.16056821132720386
7045.0,0.0729110603730262
7050.0,0.22909984353087254
7055.0,0.1254325941342756
7060.0,0.15782723149676703
7065.0,0.32324887042448014
7070.0,0.21431588371185972
7075.0,0.15973607592291386
7080.0,0.0044033029335029256
7085.0,0.1906664217550453
7090.0,0.18465563912863225
7095.0,0.19024521103944267
7100.0,0.12438237226211687
7105.0,0.0056916683563452836
7110.0,0.04873170886264939
7115.0,0.14959997052310092
7120.0,0.13360393973244616
7125.0,0.10845290367035844
7130.0,0.21733488668860318
7135.0,0.12699886457825302
7140.0,0.05795645049059443
7145.0,0.05284705804749808
7150.0,-0.09568971387401493
7155.0,-0.02053676976679065
7160.0,0.07685984271990497
7165.0,-0.1216144107635699
7170.0,0.014988763521405374
7175.0,0.050231378439633115
7180.0,-0.04636142131046832
7185.0,0.009093127765641154
7190.0,-0.10866579899881998
7195.0,0.07349349588024524
7200.0,-0.0837086102094309
7205.0,-0.22431687255705562
7210.0,-0.04281576583680857
7215.0,-0.11526511001954386
7220.0,0.027294181327739406
7225.0,-0.04691003935445023
7230.0,-0.1295002262592708
7235.0,-0.0009146793030745115
7240.0,-0.1416352505846668
7245.0,-0.21701620356856804
7250.0,-0.05199596700918953
7255.0,-0.03843887779527151
7260.0,-0.1624304348774837
7265.0,-0.07940873068303024
7270.0,-0.027038958945248992
7275.0,-0.207535875943637
7280.0,-0.38076359070105115
7285.0,-0.13099985941557488
7290.0,-0.1928088754838859
7295.0,-0.11294472278890588
7300.0,-0.1676390691248899
7305.0,-0.2156716212950664
7310.0,-0.2609194969450629
7315.0,-0.2746357498168986
7320.0,-0.2339146977285554
7325.0,-0.26281125641869696
7330.0,-0.14187884136420784
7335.0,-0.14967955765908147
7340.0,-0.2442623773341637
7345.0,-0.11539717015408238
7350.0,-0.2263432248940641
7355.0,-0.23596336457128977
7360.0,-0.13841478337922686
7365.0,-0.17988632973957652
7370.0,-0.23921176248432535
7375.0,-0.13762157003040704
7380.0,-0.07689468537754418
7385.0,-0.285022359108606
7390.0,-0.20909633104218653
7395.0,-0.33582007645484824
7400.0,-0.19190016627546236
7405.0,-0.0067295635796470465
7410.0,-0.1597380152180947
7415.0,-0.18352337874969973
7420.0,-0.15655120839309628
7425.0,-0.23372060813799567
7430.0,-0.14680461420044788
7435.0,-0.1793711374878617
7440.0,-0.20324315339384288
7445.0,-0.08072485317186398
7450.0,-0.1524450835996177
7455.0,-0.11252485586103014
7460.0,-0.17035740704257762
7465.0,-0.10603722177767483
7470.0,-0.06963502513018971
7475.0,-0.10604180019285461
7480.0,0.014569671047484425
7485.0,-0.09094289307970288
7490.0,-0.05325252740848618
7495.0,-0.08027848969399552
7500.0,0.003968995472855605
7505.0,-0.09850761203842834
7510.0,-0.11940434401229302
7515.0,-0.03738162046711214
7520.0,-0.05690425761809503
7525.0,-0.06937398641862441
7530.0,0.09501139639810657
7535.0,-0.02760900766235247
7540.0,0.019238924512840934
7545.0,-0.07884769186488014
7550.0,-0.043112515067207424
7555.0,0.007747901776539633
7560.0,0.13977679247292601
7565.0,0.013294396173677493
7570.0,0.06825195389265035
7575.0,-0.08096195697126604
7580.0,0.021722508334409744
7585.0,0.05645518468315307
7590.0,0.1409812829551418
7595.0,0.1253197791559019
7600.0,-0.017763513383818305
7605.0,0.17340885753845287
7610.0,0.15796642747427603
7615.0,0.17361268788498124
7620.0,0.04313590061969777
7625.0,0.25018619046930657
7630.0,0.0053088520481251456
7635.0,0.13719641404662852
7640.0,0.14777461953402599
7645.0,0.19138688014430724
7650.0,0.1718611724337121
7655.0,0.12229540320126263
7660.0,0.2819224948135086
7665.0,0.0352546246157143
7670.0,0.1256987339197438
7675.0,0.15000482471213306
7680.0,0.2561595051158715
7685.0,0.21019290257204484
7690.0,0.06864608438469352
7695.0,0.3459879316752337
7700.0,0.18695001705752592
7705.0,0.2827829155406752
7710.0,0.3423297437347844
7715.0,0.1708120901276805
7720.0,0.2237239519021961
7725.0,0.09340721858096133
7730.0,0.1505452246776851
7735.0,0.3111543476535657
7740.0,0.18130177544975717
7745.0,0.2676088183264334
7750.0,0.19668760213400785
7755.0,0.2464671047333101
7760.0,0.24103814457102446
7765.0,0.3396552687013378
7770.0,0.2305539477653154
7775.0,0.19884991181590497
7780.0,0.22490353731286966
7785.0,0.13711422681719912
7790.0,0.1010146722368334
7795.0,-0.007533290924835345
7800.0,0.4247961959098009
7805.0,0.9684458266872117
7810.0,1.9297112821399198
7815.0,2.702598360015648
7820.0,2.258808070459466
7825.0,1.1793979373547496
7830.0,0.5129368056518767
7835.0,0.2307952180596415
7840.0,0.1758148791364314
7845.0,0.19667346153928653
7850.0,0.13521711951279347
7855.0,0.15173466600573018
7860.0,0.08770563461606012
7865.0,0.017445924808567492
7870.0,0.06493367450860117
7875.0,0.0729306297744409
7880.0,-0.0072508924829110324
7885.0,0.04994793015228143
7890.0,0.06710900063213598
7895.0,-0.026768126175396215
7900.0,0.0213993738645936
7905.0,0.03593485551882783
7910.0,0.009161022309356913
7915.0,0.09249297692973506
7920.0,-0.07879352497566695
7925.0,0.1402209178781675
7930.0,-0.053439165863104085
7935.0,0.0933639238371988
7940.0,-0.02838114368717189
7945.0,0.09109874522356237
7950.0,-0.05661395518254238
7955.0,-0.08012264194124429
7960.0,-0.15492126293066194
7965.0,-0.11693549114899739
7970.0,-0.03346980311531155
7975.0,-0.08135836950881774
7980.0,-0.08457911208701979
7985.0,-0.10867484559652792
7990.0,-0.11430312585271192
7995.0,-0.07204598214735289
8000.0,-0.11691738269801448
8005.0,-0.18791298582164884
8010.0,-0.05879737371829834
8015.0,-0.14736547862178728
8020.0,-0.15812747137335934
8025.0,-0.14187826334225212
8030.0,-0.1964962180659254
8035.0,-0.2075664072742618
8040.0,-0.24436116840267907
8045.0,-0.10557489321030293
8050.0,-0.28216785062285776
8055.0,-0.1675757633690074
8060.0,-0.3021128974310435
8065.0,-0.28783485446281787
8070.0,-0.11805137027756425
8075.0,-0.19475522448001353
8080.0,-0.14912340779029293
8085.0,-0.19305579487714275
8090.0,-0.2042271226422537
8095.0,-0.138952563193997
8100.0,-0.17815135421646341
8105.0,-0.11956330309598369
8110.0,-0.1384507591417985
8115.0,-0.2651286359456444
8120.0,-0.28285390694649515
8125.0,-0.09798662936100407
8130.0,-0.11604934795499032
8135.0,-0.23612210869163053
8140.0,-0.11934205238637327
8145.0,-0.2731758837047138
8150.0,-0.28955781222208504
8155.0,-0.1035680014589136
8160.0,-0.2037436146879275
8165.0,-0.2639961134526704
8170.0,-0.24680405036750264
8175.0,-0.08246710828667912
8180.0,-0.039634364661528115
8185.0,-0.18069214611653747
8190.0,-0.027797912087524343
8195.0,-0.2237493745633512
8200.0,-0.3320999670370194
8205.0,-0.1525574696999576
8210.0,-0.03982784037686181
8215.0,-0.11151441269016829
8220.0,-0.14827104490362988
8225.0,-0.05371543570242125
8230.0,-0.12292791031112099
8235.0,-0.07296141162941774
8240.0,-0.16807495681788318
8245.0,-0.023160235580226084
8250.0,-0.1330429635458587
8255.0,-0.1023004934137289
8260.0,0.07388748304974016
8265.0,-0.04198504365164933
8270.0,0.0824531057891437
8275.0,-0.13035543020457793
8280.0,-0.027611564496632206
8285.0,0.013157653431768926
8290.0,0.06243405445075557
8295.0,0.09921011204508252
8300.0,0.05774457346453832
8305.0,0.09747648949193488
8310.0,0.04121161197243273
8315.0,0.11324872430727874
8320.0,0.11596870015132771
8325.0,0.08821635275863199
8330.0,0.14283813482174218
8335.0,0.07838899423639878
8340.0,0.06909614762759869
8345.0,0.027187483662236125
8350.0,0.06208948738325615
8355.0,0.13395340538208345
8360.0,-0.021030134931787778
8365.0,0.14719727962792023
8370.0,0.08986529187662026
8375.0,0.19083394169781537
8380.0,0.06890624918663614
8385.0,0.1445863729453053
8390.0,0.06258268335138113
8395.0,0.10992899460002115
8400.0,0.17983800652566245
8405.0,0.2869923326476246
8410.0,0.20529110588121582
8415.0,0.18328969561952518
8420.0,0.08755321092905709
8425.0,0.21619024446012364
8430.0,0.11966617637957142
8435.0,0.25555449788108014
8440.0,0.2406651919776666
8445.0,0.26053420106979724
8450.0,0.018822444901903074
8455.0,0.10728731737033471
8460.0,0.14044975931313608
8465.0,0.17825039178648844
8470.0,0.1788640363384138
8475.0,0.18428026004385573
8480.0,0.2361697139965933
8485.0,0.2638555243158135
8490.0,0.16911982283318291
8495.0,0.11930484139214566
8500.0,0.19363046325169198
8505.0,0.2088376808950141
8510.0,0.20189100429972334
8515.0,0.10846306195914758
8520.0,0.2342452565972919
8525.0,0.21426651936746074
8530.0,0.21414754098535085
8535.0,0.10454404363453863
8540.0,0.24004243059569608
8545.0,0.177268053294391
8550.0,0.1986397150876022
8555.0,0.19108079608096729
8560.0,0.08603673301579742
8565.0,0.14169005988215783
8570.0,0.20431051665970595
8575.0,0.1522121767402167
8580.0,0.1627685704712828
8585.0,0.057644676300778186
8590.0,0.02062921211365558
8595.0,0.10483459046728817
8600.0,-0.07218840121276486
8605.0,0.16736800391059573
8610.0,0.034559912855439245
8615.0,0.20730790612640695
8620.0,0.021585310573378758
8625.0,0.05526497588530742
8630.0,-0.031111290405206174
8635.0,-0.050554949134684925
8640.0,0.05970118911372988
8645.0,0.07435953469136207
8650.0,-0.07405830600195877
8655.0,0.12434514445126332
8660.0,0.3221875360775599
8665.0,1.0557496864214528
8670.0,2.1389841726876604
8675.0,2.5354226649377565
8680.0,1.6911906589507604
8685.0,0.6653244517630518
8690.0,0.16399115830502387
8695.0,-0.09861051548818955
8700.0,-0.015051729416439327
8705.0,-0.10833564580891403
8710.0,-0.08509133336160214
8715.0,-0.22053791681387636
8720.0,-0.13296891160346072
8725.0,-0.21562848408078156
8730.0,-0.001026694337145459
8735.0,-0.16628097055667934
8740.0,-0.11442039686029792
8745.0,-0.11616819871644045
8750.0,-0.15636371580841094
8755.0,-0.16941324912650932
8760.0,-0.09049713434683808
8765.0,-0.0669560857227098
8770.0,-0.09664182023762086
8775.0,-0.14178459384606532
8780.0,-0.2040819327972599
8785.0,-0.16734020897646193
8790.0,-0.14020418067929027
8795.0,-0.05553802426378378
8800.0,-0.15749924378251653
8805.0,-0.2368544284389009
8810.0,-0.24261898238048493
8815.0,-0.2069776829472316
8820.0,-0.20580034542094502
8825.0,-0.0902504386994269
8830.0,-0.1718579474726804
8835.0,-0.14761749549063746
8840.0,-0.24269165200188847
8845.0,-0.2963358370988086
8850.0,-0.021487783471246358
8855.0,-0.04556908624118536
8860.0,-0.15148981872387415
8865.0,-0.13424695958825222
8870.0,-0.24255754083485342
8875.0,-0.09600516746303624
8880.0,0.02395796006272724
8885.0,-0.19869840310133124
8890.0,-0.16272657935581317
8895.0,-0.12794571604110347
8900.0,-0.21558981130157243
8905.0,-0.19607052100717887
8910.0,-0.16596229889534062
8915.0,-0.2353373473690409
8920.0,-0.13400759575084475
8925.0,-0.2535609636305838
8930.0,-0.16726028377694332
8935.0,-0.16916394989182437
8940.0,-0.13143719140989799
8945.0,-0.19237547192462598
8950.0,-0.2488948674868312
8955.0,-0.16183318003133504
8960.0,-0.14557647626956743
8965.0,-0.037896195507754596
8970.0,-0.1262395694267077
8975.0,-0.05754404915315745
8980.0,-0.10920306739355648
8985.0,-0.10046168925684745
8990.0,-0.11981519683385307
8995.0,-0.19981427589979095
9000.0,-0.1845305008757248
9005.0,-0.210920725629425
9010.0,-0.08394865632727251
9015.0,0.05404050100777942
9020.0,-0.14619019881272133
9025.0,0.02687646614133378
9030.0,0.09945675669555457
9035.0,-0.017473673672857078
9040.0,0.0416303686298529
9045.0,-0.02275114364145918
9050.0,-0.051693202212307506
9055.0,-0.044829009460193865
9060.0,-0.024706591445153983
9065.0,0.06912053858260267
9070.0,0.05419642699908124
9075.0,-0.0032570520485464965
9080.0,0.1292563016313209
9085.0,0.07703917434143377
9090.0,0.001358841754310336
9095.0,0.09752988733049538
9100.0,0.19049752912356915
9105.0,0.19001290443506005
9110.0,0.03050603562021413
9115.0,0.14767624842354138
9120.0,0.12429921321229226
9125.0,0.21298430678279973
9130.0,0.27241879364616095
9135.0,-0.04857663968920206
9140.0,0.2004546894501984
9145.0,0.05364679339635994
9150.0,0.16493502234092167
9155.0,0.2620345140591891
9160.0,0.261971270556111
9165.0,0.12175711545399318
9170.0,0.291577896964453
9175.0,0.14502201533245662
9180.0,0.18014408490351833
9185.0,0.094410815806419
9190.0,0.14752631766348406
9195.0,0.10624863169977058
9200.0,0.23923517868070485
9205.0,0.14280251653302423
9210.0,0.2663826887973717
9215.0,0.14661375327131282
9220.0,0.2721127619194046
9225.0,0.25483554035066536
9230.0,0.19314701484699795
9235.0,0.24453239454607772
9240.0,0.3048911898800096
9245.0,0.31713932870571393
9250.0,0.18135635427543761
9255.0,0.19499193550494318
9260.0,0.2765600365259873
9265.0,0.4036933608864777
9270.0,0.24950293025454096
9275.0,0.11227696918556973
9280.0,0.13191526321015762
9285.0,0.1677166721306544
9290.0,0.19410123996756762
9295.0,0.07888235484706732
9300.0,0.029395004815384485
9305.0,0.18286071741838617
9310.0,0.13678765753045158
9315.0,0.16145058452474337
9320.0,0.04354658371719271
9325.0,0.1032977707402947
9330.0,0.21426942291061316
9335.0,0.11690473919038409
9340.0,0.04533136934861727
9345.0,0.17431062142767212
9350.0,0.09005041389427282
9355.0,0.1727387146293014
9360.0,0.13222812987086308
9365.0,0.07966421283477447
9370.0,0.0631106808002579
9375.0,0.14982209066332952
9380.0,0.040685321524665335
9385.0,0.09835243552797833
9390.0,0.1483924632071472
9395.0,0.00834231559126114
9400.0,0.0004135033198016391
9405.0,0.02982950522782084
9410.0,-0.07628156069389315
9415.0,0.045085880208980036
9420.0,-0.054859861176057415
9425.0,-0.03886362119628377
9430.0,-0.1082246872414527
9435.0,0.06577460711915996
9440.0,0.07238835843466115
9445.0,-0.022183251577932626
9450.0,0.002738558626803028
9455.0,-0.019876252430877293
9460.0,0.02232297200754843
9465.0,0.08133936294988625
9470.0,0.10267115859157573
9475.0,-0.036078610732026666
9480.0,-0.0152047712533874
9485.0,-0.13795994318211757
9490.0,-0.039530135053803345
9495.0,-0.020815486050071802
9500.0,-0.1863016958689011
9505.0,0.10689994352064269
9510.0,0.6565490191891952
9515.0,1.7590809815908153
9520.0,2.330921841479247
9525.0,1.7482507931767224
9530.0,0.6877555164592899
9535.0,0.10260459830924906
9540.0,-0.22769358283204577
9545.0,-0.11490557794035752
9550.0,-0.22256759750914734
9555.0,-0.23678940139867735
9560.0,-0.16699801962746696
9565.0,-0.1655320929621305
9570.0,-0.255949228696823
9575.0,-0.14093037733687025
9580.0,-0.16405918138492465
9585.0,-0.15848171504943226
9590.0,-0.06418770527200973
9595.0,-0.21627693678854118
9600.0,-0.1904841059308049
9605.0,-0.3066036158109312
9610.0,-0.1727341953786304
9615.0,-0.26270462038820097
9620.0,-0.25845027997625114
9625.0,-0.20333666203966771
9630.0,-0.18623645706494726
9635.0,-0.21218866930357602
9640.0,-0.2021890316409572
9645.0,-0.22339854298955336
9650.0,-0.3142336292356208
9655.0,-0.07315626699853556
9660.0,-0.21418789835344412
9665.0,-0.16664240041793196
9670.0,-0.2843483935335784
9675.0,-0.22466470733951385
9680.0,-0.146805114595778
9685.0,-0.19071724667338327
9690.0,-0.22903246808338262
9695.0,-0.17978735565783077
9700.0,-0.13988549196106878
9705.0,-0.18030650506790735
9710.0,-0.22321224700553433
9715.0,-0.04839361506615962
9720.0,-0.13166715238630167
9725.0,0.013845148776279556
9730.0,-0.0870297190675717
9735.0,-0.21121304294217433
9740.0,-0.17527748539374394
9745.0,-0.1574878811038828
9750.0,-0.04640681625031933
9755.0,-0.18642745201282684
9760.0,0.033595226313839446
9765.0,-0.10232148725626364
9770.0,-0.010555061220183772
9775.0,0.020995083051629684
9780.0,-0.10345886554202868
9785.0,-0.07127612613449254
9790.0,-0.003705149976198474
9795.0,0.06997098675983802
9800.0,0.05499765840148076
9805.0,-0.010089119976249814
9810.0,0.08307308383870299
9815.0,0.02497781688682764
9820.0,0.07754548168601615
9825.0,-0.03185645050171893
9830.0,0.16593871138337224
9835.0,0.04506898427733849
9840.0,0.029999293155093164
9845.0,0.06765308268978969
9850.0,0.1037303823887365
9855.0,0.1427451159811016
9860.0,0.055564519240176656
9865.0,-0.024111509204017764
9870.0,0.26195995388490173
9875.0,0.07079119832593408
9880.0,0.20642654034173616
9885.0,0.07839734591586403
9890.0,0.0582476171516373
9895.0,0.2078260581416981
9900.0,0.05119398053648516
9905.0,-0.04396712019243165
9910.0,0.21991257423288552
9915.0,0.2047478164600871
9920.0,0.24320297478633615
9925.0,0.19400091520060772
9930.0,0.11524639794371225
9935.0,0.11444710740440155
9940.0,0.17747709208885673
9945.0,0.2026069104614936
9950.0,0.16655318155779883
9955.0,0.21263617233058238
9960.0,0.27703014656263786
9965.0,0.21840703668749337
9970.0,0.2671494334755908
9975.0,0.1672304013260706
9980.0,0.15399599393745944
9985.0,0.13802206649238305
9990.0,0.23053964801876137
9995.0,0.15477615587440877
10000.0,0.22259263974837018
10005.0,0.1271863532477847
10010.0,0.2251197311637357
10015.0,0.27949382754893826
10020.0,0.20704206574268624
10025.0,0.189924994820945
10030.0,0.14038532806666912
10035.0,0.1597800554811287
10040.0,0.13774140218095193
10045.0,0.25004709878696735
10050.0,0.25067266871603705
10055.0,0.22609151577403144
10060.0,0.17130599136902716
10065.0,0.21134201529329358
10070.0,0.16717796744865743
10075.0,0.03747210599816368
10080.0,0.08593367628898187
10085.0,0.05470601502098604
10090.0,0.12971921311873608
10095.0,0.08495143609935096
10100.0,0.14671345332910463
10105.0,0.017211387636706765
10110.0,0.1304761951910907
10115.0,0.14668191243623435
10120.0,0.07607580849976386
10125.0,0.024061440145832738
10130.0,0.020898499033865148
10135.0,0.08973467225221372
10140.0,0.06878189479237612
10145.0,-0.10754257037533313
10150.0,0.12649171754322935
10155.0,0.046908683355713715
10160.0,0.05467976776625584
10165.0,-0.024594974489535404
10170.0,0.08121164322572405
10175.0,0.12253488085212015
10180.0,-0.057099468893932755
10185.0,-0.002167355545607933
10190.0,-0.026965615321770872
10195.0,-0.04623702186367107
10200.0,-0.07501240930627778
10205.0,0.05803633359705539
10210.0,-0.1702852008856257
10215.0,-0.043824510313067194
10220.0,-0.07638544755821022
10225.0,-0.1750368498005892
10230.0,-0.06665795596077626
10235.0,-0.18180507393196657
10240.0,-0.036185043359327505
10245.0,-0.0488127098252642
10250.0,-0.058575748028132514
10255.0,-0.007064936603699071
10260.0,-0.1853835431881598
10265.0,-0.14507849624891828
10270.0,-0.11097438490365552
10275.0,-0.007265475083245598
10280.0,-0.10131282439494799
10285.0,-0.13279009013453388
10290.0,-0.1161705686193317
10295.0,-0.10814730835069433
10300.0,-0.2224015743662105
10305.0,-0.08894931149884523
10310.0,-0.10795247795032788
10315.0,-0.1995761506337517
10320.0,-0.2330165971423761
10325.0,-0.30415328964999905
10330.0,-0.14280178828422663
10335.0,-0.13884562099364775
10340.0,0.11502732421787626
10345.0,0.8479186746157316
10350.0,1.8707665431855054
10355.0,2.32994170234254
10360.0,1.4463394231423066
10365.0,0.5978469453573083
10370.0,0.010372833089202966
10375.0,-0.17525315735967278
10380.0,-0.20547849412328373
10385.0,-0.28410496636490823
10390.0,-0.01998802945513345
10395.0,-0.11118001198824658
10400.0,-0.19613632626079888
10405.0,-0.1766768234915521
10410.0,-0.175716287518503
10415.0,-0.36038927567956514
10420.0,-0.13296875379757023
10425.0,-0.2075613172657963
10430.0,-0.1828426114748048
10435.0,-0.30463569806478596
10440.0,-0.219726593603005
10445.0,-0.23371980500538575
10450.0,-0.013544667776411917
10455.0,-0.1751677522045951
10460.0,-0.15167668364797676
10465.0,-0.07573860045662323
10470.0,-0.1308770207835814
10475.0,-0.0814330666473018
10480.0,-0.05944896327022397
10485.0,-0.10367956136810108
10490.0,-0.10876532772889307
10495.0,-0.18589210803596948
10500.0,-0.14315939783159184
10505.0,-0.20634145571849766
10510.0,0.012600478295982057
10515.0,-0.05368523346340865
10520.0,0.04309504923694824
10525.0,-0.03433737865186878
10530.0,0.03734365578151761
10535.0,-0.11963601476218987
10540.0,-0.1317879167622328
10545.0,-0.00957396407689918
10550.0,-0.009585487018865845
10555.0,0.060278715720259037
10560.0,-0.07590614786432524
10565.0,-0.08425168705399799
10570.0,-0.014435558811290512
10575.0,0.056469383197711234
10580.0,0.018187278058983136
10585.0,-0.0015967430048353312
10590.0,-0.028042726509282766
10595.0,0.033650977507070204
10600.0,0.11856859215417832
10605.0,0.07590389295532363
10610.0,-0.01324972277074496
10615.0,0.08164650260296705
10620.0,0.20981018200998264
10625.0,0.10796980441214206
10630.0,0.21953938717920962
10635.0,0.07907369762693316
10640.0,0.11261602287991816
10645.0,0.2902343766486798
10650.0,0.08394181620572594
10655.0,0.1345441147756485
10660.0,0.14650413349929883
10665.0,0.2032168468387225
10670.0,0.16037239601176137
10675.0,0.3055966904140297
10680.0,0.26822639665204423
10685.0,0.2551223023472139
10690.0,0.224928192017885
10695.0,0.25169113579131996
10700.0,0.08461537614719745
10705.0,0.23220509464146183
10710.0,0.11552377167200166
10715.0,0.18738906382735196
10720.0,0.3072858634360991
10725.0,0.26520387047536714
10730.0,0.14003984359033306
10735.0,0.2280634960568335
10740.0,0.21928101188638946
10745.0,0.2750804108880174
10750.0,0.20762232979436368
10755.0,0.13084266739543554
10760.0,0.2682428428083425
10765.0,0.07229123910347128
10770.0,0.20868577629603682
10775.0,0.1665871518243857
10780.0,0.17022159744856538
10785.0,0.30408707078626396
10790.0,0.12968739756840375
10795.0,0.145599179844019
10800.0,0.2205967674062389
10805.0,0.022750673473160177
10810.0,0.08207420127228109
10815.0,0.23486550635977993
10820.0,0.1627185749539979
10825.0,0.1574633446868093
10830.0,0.27997191760433854
10835.0,0.03747949258469947
10840.0,0.15205419931868908
10845.0,0.11295809330286719
10850.0,0.1473569366566683
10855.0,0.05231022474837235
10860.0,-0.02182048783458279
10865.0,0.10065279523962413
10870.0,-0.0007372306971149406
10875.0,0.05391943886637881
10880.0,-0.0185579843602732
10885.0,0.11300799087566776
10890.0,0.03871801287287703
10895.0,0.1372153243746178
10900.0,0.15284120294760634
10905.0,-0.013061013060997925
10910.0,-0.033506417880202165
10915.0,0.024310140504390516
10920.0,0.07062184374832513
10925.0,0.08208492631281623
10930.0,-0.007127463685797551
10935.0,0.016194884176618185
10940.0,0.048526613371347296
10945.0,0.0029598601543079604
10950.0,-0.0977566383020322
10955.0,-0.009676463809706815
10960.0,0.0194346736730195
10965.0,-0.13305601157136776
10970.0,-0.05465710558982912
10975.0,-0.040007062949840314
10980.0,-0.10938160284632112
10985.0,-0.10550369043508008
10990.0,-0.08790956122040947
10995.0,-0.09064332392025683
11000.0,-0.10353023095341654
11005.0,-0.158852449897889
11010.0,-0.14952238167077714
11015.0,-0.05517968420030944
11020.0,-0.21668582612463916
11025.0,-0.14706618987334447
11030.0,-0.2876317043996041
11035.0,-0.11226345368586675
11040.0,-0.2695158208118384
11045.0,-0.1177021530972318
11050.0,-0.08565751768652309
11055.0,-0.17499460742243084
11060.0,-0.2249900428890412
11065.0,-0.1616340096096746
11070.0,-0.08959297098082358
11075.0,-0.10249356945857727
11080.0,-0.23662138317628412
11085.0,-0.1330004430830537
11090.0,-0.21719016807333139
11095.0,-0.14618480367256076
11100.0,-0.17837754791282767
11105.0,-0.1776949193636464
11110.0,-0.1961082746163273
11115.0,-0.21971382235156575
11120.0,-0.13047719983439396
11125.0,-0.2918642897891278
11130.0,-0.2617606474706013
11135.0,-0.20203779794085724
11140.0,-0.20607370155166516
11145.0,-0.1633706475924114
11150.0,-0.13303714139871944
11155.0,-0.22934606058370624
11160.0,-0.06002902232776513
11165.0,0.7515704709788504
11170.0,1.4437803315604372
11175.0,2.3105198418507658
11180.0,1.9103943475497012
11185.0,0.8475755689211812
11190.0,0.28099704614543164
11195.0,-0.09258193988520008
11200.0,-0.3608145068683917
11205.0,-0.1300389380406453
11210.0,-0.09997055281111378
11215.0,-0.028420599026626955
11220.0,-0.12178426188732527
11225.0,-0.21773203681069184
11230.0,-0.15978810523077697
11235.0,-0.16427329782534733
11240.0,-0.21751657698765517
11245.0,-0.08382352183775814
11250.0,-0.04201866144748508
11255.0,-0.024070322167660696
11260.0,-0.015069156429255201
11265.0,-0.041442187482048407
11270.0,-0.10328089440340515
11275.0,0.08568071039144584
11280.0,-0.05175934945495986
11285.0,-0.12596258422823634
11290.0,-0.021406869043491844
11295.0,-0.10519694676117594
11300.0,-0.02197436039964075
11305.0,0.04012288863004751
11310.0,-0.0503300503720167
11315.0,-0.011152621809536373
11320.0,0.041301112873342254
11325.0,0.013913649653738912
11330.0,0.023415847467899868
11335.0,-0.030494393819711578
11340.0,-0.012829246589248028
11345.0,0.07247116997147282
11350.0,0.04663349169286507
11355.0,0.07868392471189051
11360.0,0.05827765590911296
11365.0,-0.0358120954493544
11370.0,0.10277130020034893
11375.0,-0.0004867513127985168
11380.0,0.13807367449201893
11385.0,0.1356165998480657
11390.0,0.12334719832340953
11395.0,0.1215968170069702
11400.0,0.20445053006212952
11405.0,0.18708221952889453
11410.0,0.008640525594208526
11415.0,0.11746943239047478
11420.0,0.22407473353874066
11425.0,0.08990823436258034
11430.0,0.07293891686178547
11435.0,0.22242434796992538
11440.0,0.10669878418325142
11445.0,0.2434872989993006
11450.0,0.24240677037512404
11455.0,0.13767275968997542
11460.0,0.11439962305230589
11465.0,0.3303915160998277
11470.0,0.22515411329684681
11475.0,0.1979355721235321
11480.0,0.20990279252319824
11485.0,0.303953449826254
11490.0,0.22977943338213794
11495.0,0.16759583714633047
11500.0,0.1803982242340083
11505.0,0.26504183796396397
11510.0,0.2313482943574718
11515.0,0.20495994091329037
11520.0,0.22534153202818172
11525.0,0.06489651134777194
11530.0,0.30907392703096404
11535.0,0.18322624933963086
11540.0,0.14735128850228346
11545.0,0.013563166270874394
11550.0,0.20471983186266832
11555.0,0.02144461452978494
11560.0,0.30393646934257756
11565.0,-0.022246904075113677
11570.0,0.1884446500866253
11575.0,0.0900577130253177
11580.0,0.21970311087663147
11585.0,-0.059138155366650486
11590.0,0.07993164233558069
11595.0,-0.00216738438462441
11600.0,0.09366918480647701
11605.0,0.10484735356603646
11610.0,0.11055578414637093
11615.0,0.15347106597074697
11620.0,0.0772175423128167
11625.0,0.03165908550867601
11630.0,0.09307926453964341
11635.0,0.06378441048713025
11640.0,0.05304610883293133
11645.0,0.07960580153767849
11650.0,0.16570339336710688
11655.0,0.07264663512645371
11660.0,0.11665027629679292
11665.0,0.0926894549961727
11670.0,-0.03551286362063686
11675.0,0.1241744064415474
11680.0,0.04703004004264996
11685.0,-0.029982222665215125
11690.0,0.028092073479950096
11695.0,0.06838761753278547
11700.0,0.015029534871991244
11705.0,0.04978654958855568
11710.0,-0.07912672694460343
11715.0,-0.1774056870092941
11720.0,-0.10683975756816844
11725.0,-0.06746224903210207
11730.0,-0.0965640291999837
11735.0,-0.02816112182127014
11740.0,-0.21424691070240906
11745.0,-0.07666946523448484
11750.0,-0.008794015331774194
11755.0,-0.08400627303773008
11760.0,-0.12879810461135874
11765.0,-0.04388731972631989
11770.0,-0.2462374994543607
11775.0,-0.10125340892048096
11780.0,-0.016419507478447767
11785.0,-0.17847877193088754
11790.0,-0.1253635148636748
11795.0,-0.16014840032742098
11800.0,-0.1684881601214273
11805.0,-0.12230286457144238
11810.0,-0.10215968515809605
11815.0,-0.2962683784187621
11820.0,-0.3664721442254029
11825.0,-0.1607220788808061
11830.0,-0.24407214493764462
11835.0,-0.24224528917988442
11840.0,-0.21034554809091396
11845.0,-0.20119115437960894
11850.0,-0.2095626764854648
11855.0,-0.14122286832539888
11860.0,-0.2361849656086118
11865.0,-0.15918470738063914
11870.0,-0.2469326958869617
11875.0,-0.22631664278971192
11880.0,-0.23301018392379283
11885.0,-0.10149040166663921
11890.0,-0.13974213796073615
11895.0,-0.16322960876916653
11900.0,-0.22800057906664611
11905.0,-0.23487309239934695
11910.0,-0.1554666497271538
11915.0,-0.12693867924732094
11920.0,-0.1296935604409628
11925.0,-0.2087924827151802
11930.0,-0.18745539617718293
11935.0,-0.23232679506047782
11940.0,-0.1246563049851031
11945.0,-0.12858406922756718
11950.0,-0.08142702866773789
11955.0,-0.11159715131483916
11960.0,-0.10148244439833531
11965.0,-0.18810176313998941
11970.0,-0.09753914472829844
11975.0,0.5063751405087236
11980.0,1.3644665691675875
11985.0,2.325204223247039
11990.0,2.06382816128271
11995.0,1.2565948782012497
12000.0,0.34265498740387634
12005.0,0.04644976200636758
12010.0,-0.2773820992171693
12015.0,-0.09338888967940855
12020.0,-0.10816661193636011
12025.0,-0.12511378151333316
12030.0,-0.14440199134049586
12035.0,0.051818899586961245
12040.0,-0.03054434708021952
12045.0,-0.04219957021882868
12050.0,-0.0308369963577474
12055.0,0.0242949309476889
12060.0,0.030995979753922244
12065.0,0.08367151545467053
12070.0,-0.14036066876486844
12075.0,-0.15033749746904526
12080.0,-0.0057086560990227166
12085.0,-0.07881089465913949
12090.0,0.09243092585092369
12095.0,0.013715572471945207
12100.0,0.21886540425553155
12105.0,0.05823721542167919
12110.0,-0.0095039411175845
12115.0,0.05369184263939461
12120.0,0.16899433644579565
12125.0,0.13147669317267238
12130.0,0.10303637745922335
12135.0,0.05856843206007955
12140.0,0.016222238841251638
12145.0,0.08280166459711746
12150.0,0.2684196340273741
12155.0,0.13874547079810606
12160.0,0.054422492484090965
12165.0,0.03454100456168195
12170.0,0.16942358587861417
12175.0,0.24583399007522483
12180.0,0.22351616884359876
12185.0,0.11489981116379669
12190.0,0.062463163069939376
12195.0,0.22746328802603882
12200.0,0.12204582546587947
12205.0,0.2562158985268064
12210.0,0.07290752806504851
12215.0,0.18045986749759357
12220.0,0.1236790837133659
12225.0,0.14434619002784324
12230.0,0.29455481779949777
12235.0,0.08534721207553231
12240.0,0.07673844495233793
12245.0,0.2134392583726257
12250.0,0.2454170773637619
12255.0,0.1773482415787792
12260.0,0.28433687185269685
12265.0,0.19474105394006988
12270.0,0.03859074539699861
12275.0,0.17482659839039744
12280.0,0.2676029845641911
12285.0,0.15221361480647705
12290.0,0.14481725207721405
12295.0,0.262839541832709
12300.0,0.349260342691347
12305.0,0.20630085689361619
12310.0,0.15993679430371097
12315.0,0.2754133265691687
12320.0,0.20453056998028551
12325.0,0.2179465932267015
12330.0,0.14937297525916213
12335.0,0.21389435298182471
12340.0,0.13879312132599428
12345.0,0.26749201008188195
12350.0,0.17059239250507396
12355.0,0.11681281095320194
12360.0,0.23015716634055605
12365.0,0.08776701060926645
12370.0,-0.08262169797799179
12375.0,0.011740027310760764
12380.0,0.047760550636117304
12385.0,0.12721806252676637
12390.0,0.1604470570562703
12395.0,0.02642290866008601
12400.0,0.12448438432502015
12405.0,0.07072626750869776
12410.0,0.012069372753951431
12415.0,0.058895855862654285
12420.0,-0.09739426839115561
12425.0,-0.025833883265209003
12430.0,0.10175960690118364
12435.0,-0.05983872070326308
12440.0,0.05084617844651332
12445.0,-0.03857264954162047
12450.0,-0.007245547783497544
12455.0,-0.1427548482891546
12460.0,0.017820859843996326
12465.0,-0.06772064498414547
12470.0,-0.11773573735979442
12475.0,0.20159202752945482
12480.0,-0.22216548843889755
12485.0,-0.07311127361990942
12490.0,-0.06491913657973553
12495.0,0.013924539252176876
12500.0,-0.188887339709022
12505.0,-0.06380905255044333
12510.0,-0.07439900032047364
12515.0,-0.11316019804357544
12520.0,-0.09130306935609933
12525.0,-0.1511880866685588
12530.0,-0.17691031353664782
12535.0,-0.0697308647201339
12540.0,-0.22377645259449674
12545.0,-0.11506955576361999
12550.0,-0.21511605648930276
12555.0,-0.22277874297828243
12560.0,-0.06888547333761669
12565.0,-0.18743391497616974
12570.0,-0.26384815205011514
12575.0,-0.19040339678002882
12580.0,-0.15251283468906726
12585.0,-0.2494860528143708
12590.0,-0.18524962587610871
12595.0,-0.27066482525871294
12600.0,-0.3221564289662461
12605.0,-0.1269366487932742
12610.0,-0.1584911376622623
12615.0,-0.10893423284853988
12620.0,-0.04193200416510154
12625.0,-0.06904688813852689
12630.0,-0.17260028706217592
12635.0,-0.20002212975141426
12640.0,-0.23788722718251426
12645.0,-0.09427782242683626
12650.0,-0.17116129069962957
12655.0,-0.20523773002955836
12660.0,-0.26573710472322654
12665.0,-0.22993752559599873
12670.0,-0.20291247556461134
12675.0,-0.2063853300450643
12680.0,-0.19301176720829571
12685.0,-0.15089406148617987
12690.0,-0.0549190697487147
12695.0,-0.11677624628766296
12700.0,-0.14504555927045917
12705.0,-0.12694211252128831
12710.0,-0.08189255149795481
12715.0,-0.03590371673043741
12720.0,-0.2293386950154397
12725.0,-0.19315369299791352
12730.0,-0.09623887147244622
12735.0,0.00866426178874491
12740.0,-0.06855034808614016
12745.0,-0.04867051151289853
12750.0,-0.14675282234018666
12755.0,-0.04885103336899533
12760.0,-0.0066656232825543504
12765.0,-0.13696173787401453
12770.0,-0.07028217348220636
12775.0,0.2475351673043527
12780.0,0.7457470776374532
12785.0,1.6973692136830083
12790.0,2.4763014614945753
12795.0,2.0477508849159545
12800.0,1.072711130048031
12805.0,0.3982008456107024
12810.0,0.031495001249060836
12815.0,0.03798439368461195
12820.0,-0.005934447259696672
12825.0,-0.12240126974677698
12830.0,-0.08319993501501724
12835.0,0.03103638948149256
12840.0,0.09965144191727204
12845.0,0.1346590369291566
12850.0,-0.08987958527894901
12855.0,0.08808248098881824
12860.0,-0.022524699468979087
12865.0,-0.11147201598770981
12870.0,0.05403256731179741
12875.0,0.02326158714910334
12880.0,0.15552928494627
12885.0,0.12213238397156631
12890.0,0.025442562911212455
12895.0,0.07004857178780896
12900.0,0.20373288153611296
12905.0,0.16352773379054594
12910.0,0.18897669747730883
12915.0,0.08647930806076728
12920.0,0.07806317683539835
12925.0,0.24116170148061788
12930.0,0.24492282359302597
12935.0,0.13813796327391498
12940.0,0.10455843903798291
12945.0,0.21972284376930712
12950.0,0.21361539469090404
12955.0,0.0478683443614539
12960.0,0.22413072989697586
12965.0,0.24410279736942017
12970.0,0.14151183847195697
12975.0,0.29705338442729473
12980.0,0.2108504326743596
12985.0,0.22143240967730493
12990.0,0.10973382463264242
12995.0,0.1431794170126351
13000.0,0.1893755279051529
13005.0,0.22811477899176857
13010.0,0.22676649930968767
13015.0,0.1732596930647054
13020.0,0.23590128813392947
13025.0,0.0982392000954746
13030.0,0.18395936143091107
13035.0,0.14410178477232635
13040.0,0.1451223336219604
13045.0,0.2032981640828356
13050.0,0.18962275548506036
13055.0,0.2238573380695113
13060.0,0.2528585452552453
13065.0,0.0492164839929225
13070.0,0.2322739318175403
13075.0,0.13188481611096783
13080.0,0.16946595678011203
13085.0,0.15209268977868723
13090.0,0.18495069647577933
13095.0,0.07766637051998629
13100.0,0.07275428979509835
13105.0,0.07605405230672738
13110.0,0.0942535587770165
13115.0,0.13458323029225921
13120.0,0.12636689909446414
13125.0,0.0793309120533469
13130.0,0.16247717925177757
13135.0,0.07413975206202417
13140.0,0.026183833539861992
13145.0,0.1171706745486468
13150.0,-0.033147467883640674
13155.0,0.09743745511206456
13160.0,0.11578837001173331
13165.0,0.05283748039237502
13170.0,0.169971941258342
13175.0,-0.007170821934947259
13180.0,-0.10065379249240244
13185.0,0.11498013396195421
13190.0,0.006953289275710437
13195.0,0.041335357762843625
13200.0,-0.00028596827525599437
13205.0,-0.06280062004260248
13210.0,0.019034838486042444
13215.0,-0.13112713682186314
13220.0,0.0214996333116933
13225.0,-0.09263818763178294
13230.0,-0.024707470314432163
13235.0,-0.014386933579450582
13240.0,-0.03833088910326453
13245.0,-0.06699575677075
13250.0,0.005696912677809807
13255.0,-0.08826567064025675
13260.0,-0.12310104007315079
13265.0,-0.07396846727553859
13270.0,-0.17229443062213717
13275.0,-0.19995501188547113
13280.0,-0.25788514716959293
13285.0,-0.10555783315866632
13290.0,-0.17325170297674874
13295.0,-0.05072459191237022
13300.0,-0.1795379602420872
13305.0,-0.10012516389092121
13310.0,-0.17062344710126615
13315.0,-0.18928572188304715
13320.0,-0.14464186803491533
13325.0,-0.1989991163036644
13330.0,-0.16240104836419644
13335.0,-0.24115927510157328
13340.0,-0.272332273800239
13345.0,-0.05378661073524085
13350.0,-0.17732616226663467
13355.0,-0.2528257659232348
13360.0,-0.19442056970147167
13365.0,-0.22109031314167246
13370.0,-0.18669322263737628
13375.0,-0.27074116101607426
13380.0,-0.18628046579959195
13385.0,-0.189245459841611
13390.0,-0.1643679082151343
13395.0,-0.2093118467364234
13400.0,-0.20793029207102706
13405.0,-0.13417136797756085
13410.0,-0.064350746542956
13415.0,-0.17045009130860403
13420.0,-0.13509624775755846
13425.0,-0.14224064495422226
13430.0,-0.21293113232074154
13435.0,-0.022013156043157622
13440.0,-0.256545554376788
13445.0,-0.3295271567326822
13450.0,-0.16245016316156943
13455.0,-0.20341343652652416
13460.0,-0.2090708187278501
13465.0,-0.25200437520139146
13470.0,-0.13648111542907065
13475.0,-0.19513298795432032
13480.0,-0.17504547195906317
13485.0,-0.21990832175847613
13490.0,-0.04564347289300935
13495.0,-0.17656765113097855
13500.0,-0.13361110871538293
13505.0,-0.13440322563364868
13510.0,-0.1352829565876233
13515.0,-0.09491821949293586
13520.0,-0.1467268115684492
13525.0,0.017938327840462884
13530.0,-0.07142942496821789
13535.0,-0.1445631466403166
13540.0,-0.013374674618236257
13545.0,0.03344262582542455
13550.0,-0.11749702851113941
13555.0,-0.13976399847459578
13560.0,-0.04813777265225244
13565.0,-0.03425163413185836
13570.0,0.062461628010613876
13575.0,0.19665439742704488
13580.0,1.0274045722046856
13585.0,2.0251890967656436
13590.0,2.407826074937674
13595.0,1.9628552007944764
13600.0,0.8852957193613278
13605.0,0.26038627617545373
13610.0,-0.010260271546015873
13615.0,0.18188479169461186
13620.0,0.11688931278835626
13625.0,0.047253379882240085
13630.0,0.045183542994906685
13635.0,-0.03382119049838139
13640.0,0.2997035902868974
13645.0,0.036777637540281724
13650.0,0.2149011019112085
13655.0,0.13940465231862936
13660.0,0.08370216031406405
13665.0,0.1821014111618937
13670.0,0.10905737744735361
13675.0,0.13313606958615282
13680.0,0.21871572066406925
13685.0,0.08497778647542954
13690.0,0.2752766924568867
13695.0,0.021299989565530364
13700.0,0.24598484600694281
13705.0,0.15809928846756763
13710.0,0.11919309250345689
13715.0,0.06861825942723986
13720.0,0.12788943355918608
13725.0,0.19988373182506022
13730.0,0.11807344983670033
13735.0,0.1932328782680632
13740.0,0.2620072732260027
13745.0,0.14738148909729626
13750.0,0.20576711958400926
13755.0,0.11950583264419787
13760.0,0.18821892125369216
13765.0,0.25901550824206876
13770.0,0.07333442099357265
13775.0,0.11905462477237654
13780.0,0.2387243767678065
13785.0,0.28761344896191776
13790.0,0.23079565983794276
13795.0,0.24115182254086603
13800.0,0.16317877341726877
13805.0,0.12834387919161117
13810.0,0.22384394441280142
13815.0,0.10394423477087641
13820.0,0.18787229470408756
13825.0,0.1117041993596739
13830.0,0.1969648442106895
13835.0,0.13873289018510032
13840.0,0.02364084492564794
13845.0,0.1723602586457037
13850.0,0.1495759269881383
13855.0,0.09688640756127193
13860.0,0.09230842130119227
13865.0,0.08231138929372937
13870.0,-0.02933309530797612
13875.0,0.14965799042078154
13880.0,0.11654833853165554
13885.0,0.2247216495058093
13890.0,0.21314201078282546
13895.0,0.10735868337711801
13900.0,-0.09801245543275766
13905.0,0.011364911411770429
13910.0,0.09464419405110408
13915.0,-0.02026733149301667
13920.0,0.11612438483815604
13925.0,0.06736335224033292
13930.0,0.024749541313000396
13935.0,-0.041585012318725384
13940.0,0.0600795910180774
13945.0,0.02691221507160866
13950.0,-0.11815429357333396
13955.0,0.03138497470731684
13960.0,-0.12263418522215878
13965.0,-0.035455518535450974
13970.0,0.11203977167992876
13975.0,-0.12506661084451387
13980.0,0.0312734813584504
13985.0,-0.2026125682046186
13990.0,-0.18658273665041497
13995.0,-0.18633702060328916
14000.0,-0.1549508046251598
14005.0,-0.18957487387804034
14010.0,-0.07055336418413793
14015.0,-0.027045997175071543
14020.0,-0.15852079628598192
14025.0,-0.21093360721950566
14030.0,-0.158838871196989
14035.0,-0.166885432323516
14040.0,-0.25370090714945714
14045.0,-0.18088656894491956
14050.0,-0.18841024190154576
14055.0,-0.14481645007077026
14060.0,-0.05372651002608997
14065.0,-0.18299201187427347
14070.0,-0.16956509108129636
14075.0,-0.12009925411711972
14080.0,-0.04376076891879835
14085.0,-0.19524049161254525
14090.0,-0.2444900890088042
14095.0,-0.1789282796626315
14100.0,-0.13141614729881446
14105.0,-0.17606374855299256
14110.0,-0.12800597245778256
14115.0,-0.2275420863541265
14120.0,-0.2184556584088943
14125.0,-0.25833740066210137
14130.0,-0.20189071759761654
14135.0,-0.23552466224972263
14140.0,-0.22632068823526547
14145.0,-0.30727271633680764
14150.0,-0.2155987837539284
14155.0,-0.22715930310484758
14160.0,-0.2371179252037362
14165.0,-0.21867393698934165
14170.0,-0.2390577985141436
14175.0,-0.17560942938254054
14180.0,-0.17647212276089924
14185.0,-0.25797189035965457
14190.0,-0.14914373241678439
14195.0,-0.2171128089641231
14200.0,-0.17135692897360408
14205.0,-0.13082315574926726
14210.0,-0.2556282094574435
14215.0,-0.2803891672724542
14220.0,-0.11649197862112233
14225.0,-0.14905070716849395
14230.0,-0.009279976378433058
14235.0,-0.11809798093878018
14240.0,-0.1501029475155815
14245.0,-0.08427801599422949
14250.0,-0.10378010309955264
14255.0,-0.12160487987736265
14260.0,0.028855937597077566
14265.0,-0.05880467772558531
14270.0,-0.11306570025243626
14275.0,-0.13704387061589574
14280.0,-0.038114301594991636
14285.0,-0.042084156376436525
14290.0,-0.05609535944185746
14295.0,-0.027887682786503065
14300.0,0.001918805476251964
14305.0,0.05935710604577685
14310.0,0.13037842483014725
14315.0,-0.1262956984537088
14320.0,-0.0670402469718728
14325.0,-0.04237913450853659
14330.0,0.041879299787742644
14335.0,0.0734600507643059
14340.0,0.1681762812166761
14345.0,0.004474381798839588
14350.0,0.02591751235751451
14355.0,0.055480148707404475
14360.0,0.06529135954582818
14365.0,-0.007564875909710181
14370.0,0.1967660148093544
14375.0,0.5786014536151682
14380.0,1.3675288386512034
14385.0,2.3529903231551006
14390.0,2.6171679576319486
14395.0,1.5136681896691138
14400.0,0.7284388342364129
14405.0,0.33420252061513694
14410.0,0.1823848905210005
14415.0,0.18074390407789362
14420.0,0.18138907192261045
14425.0,0.1315863874358515
14430.0,0.1818281814857558
14435.0,0.21053224944261872
14440.0,0.2592033264276522
14445.0,0.0985761785172109
14450.0,0.008757618186239935
14455.0,0.1306533409398106
14460.0,0.11443657315848736
14465.0,0.1910032081221784
14470.0,0.16832375817443934
14475.0,0.18227926924745658
14480.0,0.2820663297812397
14485.0,0.12501973105913905
14490.0,0.21004288028449877
14495.0,0.19284848052953388
14500.0,0.1544660550510911
14505.0,0.14675554779357555
14510.0,0.1445574152803246
14515.0,0.22852270931677826
14520.0,0.20058092298868332
14525.0,0.2524478428838869
14530.0,0.35311521123484657
14535.0,0.24093218080937237
14540.0,0.1797871333896206
14545.0,0.2120146695573547
14550.0,0.1398329656216326
14555.0,0.1209923824566603
14560.0,0.159831108899648
14565.0,0.2098803622049901
14570.0,0.10762687529479861
14575.0,0.15850374304904932
14580.0,0.017864191590369005
14585.0,0.08375345733645118
14590.0,0.25743943340919195
14595.0,0.19934772955558566
14600.0,0.315429149600859
14605.0,0.14935215020915965
14610.0,0.18620525813348204
14615.0,0.18974064786882397
14620.0,0.06833110799051295
14625.0,0.1126161887581485
14630.0,0.18050091499701953
14635.0,0.04785048620291167
14640.0,0.11657972956036271
14645.0,0.24000632969347324
14650.0,0.06750671667193443
14655.0,0.04052455201547764
14660.0,0.08719539936071752
14665.0,0.056931268860878216
14670.0,0.20561516133497904
14675.0,-0.05113219512564057
14680.0,-0.022374913800809727
14685.0,0.1146169306359845
14690.0,0.0007734384673801532
14695.0,0.005668837908670039
14700.0,0.14923260066954955
14705.0,-0.09707843030702222
14710.0,0.018563554454524185
14715.0,0.006801619938552987
14720.0,-0.07460841528486478
14725.0,-0.08473094687846741
14730.0,-0.05357673022930466
14735.0,0.009211157731103835
14740.0,-0.10453365970917179
14745.0,-0.18869633720029
14750.0,-0.09558294454957984
14755.0,-0.1421635609221274
14760.0,-0.009590049624398106
14765.0,-0.04080654594405069
14770.0,-0.022799427017967083
14775.0,-0.17062266451798197
14780.0,-0.19077962386172084
14785.0,-0.033167725428761896
14790.0,-0.13185634737592145
14795.0,-0.12465567282107212
14800.0,-0.08793581639605351
14805.0,-0.18542768296585907
14810.0,-0.08236168696018574
14815.0,-0.24808966813655248
14820.0,-0.3145587214823097
14825.0,-0.2531630838739739
14830.0,-0.11618378981779345
14835.0,-0.15210438002269897
14840.0,-0.3811361109251715
14845.0,-0.12408977171723566
14850.0,-0.25418629410604265
14855.0,-0.2652506801086408
14860.0,-0.11106500117281042
14865.0,-0.19600884917426992
14870.0,-0.1305479917455338
14875.0,-0.3738162023307667
14880.0,-0.21452917086158457
14885.0,-0.31037245633845567
14890.0,-0.16631911449289316
14895.0,-0.21277872449005672
14900.0,-0.16856542944895686
14905.0,-0.05991573778875245
14910.0,-0.15032245713679018
14915.0,-0.182891780243689
14920.0,-0.11991005664623502
14925.0,-0.14975462936920295
14930.0,-0.1365494894538418
14935.0,-0.10788982537401756
14940.0,-0.057872415995691456
14945.0,-0.23829273852240856
14950.0,-0.1216138705024658
14955.0,-0.17042470551053962
14960.0,-0.18287911021692696
14965.0,-0.21243828983340396
14970.0,-0.20018644196147473
14975.0,-0.22525058472052734
14980.0,-0.0866505613624135
14985.0,-0.17337348075400394
14990.0,-0.13205546518164674
14995.0,-0.12913876252525794
15000.0,-0.12540116078276464
15005.0,-0.08724165707548803
15010.0,-0.13021276883564703
15015.0,-0.04043411374256243
15020.0,-0.20428972042234322
15025.0,-0.10660150172168129
15030.0,-0.10333024093385068
15035.0,-0.1940554371326561
15040.0,-0.04802101228438255
15045.0,-0.1679947839755277
15050.0,-0.15365413883724588
15055.0,-0.028981700378646367
15060.0,-0.07710543214828106
15065.0,-0.022032154911438
15070.0,-0.10218556265217599
15075.0,-0.07728693543898695
15080.0,0.11368076335461587
15085.0,-0.003736072274121597
15090.0,-0.06197587409123887
15095.0,0.01796048112134993
15100.0,0.14283056510797373
15105.0,0.05552290594852054
15110.0,0.04407024973909455
15115.0,0.07642367109455721
15120.0,0.15053585761867866
15125.0,0.15801610726292825
15130.0,0.007271259919144443
15135.0,0.2152684882001815
15140.0,0.21976342091411
15145.0,0.0698594191009485
15150.0,0.1704899523421899
15155.0,0.0086128799140167
15160.0,0.19191457559804048
15165.0,0.015684444659238322
15170.0,0.23928748823713963
15175.0,0.45108172712438976
15180.0,1.2856384852045755
15185.0,2.3486866264792896
15190.0,2.6730680353568266
15195.0,1.8534944304511383
15200.0,0.9101221579953791
15205.0,0.34071807529291276
15210.0,0.06736180407061229
15215.0,0.15151203050465076
15220.0,0.2209136299209986
15225.0,0.12996254897125586
15230.0,0.21317482169698243
15235.0,0.2657706431220709
15240.0,0.11438709228976567
15245.0,0.22931526867363491
15250.0,0.443424938100872
15255.0,0.1715364288360396
15260.0,0.27372750326653456
15265.0,0.1459211820704162
15270.0,0.20616933533614584
15275.0,0.1128442659486351
15280.0,0.2951985032841019
15285.0,0.09706326938915966
15290.0,0.1505087184424509
15295.0,0.19484470427272085
15300.0,0.19789699753090087
15305.0,0.06520831107378378
15310.0,0.17467792141872257
15315.0,0.1614207881493703
15320.0,0.21156465789267404
15325.0,0.1935221095892559
15330.0,0.05644707189347335
15335.0,0.08765241948357308
15340.0,0.21688851860218386
15345.0,0.24949595885520504
15350.0,0.23444341502726795
15355.0,0.016328154091158176
15360.0,0.10137047883378748
15365.0,0.05208230774359497
15370.0,0.03894458826841683
15375.0,0.17501185727906998
15380.0,0.00985198510849887
15385.0,0.07712230196724462
15390.0,0.009493096794828002
15395.0,0.16832740702250276
15400.0,0.04673728633197237
15405.0,0.09588018600890733
15410.0,0.12424194846072187
15415.0,0.07250428262791415
15420.0,-0.04226000025784442
15425.0,0.05378758247004917
15430.0,-0.011625630061276503
15435.0,0.002633074897652403
15440.0,0.09617338206941298
15445.0,0.02774128960772807
15450.0,-0.10326780497321598
15455.0,0.009966129444492242
15460.0,0.12486869956872244
15465.0,0.07371408638481945
15470.0,0.013429937149475865
15475.0,0.02239838106254252
15480.0,-0.011209360325556226
15485.0,-0.11482579324541695
15490.0,-0.14667963800688186
15495.0,0.004339321978572411
15500.0,-0.07499373648835253
15505.0,-0.05002061732922228
15510.0,-0.06771802943938751
15515.0,0.012286300664749825
15520.0,-0.009995919186995966
15525.0,-0.05428290397595735
15530.0,-0.06430696347340098
15535.0,-0.06857559291868148
15540.0,-0.15216406836353216
15545.0,-0.23767960965899843
15550.0,-0.12682958999250907
15555.0,-0.14235739378746023
15560.0,-0.13471066415903915
15565.0,-0.15865555456244235
15570.0,-0.11448581084944903
15575.0,-0.12325317497969274
15580.0,-0.2708287169258432
15585.0,-0.21956607148061585
15590.0,-0.141815223923442
15595.0,-0.09988607326546453
15600.0,-0.046790873734525174
15605.0,-0.2186482539639281
15610.0,-0.18808221768818978
15615.0,-0.25480929620235404
15620.0,-0.14921355912758671
15625.0,-0.19149408965960799
15630.0,-0.2684632784851536
15635.0,-0.1370400455684611
15640.0,-0.05968378931924889
15645.0,-0.10448057244200071
15650.0,-0.20918393011883346
15655.0,-0.15095955365456673
15660.0,-0.2265379779779376
15665.0,-0.028479992361288314
15670.0,-0.19668705556433924
15675.0,-0.20077276006789227
15680.0,-0.2639726119004509
15685.0,-0.12111373978845583
15690.0,-0.2138144497230457
15695.0,-0.19524267357314018
15700.0,-0.30162303961003284
15705.0,-0.2084640638042751
15710.0,-0.15311405810272005
15715.0,-0.12572265614733708
15720.0,-0.11055328441018919
15725.0,-0.18979818099466728
15730.0,-0.1101020964735545
15735.0,-0.19846132520354504
15740.0,-0.2020419010641826
15745.0,-0.18414351100709664
15750.0,-0.0977627868820535
15755.0,-0.1353484744264434
15760.0,-0.06169690003916259
15765.0,0.0199569652950375
15770.0,-0.10349324688471692
15775.0,-0.07115731153112609
15780.0,-0.1150801700397497
15785.0,-0.15103857171845475
15790.0,-0.07048471933909657
15795.0,-0.06338200928299369
15800.0,-0.11786396482503968
15805.0,-0.09737871411048292
15810.0,0.042165853666752774
15815.0,-0.050798527004367114
15820.0,-0.017543824511978442
15825.0,0.051526468751267
15830.0,0.018215022222979042
15835.0,-0.05261462637558238
15840.0,-0.07622012124570902
15845.0,0.04991715086922548
15850.0,0.02268840825046492
15855.0,0.03741082782977313
15860.0,0.031688571959632046
15865.0,0.12947138253811807
15870.0,0.07191273366647863
15875.0,0.20161262595330404
15880.0,0.06963983187434668
15885.0,0.17566204331203278
15890.0,0.15867972597824048
15895.0,0.0851484392260948
15900.0,0.17010920488125061
15905.0,0.0436988732871354
15910.0,0.0036567508948731064
15915.0,0.19572979790287104
15920.0,0.10736792439555085
15925.0,0.27408602966272766
15930.0,0.08728067575254717
15935.0,0.031676403612865625
15940.0,0.2652410627072852
15945.0,0.11921337260604309
15950.0,0.21311422341166356
15955.0,0.14935533596398798
15960.0,0.2877409259016786
15965.0,0.11370197748047146
15970.0,0.18408715456791166
15975.0,0.11600049548236116
15980.0,0.44641529317418116
15985.0,0.9689751077252111
15990.0,1.9121882080870003
15995.0,2.698322815839095
16000.0,2.317481186523789
16005.0,1.2646042025152853
16010.0,0.647958280231427
16015.0,0.3011011803269479
16020.0,0.33534688720151057
16025.0,0.21464190094921667
16030.0,0.172839801414378
16035.0,0.25974888791274847
16040.0,0.22945196683613941
16045.0,0.29103133374197643
16050.0,0.21525537990339833
16055.0,0.16882181739005894
16060.0,0.24604775666288292
16065.0,0.21176935606955838
16070.0,0.2277177253455604
16075.0,0.15699817682460399
16080.0,0.18005800640973663
16085.0,0.18985238961159143
16090.0,0.1973937678408586
16095.0,0.2383703814517822
16100.0,0.15367859394845357
16105.0,0.2082985931021121
16110.0,0.12383029423295833
16115.0,0.1382704714611637
16120.0,0.1756294656839426
16125.0,0.17716194512880956
16130.0,0.15541507728283352
16135.0,0.12186053021855206
16140.0,0.10209460196207226
16145.0,0.02346092982101694
16150.0,0.0180239510880269
16155.0,0.13291622693662133
16160.0,0.08378407432086332
16165.0,0.19288233626334614
16170.0,0.1651358932231171
16175.0,0.003456344224758247
16180.0,0.10910664411996357
16185.0,0.08803210509094438
16190.0,0.09075354127143671
16195.0,0.06574873103340152
16200.0,-0.049251093586389454
16205.0,0.18216944758506926
16210.0,0.02148757649170752
16215.0,0.06757919045766503
16220.0,-0.08547515991631245
16225.0,-0.059966938168277514
16230.0,0.011540240243326484
16235.0,0.023336367312055482
16240.0,0.0012217413897374005
16245.0,-0.04835461600692315
16250.0,0.023984035125511005
16255.0,-0.08396487986775503
16260.0,-0.12540220397346646
16265.0,-0.03885844180503348
16270.0,-0.15920977987689275
16275.0,-0.1257834176783337
16280.0,-0.14168086036930505
16285.0,-0.15597457712584806
16290.0,-0.1589317604103253
16295.0,-0.1522194998220163
16300.0,-0.21061483054786637
16305.0,-0.08354198347050273
16310.0,-0.15689800890613081
16315.0,-0.16716817210246426
16320.0,-0.09460249031615904
16325.0,-0.2182013422246867
16330.0,-0.24049652681648004
16335.0,-0.18368852615546646
16340.0,-0.12416156087192715
16345.0,-0.22677457942724902
16350.0,-0.22258575041801767
16355.0,-0.1250273826373165
16360.0,-0.2957879476645696
16365.0,-0.10185788237647746
16370.0,-0.2528173036429418
16375.0,-0.286114234608137
16380.0,-0.22466476283067088
16385.0,-0.23134042166237404
16390.0,-0.26230517292241345
16395.0,-0.17100033887283403
16400.0,-0.34732313965229844
16405.0,-0.2255255795932215
16410.0,-0.23262866072052207
16415.0,-0.32555418263213654
16420.0,-0.2534897892832131
16425.0,-0.11439406591414754
16430.0,-0.22526424520220306
16435.0,-0.19934455730424114
16440.0,-0.2324014546947638
16445.0,-0.20348613708163066
16450.0,-0.2984748926322375
16455.0,-0.10389291259511657
16460.0,-0.2696463928485295
16465.0,-0.22942173798213322
16470.0,-0.07582194358277729
16475.0,-0.15820800186502035
16480.0,-0.024750260015542785
16485.0,-0.08809802557255053
16490.0,-0.16980616887873806
16495.0,-0.1936253935225692
16500.0,-0.14661016436706414
16505.0,-0.15130855774213578
16510.0,-0.11382053006191845
16515.0,-0.04749757887023982
16520.0,-0.06801996133780953
16525.0,-0.16799466768526336
16530.0,-0.010588493507571656
16535.0,-0.043821808679184115
16540.0,-0.08159933560167719
16545.0,-0.01705419843025556
16550.0,-0.021700364529650573
16555.0,0.0030699752568985744
16560.0,-0.10051368619480212
16565.0,-0.03571490347309179
16570.0,0.10524975577242097
16575.0,-0.0997794047102684
16580.0,-0.06883724022198376
16585.0,0.1267628116876101
16590.0,-0.004542826638780641
16595.0,0.09198218170795912
16600.0,-0.021940662980744645
16605.0,0.019177807244863995
16610.0,0.1542332605534414
16615.0,0.18046181340032352
16620.0,0.0916376886237057
16625.0,0.0908344354026736
16630.0,0.17262564310037126
16635.0,0.12563745255773362
16640.0,0.11148224616404181
16645.0,-0.009242239252007955
16650.0,0.051391789514109075
16655.0,0.04146409073000773
16660.0,0.1954590475031202
16665.0,0.11621319584108399
16670.0,0.14239428611525679
16675.0,0.16647174682665727
16680.0,0.13748278802147149
16685.0,0.14297154068381637
16690.0,0.10992647121636369
16695.0,0.16088635769427742
16700.0,0.14462485292140995
16705.0,0.14756698317430647
16710.0,0.36942106492069693
16715.0,0.22344580139919862
16720.0,0.062197816171975256
16725.0,0.1310360433139227
16730.0,0.22479179569707375
16735.0,0.13249928007311088
16740.0,0.17491199219596543
16745.0,0.22297136512730903
16750.0,0.1353302820947325
16755.0,0.12778916640932914
16760.0,0.17017055506048018
16765.0,0.22616749960866744
16770.0,0.10462309349813655
16775.0,0.13778358043834837
16780.0,0.2941588263967648
16785.0,0.3959097921553648
16790.0,0.2938008049186688
16795.0,0.26502465781622986
16800.0,0.7289244979381853
16805.0,1.5191317236720612
16810.0,2.679433306790618
16815.0,2.575487930808082
16820.0,1.5789449433575677
16825.0,0.6422527873355182
16830.0,0.2770385180084887
16835.0,0.04490707728554194
16840.0,0.12382428708689114
16845.0,0.020544116998054418
16850.0,-0.031026797048648413
16855.0,0.27951824586670304
16860.0,0.13315248176923786
16865.0,0.17871904194698265
16870.0,0.16514742940760874
16875.0,0.11813903968607681
16880.0,0.1919101856035867
16885.0,0.053033600944241074
16890.0,0.08753895121383354
16895.0,0.042282561585004014
16900.0,0.02615971392254922
16905.0,-0.015520301075542933
16910.0,0.15055512352047368
16915.0,0.014384067029818454
16920.0,0.11592089662118717
16925.0,-0.04385974911083293
16930.0,0.012888378162283741
16935.0,0.0957111797206707
16940.0,-0.021161990612583892
16945.0,0.13899762127947307
16950.0,-0.08266413422863668
16955.0,0.04437332280132368
16960.0,-0.013706813558143799
16965.0,-0.09288093041090326
16970.0,0.002649352381946664
16975.0,-0.04231001260175449
16980.0,0.06073418324695943
16985.0,0.03245563240729299
16990.0,-0.020918735468584602
16995.0,0.020259773025256965
17000.0,0.012841468936250558
17005.0,-0.19658926722160006
17010.0,-0.1323064636387448
17015.0,-0.06793607711163493
17020.0,-0.17456926569816744
17025.0,-0.16582236898949188
17030.0,-0.22575830821943088
17035.0,-0.04873943742667821
17040.0,-0.05351785064720628
17045.0,-0.11136790288193787
17050.0,-0.06065683462212666
17055.0,-0.15080837909527856
17060.0,-0.16571569621926377
17065.0,-0.1233293532887607
17070.0,-0.09171946259410958
17075.0,-0.10284205016429038
17080.0,-0.10132197719256036
17085.0,-0.1112288147553257
17090.0,-0.22331872472551823
17095.0,-0.1761207851697402
17100.0,-0.1959448774801825
17105.0,-0.17267950993506778
17110.0,-0.07193693105166547
17115.0,-0.25646664941923364
17120.0,-0.23020365644848906
17125.0,-0.0950398747970016
17130.0,-0.16370826143578712
17135.0,-0.17526725213116856
17140.0,-0.20800233745485366
17145.0,-0.3450401752671739
17150.0,-0.19466406877093395
17155.0,-0.20394691009658264
17160.0,-0.14185722496037426
17165.0,-0.30215877103885014
17170.0,-0.04999767236606753
17175.0,-0.23720289786386434
17180.0,-0.16198652624085821
17185.0,-0.17708249804306275
17190.0,-0.17655561130633998
17195.0,-0.19686115604765006
17200.0,-0.19032693447608295
17205.0,-0.0616436754860277
17210.0,-0.22282181927653072
17215.0,-0.0709529234097832
17220.0,-0.17352575378317828
17225.0,-0.23203361733583522
17230.0,-0.28738436898129327
17235.0,-0.2018091175254622
17240.0,-0.16115500635199523
17245.0,-0.14809950646016792
17250.0,-0.04844987667412874
17255.0,-0.1273027385729124
17260.0,-0.20164964550064263
17265.0,-0.08600371190543658
17270.0,-0.07824923352406993
17275.0,-0.156778440950909
17280.0,-0.19475393759595994
17285.0,0.002796220416862963
17290.0,0.005179050927268072
17295.0,-0.09807183725305049
17300.0,-0.14573156063845477
17305.0,-0.1936736449084938
17310.0,0.04282243778822408
17315.0,-0.09356194607113542
17320.0,-0.018425560647998798
17325.0,-0.12410826142380915
17330.0,0.045629865597385424
17335.0,-0.15033932683451606
17340.0,-0.08793359748918914
17345.0,0.01020594051322265
17350.0,0.00830051410673591
17355.0,0.12883271222662895
17360.0,0.12263115272386013
17365.0,0.10216198288380754
17370.0,0.16738138392650567
17375.0,0.235180907423825
17380.0,0.0007011290228503275
17385.0,0.24160037324824513
17390.0,0.13043259497201265
17395.0,0.14904628977235285
17400.0,0.1441644729207581
17405.0,0.07754238842405012
17410.0,0.1564860476643557
17415.0,0.21881997228057648
17420.0,0.06823994736937193
17425.0,0.0878289708734326
17430.0,0.1563629649260194
17435.0,0.06823726737626569
17440.0,0.25202781717755907
17445.0,0.16270451174620523
17450.0,0.1424946715830893
17455.0,0.09547369388352984
17460.0,0.21319206000601632
17465.0,0.19402547222720118
17470.0,0.20637585611664766
17475.0,0.2098722525405119
17480.0,0.13046218193366327
17485.0,0.10472621672411735
17490.0,0.1974752843897998
17495.0,0.24813840711055035
17500.0,0.24739837295302772
17505.0,0.26165333372482913
17510.0,0.2230158542470097
17515.0,0.21515314260536839
17520.0,0.28527789135691073
17525.0,0.18349993745101573
17530.0,0.15402487105440416
17535.0,0.13747394276100178
17540.0,0.07263949210708179
17545.0,0.07550795096517277
17550.0,0.26433775934055437
17555.0,0.14007156878508548
17560.0,0.13714892998445277
17565.0,0.3092641421520026
17570.0,0.1248131259916113
17575.0,0.17754183522825634
17580.0,0.20058251432119661
17585.0,0.15691283297961672
17590.0,0.25384713313018514
17595.0,0.2419731690775347
17600.0,0.19544182060312096
17605.0,0.1347001242476248
17610.0,0.20711200982763628
17615.0,0.180501186747696
17620.0,0.19976253908821312
17625.0,0.38598669059369084
17630.0,0.9687841634220219
17635.0,1.952200034733978
17640.0,2.5720665895791277
17645.0,1.908949436992761
17650.0,1.1212185166397404
17655.0,0.3061133131678174
17660.0,0.0879127013202009
17665.0,0.0802156207990125
17670.0,0.03637582028353234
17675.0,0.03464689849443127
17680.0,-0.1180785725441675
17685.0,0.13747895662503906
17690.0,0.05871869333712948
17695.0,0.12016656344753698
17700.0,0.06485438513453813
17705.0,0.08629392511389042
17710.0,-0.07139870742487277
17715.0,-0.043151439157833475
17720.0,-0.04394579014388956
17725.0,-0.06187342768820467
17730.0,-0.0724932097189154
17735.0,-0.03316359741323319
17740.0,-0.12197731318280694
17745.0,-0.02717258081588302
17750.0,-0.061709984472472446
17755.0,-0.20504588838730792
17760.0,-0.12083410493933447
17765.0,-0.026278555050721186
17770.0,-0.11585482538311381
17775.0,-0.13751827853851264
17780.0,-0.13206505939612673
17785.0,-0.05175206180760408
17790.0,-0.16089699838131535
17795.0,-0.038346801754603935
17800.0,-0.2232258343320247
17805.0,-0.17318709851000635
17810.0,-0.20528885990844986
17815.0,-0.08250829895012671
17820.0,-0.09686663551476882
17825.0,-0.1370120853040485
17830.0,-0.1416538371659766
17835.0,-0.27094538230098425
17840.0,-0.23728108227571218
17845.0,-0.14959205425332453
17850.0,-0.18683668785831947
17855.0,-0.10674735688854839
17860.0,-0.2248834784015168
17865.0,-0.1560183478320328
17870.0,-0.1473642062229488
17875.0,-0.0828586743989337
17880.0,-0.06020545074876016
17885.0,-0.2239810615999047
17890.0,-0.27644873619612226
17895.0,-0.15751917604998958
17900.0,-0.2762598154241195
17905.0,-0.1868298148927491
17910.0,-0.22602777965661425
17915.0,-0.10972767955249957
17920.0,-0.37915215393089297
17925.0,-0.2592769204266622
17930.0,-0.20235604501038287
17935.0,-0.17520593154476066
17940.0,-0.14789965744714906
17945.0,-0.24671146641952285
17950.0,-0.20118109473436974
17955.0,-0.13333464013848023
17960.0,-0.19680349273594394
17965.0,-0.28696068643866257
17970.0,-0.05827891450692993
17975.0,-0.15265513355082946
17980.0,-0.10110526531530148
17985.0,-0.16326260811436288
17990.0,-0.13563664875194723
17995.0,-0.26398499063695535
18000.0,-0.19237315073255828
18005.0,-0.29609769997590074
18010.0,-0.16636857727895277
18015.0,-0.06510406056462567
18020.0,-0.18432013913603942
18025.0,-0.18873382232017757
18030.0,0.04086645881517724
18035.0,-0.17439057921405632
18040.0,-0.07141871942658985
18045.0,-0.027924669612449417
18050.0,-0.05819117672446894
18055.0,0.02003583455172553
18060.0,-0.03237211418777575
18065.0,-0.16216148169962658
18070.0,-0.020785150584067685
18075.0,-0.13029829703077822
18080.0,-0.015042832549282327
18085.0,-0.01882302822696506
18090.0,0.03253257697043777
18095.0,-0.08131213170805122
18100.0,0.038747952267933275
18105.0,0.0758309563875472
18110.0,0.10998913157940575
18115.0,-0.14390114037069957
18120.0,0.030113176459280314
18125.0,0.11141378644083419
18130.0,0.14874991976604443
18135.0,0.13478921761161428
18140.0,0.051548902852348526
18145.0,-0.07290255877435824
18150.0,0.05167763362452871
18155.0,0.18602133463535833
18160.0,-0.029165383458780572
18165.0,0.09596437921407147
18170.0,0.021308270130985796
18175.0,0.08610402014910937
18180.0,0.05126969552693758
18185.0,0.16753146893683926
18190.0,0.17421226482877125
18195.0,0.13745991532146534
18200.0,0.21740565231261583
18205.0,0.19354298944661194
18210.0,0.15016631625332263
18215.0,0.16852726138280383
18220.0,0.12874558278686873
18225.0,0.29649335414798544
18230.0,0.19955924583490922
18235.0,0.13782260409895797
18240.0,0.07397419634389639
18245.0,0.07643675302039565
18250.0,0.1672484344429758
18255.0,0.13890312125821508
18260.0,0.11594029186195284
18265.0,0.24124193988059817
18270.0,0.1514418673596721
18275.0,0.27548706661778183
18280.0,0.2822847328655466
18285.0,0.1383938980409715
18290.0,0.0867389236440912
18295.0,0.17608746924201985
18300.0,0.18084177242483046
18305.0,0.14861014938980105
18310.0,0.17365174011772205
18315.0,0.10656498527203831
18320.0,0.24220576739166527
18325.0,0.33371222822119506
18330.0,0.1477634426960351
18335.0,0.18380436059936017
18340.0,0.1564843008082617
18345.0,0.10549384310663036
18350.0,0.2904932434431121
18355.0,0.10799113652941572
18360.0,0.1628917296302124
18365.0,0.33552859036462257
18370.0,0.1770183351553806
18375.0,0.1510738569170555
18380.0,0.23422833040782995
18385.0,0.16686771477786416
18390.0,0.029492654483969052
18395.0,0.058938455441882524
18400.0,0.12375267082104276
18405.0,0.18279630773548367
18410.0,0.12181578556083598
18415.0,0.1613693275632698
18420.0,0.10376133525850972
18425.0,0.1338640832777675
18430.0,0.046605582459070746
18435.0,0.005537130668968632
18440.0,0.08096724470106405
18445.0,0.07220897746285067
18450.0,0.06321150970722803
18455.0,0.11539645092922861
18460.0,0.003488742761744861
18465.0,0.15648161197960522
18470.0,0.08562584436843361
18475.0,0.016124297064023463
18480.0,0.019113123911092218
18485.0,-0.030878050186923776
18490.0,0.008240456169663502
18495.0,-0.09258839898707177
18500.0,0.0076608479395005105
18505.0,-0.15257833978822927
18510.0,-0.10063374183971513
18515.0,0.04986866931132965
18520.0,0.028831205855271227
18525.0,-0.18951666897704106
18530.0,-0.07147863245330643
18535.0,-0.013728511948861946
18540.0,-0.0187562001591888
18545.0,-0.05842898088043188
18550.0,-0.13115127534858192
18555.0,-0.1222134726022743
18560.0,-0.10776573822097667
18565.0,-0.3136779893184183
18570.0,-0.06190113012268514
18575.0,-0.12164872455806991
18580.0,-0.15245969503447132
18585.0,-0.18205461449860727
18590.0,-0.2543010334011838
18595.0,-0.08118171846644368
18600.0,-0.0665935300854096
18605.0,-0.2771368852659877
18610.0,-0.2339202775841101
18615.0,-0.11164777624819726
18620.0,-0.09179122511467931
18625.0,-0.12873567333298663
18630.0,-0.2032335899210378
18635.0,-0.14078406266476
18640.0,-0.1859480707488276
18645.0,-0.20452902771545237
18650.0,-0.3274264273980867
18655.0,-0.11772115074566301
18660.0,-0.21360160133667092
18665.0,-0.22893047893798807
18670.0,-0.24057716451410277
18675.0,-0.2510516167631697
18680.0,-0.15948772092679198
18685.0,-0.20701278643227575
18690.0,-0.18015391588940202
18695.0,-0.0782721702311531
18700.0,-0.16036896895355357
18705.0,-0.18941852359819936
18710.0,-0.1694465108084155
18715.0,-0.18099805070572833
18720.0,-0.17061651314387835
18725.0,-0.24826582155675853
18730.0,-0.2373628100620715
18735.0,-0.13242051985620987
18740.0,-0.16985230091696457
18745.0,-0.16090491116379427
18750.0,-0.15815519334585837
18755.0,-0.13289086526391303
18760.0,-0.20750787505415447
18765.0,-0.16313241138208892
18770.0,-0.17810083441748073
18775.0,-0.18232258931521367
18780.0,-0.14984810043682506
18785.0,-0.17713869389657555
18790.0,-0.04602271004391417
18795.0,-0.11899224567872708
18800.0,-0.02312465454749412
18805.0,-0.16756904124969804
18810.0,-0.049056159879679595
18815.0,-0.11369160913945589
18820.0,-0.09550747944041485
18825.0,-0.01705981050715849
18830.0,0.05291494453279659
18835.0,-0.02067301384537784
18840.0,0.04715926881209507
18845.0,-0.02722780790551519
18850.0,-0.020555458818257957
18855.0,0.0484107927440698
18860.0,-0.01426162252046275
18865.0,-0.09714449477234316
18870.0,-0.03825391935707843
18875.0,0.113671051491158
18880.0,0.007423332496152617
18885.0,-0.03181458465556167
18890.0,-0.009788457533926292
18895.0,0.03199904316796755
18900.0,0.10955596340006034
18905.0,0.02425588769784562
18910.0,0.14677303097709504
18915.0,-0.01878456583847586
18920.0,0.08174931998377374
18925.0,0.08739181015964591
18930.0,0.18864155778237077
18935.0,0.16424080022798515
18940.0,0.01894508302299311
18945.0,0.1665660254982895
18950.0,0.0033711371883203
18955.0,0.186843367090437
18960.0,0.15798443356595657
18965.0,0.1758695736839343
18970.0,0.23443918910738704
18975.0,0.26613119963182696
18980.0,0.0929945248929998
18985.0,0.21196315371440053
18990.0,0.23068250952322492
18995.0,0.15516968844579793
19000.0,0.11026066561109935
19005.0,0.27085044241166156
19010.0,0.1400953318140726
19015.0,0.10650127136578322
19020.0,0.16014424778900233
19025.0,0.2668380875734123
19030.0,0.18866135757209798
19035.0,0.19981605100863245
19040.0,0.18814645885899026
19045.0,0.16115753878913297
19050.0,0.2848153027599063
19055.0,0.18511129075933605
19060.0,0.2101683264730192
19065.0,0.33939377610775245
19070.0,0.08878349038120276
19075.0,0.2011576473030237
19080.0,0.13915660160750304
19085.0,0.14565770422139115
19090.0,0.25471623480445693
19095.0,0.1995052163673881
19100.0,0.045731474880395306
19105.0,0.10108975565373755
19110.0,0.19451322478426492
19115.0,0.23369871651768148
19120.0,0.20869541271008207
19125.0,0.13484356193559865
19130.0,0.1926919502931091
19135.0,0.1083358130305465
19140.0,0.12871734505594973
19145.0,0.07408897792925895
19150.0,0.12831955367101633
19155.0,0.16666831680318028
19160.0,0.22596427598974111
19165.0,0.12338674799545998
19170.0,0.16498728498682996
19175.0,0.08261753666320658
19180.0,0.05031920817591609
19185.0,-0.013162029536861172
19190.0,0.13382564733956392
19195.0,0.1824498355718724
19200.0,0.17274523408063935
19205.0,-0.04462994211841612
19210.0,-0.1359653854793646
19215.0,-0.02431929128660354
19220.0,0.0816134943353854
19225.0,-0.006398286555884862
19230.0,0.08352298025287896
19235.0,-0.04590354431412315
19240.0,0.10471149626954336
19245.0,0.049525803137270175
19250.0,-0.07806241006998058
19255.0,-0.0664967550574296
19260.0,-0.031076452314428193
19265.0,-0.05635112519064448
19270.0,-0.021803657843396662
19275.0,-0.10499603188042257
19280.0,-0.09325133542009321
19285.0,-0.12957999559256117
19290.0,-0.1263824104372119
19295.0,0.0030074534976826522
19300.0,-0.1560848570556479
19305.0,-0.1639118965939742
19310.0,-0.020963240984871498
19315.0,-0.2538247552627872
19320.0,-0.10518032660855173
19325.0,-0.09592079652578328
19330.0,-0.1561192438110991
19335.0,-0.056380412557125656
19340.0,-0.23292064126251893
19345.0,-0.28222415433873604
19350.0,-0.2843982069798201
19355.0,-0.22830769437366533
19360.0,-0.20534313905646656
19365.0,-0.01249521716287652
19370.0,-0.15341717297968177
19375.0,-0.25333565379910666
19380.0,-0.22314870530721112
19385.0,-0.07692100291821007
19390.0,0.12991415258682965
19395.0,-0.2190440763871302
19400.0,-0.1537088161141419
19405.0,-0.24202295748086425
19410.0,-0.22572213775981884
19415.0,-0.29387944755344375
19420.0,-0.1305757639193856
19425.0,-0.22740509552017812
19430.0,-0.27647644542708694
19435.0,-0.17501604183880023
19440.0,-0.2132731010081121
19445.0,-0.31217081550001097
19450.0,-0.18575601925395396
19455.0,-0.1914522700541103
19460.0,-0.17743644445807805
19465.0,-0.1969432021725354
19470.0,-0.21183304728983846
19475.0,-0.1540640467728402
