timestamp_ms,signal
0.0,2.2820316301334413
5.0,1.8798284064229145
10.0,1.038574820279498
15.0,0.3700455443208744
20.0,0.11672790022998487
25.0,0.028623860297124954
30.0,0.037143095406315635
35.0,0.05462797962246128
40.0,0.05913765737869054
45.0,0.07820852692414464
50.0,0.05223131260939004
55.0,0.06333891947805474
60.0,0.0666344609171115
65.0,0.07765366454495737
70.0,0.10194474823965677
75.0,0.07736530499539557
80.0,0.12414549265847866
85.0,0.09439004334046744
90.0,0.11027768354514
95.0,0.09885723703529739
100.0,0.1304076627919874
105.0,0.09392052889579693
110.0,0.0974544728702572
115.0,0.13736868417526338
120.0,0.1389713836041945
125.0,0.12409215367051951
130.0,0.13698947278705131
135.0,0.14262375226164162
140.0,0.1541510777442256
145.0,0.1445796495803952
150.0,0.13448291958298383
155.0,0.13785651860383147
160.0,0.16085004863141678
165.0,0.14954542564526985
170.0,0.16216186713706526
175.0,0.14675276986963476
180.0,0.1471159951489893
185.0,0.15198989136689905
190.0,0.1388477508169163
195.0,0.1376326159364602
200.0,0.14558729026732667
205.0,0.17437864046071427
210.0,0.12850005823032876
215.0,0.11875515718175655
220.0,0.14095707661143406
225.0,0.12492337071553584
230.0,0.12662281145139623
235.0,0.1417078933230837
240.0,0.13647459326900202
245.0,0.1058428650667882
250.0,0.12012440382369521
255.0,0.1039344576345182
260.0,0.1187451596194873
265.0,0.07423464459435658
270.0,0.10031063456991604
275.0,0.07471892334998792
280.0,0.0894880256220617
285.0,0.07840422321336098
290.0,0.06566536569119108
295.0,0.08416120594900511
300.0,0.09089831144536306
305.0,0.07159572437987949
310.0,0.04322673097586321
315.0,0.04921891828238522
320.0,0.05568220387064231
325.0,0.040712401877247714
330.0,0.03885056409721367
335.0,0.03283061582283003
340.0,0.014233887490480126
345.0,0.01499356809601468
350.0,0.004051991463066407
355.0,-0.024318733743277532
360.0,-0.006754989434194999
365.0,-0.0475506662411946
370.0,-0.025273914006007855
375.0,-0.05423786210083234
380.0,-0.0443809024171727
385.0,-0.05409129857216023
390.0,-0.06375065566074956
395.0,-0.03806189784525908
400.0,-0.10792757240719406
405.0,-0.0783506475133447
410.0,-0.08508177196058794
415.0,-0.11132325935039313
420.0,-0.0982973864957765
425.0,-0.0829068177024549
430.0,-0.10940422249412676
435.0,-0.13003727013065514
440.0,-0.1267302348491382
445.0,-0.1186685938693946
450.0,-0.1276591100801025
455.0,-0.12517338629042352
460.0,-0.14937504416191055
465.0,-0.14324898975839728
470.0,-0.14285836393042073
475.0,-0.14702157897653825
480.0,-0.14902898952427843
485.0,-0.13572947827996568
490.0,-0.13465950925649653
495.0,-0.13453046943316754
500.0,-0.14066537986322175
505.0,-0.14616861774425322
510.0,-0.18073470420659088
515.0,-0.15571873103845882
520.0,-0.16922241620130737
525.0,-0.1387606441311376
530.0,-0.1478752456696557
535.0,-0.1470295546352705
540.0,-0.14594764624192955
545.0,-0.11732434553042263
550.0,-0.11376340223596976
555.0,-0.14632057042482427
560.0,-0.1587746088910391
565.0,-0.14829269472468748
570.0,-0.1351317802589274
575.0,-0.14324484277606114
580.0,-0.1348217789472072
585.0,-0.12549274391242404
590.0,-0.12093183843817731
595.0,-0.14866582292206096
600.0,-0.1169613641227783
605.0,-0.09963063241499985
610.0,-0.08933917679542139
615.0,-0.09949577735028181
620.0,-0.08734595843070551
625.0,-0.08176777782664368
630.0,-0.10614727852407119
635.0,-0.06597330743915052
640.0,-0.05826730042456596
645.0,-0.08479078153150495
650.0,-0.02725687914035555
655.0,-0.04660276932028614
660.0,-0.03335302054979869
665.0,-0.006042435467157801
670.0,-0.024081572753264408
675.0,-0.01093200187292186
680.0,-0.013494887347241682
685.0,-0.019211230225912913
690.0,-0.006299037407136898
695.0,0.021488330641021156
700.0,-0.02318883282666958
705.0,0.029612481438641397
710.0,0.008091917894611052
715.0,0.03238682191724504
720.0,0.06370851651833022
725.0,0.02504795553106793
730.0,0.05487310523653561
735.0,0.018220380985734252
740.0,0.062132661425370266
745.0,0.06814527226503905
750.0,0.06569533507359142
755.0,0.08144491456434055
760.0,0.09027860255793906
765.0,0.08971232574599346
770.0,0.07586268452002332
775.0,0.12578336939201382
780.0,0.10427101306377716
785.0,0.11827756887036395
790.0,0.11048753681539146
795.0,0.10749963340793432
800.0,0.09571881599017529
805.0,0.1531324614149873
810.0,0.12038517704534409
815.0,0.14084880711163314
820.0,0.12202799599931966
825.0,0.15019147509089903
830.0,0.14589650990487726
835.0,0.15420853631825435
840.0,0.2008216504065371
845.0,0.49991829935858917
850.0,1.146610628290412
855.0,2.014583777586164
860.0,2.458289985744342
865.0,2.0242994298200663
870.0,1.1670717697744208
875.0,0.523397627156259
880.0,0.2404696513595203
885.0,0.15977747545725202
890.0,0.13467633672571624
895.0,0.14585281520711646
900.0,0.1246374685109468
905.0,0.13548521359018964
910.0,0.14093298168858312
915.0,0.1345744382315713
920.0,0.14715243476273937
925.0,0.12432968527125142
930.0,0.10923032599964272
935.0,0.1317003162883544
940.0,0.13386640318216533
945.0,0.14381273454322555
950.0,0.07559257853545938
955.0,0.08929532885116861
960.0,0.0911938330331067
965.0,0.08518070717221546
970.0,0.08696674204389868
975.0,0.07944305622166026
980.0,0.08927655769234617
985.0,0.06759584264020245
990.0,0.06672885378331159
995.0,0.05070601649054034
1000.0,0.0454812521680452
1005.0,0.054787537537497856
1010.0,0.0407044077759849
1015.0,0.024009101876867257
1020.0,0.027941611667491078
1025.0,0.03474909154637172
1030.0,0.01535924216444871
1035.0,-0.002767147221526242
1040.0,-0.011615557813402497
1045.0,-0.007033244414091774
1050.0,-0.05479386541626094
1055.0,-0.05981667202002433
1060.0,-0.02898997068720937
1065.0,-0.022073641046667713
1070.0,-0.045039323224621
1075.0,-0.04765050936722719
1080.0,-0.05551621587996311
1085.0,-0.05919607098010447
1090.0,-0.084138530461177
1095.0,-0.09643230000363422
1100.0,-0.09904929790851497
1105.0,-0.07864887707698165
1110.0,-0.10017062156769929
1115.0,-0.09211062773694288
1120.0,-0.09607223841163219
1125.0,-0.09653289092851944
1130.0,-0.13504172180649465
1135.0,-0.13863844453606003
1140.0,-0.11465922807830221
1145.0,-0.13897497974012865
1150.0,-0.11006519608527035
1155.0,-0.14563791448137356
1160.0,-0.1193757103573606
1165.0,-0.09733229387061702
1170.0,-0.14441040546464926
1175.0,-0.12814359218753174
1180.0,-0.157457226735131
1185.0,-0.15168910205257247
1190.0,-0.1540333301818755
1195.0,-0.17187317085639067
1200.0,-0.16251268857298018
1205.0,-0.1633662322514057
1210.0,-0.12659892657674784
1215.0,-0.15523831612709119
1220.0,-0.1315830833724945
1225.0,-0.15959267928896356
1230.0,-0.14118882848807382
1235.0,-0.12732900332640829
1240.0,-0.12322880353884143
1245.0,-0.17110040933317083
1250.0,-0.119765697720243
1255.0,-0.13891872707512723
1260.0,-0.14053740370898454
1265.0,-0.12119032946639682
1270.0,-0.10220118753456246
1275.0,-0.13620358724080497
1280.0,-0.10090965589219862
1285.0,-0.14663209919216125
1290.0,-0.14887142631084926
1295.0,-0.09837768993032597
1300.0,-0.08439687268587565
1305.0,-0.09017975077589065
1310.0,-0.09454199773507181
1315.0,-0.0723223683313427
1320.0,-0.07974074418897581
1325.0,-0.07887905769844418
1330.0,-0.05999784668003154
1335.0,-0.046014507443277425
1340.0,-0.05400507639126996
1345.0,-0.0615099594333746
1350.0,-0.0465660806942747
1355.0,-0.06497372771229264
1360.0,-0.0007979997403692145
1365.0,-0.01030838281395686
1370.0,0.005036689909421216
1375.0,0.016756295684640307
1380.0,-0.016277114964948124
1385.0,0.007029834818386831
1390.0,0.011660190678141981
1395.0,0.015560806781092734
1400.0,0.012937729974756776
1405.0,0.014274091045251274
1410.0,0.03935130943460472
1415.0,0.05578025745510727
1420.0,0.06801238231597827
1425.0,0.02381427179100766
1430.0,0.04150608305232069
1435.0,0.05730725643550456
1440.0,0.06517328613132188
1445.0,0.10161625604097184
1450.0,0.08937760590596472
1455.0,0.08015282924185059
1460.0,0.10836810996803463
1465.0,0.101044175651126
1470.0,0.12524407258062376
1475.0,0.1028849821824621
1480.0,0.1072205615527487
1485.0,0.13337834202258345
1490.0,0.1349186052525732
1495.0,0.13162499198589092
1500.0,0.0971897117533432
1505.0,0.14993870806509507
1510.0,0.12867649629414155
1515.0,0.15174227787155714
1520.0,0.12771327203987753
1525.0,0.1414434172953966
1530.0,0.14002070581223078
1535.0,0.13891105977954052
1540.0,0.1693190043497466
1545.0,0.14773791663360727
1550.0,0.12773184814483812
1555.0,0.1808084215425477
1560.0,0.15196304232102908
1565.0,0.15437411699468098
1570.0,0.16635757378288657
1575.0,0.13463537875807338
1580.0,0.1462210135513519
1585.0,0.15854764047714293
1590.0,0.14187255029110868
1595.0,0.16351777544812374
1600.0,0.1559966872757294
1605.0,0.1370434765409495
1610.0,0.10390868453825691
1615.0,0.12243193746552739
1620.0,0.14419837976600852
1625.0,0.11974335388442335
1630.0,0.1177830582955834
1635.0,0.11512088034370753
1640.0,0.10881302163249841
1645.0,0.12738169132274554
1650.0,0.10269811548366109
1655.0,0.09905092564502138
1660.0,0.09994862513010691
1665.0,0.08639861688417454
1670.0,0.040013206536402696
1675.0,0.06487563973076389
1680.0,0.07460058186143434
1685.0,0.03570564952873011
1690.0,0.04719192944190186
1695.0,0.03208911052842772
1700.0,0.05295301166552956
1705.0,0.029181744667452526
1710.0,0.02089347291751912
1715.0,0.03437336661566076
1720.0,0.21675464172386233
1725.0,0.724683618444458
1730.0,1.5768687770853909
1735.0,2.2415469451672796
1740.0,2.069188394826579
1745.0,1.2982696219371217
1750.0,0.4848334832062242
1755.0,0.09396070135720805
1760.0,-0.02025002705885747
1765.0,-0.04456066145063965
1770.0,-0.0603626824733161
1775.0,-0.073568092223859
1780.0,-0.06843573811749994
1785.0,-0.06901590679848203
1790.0,-0.10134619348051861
1795.0,-0.1024214748663428
1800.0,-0.08303571307947621
1805.0,-0.10101701527880537
1810.0,-0.12347737403221454
1815.0,-0.09710128795334227
1820.0,-0.13701465715267808
1825.0,-0.10332612247224576
1830.0,-0.12917010352128644
1835.0,-0.13456540763588784
1840.0,-0.11237122805540456
1845.0,-0.13058777813069272
1850.0,-0.1462401674368041
1855.0,-0.14018265343961345
1860.0,-0.1522482235419899
1865.0,-0.13639261407107992
1870.0,-0.16763041652461855
1875.0,-0.13872337614619915
1880.0,-0.1386879292998668
1885.0,-0.15102322359317255
1890.0,-0.14662899217819345
1895.0,-0.14568703960208923
1900.0,-0.17321049221227383
1905.0,-0.1394939718084467
1910.0,-0.1701864766245014
1915.0,-0.1501856634067904
1920.0,-0.13382874259450764
1925.0,-0.136516452727954
1930.0,-0.14304302399126184
1935.0,-0.12068988280501194
1940.0,-0.14475246544800804
1945.0,-0.1608074890267793
1950.0,-0.1190200454460835
1955.0,-0.13385843205072814
1960.0,-0.12929671934480383
1965.0,-0.12040284144133317
1970.0,-0.14100278787114784
1975.0,-0.10944809242451468
1980.0,-0.1037280189655762
1985.0,-0.11236621045529462
1990.0,-0.10992894334145586
1995.0,-0.0869607826354186
2000.0,-0.10133311369948568
2005.0,-0.07437978140203805
2010.0,-0.07901070742732141
2015.0,-0.054348021174713
2020.0,-0.0478423059425302
2025.0,-0.06855028423691746
2030.0,-0.07493539554520694
2035.0,-0.07018935745209964
2040.0,-0.03467471446770512
2045.0,-0.05561806646817926
2050.0,-0.0394290908380179
2055.0,-0.00612613394788411
2060.0,-0.04467502689473576
2065.0,-0.01880113741262623
2070.0,0.00671079120519963
2075.0,0.0020900098829138136
2080.0,0.016759276743051353
2085.0,0.01669210036059971
2090.0,-0.0019031557459041164
2095.0,0.03218107457304599
2100.0,0.012941752322108372
2105.0,0.02207866579881903
2110.0,0.04273147748615535
2115.0,0.03595673959522311
2120.0,0.07654886295612873
2125.0,0.07563980938389281
2130.0,0.08068258588303787
2135.0,0.12286078491337171
2140.0,0.10232668137206352
2145.0,0.06841605132043915
2150.0,0.09200828766581348
2155.0,0.07788770595201162
2160.0,0.10770024513850057
2165.0,0.11837473698222176
2170.0,0.11913917897632058
2175.0,0.14224163559474995
2180.0,0.1269146703262165
2185.0,0.10988011845278191
2190.0,0.10310494973482115
2195.0,0.12316401982939842
2200.0,0.14885971648899743
2205.0,0.1501136348018089
2210.0,0.12937139178036042
2215.0,0.13014194650405236
2220.0,0.15668655436732348
2225.0,0.12450351293947844
2230.0,0.11964324666588654
2235.0,0.13968892021850698
2240.0,0.14710021820614208
2245.0,0.18777138574751154
2250.0,0.16739590965997606
2255.0,0.14058799675915082
2260.0,0.14247334865960687
2265.0,0.14143592394481258
2270.0,0.12328853963211936
2275.0,0.1285499912987314
2280.0,0.1658343640405073
2285.0,0.12056974778311183
2290.0,0.11577304822824126
2295.0,0.11369785530596128
2300.0,0.14078504342553616
2305.0,0.10275116001849786
2310.0,0.1356104295529011
2315.0,0.1450993861394305
2320.0,0.10722596068708776
2325.0,0.11686584341300617
2330.0,0.12844323474999564
2335.0,0.11765945412244239
2340.0,0.08408109072818697
2345.0,0.09729790649888598
2350.0,0.0668631046426566
2355.0,0.07449160549285201
2360.0,0.06399560262725706
2365.0,0.09646593139985163
2370.0,0.06682159260374998
2375.0,0.0682607077819239
2380.0,0.048365023265068724
2385.0,0.06523762929238092
2390.0,0.046372523807174784
2395.0,0.04533922228574399
2400.0,0.042023014466814564
2405.0,0.023354300356925532
2410.0,0.013971471232206866
2415.0,0.004754979133298637
2420.0,-0.0007897228461263842
2425.0,-0.02191670575006694
2430.0,0.010522825164442242
2435.0,-0.006561564776130397
2440.0,-0.028513934301569722
2445.0,-0.037573282397085364
2450.0,-0.041469988578804455
2455.0,-0.06391609499793845
2460.0,-0.046712312288582004
2465.0,-0.047756244786716695
2470.0,-0.0668342790506298
2475.0,-0.07398592446951245
2480.0,-0.09265976438939931
2485.0,-0.10699173040266395
2490.0,-0.09288532006487929
2495.0,-0.11254425067679966
2500.0,-0.10244732924905826
2505.0,-0.08646964799157497
2510.0,-0.10757805420955995
2515.0,-0.12269854561748123
2520.0,-0.13644958634137738
2525.0,-0.13979739019407617
2530.0,-0.15102973015135412
2535.0,-0.14125445240882437
2540.0,-0.1532442162250502
2545.0,-0.1438395753654845
2550.0,-0.18183986147124204
2555.0,-0.11903814433490974
2560.0,-0.16826861935075663
2565.0,-0.14713870212927546
2570.0,-0.13071299344631773
2575.0,-0.13796850541656794
2580.0,-0.13005788138528573
2585.0,-0.14517657233598055
2590.0,-0.1494407804550438
2595.0,-0.13451949477414624
2600.0,-0.13188838889401394
2605.0,-0.14629031042799054
2610.0,-0.025144134565980303
2615.0,0.36508140397840816
2620.0,1.110796615031628
2625.0,1.9673077386837492
2630.0,2.1043874179844955
2635.0,1.45784968224277
2640.0,0.634548036223637
2645.0,0.10215963059534527
2650.0,-0.0756081180042788
2655.0,-0.12682287326514813
2660.0,-0.12027439282769371
2665.0,-0.12756017201514694
2670.0,-0.10767564075127227
2675.0,-0.1310206345033929
2680.0,-0.08811541733987072
2685.0,-0.10530997829636979
2690.0,-0.10822195988934163
2695.0,-0.09552920076829435
2700.0,-0.05684560820015371
2705.0,-0.06814679843289678
2710.0,-0.07703259496072046
2715.0,-0.07101781540509865
2720.0,-0.04400911863385398
2725.0,-0.0627302067130452
2730.0,-0.035570168621534025
2735.0,-0.05435404023780144
2740.0,-0.053181360673533816
2745.0,-0.0001710720660528242
2750.0,-0.05667843926113854
2755.0,-0.019294947705517467
2760.0,-0.003931056253818935
2765.0,-0.015519240987854522
2770.0,-0.021246958966645958
2775.0,0.023952373104021048
2780.0,0.01577748761597345
2785.0,-0.007737820765692852
2790.0,0.041448524597069616
2795.0,0.022772805194718918
2800.0,0.06428921925055026
2805.0,0.07131231879639749
2810.0,0.061296832694382006
2815.0,0.05609513671219195
2820.0,0.0911235225231407
2825.0,0.07311319972273499
2830.0,0.12282091969153883
2835.0,0.08141541445619761
2840.0,0.09214797750054085
2845.0,0.08651037302793901
2850.0,0.11337037202435862
2855.0,0.08156549294364901
2860.0,0.13859700545179582
2865.0,0.123857004230579
2870.0,0.10314963354285865
2875.0,0.10824419148961416
2880.0,0.13117570734070716
2885.0,0.13057816819295046
2890.0,0.13496657856070945
2895.0,0.13209250449496387
2900.0,0.14023854084110454
2905.0,0.12445082297680704
2910.0,0.14079087699887155
2915.0,0.15425454962695717
2920.0,0.12626562118655021
2925.0,0.14093923222740706
2930.0,0.1674781805534971
2935.0,0.15297861207172345
2940.0,0.1408776387053643
2945.0,0.15228454108133022
2950.0,0.14897126666772714
2955.0,0.14898037119277394
2960.0,0.17237591297010105
2965.0,0.1649542150538401
2970.0,0.12776865185033012
2975.0,0.14274830531167584
2980.0,0.13713778466005036
2985.0,0.14386696624897477
2990.0,0.1400549287657218
2995.0,0.10808629621922451
3000.0,0.10794511635601826
3005.0,0.12148294889749335
3010.0,0.1413540795024289
3015.0,0.12304729441350834
3020.0,0.10242339981182287
3025.0,0.09215405646749544
3030.0,0.09894808668765616
3035.0,0.10323313993264971
3040.0,0.09879917637410883
3045.0,0.09583954413970756
3050.0,0.06812273022439161
3055.0,0.07284952115047218
3060.0,0.0710250490867832
3065.0,0.06623129111493986
3070.0,0.04240866595909474
3075.0,0.05302237948512559
3080.0,0.017055683916443465
3085.0,0.05576900352289937
3090.0,0.027238629317954996
3095.0,0.0238462796717601
3100.0,-0.023176095428159228
3105.0,0.018309518151501898
3110.0,-0.024401247071017557
3115.0,-0.015034096129109109
3120.0,-0.0246841204690618
3125.0,-0.05235908973581864
3130.0,-0.025473181592008835
3135.0,-0.05130511085594841
3140.0,-0.04114074293092287
3145.0,-0.05531537479659754
3150.0,-0.058864297207201655
3155.0,-0.06269225340773683
3160.0,-0.041936656881580256
3165.0,-0.07417139802397696
3170.0,-0.09080985642290548
3175.0,-0.07235538391893617
3180.0,-0.12071314323824348
3185.0,-0.09101361959763778
3190.0,-0.10041789082163391
3195.0,-0.09876816508095212
3200.0,-0.10358640723875745
3205.0,-0.1081879733903803
3210.0,-0.11272155788105886
3215.0,-0.1624327757772358
3220.0,-0.13400306639256612
3225.0,-0.14227469554627178
3230.0,-0.12617751555593565
3235.0,-0.15074715456172816
3240.0,-0.1560745266900185
3245.0,-0.14852882557317615
3250.0,-0.1515335775969821
3255.0,-0.15096891254025183
3260.0,-0.1271847849750414
3265.0,-0.1637786125382815
3270.0,-0.14730908659460495
3275.0,-0.17501521672369702
3280.0,-0.14876631039122706
3285.0,-0.15231875596574543
3290.0,-0.1416440758395973
3295.0,-0.1716639378794391
3300.0,-0.13745373887965615
3305.0,-0.16598421316360779
3310.0,-0.14668026301969822
3315.0,-0.12686903523055343
3320.0,-0.15309850315031012
3325.0,-0.1308674425460933
3330.0,-0.1500829150526292
3335.0,-0.13552138461170346
3340.0,-0.12799863023752306
3345.0,-0.15161491141764677
3350.0,-0.11959589421303989
3355.0,-0.11966855359099804
3360.0,-0.10989774023784606
3365.0,-0.11199446257939023
3370.0,-0.13807309421579197
3375.0,-0.10043600777501165
3380.0,-0.11311333352200059
3385.0,-0.09454062857903717
3390.0,-0.07466037746986758
3395.0,-0.06959922719700065
3400.0,-0.08028388816752756
3405.0,-0.08436742963963773
3410.0,-0.08344560546364435
3415.0,-0.04303482759854858
3420.0,-0.044943072618890245
3425.0,0.005348555268592015
3430.0,-0.027627472268031642
3435.0,-0.019350028371670658
3440.0,-0.043357169729114325
3445.0,-0.03197991435611176
3450.0,-0.013118266006768683
3455.0,-0.008044259752381733
3460.0,-0.017971227982367274
3465.0,0.010214229604753136
3470.0,0.0008635041798304328
3475.0,0.029664345958658644
3480.0,0.06350701975266096
3485.0,0.04118238302925595
3490.0,0.04941486892126339
3495.0,0.05429089701802493
3500.0,0.09703920735709679
3505.0,0.08372859063991142
3510.0,0.11861357331391145
3515.0,0.30313592554469204
3520.0,0.823166891942802
3525.0,1.6753650146929204
3530.0,2.3314128820202558
3535.0,2.1986558415853987
3540.0,1.4003598592222
3545.0,0.6153850878888111
3550.0,0.2500446455744324
3555.0,0.13338835903195603
3560.0,0.11516867941681942
3565.0,0.12761504935312346
3570.0,0.12165821154726865
3575.0,0.11901901648759963
3580.0,0.11585516546681508
3585.0,0.16676437067245617
3590.0,0.1434997644097329
3595.0,0.12232630713892174
3600.0,0.1459954983077484
3605.0,0.16196129465510087
3610.0,0.16475517886102167
3615.0,0.1524103939712034
3620.0,0.161487295328566
3625.0,0.1911437962006161
3630.0,0.1251817406042436
3635.0,0.17666981896013892
3640.0,0.15267705348372262
3645.0,0.13364078980957017
3650.0,0.12616959697226765
3655.0,0.13730116645306994
3660.0,0.1600735833091223
3665.0,0.14363060016782536
3670.0,0.13387622486106535
3675.0,0.11925806971184152
3680.0,0.12969066900638374
3685.0,0.1308356384075186
3690.0,0.11971175071785933
3695.0,0.11934246667699829
3700.0,0.14948986103439524
3705.0,0.11655845315897631
3710.0,0.1342898587316978
3715.0,0.12878767058757307
3720.0,0.10697248448846082
3725.0,0.0768117652374833
3730.0,0.12223744697448405
3735.0,0.11274003435213373
3740.0,0.08660982649625558
3745.0,0.038943559796366316
3750.0,0.09465041298687397
3755.0,0.019296691520099732
3760.0,0.03394881871189656
3765.0,0.044986534270866366
3770.0,0.03939437460131318
3775.0,0.04817693992937278
3780.0,0.05264995420966601
3785.0,0.03136974223086511
3790.0,0.04722249177410382
3795.0,-0.004798888352007669
3800.0,-0.005952657928548038
3805.0,-0.007132007368078506
3810.0,-0.029459462864384767
3815.0,-0.029972016522529975
3820.0,-0.04659061683693802
3825.0,-0.04018269903502426
3830.0,-0.06295052285126117
3835.0,-0.05389926418865757
3840.0,-0.061860193491322144
3845.0,-0.056730460421487106
3850.0,-0.05871739837511499
3855.0,-0.059766402221020844
3860.0,-0.06878230578460336
3865.0,-0.05819133628508992
3870.0,-0.08719036838687859
3875.0,-0.10460570843448795
3880.0,-0.09009909582802116
3885.0,-0.10138137005072123
3890.0,-0.0938366965289004
3895.0,-0.10216106843260811
3900.0,-0.1023993672023486
3905.0,-0.14609971606022457
3910.0,-0.12275496429281058
3915.0,-0.1228406352846133
3920.0,-0.1127523755406428
3925.0,-0.12070837853664997
3930.0,-0.15705452831939903
3935.0,-0.13820927543177858
3940.0,-0.14846737104210367
3945.0,-0.11202589242007335
3950.0,-0.1448184846226688
3955.0,-0.17647176279334095
3960.0,-0.15782104367151836
3965.0,-0.14919234210569393
3970.0,-0.1547887761616832
3975.0,-0.14869367436348263
3980.0,-0.15957201228480722
3985.0,-0.15389293698936257
3990.0,-0.1543076218609881
3995.0,-0.146738736711757
4000.0,-0.11453318602106378
4005.0,-0.14066678718096698
4010.0,-0.13241997278615103
4015.0,-0.1357302349361079
4020.0,-0.12736391603919295
4025.0,-0.13378138868329567
4030.0,-0.12364540293780449
4035.0,-0.13613053864972016
4040.0,-0.13255674316291374
4045.0,-0.12256461721287512
4050.0,-0.11655243686915247
4055.0,-0.1144429679874901
4060.0,-0.09812186462988395
4065.0,-0.09704374420205801
4070.0,-0.11846075403452286
4075.0,-0.08547868542755135
4080.0,-0.08012483840436599
4085.0,-0.07517667040339876
4090.0,-0.04728597135207453
4095.0,-0.07486098439845289
4100.0,-0.08153329639396412
4105.0,-0.05737055057456895
4110.0,-0.04331435437386599
4115.0,-0.03843729442291488
4120.0,-0.034322126876963774
4125.0,-0.03755414080098529
4130.0,-0.018545558925643205
4135.0,-0.00746424651853245
4140.0,-0.008930121794898724
4145.0,0.007778391039908371
4150.0,-0.008908815151168687
4155.0,0.022702266081979512
4160.0,0.012137192141821958
4165.0,-0.006075537782492601
4170.0,0.04067495367812734
4175.0,0.028163288802634426
4180.0,0.07647401481400057
4185.0,0.06212531375550911
4190.0,0.08659410544346802
4195.0,0.05725501123878758
4200.0,0.07328101534629035
4205.0,0.0766301044752028
4210.0,0.08736075460891742
4215.0,0.07760554969721772
4220.0,0.09478211960604135
4225.0,0.10421538032877391
4230.0,0.10662810791281535
4235.0,0.14267312658314976
4240.0,0.11553754559843939
4245.0,0.09287039027979427
4250.0,0.11005690588162508
4255.0,0.1166756447940898
4260.0,0.11521380767121868
4265.0,0.13142547698047602
4270.0,0.14051419454687872
4275.0,0.1468242892218465
4280.0,0.11987108245479927
4285.0,0.11202422890408083
4290.0,0.13949217706243736
4295.0,0.12165262650758814
4300.0,0.15609366392934737
4305.0,0.16717508597367453
4310.0,0.1329895762013391
4315.0,0.1317344795851034
4320.0,0.1532216215006404
4325.0,0.1585475837295381
4330.0,0.1504660149024888
4335.0,0.1475227725930946
4340.0,0.1534065182860077
4345.0,0.13116568026864972
4350.0,0.17631256340259294
4355.0,0.1334057181312065
4360.0,0.14292568172149261
4365.0,0.14371315737444973
4370.0,0.14526481906890854
4375.0,0.14810748545212665
4380.0,0.12722504962329279
4385.0,0.09568974556543369
4390.0,0.117464584342802
4395.0,0.12537446583901102
4400.0,0.11094229012711627
4405.0,0.09952041518154595
4410.0,0.08805019847314158
4415.0,0.12010065580034315
4420.0,0.16671227478192419
4425.0,0.3313657827970525
4430.0,0.8280423594584461
4435.0,1.6827421730199672
4440.0,2.304285157447243
4445.0,2.1499541790579246
4450.0,1.3167933736846111
4455.0,0.5650895810272333
4460.0,0.1920114360770464
4465.0,0.07581969949497971
4470.0,0.018319473820776352
4475.0,0.03162641536366003
4480.0,0.025077083617058217
4485.0,-0.006107828550780441
4490.0,-0.012732537036256847
4495.0,0.007763958821346809
4500.0,-0.011661991089668512
4505.0,-0.02661180433916518
4510.0,-0.020197452931508254
4515.0,-0.02749498935515564
4520.0,-0.03489107251942698
4525.0,-0.018669466167541986
4530.0,-0.031335972146354266
4535.0,-0.059322314998964155
4540.0,-0.059450511304818016
4545.0,-0.09173539552363515
4550.0,-0.0593577311297313
4555.0,-0.06962266613330291
4560.0,-0.07080142510576662
4565.0,-0.06900085283087877
4570.0,-0.1010976578215459
4575.0,-0.09632305792706455
4580.0,-0.10131533328514178
4585.0,-0.15458753480927723
4590.0,-0.10204411154119827
4595.0,-0.12273787888290359
4600.0,-0.16414230668745544
4605.0,-0.11580921143800843
4610.0,-0.13019616995264394
4615.0,-0.1280057666756522
4620.0,-0.1294086832286347
4625.0,-0.1447957795566436
4630.0,-0.14354817523239594
4635.0,-0.13244908660500482
4640.0,-0.16269527627722521
4645.0,-0.14708347274003075
4650.0,-0.14966440750825766
4655.0,-0.13784999414450416
4660.0,-0.16320480118396966
4665.0,-0.1392469924914831
4670.0,-0.14584585657841828
4675.0,-0.1485006875699818
4680.0,-0.16131711325032122
4685.0,-0.15042508291478293
4690.0,-0.13374641245606503
4695.0,-0.15749139013542185
4700.0,-0.13427896724694155
4705.0,-0.13225510014880276
4710.0,-0.16162108676143527
4715.0,-0.12536248956018112
4720.0,-0.14389934010897895
4725.0,-0.13430235804004967
4730.0,-0.1301430766810499
4735.0,-0.11965305442943605
4740.0,-0.13312330605028277
4745.0,-0.09753673548600249
4750.0,-0.10185766463643742
4755.0,-0.10604833735203621
4760.0,-0.0882969379512312
4765.0,-0.09024485180529303
4770.0,-0.10258132032519085
4775.0,-0.09318456265099301
4780.0,-0.07611089772171051
4785.0,-0.03581808201294327
4790.0,-0.05227002030267353
4795.0,-0.06559010758112145
4800.0,-0.05591988455435424
4805.0,-0.05354155654323035
4810.0,-0.029880046046128268
4815.0,-0.05714419088905573
4820.0,-0.023606114109724952
4825.0,-0.017153862731440657
4830.0,-0.020336652466920464
4835.0,-0.031537669863038686
4840.0,0.02290897183721242
4845.0,0.019174434033318897
4850.0,0.007397572442756531
4855.0,0.022767426405603263
4860.0,0.028599066251486213
4865.0,0.024505350191575292
4870.0,0.060915436454709676
4875.0,0.045157723770179965
4880.0,0.04738483560975026
4885.0,0.08096323476147847
4890.0,0.05880110006182413
4895.0,0.11367917503659782
4900.0,0.07598888987257768
4905.0,0.11560525544323391
4910.0,0.06917719548531398
4915.0,0.1243800650151835
4920.0,0.1132320302490917
4925.0,0.1046457465669981
4930.0,0.1086591532068909
4935.0,0.10566076535258824
4940.0,0.13201391960443423
4945.0,0.1063823397189177
4950.0,0.14727018415957543
4955.0,0.10766899548587446
4960.0,0.1500085629024595
4965.0,0.14363563917314617
4970.0,0.15000470887781206
4975.0,0.12822665992663257
4980.0,0.14513482151542453
4985.0,0.13400371246768714
4990.0,0.13847297872941275
4995.0,0.14016381524445684
5000.0,0.15940043569879236
5005.0,0.1686318902488222
5010.0,0.16236554930663102
5015.0,0.1586835642085958
5020.0,0.15747820389256686
5025.0,0.1530129771123459
5030.0,0.13879065346745878
5035.0,0.13338229373089738
5040.0,0.13393958874389936
5045.0,0.1209959328905574
5050.0,0.17488187925787724
5055.0,0.1315772700095359
5060.0,0.13916355527572558
5065.0,0.1578793992241978
5070.0,0.11401996653325697
5075.0,0.12098784123609445
5080.0,0.11936808045447267
5085.0,0.11428245334118753
5090.0,0.09931612272597816
5095.0,0.11134478889308315
5100.0,0.11199365245891212
5105.0,0.09003234933996943
5110.0,0.10003399989913812
5115.0,0.11091974083757115
5120.0,0.0827058433426034
5125.0,0.09084686456914662
5130.0,0.041059966556702104
5135.0,0.08572346627329532
5140.0,0.0414279297395882
5145.0,0.041452748698151555
5150.0,0.045186987330329956
5155.0,0.01553281715287989
5160.0,0.04240213576173366
5165.0,-0.0027449199594178977
5170.0,0.03681519340007866
5175.0,0.008953663513755941
5180.0,-0.02040771029940156
5185.0,-0.009715484949475802
5190.0,-0.01228517922719151
5195.0,-0.013082353156284532
5200.0,-0.028893963146152002
5205.0,-0.03795877626026111
5210.0,-0.03659000834169637
5215.0,-0.052062205708528674
5220.0,-0.07496532891080918
5225.0,-0.05142502734041252
5230.0,-0.0527104043485746
5235.0,-0.08327086396625992
5240.0,-0.07450207524524133
5245.0,-0.07471667293956002
5250.0,-0.11894807813540201
5255.0,-0.07501209795241637
5260.0,-0.10326667627077993
5265.0,-0.07667022394492606
5270.0,-0.07453157094194242
5275.0,-0.09956691861720524
5280.0,-0.13604329480991786
5285.0,-0.10086665277112626
5290.0,-0.12127011932293782
5295.0,-0.1174510500906635
5300.0,-0.11850931952117454
5305.0,-0.14579382057928933
5310.0,-0.13300751544212303
5315.0,-0.14334534749407457
5320.0,-0.13610460611271225
5325.0,-0.1597475836031861
5330.0,-0.12949178170192854
5335.0,-0.013328577184774815
5340.0,0.4008027874945429
5345.0,1.1952228559602074
5350.0,1.9525288165332406
5355.0,2.102432470291557
5360.0,1.381482314307236
5365.0,0.5642275261919882
5370.0,0.0720112912654437
5375.0,-0.12584361665031515
5380.0,-0.12191245474781763
5385.0,-0.1664917810102707
5390.0,-0.14628789988049035
5395.0,-0.09673474742206345
5400.0,-0.13365161579190202
5405.0,-0.1441924020384363
5410.0,-0.14105431682096753
5415.0,-0.16815684597072061
5420.0,-0.13820057226612745
5425.0,-0.12032244141577031
5430.0,-0.13566126057639527
5435.0,-0.09137255218010498
5440.0,-0.11440852389194603
5445.0,-0.09860714843761308
5450.0,-0.10336978849382021
5455.0,-0.10168273009333648
5460.0,-0.07520049209139382
5465.0,-0.08462355103504499
5470.0,-0.06897550055496471
5475.0,-0.10193630440755064
5480.0,-0.07868527884918916
5485.0,-0.06058714378884738
5490.0,-0.03802483436130882
5495.0,-0.036971642809548996
5500.0,-0.048719422168133006
5505.0,-0.020224848394700953
5510.0,-0.03821160014359891
5515.0,0.0007700169905106233
5520.0,0.00014726551228143488
5525.0,-0.02790686416942413
5530.0,0.003442988349768877
5535.0,0.002227715775711867
5540.0,0.004362017749886083
5545.0,0.035982598742815994
5550.0,0.029876310340460763
5555.0,0.010075417593985524
5560.0,0.057341353556973236
5565.0,0.03615545301465639
5570.0,0.049481401900295624
5575.0,0.03985461086182211
5580.0,0.06639768851270325
5585.0,0.08964303000520388
5590.0,0.06775063478074654
5595.0,0.09652492766929174
5600.0,0.07219330191273743
5605.0,0.0926966554314448
5610.0,0.07992697753548657
5615.0,0.09715159893175596
5620.0,0.09784198003079195
5625.0,0.10840066273245563
5630.0,0.15505055688622235
5635.0,0.14993733852858532
5640.0,0.1153715870874517
5645.0,0.14464272274520829
5650.0,0.0959687620889158
5655.0,0.16161643925364297
5660.0,0.15623681395820313
5665.0,0.13641518231359265
5670.0,0.18097363657786425
5675.0,0.13934146433377528
5680.0,0.14089350748573662
5685.0,0.13920982704407087
5690.0,0.13581959253947368
5695.0,0.16620980276305353
5700.0,0.14246103726394171
5705.0,0.14698267905773976
5710.0,0.14477990945364433
5715.0,0.17081658288223062
5720.0,0.17108318164561653
5725.0,0.1475756918582698
5730.0,0.112440152151529
5735.0,0.16076334701504444
5740.0,0.1536731777390259
5745.0,0.1343953336242122
5750.0,0.14091613281779422
5755.0,0.1206258960307745
5760.0,0.13133009949740732
5765.0,0.13498543904704344
5770.0,0.13396695867222733
5775.0,0.10841810333941233
5780.0,0.1322911255249995
5785.0,0.11349720660170556
5790.0,0.11611535928195268
5795.0,0.0715065010294263
5800.0,0.08748087316150932
5805.0,0.10185688413034252
5810.0,0.07166820678784838
5815.0,0.0785588125765891
5820.0,0.05894220705940968
5825.0,0.07040223707133561
5830.0,0.019517366416449487
5835.0,0.05912087936160864
5840.0,0.0420561144112713
5845.0,0.0625180693810341
5850.0,0.047227159923138494
5855.0,0.028137993055463932
5860.0,0.03378515801312693
5865.0,0.034767392374408304
5870.0,0.03675680425173258
5875.0,0.015274742192716292
5880.0,-0.017975147898539996
5885.0,-0.01090063427488826
5890.0,-0.012226961007500472
5895.0,-0.03640938770544841
5900.0,-0.03278094104963014
5905.0,-0.04169402727456238
5910.0,-0.05142175925261577
5915.0,-0.043518068398858384
5920.0,-0.056539850565478805
5925.0,-0.07469704326527775
5930.0,-0.07188066869215799
5935.0,-0.08364208708766131
5940.0,-0.08721870283721482
5945.0,-0.04025134150271108
5950.0,-0.10732858814798872
5955.0,-0.07779418114563882
5960.0,-0.08897585443982466
5965.0,-0.1279374903485379
5970.0,-0.10944898064183871
5975.0,-0.13460800564817052
5980.0,-0.13008415161099163
5985.0,-0.10907409769053421
5990.0,-0.14011073197742874
5995.0,-0.12748254449330368
6000.0,-0.1528210278585207
6005.0,-0.12666278301869446
6010.0,-0.148616613473903
6015.0,-0.15405342823416848
6020.0,-0.17064219920029497
6025.0,-0.15948348381597038
6030.0,-0.15973045353410134
6035.0,-0.15882444456906264
6040.0,-0.13204356521955282
6045.0,-0.13753541038439243
6050.0,-0.12679643851410272
6055.0,-0.15642988776463373
6060.0,-0.17453686802605042
6065.0,-0.17216473007944047
6070.0,-0.17153573993926086
6075.0,-0.14906515208715523
6080.0,-0.15870820643716643
6085.0,-0.14593919901016944
6090.0,-0.14610030576246696
6095.0,-0.12662114381467984
6100.0,-0.13773475971074722
6105.0,-0.12846332086704218
6110.0,-0.1282340130998603
6115.0,-0.12765265607052562
6120.0,-0.1316072490084006
6125.0,-0.12396497562566754
6130.0,-0.1394715122808773
6135.0,-0.11288712863911035
6140.0,-0.1317722234911948
6145.0,-0.08678581527647794
6150.0,-0.10931376701907738
6155.0,-0.08657067164639962
6160.0,-0.0946705788900309
6165.0,-0.05065629353373989
6170.0,-0.07632954080694435
6175.0,-0.03327059171698796
6180.0,-0.05717735930300941
6185.0,-0.0449643979720465
6190.0,-0.03030682040313235
6195.0,-0.0440154537674695
6200.0,-0.030923469726211576
6205.0,-0.01460064199807541
6210.0,-0.04280181178872643
6215.0,-0.017116307964712016
6220.0,-0.043196763391082
6225.0,-0.00032435825676593345
6230.0,0.005611038347854292
6235.0,0.011843876868245019
6240.0,0.08646076231439936
6245.0,0.38253705689165757
6250.0,0.9867404324489182
6255.0,1.8725581275389775
6260.0,2.347410683693264
6265.0,1.9954842739582674
6270.0,1.1105533896293247
6275.0,0.436070790841345
6280.0,0.15352020007949913
6285.0,0.08085071659348826
6290.0,0.09355916286393065
6295.0,0.12750036911003232
6300.0,0.06614431743330486
6305.0,0.10809812756447178
6310.0,0.10230338659867869
6315.0,0.08305492931967408
6320.0,0.11725475587437262
6325.0,0.14274153885741173
6330.0,0.10588511063504258
6335.0,0.13847911900995996
6340.0,0.16166568284418376
6345.0,0.13194036625099487
6350.0,0.11006579538355606
6355.0,0.13993428799057922
6360.0,0.137698407146056
6365.0,0.1430182709297515
6370.0,0.12335931978856522
6375.0,0.15246714305634518
6380.0,0.16672732829064968
6385.0,0.1068566659988398
6390.0,0.16230789968007425
6395.0,0.1697447951506339
6400.0,0.12350230951081106
6405.0,0.14096875066120967
6410.0,0.12144979063197575
6415.0,0.15666372084350727
6420.0,0.1409894247019124
6425.0,0.12186292320592276
6430.0,0.12023753598264286
6435.0,0.1530899283742865
6440.0,0.17734371648027172
6445.0,0.12294420864033863
6450.0,0.11148993375440519
6455.0,0.11832657635328454
6460.0,0.1257265514432206
6465.0,0.10814811446021129
6470.0,0.11283916121125011
6475.0,0.12980977034660426
6480.0,0.11971655732942026
6485.0,0.11580267542990288
6490.0,0.0972208419620508
6495.0,0.09933637236670997
6500.0,0.11778870056192411
6505.0,0.06370479555128589
6510.0,0.0775426068403305
6515.0,0.06073112928100419
6520.0,0.03942125482439629
6525.0,0.05987796071530826
6530.0,0.03575007451714968
6535.0,0.055565727481780854
6540.0,0.028110129530486028
6545.0,0.0166083119547376
6550.0,0.022025933501702115
6555.0,0.021508541455292803
6560.0,0.004477895755557067
6565.0,-0.000314922940054078
6570.0,-0.02633555393914351
6575.0,-0.012259491362965428
6580.0,-0.02006256603737153
6585.0,-0.038517581237559904
6590.0,-0.055149354483225714
6595.0,-0.028137831013162404
6600.0,-0.020336214381797814
6605.0,-0.03242566436187069
6610.0,-0.06199061713899099
6615.0,-0.05554443761394162
6620.0,-0.08331549211352274
6625.0,-0.08425328538822557
6630.0,-0.08155917862155794
6635.0,-0.08063536765433571
6640.0,-0.07607914155931284
6645.0,-0.09367302905162346
6650.0,-0.09578884594700958
6655.0,-0.11841148658920328
6660.0,-0.10086019331400553
6665.0,-0.08664956134812198
6670.0,-0.11448503503999835
6675.0,-0.10975965006766583
6680.0,-0.13575619907733708
6685.0,-0.11710073677433765
6690.0,-0.1460987981148503
6695.0,-0.14202742334937907
6700.0,-0.13086286769288574
6705.0,-0.12339122960174073
6710.0,-0.127309243079285
6715.0,-0.13311166803267607
6720.0,-0.16753870599006815
6725.0,-0.1629089988129426
6730.0,-0.1534183199137803
6735.0,-0.1346310666292249
6740.0,-0.15425031708994727
6745.0,-0.13847977445132106
6750.0,-0.14296792293811597
6755.0,-0.13666644586807494
6760.0,-0.16790865988115172
6765.0,-0.13383134995073623
6770.0,-0.14541758629079757
6775.0,-0.13493017438341318
6780.0,-0.1298341403751823
6785.0,-0.1364577661616802
6790.0,-0.14180022626678296
6795.0,-0.14465977783140788
6800.0,-0.09600637131867698
6805.0,-0.14051085808655703
6810.0,-0.10742242342973057
6815.0,-0.10740263170330988
6820.0,-0.09305988253387407
6825.0,-0.08893368774730934
6830.0,-0.113634484011852
6835.0,-0.09022872896909957
6840.0,-0.08868136194062168
6845.0,-0.06177728177303464
6850.0,-0.0766113918778301
6855.0,-0.06961402620889187
6860.0,-0.05649675619448666
6865.0,-0.0789973398407794
6870.0,-0.07862033737328174
6875.0,-0.03650551972636123
6880.0,-0.052002849086312315
6885.0,-0.07972662273638467
6890.0,-0.031186504265128062
6895.0,-0.024238857435077782
6900.0,-0.02124328489884573
6905.0,0.00759461390164411
6910.0,-0.01214066974538448
6915.0,-0.004674804099312467
6920.0,0.013145092333379932
6925.0,0.020595495099828373
6930.0,0.056926635536481626
6935.0,-0.0002206690715116505
6940.0,0.062194202722628975
6945.0,0.013697362707433214
6950.0,0.057870152788722595
6955.0,0.046458612794439
6960.0,0.03728383135521042
6965.0,0.08852942640465832
6970.0,0.09400638306558652
6975.0,0.11279674525669157
6980.0,0.07494231438081543
6985.0,0.08608421559197282
6990.0,0.11117122752386552
6995.0,0.09453033566611571
7000.0,0.13392313175083548
7005.0,0.09891109329696508
7010.0,0.1292538915284585
7015.0,0.09631060135813252
7020.0,0.14161304274098402
7025.0,0.13023437079961195
7030.0,0.12590802070937795
7035.0,0.12028045078829942
7040.0,0.11106293805961029
7045.0,0.12342494169439491
7050.0,0.1433497602533995
7055.0,0.15498268962331035
7060.0,0.15294091582181485
7065.0,0.16548913336890947
7070.0,0.1355022484311516
7075.0,0.15828209891992287
7080.0,0.14463268137818933
7085.0,0.16833697162349945
7090.0,0.14741101540771243
7095.0,0.14182884779322394
7100.0,0.1599740484794594
7105.0,0.1613334279835089
7110.0,0.17876343688298638
7115.0,0.11515932448113224
7120.0,0.1384134723480684
7125.0,0.14117468788012794
7130.0,0.1094213729725413
7135.0,0.16789808958549468
7140.0,0.24573645612372044
7145.0,0.6199885487742466
7150.0,1.4076342541620392
7155.0,2.224945147462467
7160.0,2.3843182136077936
7165.0,1.691618476392527
7170.0,0.8226853109417435
7175.0,0.34175259237085975
7180.0,0.10476363766444882
7185.0,0.06234696443268964
7190.0,0.06591133317660577
7195.0,0.07940449382924057
7200.0,0.05775871067150543
7205.0,0.05652083287682666
7210.0,0.07672273354886075
7215.0,0.0701576298319957
7220.0,0.056120906515126266
7225.0,0.04351265991410751
7230.0,0.029598028032570077
7235.0,0.02882844824783933
7240.0,0.04082974383084102
7245.0,0.012091869312288322
7250.0,1.5970911657883433e-05
7255.0,-0.0022379619704624297
7260.0,-0.0060973336642582456
7265.0,-0.03415368636946675
7270.0,-0.014946550531389826
7275.0,-0.019381273595517355
7280.0,-0.013200076669258157
7285.0,-0.050281074510206705
7290.0,-0.029984860061514167
7295.0,-0.07770719253161774
7300.0,-0.07074912946957772
7305.0,-0.050806385184103686
7310.0,-0.07246523534242925
7315.0,-0.09488954792492577
7320.0,-0.05398576130020746
7325.0,-0.06196290508738767
7330.0,-0.10314974760044014
7335.0,-0.10601480114281335
7340.0,-0.10051915056822992
7345.0,-0.09865753190678883
7350.0,-0.10358281024183932
7355.0,-0.09307336637303697
7360.0,-0.11314356949118318
7365.0,-0.1360745389904663
7370.0,-0.12246381483100163
7375.0,-0.13584630100151632
7380.0,-0.14405697210383195
7385.0,-0.1491007326427988
7390.0,-0.1417908330638036
7395.0,-0.12328029911983227
7400.0,-0.13597116292498918
7405.0,-0.11923479539138207
7410.0,-0.13444452315150446
7415.0,-0.12044941878742665
7420.0,-0.1423539018685356
7425.0,-0.1553920073804156
7430.0,-0.14911199465816707
7435.0,-0.15950576969689317
7440.0,-0.13352731950800464
7445.0,-0.1546486263940312
7450.0,-0.139854280680735
7455.0,-0.13872192061346147
7460.0,-0.1200669816304864
7465.0,-0.14798703293017829
7470.0,-0.13532484122806268
7475.0,-0.16212491077795588
7480.0,-0.1177593632804575
7485.0,-0.097170862518942
7490.0,-0.1120739800146053
7495.0,-0.12550349254296697
7500.0,-0.12655306806408925
7505.0,-0.10687924419335434
7510.0,-0.14421144661504395
7515.0,-0.08960264990587727
7520.0,-0.09434736966562443
7525.0,-0.09978569934782268
7530.0,-0.10334545421909644
7535.0,-0.07118802617078017
7540.0,-0.08140221034922808
7545.0,-0.07585052986592704
7550.0,-0.06798203128326916
7555.0,-0.05973668006101469
7560.0,-0.04961738358650509
7565.0,-0.027456551290000682
7570.0,-0.04192437322830936
7575.0,-0.061568764138970986
7580.0,-0.031214183773419023
7585.0,-0.030008139314865834
7590.0,-0.03689903306484971
7595.0,-0.02522251553947962
7600.0,-0.01597060499867883
7605.0,0.024761138627367008
7610.0,0.00266946748791544
7615.0,0.009951805583751978
7620.0,-0.00819829679064335
7625.0,0.04400561960350527
7630.0,0.01195689300864046
7635.0,0.04666200874815535
7640.0,0.039159744121129623
7645.0,0.05034997825059602
7650.0,0.06699098600249856
7655.0,0.0772403823184499
7660.0,0.09009775128452527
7665.0,0.06768208923656678
7670.0,0.08425789993361908
7675.0,0.10110472486871949
7680.0,0.08917200468794129
7685.0,0.1041530753862853
7690.0,0.11663022953419357
7695.0,0.10451943105255258
7700.0,0.11276102877145314
7705.0,0.09637645264209084
7710.0,0.11990680744442721
7715.0,0.13002939068410937
7720.0,0.13666673688938757
7725.0,0.12843410558606552
7730.0,0.13592056233928612
7735.0,0.12186116314710377
7740.0,0.13678184251617836
7745.0,0.117957359488556
7750.0,0.15188189656476905
7755.0,0.15609215195152126
7760.0,0.11550719986914926
7765.0,0.1330430736532342
7770.0,0.12578426670551981
7775.0,0.16182604068692485
7780.0,0.1672195463138756
7785.0,0.16132918253272954
7790.0,0.15591898015541328
7795.0,0.15090300551866298
7800.0,0.13351651676791643
7805.0,0.12826989403706573
7810.0,0.1523390389711999
7815.0,0.13644704904261384
7820.0,0.13466122535068484
7825.0,0.1127948477538486
7830.0,0.15894967548029185
7835.0,0.14752546728496224
7840.0,0.13217646997056834
7845.0,0.10727595152022364
7850.0,0.12558057163931097
7855.0,0.12940128669572992
7860.0,0.11563688552311463
7865.0,0.09774798959557365
7870.0,0.1006261849690159
7875.0,0.08320801547719807
7880.0,0.07050517790870936
7885.0,0.09314957172997265
7890.0,0.07182800309609473
7895.0,0.06288983717347232
7900.0,0.045793635501663495
7905.0,0.03988607320212777
7910.0,0.05462258671362963
7915.0,0.0554920962487884
7920.0,0.02127472550090726
7925.0,0.0093457426815024
7930.0,0.04090875822059874
7935.0,0.011977067480933724
7940.0,0.020954465213200497
7945.0,0.00747000088510212
7950.0,0.004628288975139784
7955.0,-0.008863902195661123
7960.0,-0.02489598254469925
7965.0,-0.04076607084915805
7970.0,-0.00208680882344546
7975.0,-0.02394895104114339
7980.0,-0.05509068564661962
7985.0,-0.07275499947355439
7990.0,-0.06889374828454022
7995.0,-0.08803953180752291
8000.0,-0.06883559438766973
8005.0,-0.05831180169403473
8010.0,-0.08279269480999456
8015.0,-0.10152877833210253
8020.0,-0.0559680543089443
8025.0,0.06778955004596424
8030.0,0.4907913425063172
8035.0,1.2521311259982537
8040.0,2.0310404788704863
8045.0,2.0879529531939407
8050.0,1.362157094439097
8055.0,0.5755471744028069
8060.0,0.06635522976379549
8065.0,-0.09993216149105383
8070.0,-0.1361666795196459
8075.0,-0.18320226006118115
8080.0,-0.1253511372021947
8085.0,-0.1454255836160823
8090.0,-0.13807082319657427
8095.0,-0.12973649882134777
8100.0,-0.14083526730037646
8105.0,-0.15827288114194063
8110.0,-0.15878397367357303
8115.0,-0.1423797474383746
8120.0,-0.15371255345377963
8125.0,-0.164101256803275
8130.0,-0.14494838685930617
8135.0,-0.14845890561418607
8140.0,-0.1396396453481853
8145.0,-0.12757539860468245
8150.0,-0.14927201103613952
8155.0,-0.1301781083005024
8160.0,-0.13034818423429476
8165.0,-0.15317008519632705
8170.0,-0.1384493085888705
8175.0,-0.12399674456990686
8180.0,-0.1320946961904733
8185.0,-0.13098691692965114
8190.0,-0.12381298994417583
8195.0,-0.08501137164676177
8200.0,-0.1081839238846714
8205.0,-0.11377051447327514
8210.0,-0.08798225934243877
8215.0,-0.09577360776878754
8220.0,-0.10878710465496233
8225.0,-0.07739328826793496
8230.0,-0.06884682217376217
8235.0,-0.07636936302166035
8240.0,-0.07014542375704907
8245.0,-0.07710439833558383
8250.0,-0.07449747654621494
8255.0,-0.040890561566465006
8260.0,-0.039756697563351755
8265.0,-0.04831551123612707
8270.0,-0.03625917697006204
8275.0,-0.02196439988219758
8280.0,-0.028555439510010123
8285.0,0.02853092866036549
8290.0,0.010279030498551073
8295.0,0.002791107493384673
8300.0,-0.00485062424925951
8305.0,0.030588609842857502
8310.0,0.016753021561747655
8315.0,0.04865570978204377
8320.0,0.02374525191941073
8325.0,0.05009063577199622
8330.0,0.01167873656587965
8335.0,0.060231315764207816
8340.0,0.05740203088839673
8345.0,0.06041276823936471
8350.0,0.049917782573492095
8355.0,0.06844508738804292
8360.0,0.07338741988354067
8365.0,0.10907580324576838
8370.0,0.0838708514946122
8375.0,0.08728843621905158
8380.0,0.09776149285936317
8385.0,0.1350281257784912
8390.0,0.12369189628516865
8395.0,0.11529211270531314
8400.0,0.12623107049905985
8405.0,0.13187629366792686
8410.0,0.15234125178516125
8415.0,0.13401987034733734
8420.0,0.1197333523216863
8425.0,0.13757284910396994
8430.0,0.1323479694820156
8435.0,0.13207325745617723
8440.0,0.15329307057178668
8445.0,0.1503973917780291
8450.0,0.14582128351496543
8455.0,0.13545431153473936
8460.0,0.17261242661585158
8465.0,0.17469481184377972
8470.0,0.1625795167672262
8475.0,0.18628033365150468
8480.0,0.16070031016130437
8485.0,0.15982543862926846
8490.0,0.12430345300491655
8495.0,0.1579576340403774
8500.0,0.12920555429214067
8505.0,0.13533776708591128
8510.0,0.1156074420085911
8515.0,0.12775890618150307
8520.0,0.11949168996024548
8525.0,0.09739420039461485
8530.0,0.14142826758293148
8535.0,0.11973076260014072
8540.0,0.08434028545471278
8545.0,0.12867577835279886
8550.0,0.10427813536088243
8555.0,0.12673131057888606
8560.0,0.10929155025623742
8565.0,0.0932139809787294
8570.0,0.12217356717051092
8575.0,0.07681793241872786
8580.0,0.08181988971178701
8585.0,0.09608419354334499
8590.0,0.07952935639268342
8595.0,0.059518308899351995
8600.0,0.05309037007379887
8605.0,0.039181994144490286
8610.0,0.029678428726131363
8615.0,0.02961861751945576
8620.0,0.05456805950118064
8625.0,0.030285395652704602
8630.0,0.02646301206907671
8635.0,0.006572164973449853
8640.0,-0.00017324967737207737
8645.0,-0.01399161626038782
8650.0,-0.039891043736593065
8655.0,-0.005042632464231828
8660.0,-0.03676777767786497
8665.0,-0.02028702956963177
8670.0,-0.048147759839876625
8675.0,-0.04675207275397911
8680.0,-0.043301962704228425
8685.0,-0.054965878439583685
8690.0,-0.08077465127185836
8695.0,-0.07715679858952829
8700.0,-0.0877096219435406
8705.0,-0.07349394781526308
8710.0,-0.07235958697259776
8715.0,-0.07496271342580052
8720.0,-0.09383668548818425
8725.0,-0.10127415961420376
8730.0,-0.11597626510003943
8735.0,-0.11006051809433857
8740.0,-0.13115473744277573
8745.0,-0.12988625974480322
8750.0,-0.14763137190120873
8755.0,-0.13449199943077814
8760.0,-0.13628429614772505
8765.0,-0.13658661894749707
8770.0,-0.17171815671148882
8775.0,-0.1333121738505663
8780.0,-0.12973944225760645
8785.0,-0.1183439805663809
8790.0,-0.1736319698993616
8795.0,-0.1409003115092927
8800.0,-0.1568394198713585
8805.0,-0.17324294067565885
8810.0,-0.10834780324245506
8815.0,-0.14709112690560544
8820.0,-0.14511790970739225
8825.0,-0.1661271896768075
8830.0,-0.15837704138021952
8835.0,-0.12526269562810677
8840.0,-0.14279025588906868
8845.0,-0.16859636991404758
8850.0,-0.13030208538316182
8855.0,-0.14245453270982517
8860.0,-0.15865256400810632
8865.0,-0.12793334218089825
8870.0,-0.1349167945381796
8875.0,-0.13380445395038174
8880.0,-0.10481254739351771
8885.0,-0.11303058110458788
8890.0,-0.09234696038974574
8895.0,0.14294959319307288
8900.0,0.6896186966324398
8905.0,1.5360558716942772
8910.0,2.157781607308667
8915.0,1.9878929701398758
8920.0,1.1260202829762183
8925.0,0.41136546033644444
8930.0,0.06793371758109967
8935.0,-0.022244330794415918
8940.0,-0.06209387655498975
8945.0,-0.043232003512139926
8950.0,-0.08488131778536694
8955.0,-0.04154114659540416
8960.0,-0.04014742915746378
8965.0,-0.026473608894723968
8970.0,-0.02704117437075223
8975.0,-0.01687136617780389
8980.0,0.0011806165266331622
8985.0,0.021578227498033897
8990.0,0.015583433357039794
8995.0,0.03278315319270224
9000.0,-0.0014791903131712754
9005.0,0.04122920740296909
9010.0,0.0349451950718332
9015.0,0.012544995871434147
9020.0,0.05178202558879957
9025.0,0.03675782650277262
9030.0,0.07217221687252637
9035.0,0.08032408672411137
9040.0,0.05210091899595968
9045.0,0.09505716435045851
9050.0,0.0817323691723761
9055.0,0.08701103654671871
9060.0,0.09807879337184787
9065.0,0.0683945944147844
9070.0,0.12445126989862645
9075.0,0.1345257115972212
9080.0,0.13354777619126793
9085.0,0.13996297798058738
9090.0,0.12449256272687363
9095.0,0.12541549812817057
9100.0,0.11543412685108259
9105.0,0.1466195500289198
9110.0,0.15116778096808697
9115.0,0.1360288251304716
9120.0,0.13717489341088537
9125.0,0.1285327828592022
9130.0,0.13960078596379935
9135.0,0.15458447000588768
9140.0,0.14732125599285578
9145.0,0.14797358488087775
9150.0,0.13832843708634981
9155.0,0.13511498424650867
9160.0,0.17513259987399243
9165.0,0.1873024778410162
9170.0,0.16495126322385806
9175.0,0.1705904203350011
9180.0,0.14937712096202715
9185.0,0.1590102792373194
9190.0,0.14340559594580674
9195.0,0.11849239431221387
9200.0,0.13124602024121765
9205.0,0.12184709275669747
9210.0,0.12359076219877495
9215.0,0.14672997488029993
9220.0,0.11589960839300799
9225.0,0.14381920015649316
9230.0,0.10111382399935968
9235.0,0.10477123945117672
9240.0,0.1053889816351743
9245.0,0.09718948301917063
9250.0,0.0923973286943921
9255.0,0.08926003456950911
9260.0,0.08797022491770186
9265.0,0.0977840913841211
9270.0,0.08838211150440654
9275.0,0.025971790432884945
9280.0,0.08727877850328222
9285.0,0.0897098460639702
9290.0,0.06421174862860389
9295.0,0.022373638782575162
9300.0,0.03319185406641743
9305.0,0.04754925724428444
9310.0,0.056395485848621585
9315.0,0.0010085385454451541
9320.0,0.026220389871037995
9325.0,0.020099028719737327
9330.0,-0.00813785321652421
9335.0,-0.0097931636161986
9340.0,-0.016847041884672943
9345.0,-0.01712881619410309
9350.0,-0.03671206195168661
9355.0,-0.02705918207942804
9360.0,-0.04741291009244285
9365.0,-0.05848365759275996
9370.0,-0.07790750904995059
9375.0,-0.028209636011647485
9380.0,-0.08666185136332014
9385.0,-0.05915114104396149
9390.0,-0.0882068889602207
9395.0,-0.11029601848527623
9400.0,-0.09115651729619287
9405.0,-0.13688384704922907
9410.0,-0.0997441551776945
9415.0,-0.10621078256228456
9420.0,-0.09619999219865213
9425.0,-0.1287327402341736
9430.0,-0.12706699074314115
9435.0,-0.10567326053329074
9440.0,-0.1294546968983701
9445.0,-0.13038545188015102
9450.0,-0.11547022603716625
9455.0,-0.1214304848255596
9460.0,-0.1433961798660321
9465.0,-0.14642682133568624
9470.0,-0.13736993017511243
9475.0,-0.15101477903294683
9480.0,-0.18097846212788943
9485.0,-0.15891338796059018
9490.0,-0.15572273818357588
9495.0,-0.15443090473895313
9500.0,-0.1204787195730283
9505.0,-0.18132375999453543
9510.0,-0.14972013198722334
9515.0,-0.13232603869427328
9520.0,-0.15955084215230592
9525.0,-0.14133265581436685
9530.0,-0.15805650740893976
9535.0,-0.14548581918757833
9540.0,-0.1592783028349689
9545.0,-0.1478098606838034
9550.0,-0.13595700813408038
9555.0,-0.1369998708779494
9560.0,-0.12298573001592762
9565.0,-0.1282467685553385
9570.0,-0.11103719097067577
9575.0,-0.11679142794241348
9580.0,-0.13719451750340705
9585.0,-0.12235787842321091
9590.0,-0.0878500349766338
9595.0,-0.08877224445812837
9600.0,-0.10838739172961201
9605.0,-0.102151347848032
9610.0,-0.07676339642945898
9615.0,-0.10221367082422708
9620.0,-0.07395120084655837
9625.0,-0.07512677407109201
9630.0,-0.06155852117571126
9635.0,-0.03947029196741478
9640.0,-0.0408827223523194
9645.0,-0.021148692601767712
9650.0,-0.029478897794893887
9655.0,-0.03401157587857775
9660.0,-0.046955767073016
9665.0,-0.010073743836531803
9670.0,-0.021741697486187952
9675.0,-0.006173554776341218
9680.0,0.009938449605594991
9685.0,0.025678123605372166
9690.0,0.0009461773295355858
9695.0,0.029428773572958616
9700.0,0.015840795645728063
9705.0,0.0626512301145727
9710.0,0.0364268075673579
9715.0,0.06871098436110457
9720.0,0.05374452598530643
9725.0,0.066247467556088
9730.0,0.056764374807675225
9735.0,0.07743087878077914
9740.0,0.11605383512790172
9745.0,0.2764648287739875
9750.0,0.6739823702459454
9755.0,1.4711679953562555
9760.0,2.2461112497937434
9765.0,2.3335773312056673
9770.0,1.6039505291730123
9775.0,0.7719044691778191
9780.0,0.31854745393848877
9785.0,0.15890893935469685
9790.0,0.1324398802445085
9795.0,0.10931532150163974
9800.0,0.1126675831812532
9805.0,0.13301282067557468
9810.0,0.13008095007966833
9815.0,0.13749955542494732
9820.0,0.13377138916839196
9825.0,0.1610541917660734
9830.0,0.1495614314314851
9835.0,0.14795000088119978
9840.0,0.1721127833073601
9845.0,0.16345627851381203
9850.0,0.15183820959969432
9855.0,0.14202734411637594
9860.0,0.15819057991360455
9865.0,0.14381703493985298
9870.0,0.1474452602304901
9875.0,0.15556219072064548
9880.0,0.14016099807861493
9885.0,0.12164431307883394
9890.0,0.14057012855169973
9895.0,0.13389661343542275
9900.0,0.16731122751245475
9905.0,0.12169531718040305
9910.0,0.13332058513144796
9915.0,0.1056221455853283
9920.0,0.11977460429339053
9925.0,0.12366538407347727
9930.0,0.12555033715300426
9935.0,0.1223078145983143
9940.0,0.08271192545869342
9945.0,0.1078920930917279
9950.0,0.10276062527965364
9955.0,0.10027282522342412
9960.0,0.09640064256144759
9965.0,0.08616969192974121
9970.0,0.06934002051291764
9975.0,0.0573761590424325
9980.0,0.057712404058312586
9985.0,0.06837066048954875
9990.0,0.0334833866933298
9995.0,0.048202762883138045
10000.0,0.04250173586503562
10005.0,0.01813739158228683
10010.0,-0.009949529572758329
10015.0,-0.0022774001982072637
10020.0,0.038100982342528115
10025.0,-0.015243776162000702
10030.0,-0.008647425438895084
10035.0,-0.021285733185751783
10040.0,-0.0055026705027061175
10045.0,-0.02439324666585895
10050.0,-0.06095139244479141
10055.0,-0.04882492655789916
10060.0,-0.056138164664945776
10065.0,-0.03937867919236937
10070.0,-0.08121158420951059
10075.0,-0.07464132221385832
10080.0,-0.07438464533385411
10085.0,-0.08897776519642267
10090.0,-0.0786630607984884
10095.0,-0.12451118228764485
10100.0,-0.10520174187233378
10105.0,-0.11115810173579435
10110.0,-0.09288392116065469
10115.0,-0.08750568738958867
10120.0,-0.11874395145092184
10125.0,-0.09808586140074002
10130.0,-0.12356723181238695
10135.0,-0.13565867753857577
10140.0,-0.1650213061810562
10145.0,-0.15135597288879424
10150.0,-0.14156755617870165
10155.0,-0.14105939943085208
10160.0,-0.12704878316520574
10165.0,-0.09963118213221993
10170.0,-0.12442235023428865
10175.0,-0.12098882679229528
10180.0,-0.15585148162532178
10185.0,-0.14326434588813824
10190.0,-0.14861031749352965
10195.0,-0.1434166906158788
10200.0,-0.17582017653878507
10205.0,-0.15779531606213293
10210.0,-0.14185941623028975
10215.0,-0.1532496411073329
10220.0,-0.12391651256461537
10225.0,-0.12960707906413999
10230.0,-0.12685614531105463
10235.0,-0.13403134398331956
10240.0,-0.143297447669229
10245.0,-0.14786049467928086
10250.0,-0.1378962431549224
10255.0,-0.13302579221098157
10260.0,-0.10210935787026926
10265.0,-0.12473609914164512
10270.0,-0.13923446848143312
10275.0,-0.11743734882277519
10280.0,-0.09318658598634702
10285.0,-0.1330353226385487
10290.0,-0.0852129208596677
10295.0,-0.10295763351151517
10300.0,-0.07425189444751186
10305.0,-0.0766718932329531
10310.0,-0.09186745071800256
10315.0,-0.08000695872578388
10320.0,-0.05688706042366427
10325.0,-0.03104144782525505
10330.0,-0.06090360990792339
10335.0,-0.06244659189455896
10340.0,-0.014423868449767393
10345.0,-0.031226613504260908
10350.0,-0.016636853099475782
10355.0,-0.04094720336406946
10360.0,-0.00929711998818015
10365.0,0.01515827012183463
10370.0,-0.014676292562660846
10375.0,0.05256149888463847
10380.0,0.007828959535612419
10385.0,0.019924700607739796
10390.0,0.02463227823605632
10395.0,0.06122732864052832
10400.0,0.0520232944946441
10405.0,0.08790602018700257
10410.0,0.05971597156180977
10415.0,0.05564335485638653
10420.0,0.09222402972652158
10425.0,0.07458793702383096
10430.0,0.09078302295160728
10435.0,0.09091899110188374
10440.0,0.08582778882788968
10445.0,0.10278845026336152
10450.0,0.09312641248412941
10455.0,0.10721155970923107
10460.0,0.09834180982361979
10465.0,0.1191584781416041
10470.0,0.13037278195889634
10475.0,0.12165648220480875
10480.0,0.15470371171192981
10485.0,0.14497050105504455
10490.0,0.1170225185698376
10495.0,0.11758448208495256
10500.0,0.12998162545019787
10505.0,0.1382919752101363
10510.0,0.14447031061579346
10515.0,0.11593640840342295
10520.0,0.12940255051398167
10525.0,0.1657036397070834
10530.0,0.15847841549613836
10535.0,0.15945666694311822
10540.0,0.13607097814865643
10545.0,0.17411038601200515
10550.0,0.1785814097597102
10555.0,0.1199306713449875
10560.0,0.13275123139435593
10565.0,0.14343637501790474
10570.0,0.15442562913319913
10575.0,0.14604187334897833
10580.0,0.28811720774590605
10585.0,0.6485216403904028
10590.0,1.429939833937218
10595.0,2.233340323468611
10600.0,2.3891190222997194
10605.0,1.712109573017446
10610.0,0.8523083819772956
10615.0,0.3477702313896993
10620.0,0.13442464686856917
10625.0,0.10618892360039929
10630.0,0.09911302361908379
10635.0,0.08566938567170782
10640.0,0.10902742608752447
10645.0,0.09260575088641529
10650.0,0.06512839536147631
10655.0,0.07853466296320159
10660.0,0.04027540276716573
10665.0,0.08358359482971019
10670.0,0.07489856427267035
10675.0,0.04753274072943421
10680.0,0.047249732400086744
10685.0,0.058637365459679944
10690.0,0.05730033796650452
10695.0,0.03638436137888782
10700.0,0.01768310728263377
10705.0,0.0015698038693591262
10710.0,0.024927241054934823
10715.0,-0.01938929330705061
10720.0,-0.020604288260154494
10725.0,0.019240844202133584
10730.0,0.010438402769724322
10735.0,-0.07043630088754288
10740.0,-0.04191232793579984
10745.0,-0.03509647818407632
10750.0,-0.05158968561532317
10755.0,-0.08403134838410282
10760.0,-0.047725147539490566
10765.0,-0.06565056273674526
10770.0,-0.06530630080303235
10775.0,-0.08525156936641456
10780.0,-0.07843580505743314
10785.0,-0.10928571426745826
10790.0,-0.04949433791331062
10795.0,-0.09626692228971176
10800.0,-0.10138193092189006
10805.0,-0.09201630740385203
10810.0,-0.13550802767635894
10815.0,-0.11978012858356554
10820.0,-0.14655314428713737
10825.0,-0.13347593850473882
10830.0,-0.10062541524757955
10835.0,-0.1492382356130849
10840.0,-0.1513557650657072
10845.0,-0.12224129315310144
10850.0,-0.14703970080812312
10855.0,-0.17230865761676858
10860.0,-0.1413656249904415
10865.0,-0.1536584537003992
10870.0,-0.14431724560463005
10875.0,-0.12184551269175278
10880.0,-0.15313314430219765
10885.0,-0.12290266204582793
10890.0,-0.15104724607532488
10895.0,-0.15265767580509756
10900.0,-0.13012329309830362
10905.0,-0.1394124107532347
10910.0,-0.1420965882756277
10915.0,-0.15885215994283106
10920.0,-0.11979963643545896
10925.0,-0.14064548982995542
10930.0,-0.16923523120985465
10935.0,-0.15308539474892038
10940.0,-0.11465177823758071
10945.0,-0.1030821644846853
10950.0,-0.13004943173644898
10955.0,-0.11398315881564648
10960.0,-0.13087071838770864
10965.0,-0.11782057392289637
10970.0,-0.10798280321829348
10975.0,-0.09547109314006463
10980.0,-0.10524916104352612
10985.0,-0.10051162646012886
10990.0,-0.07168704509021316
10995.0,-0.0682583514444474
11000.0,-0.08972167893538283
11005.0,-0.09176702474767927
11010.0,-0.07891109491776503
11015.0,-0.057544973948412105
11020.0,-0.036109114128191996
11025.0,-0.047834774105032896
11030.0,-0.03308398730415171
11035.0,-0.03170782972975031
11040.0,-0.030546669432073792
11045.0,-0.018137033569968236
11050.0,0.007376537975914478
11055.0,-9.812042567312277e-05
11060.0,-0.015479208731765906
11065.0,0.02397967094059269
11070.0,0.024460825320038106
11075.0,0.01848996459281445
11080.0,0.03278895960657114
11085.0,0.02670090240424306
11090.0,0.03779650002274984
11095.0,0.04666160468708005
11100.0,0.05474862694129927
11105.0,0.047471722418919775
11110.0,0.08533192833098074
11115.0,0.06700997559867278
11120.0,0.05909814028055015
11125.0,0.10760042838723369
11130.0,0.08829345394620997
11135.0,0.10228685575688093
11140.0,0.09522655343958336
11145.0,0.10644219187492364
11150.0,0.11645152185721122
11155.0,0.0874027703347483
11160.0,0.10806458436855355
11165.0,0.1227870440705117
11170.0,0.1396346270237221
11175.0,0.16824251598205708
11180.0,0.12772517328959213
11185.0,0.15844363164247408
11190.0,0.11585545448164089
11195.0,0.1316243039775268
11200.0,0.1307435511140266
11205.0,0.15158893449772354
11210.0,0.14637011015070137
11215.0,0.16303369332375198
11220.0,0.17433586640426346
11225.0,0.12947466514620218
11230.0,0.15046542233203591
11235.0,0.1652518524608713
11240.0,0.12785105358820809
11245.0,0.16125889197526347
11250.0,0.147426849371946
11255.0,0.14501001970641336
11260.0,0.10834928451960325
11265.0,0.13067157897767695
11270.0,0.13722498011244635
11275.0,0.14861744379146744
11280.0,0.16569827862509764
11285.0,0.1403484374347776
11290.0,0.14427281199781317
11295.0,0.09315634035808551
11300.0,0.13669219249366157
11305.0,0.1297327355142562
11310.0,0.09774423255482893
11315.0,0.10495595036250494
11320.0,0.08580892821663917
11325.0,0.08772403384470054
11330.0,0.07667374849090128
11335.0,0.07689935715955283
11340.0,0.05925197202383717
11345.0,0.07307133592007928
11350.0,0.07169854491518432
11355.0,0.05579375376922318
11360.0,0.04729742383283898
11365.0,0.05401080768935309
11370.0,0.050472656246407045
11375.0,0.01758627126757018
11380.0,0.03516752054234058
11385.0,0.028015650096707964
11390.0,0.04241045299267666
11395.0,0.011264610574502931
11400.0,0.062477611964859486
11405.0,0.3210630778828136
11410.0,0.9329513755800571
11415.0,1.7830067665304026
11420.0,2.2820185826924786
11425.0,1.8969082376871431
11430.0,1.020654464630367
11435.0,0.3394694685136718
11440.0,0.06731821419633646
11445.0,-0.053327537535945185
11450.0,-0.11244349059337819
11455.0,-0.05951807563624088
11460.0,-0.07807883777092485
11465.0,-0.04785269582943681
11470.0,-0.07035628629457912
11475.0,-0.0701629232383776
11480.0,-0.10190718124457043
11485.0,-0.11609497153569098
11490.0,-0.09782763720490754
11495.0,-0.10124974695998121
11500.0,-0.1136965478571693
11505.0,-0.12082638695247694
11510.0,-0.1404747991577228
11515.0,-0.1638949806991836
11520.0,-0.15764986521173124
11525.0,-0.11556740901867357
11530.0,-0.1433720272245906
11535.0,-0.1393511024283629
11540.0,-0.14011911559595777
11545.0,-0.11367025113408627
11550.0,-0.12604501236557292
11555.0,-0.1218328652437435
11560.0,-0.14854160801791852
11565.0,-0.1415839784983811
11570.0,-0.14540976989777543
11575.0,-0.1402025771634237
11580.0,-0.14498645659772075
11585.0,-0.18643431589826454
11590.0,-0.1461765115135107
11595.0,-0.1548571195405549
11600.0,-0.1279321847753251
11605.0,-0.12007721936282145
11610.0,-0.15382970768971177
11615.0,-0.13771193376181526
11620.0,-0.13737302729142817
11625.0,-0.13305554267332315
11630.0,-0.1349366567605919
11635.0,-0.10553546144527545
11640.0,-0.12067823269409791
11645.0,-0.11928345009930627
11650.0,-0.1315814802575411
11655.0,-0.11159535647688369
11660.0,-0.11872145756837744
11665.0,-0.10348365009730195
11670.0,-0.12462332586911162
11675.0,-0.10140882231158173
11680.0,-0.07012787367548781
11685.0,-0.07538363087819712
11690.0,-0.08995897842634405
11695.0,-0.06204000300443788
11700.0,-0.06444616472509189
11705.0,-0.06538607941391221
11710.0,-0.034469646361257836
11715.0,-0.04343821851208543
11720.0,-0.05150275813097399
11725.0,-0.061073122179182024
11730.0,-0.004282609108937605
11735.0,0.006974068209170351
11740.0,-0.007428518366842684
11745.0,-0.0157247198419233
11750.0,-0.0029921974990241413
11755.0,-0.015085275146927308
11760.0,0.015739840557560027
11765.0,0.02463995781127231
11770.0,0.01688002684835254
11775.0,0.04356415593415814
11780.0,0.056714017477776005
11785.0,0.042880509503737896
11790.0,0.044006716625416595
11795.0,0.10027852687637907
11800.0,0.06631763435964255
11805.0,0.09930353575049342
11810.0,0.10225699826800738
11815.0,0.07072579469869991
11820.0,0.06154333850345883
11825.0,0.0991117971912756
11830.0,0.11558959828466901
11835.0,0.12630745697531223
11840.0,0.09171993850475679
11845.0,0.0907034090785674
11850.0,0.11250533721281876
11855.0,0.16037664329063128
11860.0,0.1251526575213462
11865.0,0.13620723685107042
11870.0,0.12974697742966934
11875.0,0.16690377386046246
11880.0,0.13255629185172826
11885.0,0.13439487926222862
11890.0,0.15488520159761004
11895.0,0.15213789635679725
11900.0,0.1637206657756709
11905.0,0.1487268766074239
11910.0,0.15102957198412104
11915.0,0.1535330870891238
11920.0,0.15603559858386853
11925.0,0.13812495359055965
11930.0,0.14885383266778557
11935.0,0.14914886859607823
11940.0,0.15542731771773372
11945.0,0.14542432430713464
11950.0,0.14170215044295414
11955.0,0.14663645943242196
11960.0,0.16551432865409801
11965.0,0.12429800737197572
11970.0,0.12456892610448984
11975.0,0.147775248093829
11980.0,0.14907844197971612
11985.0,0.13872434683702597
11990.0,0.12062477314916993
11995.0,0.12268914874531858
12000.0,0.10875279202597442
12005.0,0.1097120227197407
12010.0,0.11268707981938392
12015.0,0.09474903786214088
12020.0,0.08676842197621461
12025.0,0.08744983847047429
12030.0,0.0863279018506457
12035.0,0.1001874266950264
12040.0,0.06549748403049976
12045.0,0.059899933722169375
12050.0,0.08443358541173769
12055.0,0.03476525922363619
12060.0,0.02175560388536999
12065.0,0.045624565035779364
12070.0,0.04190889981664128
12075.0,0.03029589074498061
12080.0,0.019293642347063877
12085.0,0.01235062223922827
12090.0,0.019192150240693002
12095.0,-0.007774046575220189
12100.0,0.010332583017753364
12105.0,0.0012145200334385247
12110.0,-0.030946256295308477
12115.0,0.003951769877811484
12120.0,-0.03431901479649231
12125.0,-0.03811582299451917
12130.0,-0.03644723238229413
12135.0,-0.027892894319371347
12140.0,-0.04473739287359642
12145.0,-0.0602923402608423
12150.0,-0.06604372788980231
12155.0,-0.0852260488218723
12160.0,-0.08164640433477055
12165.0,-0.0909984253256757
12170.0,-0.10244002007713282
12175.0,-0.07278426537838814
12180.0,-0.10749806338818092
12185.0,-0.1351838175631442
12190.0,-0.11469886182550376
12195.0,-0.12667236205998292
12200.0,-0.14133766969663666
12205.0,-0.10993811683754215
12210.0,-0.12396523146543756
12215.0,0.013769343319226773
12220.0,0.43094260110232496
12225.0,1.1977610575180784
12230.0,1.979278630977537
12235.0,2.0896385638337933
12240.0,1.3968955724714898
12245.0,0.5431918337872288
12250.0,0.0628967504972619
12255.0,-0.10525397898848629
12260.0,-0.1353714677245511
12265.0,-0.14850377789885535
12270.0,-0.16492868671886504
12275.0,-0.1566289908367996
12280.0,-0.13597941460100796
12285.0,-0.13831034482007512
12290.0,-0.15200407378089253
12295.0,-0.16454850887285621
12300.0,-0.14861107923689687
12305.0,-0.13992286930270992
12310.0,-0.16931505994399793
12315.0,-0.1416061558257019
12320.0,-0.12670854764559797
12325.0,-0.15440154387156413
12330.0,-0.10363939930453578
12335.0,-0.11246928549655734
12340.0,-0.12259544155801726
12345.0,-0.11737135887582557
12350.0,-0.11196297992206916
12355.0,-0.10723393612400878
12360.0,-0.09574010074436101
12365.0,-0.09135468212554945
12370.0,-0.12320680508464907
12375.0,-0.08634224574806973
12380.0,-0.11586331960499952
12385.0,-0.06936849768740701
12390.0,-0.09232876959903175
12395.0,-0.050223190456745545
12400.0,-0.05768196352109874
12405.0,-0.058272147718053204
12410.0,-0.030566369964771474
12415.0,-0.03553184664423638
12420.0,-0.01286867930272573
12425.0,-0.012623051638769702
12430.0,-0.02240338794911706
12435.0,0.0003639885872571578
12440.0,0.0228709597824765
12445.0,-0.0060652502184596595
12450.0,-0.008518432524556347
12455.0,0.005767579558455317
12460.0,0.0527095196875218
12465.0,0.014002384958670917
12470.0,0.03276906395664199
12475.0,0.006425215866569439
12480.0,0.05407881724815682
12485.0,0.07671235206693562
12490.0,0.05891996506443045
12495.0,0.07250940676192028
12500.0,0.07041243703379463
12505.0,0.09028074250575553
12510.0,0.09533955269460105
12515.0,0.05171168026182535
12520.0,0.08762639251795065
12525.0,0.1015592694584118
12530.0,0.08862865075539317
12535.0,0.12509001231664152
12540.0,0.09733956693939022
12545.0,0.1326524694305833
12550.0,0.13239042392012307
12555.0,0.13984465790223638
12560.0,0.11567516706234675
12565.0,0.13433143129437436
12570.0,0.14267685284916942
12575.0,0.15867249875843328
12580.0,0.16441437437759437
12585.0,0.14727211648157595
12590.0,0.13448143234008927
12595.0,0.14519236614990735
12600.0,0.16064095444614432
12605.0,0.12331517734754942
12610.0,0.16919117992089736
12615.0,0.1437338807891281
12620.0,0.14220418234703247
12625.0,0.16112494549703316
12630.0,0.1442183564095823
12635.0,0.14313459547538254
12640.0,0.15509851583566103
12645.0,0.13625484324884451
12650.0,0.12507632420666237
12655.0,0.13592369901788062
12660.0,0.15822615763521827
12665.0,0.14182397639553213
12670.0,0.14215592125307078
12675.0,0.12007231586416706
12680.0,0.12267918647621807
12685.0,0.13191366616722916
12690.0,0.10381711669788514
12695.0,0.1240565618474271
12700.0,0.08246026171409523
12705.0,0.09937490586286134
12710.0,0.06419995031825529
12715.0,0.07853183846131481
12720.0,0.10767617269755508
12725.0,0.08991300645271344
12730.0,0.05510689108357421
12735.0,0.0919072644536715
12740.0,0.08794448054480172
12745.0,0.05585020895071447
12750.0,0.035231794046966046
12755.0,0.042703733832800864
12760.0,0.04003007005918612
12765.0,0.02750347905956906
12770.0,-0.02620045218194753
12775.0,0.029201797873230108
12780.0,0.008519660351712944
12785.0,0.001996083676824976
12790.0,0.01292458454281688
12795.0,0.012741041975998488
12800.0,-0.026490533481126163
12805.0,-0.01964575470334302
12810.0,-0.015361599538406046
12815.0,-0.030072973479359145
12820.0,-0.06309020249791153
12825.0,-0.04362625858496902
12830.0,-0.0642042926138017
12835.0,-0.046741839923551354
12840.0,-0.0793748292417408
12845.0,-0.07053690207366413
12850.0,-0.09045889317476521
12855.0,-0.11725292611447019
12860.0,-0.10662936548962754
12865.0,-0.06823432132800113
12870.0,-0.09383128371994022
12875.0,-0.12848290748340557
12880.0,-0.09894840418316939
12885.0,-0.1516751875805322
12890.0,-0.12932124146545831
12895.0,-0.12980210807647735
12900.0,-0.13576680301872088
12905.0,-0.13271877737750495
12910.0,-0.15084855498516533
12915.0,-0.13706561124742644
12920.0,-0.17013946909850278
12925.0,-0.15572868586984462
12930.0,-0.15131529148282535
12935.0,-0.14375723268122692
12940.0,-0.13374706233307962
12945.0,-0.14311544046180455
12950.0,-0.15002081012822335
12955.0,-0.15789984800700302
12960.0,-0.1579660655313662
12965.0,-0.14366829297491057
12970.0,-0.13471466199017734
12975.0,-0.1559933109129138
12980.0,-0.13283097759018994
12985.0,-0.16019474366294828
12990.0,-0.10964825365111264
12995.0,-0.1187158398590514
13000.0,-0.14785630069071706
13005.0,-0.1739928875113227
13010.0,-0.1425892727302915
13015.0,-0.12192328675569163
13020.0,-0.08865584471916638
13025.0,0.09206547179559804
13030.0,0.6013901402896754
13035.0,1.4488883547323577
13040.0,2.139522770116193
13045.0,1.9686956348486466
13050.0,1.1913965142903271
13055.0,0.39937063473885687
13060.0,0.03814238042377403
13065.0,-0.06485200801550713
13070.0,-0.10479073659012358
13075.0,-0.06697324236360078
13080.0,-0.07057472808962942
13085.0,-0.05439485078304423
13090.0,-0.07942533562113527
13095.0,-0.059536367300629126
13100.0,-0.0677445385179549
13105.0,-0.05702852953660387
13110.0,-0.03296085637863515
13115.0,-0.010001196639357916
13120.0,-0.0026172170859440243
13125.0,-0.014003736080314839
13130.0,-0.020941502886298296
13135.0,-0.0052215400287347205
13140.0,0.007930867405460187
13145.0,0.008883594245577912
13150.0,0.029662365529088085
13155.0,0.04291324266514078
13160.0,0.060073725445202036
13165.0,0.034408241075080004
13170.0,0.06436173086054492
13175.0,0.0398800891224909
13180.0,0.059788945358294474
13185.0,0.08256641928686138
13190.0,0.07288670184381726
13195.0,0.08307065527711352
13200.0,0.08542095897643515
13205.0,0.07909030276295294
13210.0,0.07617381561809299
13215.0,0.10889084466713753
13220.0,0.09493801627681102
13225.0,0.10256613777722685
13230.0,0.12345421008142299
13235.0,0.12411370637062066
13240.0,0.1256098630005988
13245.0,0.11031095931293472
13250.0,0.13097140025336207
13255.0,0.14691178457979098
13260.0,0.14375371371500362
13265.0,0.125278874565799
13270.0,0.1462323298344199
13275.0,0.14734867085918718
13280.0,0.15173073237328313
13285.0,0.15272306811290015
13290.0,0.17731723142224942
13295.0,0.15773206710811294
13300.0,0.16856065193295056
13305.0,0.1462284636809803
13310.0,0.1367432860045056
13315.0,0.14154537628137193
13320.0,0.13751337105696057
13325.0,0.12682658881167272
13330.0,0.1651313872789938
13335.0,0.17098228973102284
13340.0,0.15385235874066197
13345.0,0.12386116465608019
13350.0,0.13988228508738465
13355.0,0.12981003980907194
13360.0,0.1293212051054645
13365.0,0.11359671228964623
13370.0,0.09693772835937009
13375.0,0.1195794263093829
13380.0,0.1284047840746105
13385.0,0.1083599360672515
13390.0,0.11284525958192587
13395.0,0.08567401183788506
13400.0,0.077472476052621
13405.0,0.07068485454185867
13410.0,0.05909330830011074
13415.0,0.10048899833098958
13420.0,0.0737036443450508
13425.0,0.07654279704458461
13430.0,0.05762286894572616
13435.0,0.056137237150361424
13440.0,0.022450579631523936
13445.0,0.013165061296828255
13450.0,0.059379642919568695
13455.0,0.018899754844612954
13460.0,0.009789488519017835
13465.0,-0.012370726849780023
13470.0,0.005872542736514625
13475.0,0.002397302128451799
13480.0,-0.012010098717116027
13485.0,-0.02181179914041517
13490.0,-0.01202791611727875
13495.0,-0.0605000676170081
13500.0,-0.029125518117377867
13505.0,-0.025651032335818436
13510.0,-0.06794401846942223
13515.0,-0.03320624428957241
13520.0,-0.07665455887892374
13525.0,-0.06944578409078152
13530.0,-0.050804570392319795
13535.0,-0.07128757904103324
13540.0,-0.09179934494838021
13545.0,-0.09013102413889687
13550.0,-0.08508004723232947
13555.0,-0.09892949028683792
13560.0,-0.07973524034662006
13565.0,-0.12365316510132082
13570.0,-0.11164973460511278
13575.0,-0.12271919572167227
13580.0,-0.14027940275929085
13585.0,-0.11115729193730425
13590.0,-0.12660500424569865
13595.0,-0.14126171463968426
13600.0,-0.1430916737703799
13605.0,-0.14357715648600985
13610.0,-0.1354232917837235
13615.0,-0.12765380570686138
13620.0,-0.13091024035828686
13625.0,-0.1336077371440922
13630.0,-0.1458624540251862
13635.0,-0.15416700193676003
13640.0,-0.15034584005029003
13645.0,-0.1317291540407963
13650.0,-0.14224551047120249
13655.0,-0.18723778161901933
13660.0,-0.1445935741726338
13665.0,-0.1357842378058434
13670.0,-0.12855202050327366
13675.0,-0.1457062072519859
13680.0,-0.12840640301196296
13685.0,-0.16743814477770952
13690.0,-0.1438526779730173
13695.0,-0.1402154883720811
13700.0,-0.14587201163707741
13705.0,-0.12970351462022084
13710.0,-0.11098700934023975
13715.0,-0.14240264241109513
13720.0,-0.13876981895867466
13725.0,-0.09141908594103648
13730.0,-0.12397391008312098
13735.0,-0.11918123767424153
13740.0,-0.09721232780586272
13745.0,-0.10062151477375607
13750.0,-0.08209789977822035
13755.0,-0.07223267270601755
13760.0,-0.09567434487682662
13765.0,-0.04665836571400635
13770.0,-0.0819243133231936
13775.0,-0.07655535669111267
13780.0,-0.05621900063233981
13785.0,-0.04428476663105453
13790.0,-0.048332103659064055
13795.0,-0.04447142696559311
13800.0,-0.02602147643405605
13805.0,-0.05398268768259365
13810.0,-0.025143988946339214
13815.0,-0.012673082570679601
13820.0,-0.008291196057078124
13825.0,0.01399107318601174
13830.0,0.07341134939017209
13835.0,0.2334822836461138
13840.0,0.7578003702528037
13845.0,1.5908883620640684
13850.0,2.2727095176138548
13855.0,2.135891208137967
13860.0,1.311892067611476
13865.0,0.5906287338734109
13870.0,0.20532254379415416
13875.0,0.08574077941669611
13880.0,0.06883347121960823
13885.0,0.06098765565509469
13890.0,0.10723185667678599
13895.0,0.1043395148805353
13900.0,0.08760058712519447
13905.0,0.10729074918685882
13910.0,0.11181120943829068
13915.0,0.12718033645074922
13920.0,0.1212173555472281
13925.0,0.14202212016254534
13930.0,0.14407875551955915
13935.0,0.13859298126652986
13940.0,0.11849571290041626
13945.0,0.14087572843640064
13950.0,0.11978935921539713
13955.0,0.1206523507765975
13960.0,0.1453023598163809
13965.0,0.12162750978109602
13970.0,0.1327685416715121
13975.0,0.1383716751223957
13980.0,0.16053377950219988
13985.0,0.15986473403134366
13990.0,0.156659275173429
13995.0,0.14167309014336935
14000.0,0.1393237640192665
14005.0,0.17972559293797327
14010.0,0.15556964908014245
14015.0,0.12688929666946974
14020.0,0.15507810323125856
14025.0,0.15240286515399856
14030.0,0.12360981883143574
14035.0,0.12737320272802563
14040.0,0.15404751956022816
14045.0,0.12583383664807718
14050.0,0.13052539832946752
14055.0,0.14215086050703438
14060.0,0.12904394432355865
14065.0,0.11819016623339881
14070.0,0.10357539378833097
14075.0,0.13215051081208024
14080.0,0.13986229651238302
14085.0,0.09072276957691537
14090.0,0.09841983964138643
14095.0,0.08740126190155033
14100.0,0.09044647060032898
14105.0,0.09286175283647485
14110.0,0.058977815976661165
14115.0,0.06373471444227664
14120.0,0.06949774830729528
14125.0,0.06603305174659796
14130.0,0.0541506166583364
14135.0,0.0435591460597941
14140.0,0.047204436573344374
14145.0,0.034271754406117294
14150.0,0.008681017173325742
14155.0,0.02606242175424425
14160.0,-0.007946845609060392
14165.0,-0.0047469590567605895
14170.0,-0.005267049563772208
14175.0,-0.03131998634765065
14180.0,-0.017773315182421385
14185.0,0.0021916343128101957
14190.0,-0.03018324070543939
14195.0,-0.04303208670615071
14200.0,-0.04766666663441241
14205.0,-0.01732855931805935
14210.0,-0.03989556649120997
14215.0,-0.07773932007228741
14220.0,-0.05461358538656134
14225.0,-0.07729002330548597
14230.0,-0.07906065965724687
14235.0,-0.09695427625234214
14240.0,-0.10546489094257203
14245.0,-0.10130381643584707
14250.0,-0.09803993251336224
14255.0,-0.08537199760600075
14260.0,-0.08917802681438021
14265.0,-0.1146019324132802
14270.0,-0.1078723985404939
14275.0,-0.12976451670029143
14280.0,-0.15455638970531996
14285.0,-0.14690918854700705
14290.0,-0.1395177877636341
14295.0,-0.1355730634663002
14300.0,-0.12944726710050483
14305.0,-0.14413637943547025
14310.0,-0.12077576579512997
14315.0,-0.15782029651549598
14320.0,-0.13394496884668958
14325.0,-0.14623610992493027
14330.0,-0.16734588759709673
14335.0,-0.1422154741137934
14340.0,-0.13734466797181513
14345.0,-0.1478229562776692
14350.0,-0.1590806010324449
14355.0,-0.12148883624751063
14360.0,-0.13555394443103966
14365.0,-0.15774777698152775
14370.0,-0.1511380614474226
14375.0,-0.12816618754613876
14380.0,-0.15274175690279407
14385.0,-0.1380602730261587
14390.0,-0.12815485722102574
14395.0,-0.14686557542548295
14400.0,-0.12638840752672217
14405.0,-0.12016457436336027
14410.0,-0.13607859721420779
14415.0,-0.10286683908003805
14420.0,-0.12645180997078748
14425.0,-0.13266224055173828
14430.0,-0.10437647206923761
14435.0,-0.11796364983655147
14440.0,-0.09150354849954939
14445.0,-0.09095036572398671
14450.0,-0.08810942593230225
14455.0,-0.06481268043436719
14460.0,-0.08584889611673494
14465.0,-0.06326553505530874
14470.0,-0.054745842440346915
14475.0,-0.023726484299289648
14480.0,-0.01640226707907617
14485.0,-0.03121953800887567
14490.0,-0.05191937280963571
14495.0,-0.028897630653145386
14500.0,-0.004209753615499145
14505.0,-0.0015235517867271346
14510.0,0.004779149436323815
14515.0,0.030420021271293812
14520.0,0.0104195920755864
14525.0,0.027927626180296095
14530.0,0.02316345392137797
14535.0,0.01969393140459316
14540.0,0.04867437297075969
14545.0,0.03793556970777582
14550.0,0.07730932081207612
14555.0,0.05654595641329223
14560.0,0.05733156674180457
14565.0,0.06844384786891465
14570.0,0.09032834024459897
14575.0,0.051880521942050915
14580.0,0.10201977093119863
14585.0,0.1057373830025732
14590.0,0.06044849888284555
14595.0,0.12598775357712086
14600.0,0.10683699568873119
14605.0,0.11388420751327948
14610.0,0.11404868789639895
14615.0,0.13318249314277317
14620.0,0.11415293686246666
14625.0,0.1428599659818425
14630.0,0.17426848575255074
14635.0,0.11681121591740798
14640.0,0.1680901747493766
14645.0,0.1541224019794295
14650.0,0.2658712525969012
14655.0,0.6190141358814565
14660.0,1.406650628651527
14665.0,2.229786680412667
14670.0,2.4036915789319053
14675.0,1.7750464342265795
14680.0,0.9221962667697219
14685.0,0.3793584155003623
14690.0,0.20538454813906146
14695.0,0.1386907197171232
14700.0,0.16123683560795693
14705.0,0.10827264047557236
14710.0,0.1607117848431473
14715.0,0.14109785777429615
14720.0,0.13912184251595466
14725.0,0.14156448228985344
14730.0,0.13689382987630974
14735.0,0.1452018251008396
14740.0,0.10088365512947389
14745.0,0.12454888710441779
14750.0,0.12669662045702887
14755.0,0.14929152262347606
14760.0,0.12521929154485714
14765.0,0.1029608457377554
14770.0,0.11955165203898216
14775.0,0.10164910498080537
14780.0,0.10089752817953311
14785.0,0.09658654366877575
14790.0,0.07649639920681711
14795.0,0.0867765687735534
14800.0,0.06187054323237551
14805.0,0.05895102968346191
14810.0,0.05413220826021363
14815.0,0.0890149665616496
14820.0,0.06692412664437385
14825.0,0.029951039778807337
14830.0,0.031136412130613807
14835.0,0.013025367946120088
14840.0,0.05049772924372089
14845.0,0.01813004486819544
14850.0,0.02917819456522005
14855.0,0.017041507006296995
14860.0,0.009023183907796224
14865.0,-0.04099338100535095
14870.0,-0.044933104137883664
14875.0,0.0189585292269904
14880.0,-0.02174789920562473
14885.0,-0.032697825236488724
14890.0,-0.06556783062697381
14895.0,-0.04850630055100099
14900.0,-0.05912915772829534
14905.0,-0.047784910953829154
14910.0,-0.061973963546161734
14915.0,-0.050990004781910944
14920.0,-0.049663196584348104
14925.0,-0.1094911773886523
14930.0,-0.06684900210138295
14935.0,-0.1124744786074878
14940.0,-0.08414916485174245
14945.0,-0.11471100029362241
14950.0,-0.13835945353170487
14955.0,-0.11348627599846814
14960.0,-0.1253509170674249
14965.0,-0.11174779295979004
14970.0,-0.11131104441831374
14975.0,-0.1116519032318185
14980.0,-0.1282494988435012
14985.0,-0.15688502312057923
14990.0,-0.14767506937391484
14995.0,-0.1427626905287584
15000.0,-0.12142044982234798
15005.0,-0.15241503171865617
15010.0,-0.11625106104398142
15015.0,-0.15680216563249866
15020.0,-0.16402251414339342
15025.0,-0.13671158481443335
15030.0,-0.15680057125665744
15035.0,-0.14191252225515405
15040.0,-0.13245278137808314
15045.0,-0.15042201902800145
15050.0,-0.15684254757251426
15055.0,-0.14331345162244902
15060.0,-0.15564748960245625
15065.0,-0.1270186056904943
15070.0,-0.12299312081200275
15075.0,-0.11535155735587528
15080.0,-0.14560390104104648
15085.0,-0.13771839898356855
15090.0,-0.11432754672029824
15095.0,-0.12538906576580794
15100.0,-0.11222453763561199
15105.0,-0.11477810899229521
15110.0,-0.14108166467366237
15115.0,-0.10175697399985068
15120.0,-0.131184196254201
15125.0,-0.09568342900245516
15130.0,-0.10554557430355087
15135.0,-0.0693095142459756
15140.0,-0.09614561399232172
15145.0,-0.09029519326633605
15150.0,-0.0741504118947243
15155.0,-0.06728103111031272
15160.0,-0.07394733275579712
15165.0,-0.06641611862254346
15170.0,-0.04645286581837846
15175.0,-0.041381379563994056
15180.0,-0.0682647702039054
15185.0,-0.046536001398198815
15190.0,-0.01647948532956817
15195.0,-0.02111670012751197
15200.0,-0.009794356041222488
15205.0,0.0009959907032854503
15210.0,0.02948956738380327
15215.0,0.018930646352643653
15220.0,0.03858785863836067
15225.0,0.011841463072140254
15230.0,0.018010916174131794
15235.0,0.016800772256483475
15240.0,0.01828862961357523
15245.0,0.08050464019209941
15250.0,0.05800673947458737
15255.0,0.05373365692478979
15260.0,0.04842697724808784
15265.0,0.07073730343722003
15270.0,0.04605946587664702
15275.0,0.09057467068042362
15280.0,0.07020914108436048
15285.0,0.0761642924373724
15290.0,0.12113054976754414
15295.0,0.11380633053595622
15300.0,0.074720115486509
15305.0,0.1330640484573849
15310.0,0.12040351694115996
15315.0,0.10959717309716124
15320.0,0.12023479956454909
15325.0,0.13804982930919424
15330.0,0.12816133339454552
15335.0,0.13250478347289404
15340.0,0.1395679144242035
15345.0,0.15674559337499494
15350.0,0.1409762679285166
15355.0,0.14196405997229605
15360.0,0.16868519494489306
15365.0,0.15041473311940193
15370.0,0.13252384459748628
15375.0,0.13348537601533159
15380.0,0.13825026248050684
15385.0,0.15181990125260866
15390.0,0.15757570476434857
15395.0,0.13994601346425825
15400.0,0.14857179900744621
15405.0,0.13725282656129448
15410.0,0.10958055116921514
15415.0,0.15203646845739063
15420.0,0.13535396831841998
15425.0,0.12500659827439967
15430.0,0.1331274699545482
15435.0,0.14271749913094112
15440.0,0.10762425146308233
15445.0,0.1062744949475674
15450.0,0.1332597675799363
15455.0,0.0886519040480024
15460.0,0.12900368196874473
15465.0,0.1023976910705211
15470.0,0.10190101685196451
15475.0,0.14700816922709484
15480.0,0.2866815466331206
15485.0,0.7977332477218213
15490.0,1.6437756234288698
15495.0,2.32766284758344
15500.0,2.1650823196608155
15505.0,1.3636894689596197
15510.0,0.581784110659205
15515.0,0.18417160919775155
15520.0,0.05637732356537099
15525.0,0.0023493771576778566
15530.0,0.012674009424137794
15535.0,0.0342015669539922
15540.0,0.012519677980413372
15545.0,0.024040819696095367
15550.0,0.015185529743585176
15555.0,-0.008670136498224191
15560.0,-0.0013547381976067568
15565.0,-0.010900416745861759
15570.0,-0.03159184980917419
15575.0,-0.008029078412301098
15580.0,-0.04652118165931097
15585.0,-0.026959918631306704
15590.0,-0.04277278122317997
15595.0,-0.08008825529018695
15600.0,-0.04870385921032774
15605.0,-0.07164984697011763
15610.0,-0.08600069012046453
15615.0,-0.08866450832516067
15620.0,-0.07919113756292051
15625.0,-0.098607008787658
15630.0,-0.11728677988977666
15635.0,-0.08830456665398097
15640.0,-0.11344315602629428
15645.0,-0.1060817306687522
15650.0,-0.1039167108187165
15655.0,-0.13952609108877226
15660.0,-0.13299945232699056
15665.0,-0.12332822870884488
15670.0,-0.10232295225607319
15675.0,-0.13474335411968108
15680.0,-0.14845551455748837
15685.0,-0.1311815459495917
15690.0,-0.1421134669191734
15695.0,-0.13787081193836617
15700.0,-0.17551233315734177
15705.0,-0.15978837459965678
15710.0,-0.14499858712038877
15715.0,-0.14493178841242202
15720.0,-0.12816456638654336
15725.0,-0.15314146135149165
15730.0,-0.1674021959536184
15735.0,-0.1532101496515773
15740.0,-0.14798831893411524
15745.0,-0.17619324309169354
15750.0,-0.13111265790995638
15755.0,-0.16394980630014655
15760.0,-0.1368149211703078
15765.0,-0.12919546255446368
15770.0,-0.13516589560364642
15775.0,-0.15504580508991891
15780.0,-0.13523520659580976
15785.0,-0.1477174167548049
15790.0,-0.11700833286948444
15795.0,-0.10233175352971752
15800.0,-0.11814451193494692
15805.0,-0.10232115335426228
15810.0,-0.10376108332610624
15815.0,-0.10563628771220138
15820.0,-0.09747631296936693
15825.0,-0.10179439550632383
15830.0,-0.09424343718524994
15835.0,-0.101603768083109
15840.0,-0.08122415436263143
15845.0,-0.08218257687052405
15850.0,-0.04511385107993608
15855.0,-0.04056989130324481
15860.0,-0.05187757182809474
15865.0,-0.020030892257381295
15870.0,-0.03376366777773977
15875.0,-0.02314494257967919
15880.0,-0.01835898026339358
15885.0,-0.041802342267602266
15890.0,-0.051000768915927336
15895.0,0.0038244293682081353
15900.0,-0.001139286713886664
15905.0,0.029596861885030794
15910.0,0.022326290121091448
15915.0,0.017796545202069095
15920.0,0.0375047696022703
15925.0,0.016614280679563526
15930.0,0.04693198274335601
15935.0,0.03230149731343125
15940.0,0.07293116467587923
15945.0,0.0528739787778157
15950.0,0.08584423769746707
15955.0,0.06173270919975017
15960.0,0.06895399841651668
15965.0,0.08628206627139685
15970.0,0.10065378290692092
15975.0,0.11024732351270247
15980.0,0.11654766043643786
15985.0,0.10334913414300784
15990.0,0.12805102656111272
15995.0,0.10535700382231153
16000.0,0.1165013698172461
16005.0,0.12415599198356012
16010.0,0.13064207476188058
16015.0,0.11412939814860326
16020.0,0.11785998139562663
16025.0,0.14618614903523153
16030.0,0.12830086448761077
16035.0,0.14687410026126665
16040.0,0.1324715947765116
16045.0,0.13732684967185954
16050.0,0.14870906304949935
16055.0,0.15907035081196752
16060.0,0.15455224888893224
16065.0,0.13913187638080352
16070.0,0.1844377065694369
16075.0,0.13260814589293474
16080.0,0.1420777165348463
16085.0,0.13720454882131203
16090.0,0.12353469355992396
16095.0,0.14772469450844972
16100.0,0.14218265573471944
16105.0,0.17353593760753894
16110.0,0.1242826672593137
16115.0,0.13016919891075204
16120.0,0.13623595902376498
16125.0,0.13449654926760693
16130.0,0.09431653458831826
16135.0,0.1459291891299086
16140.0,0.17048329018540856
16145.0,0.13278692892799604
16150.0,0.11351582259438449
16155.0,0.07767557299090752
16160.0,0.09450455486530732
16165.0,0.0863244140858363
16170.0,0.08388347550141541
16175.0,0.0849889362586624
16180.0,0.05823518765687827
16185.0,0.05984053008331714
16190.0,0.044181845314190615
16195.0,0.05053749750340673
16200.0,0.06369446157268917
16205.0,0.02963503827145071
16210.0,0.04229843222244154
16215.0,0.03622446376712219
16220.0,0.017523148079313586
16225.0,0.022076103712881004
16230.0,0.01432068684752422
16235.0,0.0025793136169488737
16240.0,0.01653760388407298
16245.0,0.01336968568944609
16250.0,-0.032599381005679495
16255.0,-0.03601674866336596
16260.0,-0.037023666803995756
16265.0,-0.045444088795376175
16270.0,-0.02910849817165668
16275.0,-0.04887351346757113
16280.0,-0.06085073069621523
16285.0,-0.0568877513683104
16290.0,-0.044530816882235036
16295.0,-0.060580825403401026
16300.0,-0.06546613440526414
16305.0,-0.0634109032371719
16310.0,-0.09748236435124076
16315.0,-0.06120528492749879
16320.0,0.016210550776766086
16325.0,0.23262110997059
16330.0,0.9265280154730196
16335.0,1.7601663090146558
16340.0,2.180989435493324
16345.0,1.7380127374047238
16350.0,0.8781823115301036
16355.0,0.2262352617199119
16360.0,-0.06258440671885625
16365.0,-0.12759016135476758
16370.0,-0.12611764993619404
16375.0,-0.12210287717789499
16380.0,-0.13854833743574602
16385.0,-0.15200500905621486
16390.0,-0.13611538362968567
16395.0,-0.16003021599430078
16400.0,-0.13540873204503512
16405.0,-0.14233269827019343
16410.0,-0.15834045166008975
16415.0,-0.15236824519425746
16420.0,-0.15682019921921286
16425.0,-0.1486803796160358
16430.0,-0.16358804685658293
16435.0,-0.1711678851838048
16440.0,-0.12126696459928946
16445.0,-0.1641849477605436
16450.0,-0.12165701913414503
16455.0,-0.1297751840302881
16460.0,-0.12890795709715647
16465.0,-0.12851252063222124
16470.0,-0.15231500347740418
16475.0,-0.10984068437805283
16480.0,-0.13845281190758427
16485.0,-0.11229676461104951
16490.0,-0.12882931072140613
16495.0,-0.13226200285064432
16500.0,-0.10009783890301786
16505.0,-0.09766876677774487
16510.0,-0.10088633063609234
16515.0,-0.08584797871961684
16520.0,-0.06996139090950497
16525.0,-0.07139617972448493
16530.0,-0.07086993044891084
16535.0,-0.08934485314450084
16540.0,-0.05944900706523349
16545.0,-0.04534807869509291
16550.0,-0.09277820875457604
16555.0,-0.056453155125352365
16560.0,-0.04900218221953462
16565.0,-0.0394573712715978
16570.0,-0.034046512076849146
16575.0,-0.020616422687983645
16580.0,-0.02104461679673604
16585.0,0.01660154941941903
16590.0,-0.022528951807046952
16595.0,0.006246592486667722
16600.0,-0.006984167098344159
16605.0,0.029254057965618013
16610.0,0.024701546051078625
16615.0,0.04854825347925242
16620.0,0.047644370170110674
16625.0,0.032299921205035415
16630.0,0.06631278724980011
16635.0,0.04110085953958311
16640.0,0.0709303923044228
16645.0,0.07875035508453011
16650.0,0.04041379719809188
16655.0,0.10505216936725853
16660.0,0.06965464110805457
16665.0,0.09455566069108381
16670.0,0.07521061483578013
16675.0,0.09796194186610704
16680.0,0.09888021224467272
16685.0,0.12803529502002417
16690.0,0.11561416000985211
16695.0,0.13347936072918876
16700.0,0.15334226868070144
16705.0,0.14079933952792595
16710.0,0.11987821680669689
16715.0,0.135257497409318
16720.0,0.1450819120734246
16725.0,0.1405520060133028
16730.0,0.1523747436064669
16735.0,0.16361206993504443
16740.0,0.18005372694578753
16745.0,0.1425626404336564
16750.0,0.16287573960022378
16755.0,0.1471423744584239
16760.0,0.1414454585351788
16765.0,0.15599946672428058
16770.0,0.13823103077384444
16775.0,0.13598014636340092
16780.0,0.13215561085374083
16785.0,0.1659453413272591
16790.0,0.13221624813817434
16795.0,0.11877219462369654
16800.0,0.13372360657580057
16805.0,0.1589880852858205
16810.0,0.11442499986184738
16815.0,0.15040578450621145
16820.0,0.12299339201542933
16825.0,0.11849656235614604
16830.0,0.1040754332312367
16835.0,0.10674990054577417
16840.0,0.10636166592166112
16845.0,0.09832953267173056
16850.0,0.1032564786530193
16855.0,0.06225329193124528
16860.0,0.10937757807086208
16865.0,0.08929106749079696
16870.0,0.048479409337559426
16875.0,0.05485393649258126
16880.0,0.07823281898861442
16885.0,0.03220779209065735
16890.0,0.04696482520395068
16895.0,0.06828779100463056
16900.0,0.05969681933509056
16905.0,0.05450435214134969
16910.0,0.01838167823078929
16915.0,0.024952282353568313
16920.0,0.014514843999012926
16925.0,-0.001209399570074883
16930.0,-0.013730232743458828
16935.0,-0.006889153914344949
16940.0,-0.0058674544529087914
16945.0,-0.012195736310271781
16950.0,-0.021407140711809523
16955.0,-0.04066892607356353
16960.0,-0.025764644041742533
16965.0,-0.045149845043985226
16970.0,-0.03621863257860782
16975.0,-0.05138794035884565
16980.0,-0.07537371128273533
16985.0,-0.10020064472958981
16990.0,-0.08789327841155467
16995.0,-0.06565452595517789
17000.0,-0.07557863925318475
17005.0,-0.11669636055924121
17010.0,-0.09470104283706661
17015.0,-0.10792472133306265
17020.0,-0.10804816637744628
17025.0,-0.12195331081061465
17030.0,-0.09740476707654658
17035.0,-0.11490041798751544
17040.0,-0.11555666420702493
17045.0,-0.1371259057309401
17050.0,-0.11732558322551331
17055.0,-0.14302920260336738
17060.0,-0.14577520572139083
17065.0,-0.13969143939947104
17070.0,-0.1432879740472578
17075.0,-0.15897113730553863
17080.0,-0.1450004341943839
17085.0,-0.15898004203340238
17090.0,-0.15022907422291965
17095.0,-0.1760552859614873
17100.0,-0.17088811105914453
17105.0,-0.1418550601335479
17110.0,-0.166295975594572
17115.0,-0.12994500408668314
17120.0,-0.14903093247818408
17125.0,-0.1400478225606875
17130.0,-0.1470840955285823
17135.0,-0.16189896683568283
17140.0,-0.12681164324535418
17145.0,-0.15497831005032364
17150.0,-0.11305386658704471
17155.0,-0.146623260000051
17160.0,-0.1694484597763027
17165.0,-0.13395889721512472
17170.0,-0.13767818737531687
17175.0,-0.13871969359903913
17180.0,-0.09626198109586001
17185.0,-0.1167397916217153
17190.0,-0.08043646407576541
17195.0,-0.10471881334667041
17200.0,-0.10774165855465531
17205.0,-0.08604264420648289
17210.0,-0.044972732009721815
17215.0,-0.08348615506994235
17220.0,-0.07382024540035502
17225.0,-0.08254823391357541
17230.0,-0.04892095458895452
17235.0,-0.06731998563155235
17240.0,-0.06545902990005172
17245.0,-0.057658472579728726
17250.0,-0.03481025976499634
17255.0,-0.017213621720747578
17260.0,-0.03516115207451473
17265.0,0.007417446841872049
17270.0,0.01014964682629714
17275.0,-0.009293126871794736
17280.0,0.023271274902269275
17285.0,0.015040618694058767
17290.0,0.028504705392639468
17295.0,0.03413145800573701
17300.0,0.03758158667550177
17305.0,0.005637955327566266
17310.0,0.05297852293309776
17315.0,0.05699090578795891
17320.0,0.057387016066114856
17325.0,0.05625332583311937
17330.0,0.06620886276389368
17335.0,0.08492733068929383
17340.0,0.06433614886647111
17345.0,0.12287612783956939
17350.0,0.08664597399347282
17355.0,0.11250873611589174
17360.0,0.0911652110566926
17365.0,0.09980266560596757
17370.0,0.10511128350148935
17375.0,0.11126004404643068
17380.0,0.13209960599504694
17385.0,0.13745479253976844
17390.0,0.12365975739931453
17395.0,0.11608420101257277
17400.0,0.10981329628908851
17405.0,0.13200088656229828
17410.0,0.13901934253194193
17415.0,0.17165624939314122
17420.0,0.1449710723625968
17425.0,0.16481609909804162
17430.0,0.15411866978300956
17435.0,0.14819150878761778
17440.0,0.15921593663437034
17445.0,0.14022041606978192
17450.0,0.1312951855834043
17455.0,0.1452908891383794
17460.0,0.15303154783793416
17465.0,0.162308600353729
17470.0,0.1633435764108305
17475.0,0.17463088535730076
17480.0,0.1504906624417502
17485.0,0.15267781177024847
17490.0,0.16551315117734802
17495.0,0.1342031916827517
17500.0,0.13128195702526796
17505.0,0.13573695295774763
17510.0,0.12696728404212726
17515.0,0.09009125828970208
17520.0,0.13171817727239185
17525.0,0.12765437667919674
17530.0,0.1054742883003766
17535.0,0.1026541791516839
17540.0,0.1058783420597458
17545.0,0.1025638703659021
17550.0,0.10230458570046141
17555.0,0.11333807633330074
17560.0,0.09216424699065143
17565.0,0.09542692411605032
17570.0,0.0730022409433037
17575.0,0.04591190691067659
17580.0,0.02317833129334565
17585.0,0.04447866216060083
17590.0,0.03866308555517011
17595.0,0.0438694724337633
17600.0,0.03352041319377947
17605.0,0.02374547507840185
17610.0,0.007921795135841299
17615.0,0.0019134838843347032
17620.0,0.008815343974357097
17625.0,0.0007744331930844418
17630.0,0.00887762039506856
17635.0,-0.03372842095629039
17640.0,-0.018478247604872503
17645.0,-0.033077586180041814
17650.0,-0.02859387081034264
17655.0,-0.025239985402108974
17660.0,-0.06288069709601554
17665.0,-0.04587013389787559
17670.0,-0.04253147191602838
17675.0,-0.06373365995209931
17680.0,-0.06612696525911842
17685.0,-0.0751306521539026
17690.0,-0.05587451849418529
17695.0,-0.0878832209510932
17700.0,-0.06776132430206804
17705.0,-0.11122569595922317
17710.0,-0.10859814642227253
17715.0,-0.09950381455418521
17720.0,-0.07987684532759798
17725.0,-0.13075937247575978
17730.0,-0.12112808265209604
17735.0,-0.1335107075433036
17740.0,-0.148077308508246
17745.0,-0.11554952936868038
17750.0,-0.13937738633541027
17755.0,-0.1389897959137607
17760.0,-0.15232755688900385
17765.0,-0.15961268358763167
17770.0,-0.1576190259499285
17775.0,-0.1553546976237956
17780.0,-0.14286878859947472
17785.0,-0.1377241822337209
17790.0,-0.13615578873244583
17795.0,-0.1512023899913756
17800.0,-0.15341525565036807
17805.0,-0.1690377485726123
17810.0,-0.1258335764409716
17815.0,-0.13454759484499995
17820.0,-0.15756609559007725
17825.0,-0.10171397692793196
17830.0,-0.15973483754771303
17835.0,-0.10901669997092514
17840.0,-0.13421419906901635
17845.0,-0.13117606179068667
17850.0,-0.13936246571546293
17855.0,-0.11739418911623029
17860.0,-0.1362584352816437
17865.0,-0.1295548331959666
17870.0,-0.12375762861860835
17875.0,-0.12409884712843576
17880.0,-0.0999769544126787
17885.0,-0.09662292488852442
17890.0,-0.10221657725369601
17895.0,-0.09257750578082308
17900.0,-0.10555321401364637
17905.0,-0.07983573737223669
17910.0,-0.1119062074754571
17915.0,-0.05463990205023123
17920.0,-0.07128830212871895
17925.0,-0.038901777360003685
17930.0,-0.05602936558816554
17935.0,-0.03959929184363394
17940.0,-0.03612100665619504
17945.0,-0.027990166807146763
17950.0,-0.04439220460848413
17955.0,-0.01605138056927989
17960.0,-0.0008199188227184292
17965.0,0.014056632589049604
17970.0,0.029311716216450887
17975.0,-0.010977132447051889
17980.0,0.001564985837029043
17985.0,0.030971084351670522
17990.0,0.04829853511423156
17995.0,0.02729347901931992
18000.0,0.04170430405822789
18005.0,0.05084626284330496
18010.0,0.05577374384228836
18015.0,0.06051270156002439
18020.0,0.05824158825104093
18025.0,0.07436111731271916
18030.0,0.10035295628233457
18035.0,0.101622912673557
18040.0,0.08672303319528857
18045.0,0.07184679406706036
18050.0,0.09432530586305803
18055.0,0.07599703602545416
18060.0,0.0991843504306093
18065.0,0.13150413058603144
18070.0,0.12088641638023924
18075.0,0.12128454825758876
18080.0,0.11926087165398906
18085.0,0.13715253682846204
18090.0,0.12110851352764644
18095.0,0.11264438061003014
18100.0,0.11588366210024745
18105.0,0.148224721538873
18110.0,0.14890471326926968
18115.0,0.13034855232072234
18120.0,0.1619284882847963
18125.0,0.14428249016742817
18130.0,0.15732755303208645
18135.0,0.1704613916145524
18140.0,0.13584697812658098
18145.0,0.15406506979215034
18150.0,0.14210598916834938
18155.0,0.14460598203950062
18160.0,0.1413869493686487
18165.0,0.13959799583472982
18170.0,0.17741520465847996
18175.0,0.1656580221708813
18180.0,0.13508431485709738
18185.0,0.12684946251418655
18190.0,0.15199823263645562
18195.0,0.12796069790225054
18200.0,0.14771142219694655
18205.0,0.1157409021318929
18210.0,0.11559511158211808
18215.0,0.12666158681133
18220.0,0.14727869467551263
18225.0,0.10667100960209369
18230.0,0.10558176287358745
18235.0,0.10601964635072499
18240.0,0.09352678812406999
18245.0,0.0974836606774494
18250.0,0.09698587424606607
18255.0,0.08140493182071117
18260.0,0.0946470723635265
18265.0,0.06630256652333603
18270.0,0.07118857537080026
18275.0,0.02393500074739116
18280.0,0.05379911949710829
18285.0,0.024513546173470447
18290.0,0.026058507955062905
18295.0,0.028685838753334903
18300.0,0.03946873565647775
18305.0,0.015055982850208682
18310.0,-0.03052408694044324
18315.0,0.027616510058999327
18320.0,-0.00023437114243765426
18325.0,0.006873919160075291
18330.0,-0.022658891259502514
18335.0,-0.03699647750917764
18340.0,-0.056277386732869916
18345.0,-0.03915384788727147
18350.0,-0.053372455722836325
18355.0,-0.06123872013298269
18360.0,-0.03310192669642567
18365.0,-0.049441665099502125
18370.0,-0.05018721928866507
18375.0,-0.08339661426998402
18380.0,-0.07038369097577521
18385.0,-0.075020801154399
18390.0,-0.11426278140305522
18395.0,-0.11282632129026142
